{
  "direct": {
    "hgnc_id": {
      "GO:0045202": [
        "HGNC:4454",
        "HGNC:1749"
      ],
      "GO:0097060": [],
      "GO:0098793": [],
      "GO:0043083": [
        "HGNC:1544"
      ],
      "GO:0098794": [],
      "GO:0099544": [],
      "GO:0099243": [],
      "GO:0099699": [
        "HGNC:21207",
        "HGNC:8661"
      ],
      "GO:0099523": [],
      "GO:0099569": [],
      "GO:0048786": [],
      "GO:0098833": [],
      "GO:0098830": [],
      "GO:0008021": [],
      "GO:0098992": [],
      "GO:0042734": [],
      "SYNGO:presyn_ribosome": [],
      "SYNGO:presyn_er": [],
      "GO:0098965": [],
      "GO:0099524": [],
      "GO:0099571": [],
      "GO:0097444": [],
      "GO:0150051": [],
      "GO:0099572": [],
      "GO:0098843": [],
      "GO:0098845": [],
      "GO:0045211": [],
      "SYNGO:postsyn_ribosome": [],
      "SYNGO:postsyn_er": [],
      "GO:0098966": [],
      "GO:0099182": [],
      "GO:0099143": [],
      "GO:0098831": [],
      "GO:0048787": [],
      "GO:0098835": [],
      "GO:0098954": [],
      "GO:0034592": [],
      "GO:0030672": [],
      "GO:0099013": [],
      "GO:0099012": [],
      "GO:0099026": [],
      "GO:0098888": [],
      "GO:0099056": [
        "HGNC:4328",
        "HGNC:4571",
        "HGNC:13830"
      ],
      "SYNGO:presyn_er_membrane": [],
      "SYNGO:presyn_ser": [],
      "GO:0099160": [],
      "GO:0098871": [],
      "GO:0150050": [],
      "GO:0099189": [],
      "GO:0098897": [],
      "GO:0099091": [],
      "GO:0099634": [],
      "GO:0014069": [
        "HGNC:17302",
        "HGNC:11251"
      ],
      "GO:0099629": [],
      "GO:0098844": [],
      "GO:0098895": [],
      "GO:0098842": [],
      "GO:0098837": [],
      "GO:0099025": [],
      "GO:0098890": [
        "HGNC:30200"
      ],
      "GO:0099055": [
        "HGNC:4571"
      ],
      "SYNGO:postsyn_er_membrane": [],
      "SYNGO:postsyn_ser": [],
      "GO:0099029": [],
      "GO:0098891": [],
      "GO:0099059": [
        "HGNC:4571",
        "HGNC:1749"
      ],
      "GO:0098894": [],
      "GO:0099067": [],
      "GO:0098993": [],
      "GO:0098850": [],
      "GO:0030285": [],
      "GO:0098674": [],
      "GO:0099066": [],
      "SYNGO:presyn_er_membrane_integral": [],
      "SYNGO:presyn_ser_membrane": [],
      "GO:0099065": [],
      "GO:0098892": [],
      "GO:0099060": [
        "HGNC:4328",
        "HGNC:1749",
        "HGNC:14291"
      ],
      "GO:0099092": [],
      "GO:0098839": [],
      "GO:0099164": [],
      "GO:0098999": [],
      "GO:0098896": [],
      "GO:0098944": [],
      "SYNGO:postsyn_er_membrane_integral": [],
      "SYNGO:postsyn_ser_membrane": [],
      "SYNGO:presyn_ser_membrane_integral": [],
      "GO:0099031": [],
      "GO:0099147": [],
      "GO:0099061": [
        "HGNC:4571",
        "HGNC:16767"
      ],
      "GO:0098998": [],
      "GO:0099033": [],
      "GO:0099063": [],
      "SYNGO:postsyn_ser_membrane_integral": []
    },
    "hgnc_symbol": {
      "GO:0045202": [
        "GPC6",
        "CDH10"
      ],
      "GO:0097060": [],
      "GO:0098793": [],
      "GO:0043083": [
        "CBLN2"
      ],
      "GO:0098794": [],
      "GO:0099544": [],
      "GO:0099243": [],
      "GO:0099699": [
        "LINGO2",
        "PCDH9"
      ],
      "GO:0099523": [],
      "GO:0099569": [],
      "GO:0048786": [],
      "GO:0098833": [],
      "GO:0098830": [],
      "GO:0008021": [],
      "GO:0098992": [],
      "GO:0042734": [],
      "SYNGO:presyn_ribosome": [],
      "SYNGO:presyn_er": [],
      "GO:0098965": [],
      "GO:0099524": [],
      "GO:0099571": [],
      "GO:0097444": [],
      "GO:0150051": [],
      "GO:0099572": [],
      "GO:0098843": [],
      "GO:0098845": [],
      "GO:0045211": [],
      "SYNGO:postsyn_ribosome": [],
      "SYNGO:postsyn_er": [],
      "GO:0098966": [],
      "GO:0099182": [],
      "GO:0099143": [],
      "GO:0098831": [],
      "GO:0048787": [],
      "GO:0098835": [],
      "GO:0098954": [],
      "GO:0034592": [],
      "GO:0030672": [],
      "GO:0099013": [],
      "GO:0099012": [],
      "GO:0099026": [],
      "GO:0098888": [],
      "GO:0099056": [
        "GLRA3",
        "GRIA1",
        "CNTNAP2"
      ],
      "SYNGO:presyn_er_membrane": [],
      "SYNGO:presyn_ser": [],
      "GO:0099160": [],
      "GO:0098871": [],
      "GO:0150050": [],
      "GO:0099189": [],
      "GO:0098897": [],
      "GO:0099091": [],
      "GO:0099634": [],
      "GO:0014069": [
        "NEGR1",
        "SPOCK1"
      ],
      "GO:0099629": [],
      "GO:0098844": [],
      "GO:0098895": [],
      "GO:0098842": [],
      "GO:0098837": [],
      "GO:0099025": [],
      "GO:0098890": [
        "VWC2"
      ],
      "GO:0099055": [
        "GRIA1"
      ],
      "SYNGO:postsyn_er_membrane": [],
      "SYNGO:postsyn_ser": [],
      "GO:0099029": [],
      "GO:0098891": [],
      "GO:0099059": [
        "GRIA1",
        "CDH10"
      ],
      "GO:0098894": [],
      "GO:0099067": [],
      "GO:0098993": [],
      "GO:0098850": [],
      "GO:0030285": [],
      "GO:0098674": [],
      "GO:0099066": [],
      "SYNGO:presyn_er_membrane_integral": [],
      "SYNGO:presyn_ser_membrane": [],
      "GO:0099065": [],
      "GO:0098892": [],
      "GO:0099060": [
        "GLRA3",
        "CDH10",
        "NLGN1"
      ],
      "GO:0099092": [],
      "GO:0098839": [],
      "GO:0099164": [],
      "GO:0098999": [],
      "GO:0098896": [],
      "GO:0098944": [],
      "SYNGO:postsyn_er_membrane_integral": [],
      "SYNGO:postsyn_ser_membrane": [],
      "SYNGO:presyn_ser_membrane_integral": [],
      "GO:0099031": [],
      "GO:0099147": [],
      "GO:0099061": [
        "GRIA1",
        "GRIN3A"
      ],
      "GO:0098998": [],
      "GO:0099033": [],
      "GO:0099063": [],
      "SYNGO:postsyn_ser_membrane_integral": []
    },
    "ensembl_id": {
      "GO:0045202": [
        "ENSG00000183098",
        "ENSG00000040731"
      ],
      "GO:0097060": [],
      "GO:0098793": [],
      "GO:0043083": [
        "ENSG00000141668"
      ],
      "GO:0098794": [],
      "GO:0099544": [],
      "GO:0099243": [],
      "GO:0099699": [
        "ENSG00000174482",
        "ENSG00000184226"
      ],
      "GO:0099523": [],
      "GO:0099569": [],
      "GO:0048786": [],
      "GO:0098833": [],
      "GO:0098830": [],
      "GO:0008021": [],
      "GO:0098992": [],
      "GO:0042734": [],
      "SYNGO:presyn_ribosome": [],
      "SYNGO:presyn_er": [],
      "GO:0098965": [],
      "GO:0099524": [],
      "GO:0099571": [],
      "GO:0097444": [],
      "GO:0150051": [],
      "GO:0099572": [],
      "GO:0098843": [],
      "GO:0098845": [],
      "GO:0045211": [],
      "SYNGO:postsyn_ribosome": [],
      "SYNGO:postsyn_er": [],
      "GO:0098966": [],
      "GO:0099182": [],
      "GO:0099143": [],
      "GO:0098831": [],
      "GO:0048787": [],
      "GO:0098835": [],
      "GO:0098954": [],
      "GO:0034592": [],
      "GO:0030672": [],
      "GO:0099013": [],
      "GO:0099012": [],
      "GO:0099026": [],
      "GO:0098888": [],
      "GO:0099056": [
        "ENSG00000145451",
        "ENSG00000155511",
        "ENSG00000174469"
      ],
      "SYNGO:presyn_er_membrane": [],
      "SYNGO:presyn_ser": [],
      "GO:0099160": [],
      "GO:0098871": [],
      "GO:0150050": [],
      "GO:0099189": [],
      "GO:0098897": [],
      "GO:0099091": [],
      "GO:0099634": [],
      "GO:0014069": [
        "ENSG00000172260",
        "ENSG00000152377"
      ],
      "GO:0099629": [],
      "GO:0098844": [],
      "GO:0098895": [],
      "GO:0098842": [],
      "GO:0098837": [],
      "GO:0099025": [],
      "GO:0098890": [
        "ENSG00000188730"
      ],
      "GO:0099055": [
        "ENSG00000155511"
      ],
      "SYNGO:postsyn_er_membrane": [],
      "SYNGO:postsyn_ser": [],
      "GO:0099029": [],
      "GO:0098891": [],
      "GO:0099059": [
        "ENSG00000155511",
        "ENSG00000040731"
      ],
      "GO:0098894": [],
      "GO:0099067": [],
      "GO:0098993": [],
      "GO:0098850": [],
      "GO:0030285": [],
      "GO:0098674": [],
      "GO:0099066": [],
      "SYNGO:presyn_er_membrane_integral": [],
      "SYNGO:presyn_ser_membrane": [],
      "GO:0099065": [],
      "GO:0098892": [],
      "GO:0099060": [
        "ENSG00000145451",
        "ENSG00000040731",
        "ENSG00000169760"
      ],
      "GO:0099092": [],
      "GO:0098839": [],
      "GO:0099164": [],
      "GO:0098999": [],
      "GO:0098896": [],
      "GO:0098944": [],
      "SYNGO:postsyn_er_membrane_integral": [],
      "SYNGO:postsyn_ser_membrane": [],
      "SYNGO:presyn_ser_membrane_integral": [],
      "GO:0099031": [],
      "GO:0099147": [],
      "GO:0099061": [
        "ENSG00000155511",
        "ENSG00000198785"
      ],
      "GO:0098998": [],
      "GO:0099033": [],
      "GO:0099063": [],
      "SYNGO:postsyn_ser_membrane_integral": []
    },
    "entrez_id": {
      "GO:0045202": [
        "10082",
        "1008"
      ],
      "GO:0097060": [],
      "GO:0098793": [],
      "GO:0043083": [
        "147381"
      ],
      "GO:0098794": [],
      "GO:0099544": [],
      "GO:0099243": [],
      "GO:0099699": [
        "158038",
        "5101"
      ],
      "GO:0099523": [],
      "GO:0099569": [],
      "GO:0048786": [],
      "GO:0098833": [],
      "GO:0098830": [],
      "GO:0008021": [],
      "GO:0098992": [],
      "GO:0042734": [],
      "SYNGO:presyn_ribosome": [],
      "SYNGO:presyn_er": [],
      "GO:0098965": [],
      "GO:0099524": [],
      "GO:0099571": [],
      "GO:0097444": [],
      "GO:0150051": [],
      "GO:0099572": [],
      "GO:0098843": [],
      "GO:0098845": [],
      "GO:0045211": [],
      "SYNGO:postsyn_ribosome": [],
      "SYNGO:postsyn_er": [],
      "GO:0098966": [],
      "GO:0099182": [],
      "GO:0099143": [],
      "GO:0098831": [],
      "GO:0048787": [],
      "GO:0098835": [],
      "GO:0098954": [],
      "GO:0034592": [],
      "GO:0030672": [],
      "GO:0099013": [],
      "GO:0099012": [],
      "GO:0099026": [],
      "GO:0098888": [],
      "GO:0099056": [
        "8001",
        "2890",
        "26047"
      ],
      "SYNGO:presyn_er_membrane": [],
      "SYNGO:presyn_ser": [],
      "GO:0099160": [],
      "GO:0098871": [],
      "GO:0150050": [],
      "GO:0099189": [],
      "GO:0098897": [],
      "GO:0099091": [],
      "GO:0099634": [],
      "GO:0014069": [
        "257194",
        "6695"
      ],
      "GO:0099629": [],
      "GO:0098844": [],
      "GO:0098895": [],
      "GO:0098842": [],
      "GO:0098837": [],
      "GO:0099025": [],
      "GO:0098890": [
        "375567"
      ],
      "GO:0099055": [
        "2890"
      ],
      "SYNGO:postsyn_er_membrane": [],
      "SYNGO:postsyn_ser": [],
      "GO:0099029": [],
      "GO:0098891": [],
      "GO:0099059": [
        "2890",
        "1008"
      ],
      "GO:0098894": [],
      "GO:0099067": [],
      "GO:0098993": [],
      "GO:0098850": [],
      "GO:0030285": [],
      "GO:0098674": [],
      "GO:0099066": [],
      "SYNGO:presyn_er_membrane_integral": [],
      "SYNGO:presyn_ser_membrane": [],
      "GO:0099065": [],
      "GO:0098892": [],
      "GO:0099060": [
        "8001",
        "1008",
        "22871"
      ],
      "GO:0099092": [],
      "GO:0098839": [],
      "GO:0099164": [],
      "GO:0098999": [],
      "GO:0098896": [],
      "GO:0098944": [],
      "SYNGO:postsyn_er_membrane_integral": [],
      "SYNGO:postsyn_ser_membrane": [],
      "SYNGO:presyn_ser_membrane_integral": [],
      "GO:0099031": [],
      "GO:0099147": [],
      "GO:0099061": [
        "2890",
        "116443"
      ],
      "GO:0098998": [],
      "GO:0099033": [],
      "GO:0099063": [],
      "SYNGO:postsyn_ser_membrane_integral": []
    }
  },
  "aggregate": {
    "hgnc_id": {
      "GO:0045202": [
        "HGNC:4454",
        "HGNC:1749",
        "HGNC:21207",
        "HGNC:8661",
        "HGNC:4571",
        "HGNC:4328",
        "HGNC:13830",
        "HGNC:1544",
        "HGNC:14291",
        "HGNC:17302",
        "HGNC:11251",
        "HGNC:16767",
        "HGNC:30200"
      ],
      "GO:0097060": [
        "HGNC:21207",
        "HGNC:8661"
      ],
      "GO:0098793": [
        "HGNC:4571",
        "HGNC:1749",
        "HGNC:4328",
        "HGNC:13830"
      ],
      "GO:0043083": [
        "HGNC:1544"
      ],
      "GO:0098794": [
        "HGNC:4328",
        "HGNC:1749",
        "HGNC:14291",
        "HGNC:17302",
        "HGNC:11251",
        "HGNC:4571",
        "HGNC:16767",
        "HGNC:30200"
      ],
      "GO:0099544": [],
      "GO:0099243": [],
      "GO:0099699": [
        "HGNC:21207",
        "HGNC:8661"
      ],
      "GO:0099523": [],
      "GO:0099569": [],
      "GO:0048786": [
        "HGNC:4571",
        "HGNC:1749"
      ],
      "GO:0098833": [],
      "GO:0098830": [],
      "GO:0008021": [],
      "GO:0098992": [],
      "GO:0042734": [
        "HGNC:4328",
        "HGNC:4571",
        "HGNC:13830"
      ],
      "SYNGO:presyn_ribosome": [],
      "SYNGO:presyn_er": [],
      "GO:0098965": [],
      "GO:0099524": [],
      "GO:0099571": [],
      "GO:0097444": [],
      "GO:0150051": [],
      "GO:0099572": [
        "HGNC:4328",
        "HGNC:1749",
        "HGNC:14291",
        "HGNC:17302",
        "HGNC:11251",
        "HGNC:4571",
        "HGNC:16767"
      ],
      "GO:0098843": [],
      "GO:0098845": [],
      "GO:0045211": [
        "HGNC:30200",
        "HGNC:4571"
      ],
      "SYNGO:postsyn_ribosome": [],
      "SYNGO:postsyn_er": [],
      "GO:0098966": [],
      "GO:0099182": [],
      "GO:0099143": [],
      "GO:0098831": [],
      "GO:0048787": [
        "HGNC:4571",
        "HGNC:1749"
      ],
      "GO:0098835": [],
      "GO:0098954": [],
      "GO:0034592": [],
      "GO:0030672": [],
      "GO:0099013": [],
      "GO:0099012": [],
      "GO:0099026": [],
      "GO:0098888": [],
      "GO:0099056": [
        "HGNC:4328",
        "HGNC:4571",
        "HGNC:13830"
      ],
      "SYNGO:presyn_er_membrane": [],
      "SYNGO:presyn_ser": [],
      "GO:0099160": [],
      "GO:0098871": [],
      "GO:0150050": [],
      "GO:0099189": [],
      "GO:0098897": [],
      "GO:0099091": [],
      "GO:0099634": [
        "HGNC:4328",
        "HGNC:1749",
        "HGNC:14291"
      ],
      "GO:0014069": [
        "HGNC:17302",
        "HGNC:11251",
        "HGNC:4571",
        "HGNC:16767"
      ],
      "GO:0099629": [],
      "GO:0098844": [],
      "GO:0098895": [],
      "GO:0098842": [],
      "GO:0098837": [],
      "GO:0099025": [],
      "GO:0098890": [
        "HGNC:30200"
      ],
      "GO:0099055": [
        "HGNC:4571"
      ],
      "SYNGO:postsyn_er_membrane": [],
      "SYNGO:postsyn_ser": [],
      "GO:0099029": [],
      "GO:0098891": [],
      "GO:0099059": [
        "HGNC:4571",
        "HGNC:1749"
      ],
      "GO:0098894": [],
      "GO:0099067": [],
      "GO:0098993": [],
      "GO:0098850": [],
      "GO:0030285": [],
      "GO:0098674": [],
      "GO:0099066": [],
      "SYNGO:presyn_er_membrane_integral": [],
      "SYNGO:presyn_ser_membrane": [],
      "GO:0099065": [],
      "GO:0098892": [],
      "GO:0099060": [
        "HGNC:4328",
        "HGNC:1749",
        "HGNC:14291"
      ],
      "GO:0099092": [],
      "GO:0098839": [
        "HGNC:4571",
        "HGNC:16767"
      ],
      "GO:0099164": [],
      "GO:0098999": [],
      "GO:0098896": [],
      "GO:0098944": [],
      "SYNGO:postsyn_er_membrane_integral": [],
      "SYNGO:postsyn_ser_membrane": [],
      "SYNGO:presyn_ser_membrane_integral": [],
      "GO:0099031": [],
      "GO:0099147": [],
      "GO:0099061": [
        "HGNC:4571",
        "HGNC:16767"
      ],
      "GO:0098998": [],
      "GO:0099033": [],
      "GO:0099063": [],
      "SYNGO:postsyn_ser_membrane_integral": []
    },
    "hgnc_symbol": {
      "GO:0045202": [
        "GPC6",
        "CDH10",
        "LINGO2",
        "PCDH9",
        "GRIA1",
        "GLRA3",
        "CNTNAP2",
        "CBLN2",
        "NLGN1",
        "NEGR1",
        "SPOCK1",
        "GRIN3A",
        "VWC2"
      ],
      "GO:0097060": [
        "LINGO2",
        "PCDH9"
      ],
      "GO:0098793": [
        "GRIA1",
        "CDH10",
        "GLRA3",
        "CNTNAP2"
      ],
      "GO:0043083": [
        "CBLN2"
      ],
      "GO:0098794": [
        "GLRA3",
        "CDH10",
        "NLGN1",
        "NEGR1",
        "SPOCK1",
        "GRIA1",
        "GRIN3A",
        "VWC2"
      ],
      "GO:0099544": [],
      "GO:0099243": [],
      "GO:0099699": [
        "LINGO2",
        "PCDH9"
      ],
      "GO:0099523": [],
      "GO:0099569": [],
      "GO:0048786": [
        "GRIA1",
        "CDH10"
      ],
      "GO:0098833": [],
      "GO:0098830": [],
      "GO:0008021": [],
      "GO:0098992": [],
      "GO:0042734": [
        "GLRA3",
        "GRIA1",
        "CNTNAP2"
      ],
      "SYNGO:presyn_ribosome": [],
      "SYNGO:presyn_er": [],
      "GO:0098965": [],
      "GO:0099524": [],
      "GO:0099571": [],
      "GO:0097444": [],
      "GO:0150051": [],
      "GO:0099572": [
        "GLRA3",
        "CDH10",
        "NLGN1",
        "NEGR1",
        "SPOCK1",
        "GRIA1",
        "GRIN3A"
      ],
      "GO:0098843": [],
      "GO:0098845": [],
      "GO:0045211": [
        "VWC2",
        "GRIA1"
      ],
      "SYNGO:postsyn_ribosome": [],
      "SYNGO:postsyn_er": [],
      "GO:0098966": [],
      "GO:0099182": [],
      "GO:0099143": [],
      "GO:0098831": [],
      "GO:0048787": [
        "GRIA1",
        "CDH10"
      ],
      "GO:0098835": [],
      "GO:0098954": [],
      "GO:0034592": [],
      "GO:0030672": [],
      "GO:0099013": [],
      "GO:0099012": [],
      "GO:0099026": [],
      "GO:0098888": [],
      "GO:0099056": [
        "GLRA3",
        "GRIA1",
        "CNTNAP2"
      ],
      "SYNGO:presyn_er_membrane": [],
      "SYNGO:presyn_ser": [],
      "GO:0099160": [],
      "GO:0098871": [],
      "GO:0150050": [],
      "GO:0099189": [],
      "GO:0098897": [],
      "GO:0099091": [],
      "GO:0099634": [
        "GLRA3",
        "CDH10",
        "NLGN1"
      ],
      "GO:0014069": [
        "NEGR1",
        "SPOCK1",
        "GRIA1",
        "GRIN3A"
      ],
      "GO:0099629": [],
      "GO:0098844": [],
      "GO:0098895": [],
      "GO:0098842": [],
      "GO:0098837": [],
      "GO:0099025": [],
      "GO:0098890": [
        "VWC2"
      ],
      "GO:0099055": [
        "GRIA1"
      ],
      "SYNGO:postsyn_er_membrane": [],
      "SYNGO:postsyn_ser": [],
      "GO:0099029": [],
      "GO:0098891": [],
      "GO:0099059": [
        "GRIA1",
        "CDH10"
      ],
      "GO:0098894": [],
      "GO:0099067": [],
      "GO:0098993": [],
      "GO:0098850": [],
      "GO:0030285": [],
      "GO:0098674": [],
      "GO:0099066": [],
      "SYNGO:presyn_er_membrane_integral": [],
      "SYNGO:presyn_ser_membrane": [],
      "GO:0099065": [],
      "GO:0098892": [],
      "GO:0099060": [
        "GLRA3",
        "CDH10",
        "NLGN1"
      ],
      "GO:0099092": [],
      "GO:0098839": [
        "GRIA1",
        "GRIN3A"
      ],
      "GO:0099164": [],
      "GO:0098999": [],
      "GO:0098896": [],
      "GO:0098944": [],
      "SYNGO:postsyn_er_membrane_integral": [],
      "SYNGO:postsyn_ser_membrane": [],
      "SYNGO:presyn_ser_membrane_integral": [],
      "GO:0099031": [],
      "GO:0099147": [],
      "GO:0099061": [
        "GRIA1",
        "GRIN3A"
      ],
      "GO:0098998": [],
      "GO:0099033": [],
      "GO:0099063": [],
      "SYNGO:postsyn_ser_membrane_integral": []
    },
    "ensembl_id": {
      "GO:0045202": [
        "ENSG00000183098",
        "ENSG00000040731",
        "ENSG00000174482",
        "ENSG00000184226",
        "ENSG00000155511",
        "ENSG00000145451",
        "ENSG00000174469",
        "ENSG00000141668",
        "ENSG00000169760",
        "ENSG00000172260",
        "ENSG00000152377",
        "ENSG00000198785",
        "ENSG00000188730"
      ],
      "GO:0097060": [
        "ENSG00000174482",
        "ENSG00000184226"
      ],
      "GO:0098793": [
        "ENSG00000155511",
        "ENSG00000040731",
        "ENSG00000145451",
        "ENSG00000174469"
      ],
      "GO:0043083": [
        "ENSG00000141668"
      ],
      "GO:0098794": [
        "ENSG00000145451",
        "ENSG00000040731",
        "ENSG00000169760",
        "ENSG00000172260",
        "ENSG00000152377",
        "ENSG00000155511",
        "ENSG00000198785",
        "ENSG00000188730"
      ],
      "GO:0099544": [],
      "GO:0099243": [],
      "GO:0099699": [
        "ENSG00000174482",
        "ENSG00000184226"
      ],
      "GO:0099523": [],
      "GO:0099569": [],
      "GO:0048786": [
        "ENSG00000155511",
        "ENSG00000040731"
      ],
      "GO:0098833": [],
      "GO:0098830": [],
      "GO:0008021": [],
      "GO:0098992": [],
      "GO:0042734": [
        "ENSG00000145451",
        "ENSG00000155511",
        "ENSG00000174469"
      ],
      "SYNGO:presyn_ribosome": [],
      "SYNGO:presyn_er": [],
      "GO:0098965": [],
      "GO:0099524": [],
      "GO:0099571": [],
      "GO:0097444": [],
      "GO:0150051": [],
      "GO:0099572": [
        "ENSG00000145451",
        "ENSG00000040731",
        "ENSG00000169760",
        "ENSG00000172260",
        "ENSG00000152377",
        "ENSG00000155511",
        "ENSG00000198785"
      ],
      "GO:0098843": [],
      "GO:0098845": [],
      "GO:0045211": [
        "ENSG00000188730",
        "ENSG00000155511"
      ],
      "SYNGO:postsyn_ribosome": [],
      "SYNGO:postsyn_er": [],
      "GO:0098966": [],
      "GO:0099182": [],
      "GO:0099143": [],
      "GO:0098831": [],
      "GO:0048787": [
        "ENSG00000155511",
        "ENSG00000040731"
      ],
      "GO:0098835": [],
      "GO:0098954": [],
      "GO:0034592": [],
      "GO:0030672": [],
      "GO:0099013": [],
      "GO:0099012": [],
      "GO:0099026": [],
      "GO:0098888": [],
      "GO:0099056": [
        "ENSG00000145451",
        "ENSG00000155511",
        "ENSG00000174469"
      ],
      "SYNGO:presyn_er_membrane": [],
      "SYNGO:presyn_ser": [],
      "GO:0099160": [],
      "GO:0098871": [],
      "GO:0150050": [],
      "GO:0099189": [],
      "GO:0098897": [],
      "GO:0099091": [],
      "GO:0099634": [
        "ENSG00000145451",
        "ENSG00000040731",
        "ENSG00000169760"
      ],
      "GO:0014069": [
        "ENSG00000172260",
        "ENSG00000152377",
        "ENSG00000155511",
        "ENSG00000198785"
      ],
      "GO:0099629": [],
      "GO:0098844": [],
      "GO:0098895": [],
      "GO:0098842": [],
      "GO:0098837": [],
      "GO:0099025": [],
      "GO:0098890": [
        "ENSG00000188730"
      ],
      "GO:0099055": [
        "ENSG00000155511"
      ],
      "SYNGO:postsyn_er_membrane": [],
      "SYNGO:postsyn_ser": [],
      "GO:0099029": [],
      "GO:0098891": [],
      "GO:0099059": [
        "ENSG00000155511",
        "ENSG00000040731"
      ],
      "GO:0098894": [],
      "GO:0099067": [],
      "GO:0098993": [],
      "GO:0098850": [],
      "GO:0030285": [],
      "GO:0098674": [],
      "GO:0099066": [],
      "SYNGO:presyn_er_membrane_integral": [],
      "SYNGO:presyn_ser_membrane": [],
      "GO:0099065": [],
      "GO:0098892": [],
      "GO:0099060": [
        "ENSG00000145451",
        "ENSG00000040731",
        "ENSG00000169760"
      ],
      "GO:0099092": [],
      "GO:0098839": [
        "ENSG00000155511",
        "ENSG00000198785"
      ],
      "GO:0099164": [],
      "GO:0098999": [],
      "GO:0098896": [],
      "GO:0098944": [],
      "SYNGO:postsyn_er_membrane_integral": [],
      "SYNGO:postsyn_ser_membrane": [],
      "SYNGO:presyn_ser_membrane_integral": [],
      "GO:0099031": [],
      "GO:0099147": [],
      "GO:0099061": [
        "ENSG00000155511",
        "ENSG00000198785"
      ],
      "GO:0098998": [],
      "GO:0099033": [],
      "GO:0099063": [],
      "SYNGO:postsyn_ser_membrane_integral": []
    },
    "entrez_id": {
      "GO:0045202": [
        "10082",
        "1008",
        "158038",
        "5101",
        "2890",
        "8001",
        "26047",
        "147381",
        "22871",
        "257194",
        "6695",
        "116443",
        "375567"
      ],
      "GO:0097060": [
        "158038",
        "5101"
      ],
      "GO:0098793": [
        "2890",
        "1008",
        "8001",
        "26047"
      ],
      "GO:0043083": [
        "147381"
      ],
      "GO:0098794": [
        "8001",
        "1008",
        "22871",
        "257194",
        "6695",
        "2890",
        "116443",
        "375567"
      ],
      "GO:0099544": [],
      "GO:0099243": [],
      "GO:0099699": [
        "158038",
        "5101"
      ],
      "GO:0099523": [],
      "GO:0099569": [],
      "GO:0048786": [
        "2890",
        "1008"
      ],
      "GO:0098833": [],
      "GO:0098830": [],
      "GO:0008021": [],
      "GO:0098992": [],
      "GO:0042734": [
        "8001",
        "2890",
        "26047"
      ],
      "SYNGO:presyn_ribosome": [],
      "SYNGO:presyn_er": [],
      "GO:0098965": [],
      "GO:0099524": [],
      "GO:0099571": [],
      "GO:0097444": [],
      "GO:0150051": [],
      "GO:0099572": [
        "8001",
        "1008",
        "22871",
        "257194",
        "6695",
        "2890",
        "116443"
      ],
      "GO:0098843": [],
      "GO:0098845": [],
      "GO:0045211": [
        "375567",
        "2890"
      ],
      "SYNGO:postsyn_ribosome": [],
      "SYNGO:postsyn_er": [],
      "GO:0098966": [],
      "GO:0099182": [],
      "GO:0099143": [],
      "GO:0098831": [],
      "GO:0048787": [
        "2890",
        "1008"
      ],
      "GO:0098835": [],
      "GO:0098954": [],
      "GO:0034592": [],
      "GO:0030672": [],
      "GO:0099013": [],
      "GO:0099012": [],
      "GO:0099026": [],
      "GO:0098888": [],
      "GO:0099056": [
        "8001",
        "2890",
        "26047"
      ],
      "SYNGO:presyn_er_membrane": [],
      "SYNGO:presyn_ser": [],
      "GO:0099160": [],
      "GO:0098871": [],
      "GO:0150050": [],
      "GO:0099189": [],
      "GO:0098897": [],
      "GO:0099091": [],
      "GO:0099634": [
        "8001",
        "1008",
        "22871"
      ],
      "GO:0014069": [
        "257194",
        "6695",
        "2890",
        "116443"
      ],
      "GO:0099629": [],
      "GO:0098844": [],
      "GO:0098895": [],
      "GO:0098842": [],
      "GO:0098837": [],
      "GO:0099025": [],
      "GO:0098890": [
        "375567"
      ],
      "GO:0099055": [
        "2890"
      ],
      "SYNGO:postsyn_er_membrane": [],
      "SYNGO:postsyn_ser": [],
      "GO:0099029": [],
      "GO:0098891": [],
      "GO:0099059": [
        "2890",
        "1008"
      ],
      "GO:0098894": [],
      "GO:0099067": [],
      "GO:0098993": [],
      "GO:0098850": [],
      "GO:0030285": [],
      "GO:0098674": [],
      "GO:0099066": [],
      "SYNGO:presyn_er_membrane_integral": [],
      "SYNGO:presyn_ser_membrane": [],
      "GO:0099065": [],
      "GO:0098892": [],
      "GO:0099060": [
        "8001",
        "1008",
        "22871"
      ],
      "GO:0099092": [],
      "GO:0098839": [
        "2890",
        "116443"
      ],
      "GO:0099164": [],
      "GO:0098999": [],
      "GO:0098896": [],
      "GO:0098944": [],
      "SYNGO:postsyn_er_membrane_integral": [],
      "SYNGO:postsyn_ser_membrane": [],
      "SYNGO:presyn_ser_membrane_integral": [],
      "GO:0099031": [],
      "GO:0099147": [],
      "GO:0099061": [
        "2890",
        "116443"
      ],
      "GO:0098998": [],
      "GO:0099033": [],
      "GO:0099063": [],
      "SYNGO:postsyn_ser_membrane_integral": []
    }
  }
}