[
  {
    "user_input_genelist": "LINGO2",
    "idmap": [
      {
        "ensembl_id": "ENSG00000174482",
        "entrez_id": "158038",
        "hgnc_id": "HGNC:21207",
        "hgnc_name": "leucine rich repeat and Ig domain containing 2",
        "hgnc_symbol": "LINGO2",
        "hgnc_synonyms": [
          "LERN3",
          "LRRN6C"
        ],
        "user_input_genelist": [
          "LINGO2"
        ]
      }
    ]
  },
  {
    "user_input_genelist": "LUZP2",
    "idmap": []
  },
  {
    "user_input_genelist": "NEGR1",
    "idmap": [
      {
        "ensembl_id": "ENSG00000172260",
        "entrez_id": "257194",
        "hgnc_id": "HGNC:17302",
        "hgnc_name": "neuronal growth regulator 1",
        "hgnc_symbol": "NEGR1",
        "hgnc_synonyms": [
          "KILON",
          "MGC46680",
          "NTRA",
          "IGLON4"
        ],
        "user_input_genelist": [
          "NEGR1"
        ]
      }
    ]
  },
  {
    "user_input_genelist": "GULP1",
    "idmap": []
  },
  {
    "user_input_genelist": "PDE1A",
    "idmap": []
  },
  {
    "user_input_genelist": "VWC2",
    "idmap": [
      {
        "ensembl_id": "ENSG00000188730",
        "entrez_id": "375567",
        "hgnc_id": "HGNC:30200",
        "hgnc_name": "von Willebrand factor C domain containing 2",
        "hgnc_symbol": "VWC2",
        "hgnc_synonyms": [
          "PSST739",
          "UNQ739"
        ],
        "user_input_genelist": [
          "VWC2"
        ]
      }
    ]
  },
  {
    "user_input_genelist": "PCDH15",
    "idmap": []
  },
  {
    "user_input_genelist": "NLGN1",
    "idmap": [
      {
        "ensembl_id": "ENSG00000169760",
        "entrez_id": "22871",
        "hgnc_id": "HGNC:14291",
        "hgnc_name": "neuroligin 1",
        "hgnc_symbol": "NLGN1",
        "hgnc_synonyms": [
          "KIAA1070"
        ],
        "user_input_genelist": [
          "NLGN1"
        ]
      }
    ]
  },
  {
    "user_input_genelist": "PID1",
    "idmap": []
  },
  {
    "user_input_genelist": "TPK1",
    "idmap": []
  },
  {
    "user_input_genelist": "GRIN3A",
    "idmap": [
      {
        "ensembl_id": "ENSG00000198785",
        "entrez_id": "116443",
        "hgnc_id": "HGNC:16767",
        "hgnc_name": "glutamate ionotropic receptor NMDA type subunit 3A",
        "hgnc_symbol": "GRIN3A",
        "hgnc_synonyms": [
          "GLUN3A"
        ],
        "user_input_genelist": [
          "GRIN3A"
        ]
      }
    ]
  },
  {
    "user_input_genelist": "GRIA1",
    "idmap": [
      {
        "ensembl_id": "ENSG00000155511",
        "entrez_id": "2890",
        "hgnc_id": "HGNC:4571",
        "hgnc_name": "glutamate ionotropic receptor AMPA type subunit 1",
        "hgnc_symbol": "GRIA1",
        "hgnc_synonyms": [
          "GLUA1",
          "GLURA",
          "GLUR1"
        ],
        "user_input_genelist": [
          "GRIA1"
        ]
      }
    ]
  },
  {
    "user_input_genelist": "SEMA3D",
    "idmap": []
  },
  {
    "user_input_genelist": "SAMD3",
    "idmap": []
  },
  {
    "user_input_genelist": "CNTNAP2",
    "idmap": [
      {
        "ensembl_id": "ENSG00000174469",
        "entrez_id": "26047",
        "hgnc_id": "HGNC:13830",
        "hgnc_name": "contactin associated protein 2",
        "hgnc_symbol": "CNTNAP2",
        "hgnc_synonyms": [
          "CASPR2",
          "KIAA0868"
        ],
        "user_input_genelist": [
          "CNTNAP2"
        ]
      }
    ]
  },
  {
    "user_input_genelist": "FNBP1L",
    "idmap": []
  },
  {
    "user_input_genelist": "PTPRK",
    "idmap": []
  },
  {
    "user_input_genelist": "LINC00922",
    "idmap": []
  },
  {
    "user_input_genelist": "ERG",
    "idmap": []
  },
  {
    "user_input_genelist": "LOC105378657",
    "idmap": []
  },
  {
    "user_input_genelist": "TRMT9B",
    "idmap": []
  },
  {
    "user_input_genelist": "PCP4",
    "idmap": []
  },
  {
    "user_input_genelist": "LOC105376457",
    "idmap": []
  },
  {
    "user_input_genelist": "GPC6",
    "idmap": [
      {
        "ensembl_id": "ENSG00000183098",
        "entrez_id": "10082",
        "hgnc_id": "HGNC:4454",
        "hgnc_name": "glypican 6",
        "hgnc_symbol": "GPC6",
        "hgnc_synonyms": [],
        "user_input_genelist": [
          "GPC6"
        ]
      }
    ]
  },
  {
    "user_input_genelist": "OR51E2",
    "idmap": []
  },
  {
    "user_input_genelist": "KCNT2",
    "idmap": []
  },
  {
    "user_input_genelist": "THSD4",
    "idmap": []
  },
  {
    "user_input_genelist": "ROBO1",
    "idmap": []
  },
  {
    "user_input_genelist": "TMEFF2",
    "idmap": []
  },
  {
    "user_input_genelist": "RNF152",
    "idmap": []
  },
  {
    "user_input_genelist": "ANXA4",
    "idmap": []
  },
  {
    "user_input_genelist": "SGCZ",
    "idmap": []
  },
  {
    "user_input_genelist": "PARP8",
    "idmap": []
  },
  {
    "user_input_genelist": "DGKH",
    "idmap": []
  },
  {
    "user_input_genelist": "ETV1",
    "idmap": []
  },
  {
    "user_input_genelist": "SPHKAP",
    "idmap": []
  },
  {
    "user_input_genelist": "GLRA3",
    "idmap": [
      {
        "ensembl_id": "ENSG00000145451",
        "entrez_id": "8001",
        "hgnc_id": "HGNC:4328",
        "hgnc_name": "glycine receptor alpha 3",
        "hgnc_symbol": "GLRA3",
        "hgnc_synonyms": [],
        "user_input_genelist": [
          "GLRA3"
        ]
      }
    ]
  },
  {
    "user_input_genelist": "KIAA1958",
    "idmap": []
  },
  {
    "user_input_genelist": "TMTC2",
    "idmap": []
  },
  {
    "user_input_genelist": "SPOCK1",
    "idmap": [
      {
        "ensembl_id": "ENSG00000152377",
        "entrez_id": "6695",
        "hgnc_id": "HGNC:11251",
        "hgnc_name": "SPARC (osteonectin), cwcv and kazal like domains proteoglycan 1",
        "hgnc_symbol": "SPOCK1",
        "hgnc_synonyms": [
          "TESTICAN-1",
          "TIC1",
          "SPOCK"
        ],
        "user_input_genelist": [
          "SPOCK1"
        ]
      }
    ]
  },
  {
    "user_input_genelist": "INPP4B",
    "idmap": []
  },
  {
    "user_input_genelist": "PTCHD4",
    "idmap": []
  },
  {
    "user_input_genelist": "LMO3",
    "idmap": []
  },
  {
    "user_input_genelist": "PCDH9",
    "idmap": [
      {
        "ensembl_id": "ENSG00000184226",
        "entrez_id": "5101",
        "hgnc_id": "HGNC:8661",
        "hgnc_name": "protocadherin 9",
        "hgnc_symbol": "PCDH9",
        "hgnc_synonyms": [],
        "user_input_genelist": [
          "PCDH9"
        ]
      }
    ]
  },
  {
    "user_input_genelist": "ALCAM",
    "idmap": []
  },
  {
    "user_input_genelist": "LOC105377406",
    "idmap": []
  },
  {
    "user_input_genelist": "C8ORF34",
    "idmap": []
  },
  {
    "user_input_genelist": "CHMP1B2P",
    "idmap": []
  },
  {
    "user_input_genelist": "MYO16",
    "idmap": []
  },
  {
    "user_input_genelist": "CDH10",
    "idmap": [
      {
        "ensembl_id": "ENSG00000040731",
        "entrez_id": "1008",
        "hgnc_id": "HGNC:1749",
        "hgnc_name": "cadherin 10",
        "hgnc_symbol": "CDH10",
        "hgnc_synonyms": [],
        "user_input_genelist": [
          "CDH10"
        ]
      }
    ]
  },
  {
    "user_input_genelist": "TENM1",
    "idmap": [
      {
        "ensembl_id": "ENSG00000009694",
        "entrez_id": "10178",
        "hgnc_id": "HGNC:8117",
        "hgnc_name": "teneurin transmembrane protein 1",
        "hgnc_symbol": "TENM1",
        "hgnc_synonyms": [
          "TEN-M1",
          "TNM",
          "ODZ1"
        ],
        "user_input_genelist": [
          "TENM1"
        ]
      }
    ]
  },
  {
    "user_input_genelist": "CBLN2",
    "idmap": [
      {
        "ensembl_id": "ENSG00000141668",
        "entrez_id": "147381",
        "hgnc_id": "HGNC:1544",
        "hgnc_name": "cerebellin 2 precursor",
        "hgnc_symbol": "CBLN2",
        "hgnc_synonyms": [],
        "user_input_genelist": [
          "CBLN2"
        ]
      }
    ]
  },
  {
    "user_input_genelist": "LOC101928923",
    "idmap": []
  },
  {
    "user_input_genelist": "CCDC85A",
    "idmap": []
  },
  {
    "user_input_genelist": "LOC284930",
    "idmap": []
  }
]