{
  "direct": {
    "hgnc_id": {
      "SYNGO:synprocess": [],
      "SYNGO:presynprocess": [],
      "SYNGO:postsynprocess": [],
      "GO:0099536": [],
      "GO:0050808": [
        "HGNC:7648"
      ],
      "SYNGO:metabolism": [],
      "SYNGO:transport": [],
      "GO:0099509": [],
      "GO:0099505": [],
      "GO:0140238": [],
      "GO:0099504": [
        "HGNC:8016",
        "HGNC:11496"
      ],
      "GO:0099525": [],
      "GO:0001504": [],
      "GO:0098810": [],
      "SYNGO:presyn_chaperoneProteinFolding": [],
      "GO:0098928": [],
      "GO:0099566": [],
      "GO:0060078": [
        "HGNC:7979",
        "HGNC:4845",
        "HGNC:3010"
      ],
      "GO:0098962": [
        "HGNC:17512",
        "HGNC:2906",
        "HGNC:13823",
        "HGNC:14644"
      ],
      "GO:0099072": [
        "HGNC:13830",
        "HGNC:4575"
      ],
      "GO:0140239": [],
      "GO:0150038": [],
      "GO:0098926": [],
      "GO:0099537": [],
      "GO:0099538": [],
      "GO:0099163": [],
      "GO:0099172": [],
      "GO:0099173": [],
      "GO:0099563": [],
      "GO:0050807": [
        "HGNC:15679",
        "HGNC:11220"
      ],
      "GO:0098918": [],
      "GO:0150043": [],
      "GO:0099560": [
        "HGNC:11220",
        "HGNC:7997",
        "HGNC:1765",
        "HGNC:29945"
      ],
      "GO:0008039": [],
      "GO:0007416": [],
      "GO:0098883": [],
      "GO:0060074": [],
      "GO:0099558": [
        "HGNC:9102"
      ],
      "GO:0099187": [],
      "GO:0099188": [],
      "SYNGO:presyn_ATPmetabolic": [],
      "SYNGO:postsyn_ATPmetabolic": [],
      "GO:0099546": [],
      "GO:0099574": [],
      "GO:0099547": [],
      "GO:0042135": [],
      "GO:0140246": [],
      "GO:0042136": [],
      "GO:0140241": [],
      "GO:0140235": [],
      "GO:0008088": [],
      "GO:0099514": [],
      "GO:0099090": [],
      "GO:0099089": [],
      "GO:0099637": [],
      "GO:1905056": [],
      "GO:0099534": [],
      "GO:0099626": [],
      "GO:0099507": [
        "HGNC:4585"
      ],
      "GO:0099508": [
        "HGNC:6218",
        "HGNC:10585"
      ],
      "GO:0150047": [],
      "GO:0140232": [
        "HGNC:4845"
      ],
      "GO:0098693": [],
      "GO:0097091": [
        "HGNC:11496"
      ],
      "GO:0099532": [],
      "GO:0016079": [],
      "GO:0098700": [],
      "GO:0099180": [
        "HGNC:25380"
      ],
      "GO:0097401": [],
      "GO:0048488": [],
      "GO:0099161": [
        "HGNC:3501"
      ],
      "GO:0051580": [],
      "GO:0099526": [],
      "GO:1905059": [],
      "GO:0099567": [],
      "GO:1905060": [
        "HGNC:11068"
      ],
      "GO:0098695": [],
      "GO:0099583": [],
      "GO:0140233": [],
      "GO:1904315": [
        "HGNC:4585"
      ],
      "GO:1905030": [
        "HGNC:6218"
      ],
      "GO:0099645": [
        "HGNC:201",
        "HGNC:13823",
        "HGNC:14644"
      ],
      "GO:0098967": [],
      "GO:0098970": [],
      "GO:0098884": [],
      "GO:0150044": [],
      "GO:0099527": [
        "HGNC:1384",
        "HGNC:7997"
      ],
      "GO:0099541": [],
      "GO:0099540": [],
      "GO:0099543": [],
      "GO:0099545": [],
      "GO:0099157": [],
      "GO:0099183": [],
      "GO:0099550": [
        "HGNC:1544"
      ],
      "GO:0007268": [],
      "GO:0150045": [],
      "GO:0099174": [],
      "GO:0099175": [
        "HGNC:4575"
      ],
      "GO:0099084": [],
      "GO:0099010": [],
      "GO:0099564": [],
      "GO:1905244": [],
      "GO:0099181": [],
      "GO:0099186": [
        "HGNC:17512"
      ],
      "GO:0099179": [
        "HGNC:18957"
      ],
      "GO:0099054": [
        "HGNC:2175"
      ],
      "GO:0051963": [],
      "GO:0098698": [],
      "GO:0097104": [],
      "GO:1905806": [
        "HGNC:945"
      ],
      "GO:0090128": [
        "HGNC:945",
        "HGNC:2661"
      ],
      "GO:0099559": [
        "HGNC:29945"
      ],
      "GO:0098880": [],
      "GO:0099140": [
        "HGNC:15607"
      ],
      "GO:0098974": [
        "HGNC:15607"
      ],
      "GO:0099190": [
        "HGNC:29945"
      ],
      "SYNGO:presyn_regulationATPmetabolic": [],
      "GO:0099576": [],
      "GO:0099575": [],
      "GO:0099578": [],
      "GO:0099577": [],
      "GO:0140247": [],
      "GO:0140249": [],
      "GO:0140236": [],
      "GO:0140242": [],
      "GO:0098930": [],
      "GO:0098935": [],
      "GO:0099517": [],
      "GO:0099158": [],
      "GO:0098968": [],
      "GO:0098877": [],
      "GO:0098943": [],
      "GO:0016182": [],
      "GO:0016189": [],
      "GO:0099502": [
        "HGNC:11510"
      ],
      "GO:2000300": [
        "HGNC:9395",
        "HGNC:30670",
        "HGNC:4273",
        "HGNC:11034"
      ],
      "GO:0016081": [
        "HGNC:2495"
      ],
      "GO:0031629": [],
      "GO:0016082": [],
      "GO:0099162": [],
      "GO:1901546": [],
      "GO:1900242": [],
      "GO:0016185": [],
      "GO:0016191": [],
      "GO:0098872": [],
      "GO:0099579": [],
      "GO:0098696": [
        "HGNC:18957",
        "HGNC:7648",
        "HGNC:14644"
      ],
      "GO:0099145": [
        "HGNC:2309"
      ],
      "GO:0150054": [],
      "GO:0099149": [
        "HGNC:29112",
        "HGNC:7997"
      ],
      "GO:1905539": [],
      "GO:0099542": [],
      "GO:0099548": [],
      "GO:0098942": [],
      "GO:0099557": [],
      "GO:0150035": [],
      "GO:0050804": [
        "HGNC:9059",
        "HGNC:2906"
      ],
      "GO:0099531": [],
      "GO:0099565": [],
      "GO:0099159": [],
      "GO:0098885": [
        "HGNC:1384"
      ],
      "GO:0098987": [],
      "GO:0098882": [
        "HGNC:2495"
      ],
      "GO:0098699": [],
      "GO:0098973": [],
      "GO:0099184": [],
      "GO:0098879": [
        "HGNC:18957"
      ],
      "GO:0098919": [
        "HGNC:18957"
      ],
      "GO:1905606": [
        "HGNC:7997"
      ],
      "GO:0150052": [
        "HGNC:2700",
        "HGNC:16286",
        "HGNC:19744"
      ],
      "GO:0099150": [],
      "GO:0097107": [],
      "GO:0099562": [],
      "GO:0140251": [],
      "GO:0140252": [],
      "GO:0140245": [],
      "GO:0008089": [],
      "GO:0099088": [],
      "GO:0098937": [],
      "GO:0098939": [],
      "GO:0098961": [],
      "GO:0098934": [],
      "GO:0048490": [],
      "GO:0098969": [],
      "GO:0099639": [],
      "GO:0150037": [],
      "GO:0099148": [],
      "GO:0031630": [
        "HGNC:2309"
      ],
      "GO:0010807": [],
      "GO:0098694": [],
      "GO:0098921": [],
      "GO:0099553": [],
      "GO:0099555": [],
      "GO:0099171": [
        "HGNC:277",
        "HGNC:5293",
        "HGNC:7979"
      ],
      "GO:0099170": [
        "HGNC:15917",
        "HGNC:2701",
        "HGNC:8000",
        "HGNC:16699",
        "HGNC:29112",
        "HGNC:24039"
      ],
      "GO:1905274": [
        "HGNC:15679",
        "HGNC:17217"
      ],
      "GO:0099151": [],
      "GO:0099641": [],
      "GO:0140231": [
        "HGNC:13823"
      ],
      "GO:0098971": [],
      "GO:0098963": [],
      "GO:1903742": [],
      "GO:0098887": [],
      "GO:0099178": [
        "HGNC:15917"
      ],
      "GO:0150036": [],
      "GO:0098925": [],
      "GO:0098964": [],
      "GO:0099152": []
    },
    "hgnc_symbol": {
      "SYNGO:synprocess": [],
      "SYNGO:presynprocess": [],
      "SYNGO:postsynprocess": [],
      "GO:0099536": [],
      "GO:0050808": [
        "NBEA"
      ],
      "SYNGO:metabolism": [],
      "SYNGO:transport": [],
      "GO:0099509": [],
      "GO:0099505": [],
      "GO:0140238": [],
      "GO:0099504": [
        "NSF",
        "SYN3"
      ],
      "GO:0099525": [],
      "GO:0001504": [],
      "GO:0098810": [],
      "SYNGO:presyn_chaperoneProteinFolding": [],
      "GO:0098928": [],
      "GO:0099566": [],
      "GO:0060078": [
        "NR3C2",
        "HCN1",
        "DPP6"
      ],
      "GO:0098962": [
        "HOMER1",
        "DLGAP2",
        "NETO1",
        "NETO2"
      ],
      "GO:0099072": [
        "CNTNAP2",
        "GRID1"
      ],
      "GO:0140239": [],
      "GO:0150038": [],
      "GO:0098926": [],
      "GO:0099537": [],
      "GO:0099538": [],
      "GO:0099163": [],
      "GO:0099172": [],
      "GO:0099173": [],
      "GO:0099563": [],
      "GO:0050807": [
        "CTTNBP2",
        "SPARCL1"
      ],
      "GO:0098918": [],
      "GO:0150043": [],
      "GO:0099560": [
        "SPARCL1",
        "NRG1",
        "CDH6",
        "TENM4"
      ],
      "GO:0008039": [],
      "GO:0007416": [],
      "GO:0098883": [],
      "GO:0060074": [],
      "GO:0099558": [
        "PLXNA4"
      ],
      "GO:0099187": [],
      "GO:0099188": [],
      "SYNGO:presyn_ATPmetabolic": [],
      "SYNGO:postsyn_ATPmetabolic": [],
      "GO:0099546": [],
      "GO:0099574": [],
      "GO:0099547": [],
      "GO:0042135": [],
      "GO:0140246": [],
      "GO:0042136": [],
      "GO:0140241": [],
      "GO:0140235": [],
      "GO:0008088": [],
      "GO:0099514": [],
      "GO:0099090": [],
      "GO:0099089": [],
      "GO:0099637": [],
      "GO:1905056": [],
      "GO:0099534": [],
      "GO:0099626": [],
      "GO:0099507": [
        "GRIN2A"
      ],
      "GO:0099508": [
        "KCNA1",
        "SCN1A"
      ],
      "GO:0150047": [],
      "GO:0140232": [
        "HCN1"
      ],
      "GO:0098693": [],
      "GO:0097091": [
        "SYN3"
      ],
      "GO:0099532": [],
      "GO:0016079": [],
      "GO:0098700": [],
      "GO:0099180": [
        "TMEM163"
      ],
      "GO:0097401": [],
      "GO:0048488": [],
      "GO:0099161": [
        "EVI5"
      ],
      "GO:0051580": [],
      "GO:0099526": [],
      "GO:1905059": [],
      "GO:0099567": [],
      "GO:1905060": [
        "SLC8A1"
      ],
      "GO:0098695": [],
      "GO:0099583": [],
      "GO:0140233": [],
      "GO:1904315": [
        "GRIN2A"
      ],
      "GO:1905030": [
        "KCNA1"
      ],
      "GO:0099645": [
        "ADAM22",
        "NETO1",
        "NETO2"
      ],
      "GO:0098967": [],
      "GO:0098970": [],
      "GO:0098884": [],
      "GO:0150044": [],
      "GO:0099527": [
        "CABP1",
        "NRG1"
      ],
      "GO:0099541": [],
      "GO:0099540": [],
      "GO:0099543": [],
      "GO:0099545": [],
      "GO:0099157": [],
      "GO:0099183": [],
      "GO:0099550": [
        "CBLN2"
      ],
      "GO:0007268": [],
      "GO:0150045": [],
      "GO:0099174": [],
      "GO:0099175": [
        "GRID1"
      ],
      "GO:0099084": [],
      "GO:0099010": [],
      "GO:0099564": [],
      "GO:1905244": [],
      "GO:0099181": [],
      "GO:0099186": [
        "HOMER1"
      ],
      "GO:0099179": [
        "MAGI2"
      ],
      "GO:0099054": [
        "CNTN5"
      ],
      "GO:0051963": [],
      "GO:0098698": [],
      "GO:0097104": [],
      "GO:1905806": [
        "ADGRB3"
      ],
      "GO:0090128": [
        "ADGRB3",
        "DAB1"
      ],
      "GO:0099559": [
        "TENM4"
      ],
      "GO:0098880": [],
      "GO:0099140": [
        "ARHGEF7"
      ],
      "GO:0098974": [
        "ARHGEF7"
      ],
      "GO:0099190": [
        "TENM4"
      ],
      "SYNGO:presyn_regulationATPmetabolic": [],
      "GO:0099576": [],
      "GO:0099575": [],
      "GO:0099578": [],
      "GO:0099577": [],
      "GO:0140247": [],
      "GO:0140249": [],
      "GO:0140236": [],
      "GO:0140242": [],
      "GO:0098930": [],
      "GO:0098935": [],
      "GO:0099517": [],
      "GO:0099158": [],
      "GO:0098968": [],
      "GO:0098877": [],
      "GO:0098943": [],
      "GO:0016182": [],
      "GO:0016189": [],
      "GO:0099502": [
        "SYT2"
      ],
      "GO:2000300": [
        "PRKCB",
        "SV2C",
        "GIT2",
        "SLC4A8"
      ],
      "GO:0016081": [
        "CTBP2"
      ],
      "GO:0031629": [],
      "GO:0016082": [],
      "GO:0099162": [],
      "GO:1901546": [],
      "GO:1900242": [],
      "GO:0016185": [],
      "GO:0016191": [],
      "GO:0098872": [],
      "GO:0099579": [],
      "GO:0098696": [
        "MAGI2",
        "NBEA",
        "NETO2"
      ],
      "GO:0099145": [
        "CPLX1"
      ],
      "GO:0150054": [],
      "GO:0099149": [
        "IQSEC1",
        "NRG1"
      ],
      "GO:1905539": [],
      "GO:0099542": [],
      "GO:0099548": [],
      "GO:0098942": [],
      "GO:0099557": [],
      "GO:0150035": [],
      "GO:0050804": [
        "PLCB4",
        "DLGAP2"
      ],
      "GO:0099531": [],
      "GO:0099565": [],
      "GO:0099159": [],
      "GO:0098885": [
        "CABP1"
      ],
      "GO:0098987": [],
      "GO:0098882": [
        "CTBP2"
      ],
      "GO:0098699": [],
      "GO:0098973": [],
      "GO:0099184": [],
      "GO:0098879": [
        "MAGI2"
      ],
      "GO:0098919": [
        "MAGI2"
      ],
      "GO:1905606": [
        "NRG1"
      ],
      "GO:0150052": [
        "DCLK1",
        "ELMO1",
        "SRGAP3"
      ],
      "GO:0099150": [],
      "GO:0097107": [],
      "GO:0099562": [],
      "GO:0140251": [],
      "GO:0140252": [],
      "GO:0140245": [],
      "GO:0008089": [],
      "GO:0099088": [],
      "GO:0098937": [],
      "GO:0098939": [],
      "GO:0098961": [],
      "GO:0098934": [],
      "GO:0048490": [],
      "GO:0098969": [],
      "GO:0099639": [],
      "GO:0150037": [],
      "GO:0099148": [],
      "GO:0031630": [
        "CPLX1"
      ],
      "GO:0010807": [],
      "GO:0098694": [],
      "GO:0098921": [],
      "GO:0099553": [],
      "GO:0099555": [],
      "GO:0099171": [
        "ADRA1A",
        "HTR2A",
        "NR3C2"
      ],
      "GO:0099170": [
        "PLCB1",
        "DCC",
        "NRGN",
        "SORCS3",
        "IQSEC1",
        "CLMP"
      ],
      "GO:1905274": [
        "CTTNBP2",
        "DIP2A"
      ],
      "GO:0099151": [],
      "GO:0099641": [],
      "GO:0140231": [
        "NETO1"
      ],
      "GO:0098971": [],
      "GO:0098963": [],
      "GO:1903742": [],
      "GO:0098887": [],
      "GO:0099178": [
        "PLCB1"
      ],
      "GO:0150036": [],
      "GO:0098925": [],
      "GO:0098964": [],
      "GO:0099152": []
    },
    "ensembl_id": {
      "SYNGO:synprocess": [],
      "SYNGO:presynprocess": [],
      "SYNGO:postsynprocess": [],
      "GO:0099536": [],
      "GO:0050808": [
        "ENSG00000172915"
      ],
      "SYNGO:metabolism": [],
      "SYNGO:transport": [],
      "GO:0099509": [],
      "GO:0099505": [],
      "GO:0140238": [],
      "GO:0099504": [
        "ENSG00000073969",
        "ENSG00000185666"
      ],
      "GO:0099525": [],
      "GO:0001504": [],
      "GO:0098810": [],
      "SYNGO:presyn_chaperoneProteinFolding": [],
      "GO:0098928": [],
      "GO:0099566": [],
      "GO:0060078": [
        "ENSG00000151623",
        "ENSG00000164588",
        "ENSG00000130226"
      ],
      "GO:0098962": [
        "ENSG00000152413",
        "ENSG00000198010",
        "ENSG00000166342",
        "ENSG00000171208"
      ],
      "GO:0099072": [
        "ENSG00000174469",
        "ENSG00000182771"
      ],
      "GO:0140239": [],
      "GO:0150038": [],
      "GO:0098926": [],
      "GO:0099537": [],
      "GO:0099538": [],
      "GO:0099163": [],
      "GO:0099172": [],
      "GO:0099173": [],
      "GO:0099563": [],
      "GO:0050807": [
        "ENSG00000077063",
        "ENSG00000152583"
      ],
      "GO:0098918": [],
      "GO:0150043": [],
      "GO:0099560": [
        "ENSG00000152583",
        "ENSG00000157168",
        "ENSG00000113361",
        "ENSG00000149256"
      ],
      "GO:0008039": [],
      "GO:0007416": [],
      "GO:0098883": [],
      "GO:0060074": [],
      "GO:0099558": [
        "ENSG00000221866"
      ],
      "GO:0099187": [],
      "GO:0099188": [],
      "SYNGO:presyn_ATPmetabolic": [],
      "SYNGO:postsyn_ATPmetabolic": [],
      "GO:0099546": [],
      "GO:0099574": [],
      "GO:0099547": [],
      "GO:0042135": [],
      "GO:0140246": [],
      "GO:0042136": [],
      "GO:0140241": [],
      "GO:0140235": [],
      "GO:0008088": [],
      "GO:0099514": [],
      "GO:0099090": [],
      "GO:0099089": [],
      "GO:0099637": [],
      "GO:1905056": [],
      "GO:0099534": [],
      "GO:0099626": [],
      "GO:0099507": [
        "ENSG00000183454"
      ],
      "GO:0099508": [
        "ENSG00000111262",
        "ENSG00000144285"
      ],
      "GO:0150047": [],
      "GO:0140232": [
        "ENSG00000164588"
      ],
      "GO:0098693": [],
      "GO:0097091": [
        "ENSG00000185666"
      ],
      "GO:0099532": [],
      "GO:0016079": [],
      "GO:0098700": [],
      "GO:0099180": [
        "ENSG00000152128"
      ],
      "GO:0097401": [],
      "GO:0048488": [],
      "GO:0099161": [
        "ENSG00000067208"
      ],
      "GO:0051580": [],
      "GO:0099526": [],
      "GO:1905059": [],
      "GO:0099567": [],
      "GO:1905060": [
        "ENSG00000183023"
      ],
      "GO:0098695": [],
      "GO:0099583": [],
      "GO:0140233": [],
      "GO:1904315": [
        "ENSG00000183454"
      ],
      "GO:1905030": [
        "ENSG00000111262"
      ],
      "GO:0099645": [
        "ENSG00000008277",
        "ENSG00000166342",
        "ENSG00000171208"
      ],
      "GO:0098967": [],
      "GO:0098970": [],
      "GO:0098884": [],
      "GO:0150044": [],
      "GO:0099527": [
        "ENSG00000157782",
        "ENSG00000157168"
      ],
      "GO:0099541": [],
      "GO:0099540": [],
      "GO:0099543": [],
      "GO:0099545": [],
      "GO:0099157": [],
      "GO:0099183": [],
      "GO:0099550": [
        "ENSG00000141668"
      ],
      "GO:0007268": [],
      "GO:0150045": [],
      "GO:0099174": [],
      "GO:0099175": [
        "ENSG00000182771"
      ],
      "GO:0099084": [],
      "GO:0099010": [],
      "GO:0099564": [],
      "GO:1905244": [],
      "GO:0099181": [],
      "GO:0099186": [
        "ENSG00000152413"
      ],
      "GO:0099179": [
        "ENSG00000187391"
      ],
      "GO:0099054": [
        "ENSG00000149972"
      ],
      "GO:0051963": [],
      "GO:0098698": [],
      "GO:0097104": [],
      "GO:1905806": [
        "ENSG00000135298"
      ],
      "GO:0090128": [
        "ENSG00000135298",
        "ENSG00000173406"
      ],
      "GO:0099559": [
        "ENSG00000149256"
      ],
      "GO:0098880": [],
      "GO:0099140": [
        "ENSG00000102606"
      ],
      "GO:0098974": [
        "ENSG00000102606"
      ],
      "GO:0099190": [
        "ENSG00000149256"
      ],
      "SYNGO:presyn_regulationATPmetabolic": [],
      "GO:0099576": [],
      "GO:0099575": [],
      "GO:0099578": [],
      "GO:0099577": [],
      "GO:0140247": [],
      "GO:0140249": [],
      "GO:0140236": [],
      "GO:0140242": [],
      "GO:0098930": [],
      "GO:0098935": [],
      "GO:0099517": [],
      "GO:0099158": [],
      "GO:0098968": [],
      "GO:0098877": [],
      "GO:0098943": [],
      "GO:0016182": [],
      "GO:0016189": [],
      "GO:0099502": [
        "ENSG00000143858"
      ],
      "GO:2000300": [
        "ENSG00000166501",
        "ENSG00000122012",
        "ENSG00000139436",
        "ENSG00000050438"
      ],
      "GO:0016081": [
        "ENSG00000175029"
      ],
      "GO:0031629": [],
      "GO:0016082": [],
      "GO:0099162": [],
      "GO:1901546": [],
      "GO:1900242": [],
      "GO:0016185": [],
      "GO:0016191": [],
      "GO:0098872": [],
      "GO:0099579": [],
      "GO:0098696": [
        "ENSG00000187391",
        "ENSG00000172915",
        "ENSG00000171208"
      ],
      "GO:0099145": [
        "ENSG00000168993"
      ],
      "GO:0150054": [],
      "GO:0099149": [
        "ENSG00000144711",
        "ENSG00000157168"
      ],
      "GO:1905539": [],
      "GO:0099542": [],
      "GO:0099548": [],
      "GO:0098942": [],
      "GO:0099557": [],
      "GO:0150035": [],
      "GO:0050804": [
        "ENSG00000101333",
        "ENSG00000198010"
      ],
      "GO:0099531": [],
      "GO:0099565": [],
      "GO:0099159": [],
      "GO:0098885": [
        "ENSG00000157782"
      ],
      "GO:0098987": [],
      "GO:0098882": [
        "ENSG00000175029"
      ],
      "GO:0098699": [],
      "GO:0098973": [],
      "GO:0099184": [],
      "GO:0098879": [
        "ENSG00000187391"
      ],
      "GO:0098919": [
        "ENSG00000187391"
      ],
      "GO:1905606": [
        "ENSG00000157168"
      ],
      "GO:0150052": [
        "ENSG00000133083",
        "ENSG00000155849",
        "ENSG00000196220"
      ],
      "GO:0099150": [],
      "GO:0097107": [],
      "GO:0099562": [],
      "GO:0140251": [],
      "GO:0140252": [],
      "GO:0140245": [],
      "GO:0008089": [],
      "GO:0099088": [],
      "GO:0098937": [],
      "GO:0098939": [],
      "GO:0098961": [],
      "GO:0098934": [],
      "GO:0048490": [],
      "GO:0098969": [],
      "GO:0099639": [],
      "GO:0150037": [],
      "GO:0099148": [],
      "GO:0031630": [
        "ENSG00000168993"
      ],
      "GO:0010807": [],
      "GO:0098694": [],
      "GO:0098921": [],
      "GO:0099553": [],
      "GO:0099555": [],
      "GO:0099171": [
        "ENSG00000120907",
        "ENSG00000102468",
        "ENSG00000151623"
      ],
      "GO:0099170": [
        "ENSG00000182621",
        "ENSG00000187323",
        "ENSG00000154146",
        "ENSG00000156395",
        "ENSG00000144711",
        "ENSG00000166250"
      ],
      "GO:1905274": [
        "ENSG00000077063",
        "ENSG00000160305"
      ],
      "GO:0099151": [],
      "GO:0099641": [],
      "GO:0140231": [
        "ENSG00000166342"
      ],
      "GO:0098971": [],
      "GO:0098963": [],
      "GO:1903742": [],
      "GO:0098887": [],
      "GO:0099178": [
        "ENSG00000182621"
      ],
      "GO:0150036": [],
      "GO:0098925": [],
      "GO:0098964": [],
      "GO:0099152": []
    },
    "entrez_id": {
      "SYNGO:synprocess": [],
      "SYNGO:presynprocess": [],
      "SYNGO:postsynprocess": [],
      "GO:0099536": [],
      "GO:0050808": [
        "26960"
      ],
      "SYNGO:metabolism": [],
      "SYNGO:transport": [],
      "GO:0099509": [],
      "GO:0099505": [],
      "GO:0140238": [],
      "GO:0099504": [
        "4905",
        "8224"
      ],
      "GO:0099525": [],
      "GO:0001504": [],
      "GO:0098810": [],
      "SYNGO:presyn_chaperoneProteinFolding": [],
      "GO:0098928": [],
      "GO:0099566": [],
      "GO:0060078": [
        "4306",
        "348980",
        "1804"
      ],
      "GO:0098962": [
        "9456",
        "9228",
        "81832",
        "81831"
      ],
      "GO:0099072": [
        "26047",
        "2894"
      ],
      "GO:0140239": [],
      "GO:0150038": [],
      "GO:0098926": [],
      "GO:0099537": [],
      "GO:0099538": [],
      "GO:0099163": [],
      "GO:0099172": [],
      "GO:0099173": [],
      "GO:0099563": [],
      "GO:0050807": [
        "83992",
        "8404"
      ],
      "GO:0098918": [],
      "GO:0150043": [],
      "GO:0099560": [
        "8404",
        "3084",
        "1004",
        "26011"
      ],
      "GO:0008039": [],
      "GO:0007416": [],
      "GO:0098883": [],
      "GO:0060074": [],
      "GO:0099558": [
        "91584"
      ],
      "GO:0099187": [],
      "GO:0099188": [],
      "SYNGO:presyn_ATPmetabolic": [],
      "SYNGO:postsyn_ATPmetabolic": [],
      "GO:0099546": [],
      "GO:0099574": [],
      "GO:0099547": [],
      "GO:0042135": [],
      "GO:0140246": [],
      "GO:0042136": [],
      "GO:0140241": [],
      "GO:0140235": [],
      "GO:0008088": [],
      "GO:0099514": [],
      "GO:0099090": [],
      "GO:0099089": [],
      "GO:0099637": [],
      "GO:1905056": [],
      "GO:0099534": [],
      "GO:0099626": [],
      "GO:0099507": [
        "2903"
      ],
      "GO:0099508": [
        "3736",
        "6323"
      ],
      "GO:0150047": [],
      "GO:0140232": [
        "348980"
      ],
      "GO:0098693": [],
      "GO:0097091": [
        "8224"
      ],
      "GO:0099532": [],
      "GO:0016079": [],
      "GO:0098700": [],
      "GO:0099180": [
        "81615"
      ],
      "GO:0097401": [],
      "GO:0048488": [],
      "GO:0099161": [
        "7813"
      ],
      "GO:0051580": [],
      "GO:0099526": [],
      "GO:1905059": [],
      "GO:0099567": [],
      "GO:1905060": [
        "6546"
      ],
      "GO:0098695": [],
      "GO:0099583": [],
      "GO:0140233": [],
      "GO:1904315": [
        "2903"
      ],
      "GO:1905030": [
        "3736"
      ],
      "GO:0099645": [
        "53616",
        "81832",
        "81831"
      ],
      "GO:0098967": [],
      "GO:0098970": [],
      "GO:0098884": [],
      "GO:0150044": [],
      "GO:0099527": [
        "9478",
        "3084"
      ],
      "GO:0099541": [],
      "GO:0099540": [],
      "GO:0099543": [],
      "GO:0099545": [],
      "GO:0099157": [],
      "GO:0099183": [],
      "GO:0099550": [
        "147381"
      ],
      "GO:0007268": [],
      "GO:0150045": [],
      "GO:0099174": [],
      "GO:0099175": [
        "2894"
      ],
      "GO:0099084": [],
      "GO:0099010": [],
      "GO:0099564": [],
      "GO:1905244": [],
      "GO:0099181": [],
      "GO:0099186": [
        "9456"
      ],
      "GO:0099179": [
        "9863"
      ],
      "GO:0099054": [
        "53942"
      ],
      "GO:0051963": [],
      "GO:0098698": [],
      "GO:0097104": [],
      "GO:1905806": [
        "577"
      ],
      "GO:0090128": [
        "577",
        "1600"
      ],
      "GO:0099559": [
        "26011"
      ],
      "GO:0098880": [],
      "GO:0099140": [
        "8874"
      ],
      "GO:0098974": [
        "8874"
      ],
      "GO:0099190": [
        "26011"
      ],
      "SYNGO:presyn_regulationATPmetabolic": [],
      "GO:0099576": [],
      "GO:0099575": [],
      "GO:0099578": [],
      "GO:0099577": [],
      "GO:0140247": [],
      "GO:0140249": [],
      "GO:0140236": [],
      "GO:0140242": [],
      "GO:0098930": [],
      "GO:0098935": [],
      "GO:0099517": [],
      "GO:0099158": [],
      "GO:0098968": [],
      "GO:0098877": [],
      "GO:0098943": [],
      "GO:0016182": [],
      "GO:0016189": [],
      "GO:0099502": [
        "127833"
      ],
      "GO:2000300": [
        "5579",
        "22987",
        "9815",
        "9498"
      ],
      "GO:0016081": [
        "1488"
      ],
      "GO:0031629": [],
      "GO:0016082": [],
      "GO:0099162": [],
      "GO:1901546": [],
      "GO:1900242": [],
      "GO:0016185": [],
      "GO:0016191": [],
      "GO:0098872": [],
      "GO:0099579": [],
      "GO:0098696": [
        "9863",
        "26960",
        "81831"
      ],
      "GO:0099145": [
        "10815"
      ],
      "GO:0150054": [],
      "GO:0099149": [
        "9922",
        "3084"
      ],
      "GO:1905539": [],
      "GO:0099542": [],
      "GO:0099548": [],
      "GO:0098942": [],
      "GO:0099557": [],
      "GO:0150035": [],
      "GO:0050804": [
        "5332",
        "9228"
      ],
      "GO:0099531": [],
      "GO:0099565": [],
      "GO:0099159": [],
      "GO:0098885": [
        "9478"
      ],
      "GO:0098987": [],
      "GO:0098882": [
        "1488"
      ],
      "GO:0098699": [],
      "GO:0098973": [],
      "GO:0099184": [],
      "GO:0098879": [
        "9863"
      ],
      "GO:0098919": [
        "9863"
      ],
      "GO:1905606": [
        "3084"
      ],
      "GO:0150052": [
        "9201",
        "9844",
        "9901"
      ],
      "GO:0099150": [],
      "GO:0097107": [],
      "GO:0099562": [],
      "GO:0140251": [],
      "GO:0140252": [],
      "GO:0140245": [],
      "GO:0008089": [],
      "GO:0099088": [],
      "GO:0098937": [],
      "GO:0098939": [],
      "GO:0098961": [],
      "GO:0098934": [],
      "GO:0048490": [],
      "GO:0098969": [],
      "GO:0099639": [],
      "GO:0150037": [],
      "GO:0099148": [],
      "GO:0031630": [
        "10815"
      ],
      "GO:0010807": [],
      "GO:0098694": [],
      "GO:0098921": [],
      "GO:0099553": [],
      "GO:0099555": [],
      "GO:0099171": [
        "148",
        "3356",
        "4306"
      ],
      "GO:0099170": [
        "23236",
        "1630",
        "4900",
        "22986",
        "9922",
        "79827"
      ],
      "GO:1905274": [
        "83992",
        "23181"
      ],
      "GO:0099151": [],
      "GO:0099641": [],
      "GO:0140231": [
        "81832"
      ],
      "GO:0098971": [],
      "GO:0098963": [],
      "GO:1903742": [],
      "GO:0098887": [],
      "GO:0099178": [
        "23236"
      ],
      "GO:0150036": [],
      "GO:0098925": [],
      "GO:0098964": [],
      "GO:0099152": []
    }
  },
  "aggregate": {
    "hgnc_id": {
      "SYNGO:synprocess": [
        "HGNC:4585",
        "HGNC:6218",
        "HGNC:10585",
        "HGNC:4845",
        "HGNC:8016",
        "HGNC:11496",
        "HGNC:11510",
        "HGNC:9395",
        "HGNC:30670",
        "HGNC:4273",
        "HGNC:11034",
        "HGNC:2495",
        "HGNC:2309",
        "HGNC:25380",
        "HGNC:3501",
        "HGNC:11068",
        "HGNC:7979",
        "HGNC:3010",
        "HGNC:17512",
        "HGNC:2906",
        "HGNC:13823",
        "HGNC:14644",
        "HGNC:13830",
        "HGNC:4575",
        "HGNC:201",
        "HGNC:18957",
        "HGNC:7648",
        "HGNC:29112",
        "HGNC:7997",
        "HGNC:1384",
        "HGNC:15917",
        "HGNC:1544",
        "HGNC:9059",
        "HGNC:277",
        "HGNC:5293",
        "HGNC:2701",
        "HGNC:8000",
        "HGNC:16699",
        "HGNC:24039",
        "HGNC:15679",
        "HGNC:17217",
        "HGNC:11220",
        "HGNC:1765",
        "HGNC:29945",
        "HGNC:2175",
        "HGNC:2700",
        "HGNC:16286",
        "HGNC:19744",
        "HGNC:945",
        "HGNC:2661",
        "HGNC:9102",
        "HGNC:15607"
      ],
      "SYNGO:presynprocess": [
        "HGNC:4585",
        "HGNC:6218",
        "HGNC:10585",
        "HGNC:4845",
        "HGNC:8016",
        "HGNC:11496",
        "HGNC:11510",
        "HGNC:9395",
        "HGNC:30670",
        "HGNC:4273",
        "HGNC:11034",
        "HGNC:2495",
        "HGNC:2309",
        "HGNC:25380",
        "HGNC:3501"
      ],
      "SYNGO:postsynprocess": [
        "HGNC:11068",
        "HGNC:7979",
        "HGNC:4845",
        "HGNC:3010",
        "HGNC:4585",
        "HGNC:6218",
        "HGNC:17512",
        "HGNC:2906",
        "HGNC:13823",
        "HGNC:14644",
        "HGNC:13830",
        "HGNC:4575",
        "HGNC:201",
        "HGNC:18957",
        "HGNC:7648",
        "HGNC:2309",
        "HGNC:29112",
        "HGNC:7997",
        "HGNC:1384"
      ],
      "GO:0099536": [
        "HGNC:15917",
        "HGNC:1544",
        "HGNC:9059",
        "HGNC:2906",
        "HGNC:277",
        "HGNC:5293",
        "HGNC:7979",
        "HGNC:2701",
        "HGNC:8000",
        "HGNC:16699",
        "HGNC:29112",
        "HGNC:24039"
      ],
      "GO:0050808": [
        "HGNC:7648",
        "HGNC:4575",
        "HGNC:1384",
        "HGNC:15679",
        "HGNC:17217",
        "HGNC:11220",
        "HGNC:2495",
        "HGNC:17512",
        "HGNC:18957",
        "HGNC:7997",
        "HGNC:1765",
        "HGNC:29945",
        "HGNC:2175",
        "HGNC:2700",
        "HGNC:16286",
        "HGNC:19744",
        "HGNC:945",
        "HGNC:2661",
        "HGNC:9102",
        "HGNC:15607"
      ],
      "SYNGO:metabolism": [],
      "SYNGO:transport": [
        "HGNC:13823"
      ],
      "GO:0099509": [],
      "GO:0099505": [
        "HGNC:4585",
        "HGNC:6218",
        "HGNC:10585",
        "HGNC:4845"
      ],
      "GO:0140238": [],
      "GO:0099504": [
        "HGNC:8016",
        "HGNC:11496",
        "HGNC:11510",
        "HGNC:9395",
        "HGNC:30670",
        "HGNC:4273",
        "HGNC:11034",
        "HGNC:2495",
        "HGNC:2309",
        "HGNC:25380"
      ],
      "GO:0099525": [
        "HGNC:3501"
      ],
      "GO:0001504": [],
      "GO:0098810": [],
      "SYNGO:presyn_chaperoneProteinFolding": [],
      "GO:0098928": [],
      "GO:0099566": [
        "HGNC:11068"
      ],
      "GO:0060078": [
        "HGNC:7979",
        "HGNC:4845",
        "HGNC:3010",
        "HGNC:4585",
        "HGNC:6218"
      ],
      "GO:0098962": [
        "HGNC:17512",
        "HGNC:2906",
        "HGNC:13823",
        "HGNC:14644"
      ],
      "GO:0099072": [
        "HGNC:13830",
        "HGNC:4575",
        "HGNC:201",
        "HGNC:13823",
        "HGNC:14644",
        "HGNC:18957",
        "HGNC:7648",
        "HGNC:2309",
        "HGNC:29112",
        "HGNC:7997"
      ],
      "GO:0140239": [],
      "GO:0150038": [],
      "GO:0098926": [
        "HGNC:1384",
        "HGNC:7997"
      ],
      "GO:0099537": [
        "HGNC:15917",
        "HGNC:1544",
        "HGNC:9059",
        "HGNC:2906",
        "HGNC:277",
        "HGNC:5293",
        "HGNC:7979",
        "HGNC:2701",
        "HGNC:8000",
        "HGNC:16699",
        "HGNC:29112",
        "HGNC:24039"
      ],
      "GO:0099538": [],
      "GO:0099163": [],
      "GO:0099172": [],
      "GO:0099173": [
        "HGNC:4575"
      ],
      "GO:0099563": [
        "HGNC:1384",
        "HGNC:15679",
        "HGNC:17217"
      ],
      "GO:0050807": [
        "HGNC:15679",
        "HGNC:11220"
      ],
      "GO:0098918": [
        "HGNC:2495",
        "HGNC:17512",
        "HGNC:18957"
      ],
      "GO:0150043": [],
      "GO:0099560": [
        "HGNC:11220",
        "HGNC:7997",
        "HGNC:1765",
        "HGNC:29945",
        "HGNC:18957"
      ],
      "GO:0008039": [],
      "GO:0007416": [
        "HGNC:2175",
        "HGNC:7997",
        "HGNC:2700",
        "HGNC:16286",
        "HGNC:19744"
      ],
      "GO:0098883": [
        "HGNC:945"
      ],
      "GO:0060074": [
        "HGNC:945",
        "HGNC:2661"
      ],
      "GO:0099558": [
        "HGNC:9102",
        "HGNC:29945"
      ],
      "GO:0099187": [
        "HGNC:15607"
      ],
      "GO:0099188": [
        "HGNC:15607",
        "HGNC:29945"
      ],
      "SYNGO:presyn_ATPmetabolic": [],
      "SYNGO:postsyn_ATPmetabolic": [],
      "GO:0099546": [],
      "GO:0099574": [],
      "GO:0099547": [],
      "GO:0042135": [],
      "GO:0140246": [],
      "GO:0042136": [],
      "GO:0140241": [],
      "GO:0140235": [],
      "GO:0008088": [
        "HGNC:13823"
      ],
      "GO:0099514": [],
      "GO:0099090": [],
      "GO:0099089": [],
      "GO:0099637": [],
      "GO:1905056": [],
      "GO:0099534": [],
      "GO:0099626": [],
      "GO:0099507": [
        "HGNC:4585"
      ],
      "GO:0099508": [
        "HGNC:6218",
        "HGNC:10585"
      ],
      "GO:0150047": [],
      "GO:0140232": [
        "HGNC:4845"
      ],
      "GO:0098693": [],
      "GO:0097091": [
        "HGNC:11496"
      ],
      "GO:0099532": [],
      "GO:0016079": [
        "HGNC:11510",
        "HGNC:9395",
        "HGNC:30670",
        "HGNC:4273",
        "HGNC:11034",
        "HGNC:2495",
        "HGNC:2309"
      ],
      "GO:0098700": [],
      "GO:0099180": [
        "HGNC:25380"
      ],
      "GO:0097401": [],
      "GO:0048488": [],
      "GO:0099161": [
        "HGNC:3501"
      ],
      "GO:0051580": [],
      "GO:0099526": [],
      "GO:1905059": [],
      "GO:0099567": [],
      "GO:1905060": [
        "HGNC:11068"
      ],
      "GO:0098695": [],
      "GO:0099583": [],
      "GO:0140233": [],
      "GO:1904315": [
        "HGNC:4585"
      ],
      "GO:1905030": [
        "HGNC:6218"
      ],
      "GO:0099645": [
        "HGNC:201",
        "HGNC:13823",
        "HGNC:14644",
        "HGNC:18957",
        "HGNC:7648"
      ],
      "GO:0098967": [
        "HGNC:2309"
      ],
      "GO:0098970": [],
      "GO:0098884": [
        "HGNC:29112",
        "HGNC:7997"
      ],
      "GO:0150044": [],
      "GO:0099527": [
        "HGNC:1384",
        "HGNC:7997"
      ],
      "GO:0099541": [
        "HGNC:15917"
      ],
      "GO:0099540": [],
      "GO:0099543": [],
      "GO:0099545": [],
      "GO:0099157": [],
      "GO:0099183": [],
      "GO:0099550": [
        "HGNC:1544"
      ],
      "GO:0007268": [
        "HGNC:9059",
        "HGNC:2906",
        "HGNC:277",
        "HGNC:5293",
        "HGNC:7979",
        "HGNC:15917",
        "HGNC:2701",
        "HGNC:8000",
        "HGNC:16699",
        "HGNC:29112",
        "HGNC:24039"
      ],
      "GO:0150045": [],
      "GO:0099174": [],
      "GO:0099175": [
        "HGNC:4575"
      ],
      "GO:0099084": [],
      "GO:0099010": [
        "HGNC:1384",
        "HGNC:15679",
        "HGNC:17217"
      ],
      "GO:0099564": [],
      "GO:1905244": [],
      "GO:0099181": [
        "HGNC:2495"
      ],
      "GO:0099186": [
        "HGNC:17512",
        "HGNC:18957"
      ],
      "GO:0099179": [
        "HGNC:18957"
      ],
      "GO:0099054": [
        "HGNC:2175"
      ],
      "GO:0051963": [
        "HGNC:7997",
        "HGNC:2700",
        "HGNC:16286",
        "HGNC:19744"
      ],
      "GO:0098698": [],
      "GO:0097104": [],
      "GO:1905806": [
        "HGNC:945"
      ],
      "GO:0090128": [
        "HGNC:945",
        "HGNC:2661"
      ],
      "GO:0099559": [
        "HGNC:29945"
      ],
      "GO:0098880": [],
      "GO:0099140": [
        "HGNC:15607"
      ],
      "GO:0098974": [
        "HGNC:15607"
      ],
      "GO:0099190": [
        "HGNC:29945"
      ],
      "SYNGO:presyn_regulationATPmetabolic": [],
      "GO:0099576": [],
      "GO:0099575": [],
      "GO:0099578": [],
      "GO:0099577": [],
      "GO:0140247": [],
      "GO:0140249": [],
      "GO:0140236": [],
      "GO:0140242": [],
      "GO:0098930": [
        "HGNC:13823"
      ],
      "GO:0098935": [],
      "GO:0099517": [],
      "GO:0099158": [],
      "GO:0098968": [],
      "GO:0098877": [],
      "GO:0098943": [],
      "GO:0016182": [],
      "GO:0016189": [],
      "GO:0099502": [
        "HGNC:11510"
      ],
      "GO:2000300": [
        "HGNC:9395",
        "HGNC:30670",
        "HGNC:4273",
        "HGNC:11034"
      ],
      "GO:0016081": [
        "HGNC:2495"
      ],
      "GO:0031629": [
        "HGNC:2309"
      ],
      "GO:0016082": [],
      "GO:0099162": [],
      "GO:1901546": [],
      "GO:1900242": [],
      "GO:0016185": [],
      "GO:0016191": [],
      "GO:0098872": [],
      "GO:0099579": [],
      "GO:0098696": [
        "HGNC:18957",
        "HGNC:7648",
        "HGNC:14644"
      ],
      "GO:0099145": [
        "HGNC:2309"
      ],
      "GO:0150054": [],
      "GO:0099149": [
        "HGNC:29112",
        "HGNC:7997"
      ],
      "GO:1905539": [],
      "GO:0099542": [
        "HGNC:15917"
      ],
      "GO:0099548": [],
      "GO:0098942": [],
      "GO:0099557": [],
      "GO:0150035": [],
      "GO:0050804": [
        "HGNC:9059",
        "HGNC:2906"
      ],
      "GO:0099531": [
        "HGNC:277",
        "HGNC:5293",
        "HGNC:7979"
      ],
      "GO:0099565": [
        "HGNC:15917",
        "HGNC:2701",
        "HGNC:8000",
        "HGNC:16699",
        "HGNC:29112",
        "HGNC:24039"
      ],
      "GO:0099159": [],
      "GO:0098885": [
        "HGNC:1384",
        "HGNC:15679",
        "HGNC:17217"
      ],
      "GO:0098987": [],
      "GO:0098882": [
        "HGNC:2495"
      ],
      "GO:0098699": [],
      "GO:0098973": [],
      "GO:0099184": [],
      "GO:0098879": [
        "HGNC:18957"
      ],
      "GO:0098919": [
        "HGNC:18957"
      ],
      "GO:1905606": [
        "HGNC:7997"
      ],
      "GO:0150052": [
        "HGNC:2700",
        "HGNC:16286",
        "HGNC:19744"
      ],
      "GO:0099150": [],
      "GO:0097107": [],
      "GO:0099562": [],
      "GO:0140251": [],
      "GO:0140252": [],
      "GO:0140245": [],
      "GO:0008089": [
        "HGNC:13823"
      ],
      "GO:0099088": [],
      "GO:0098937": [],
      "GO:0098939": [],
      "GO:0098961": [],
      "GO:0098934": [],
      "GO:0048490": [],
      "GO:0098969": [],
      "GO:0099639": [],
      "GO:0150037": [],
      "GO:0099148": [],
      "GO:0031630": [
        "HGNC:2309"
      ],
      "GO:0010807": [],
      "GO:0098694": [],
      "GO:0098921": [
        "HGNC:15917"
      ],
      "GO:0099553": [],
      "GO:0099555": [],
      "GO:0099171": [
        "HGNC:277",
        "HGNC:5293",
        "HGNC:7979"
      ],
      "GO:0099170": [
        "HGNC:15917",
        "HGNC:2701",
        "HGNC:8000",
        "HGNC:16699",
        "HGNC:29112",
        "HGNC:24039"
      ],
      "GO:1905274": [
        "HGNC:15679",
        "HGNC:17217"
      ],
      "GO:0099151": [],
      "GO:0099641": [],
      "GO:0140231": [
        "HGNC:13823"
      ],
      "GO:0098971": [],
      "GO:0098963": [],
      "GO:1903742": [],
      "GO:0098887": [],
      "GO:0099178": [
        "HGNC:15917"
      ],
      "GO:0150036": [],
      "GO:0098925": [],
      "GO:0098964": [],
      "GO:0099152": []
    },
    "hgnc_symbol": {
      "SYNGO:synprocess": [
        "GRIN2A",
        "KCNA1",
        "SCN1A",
        "HCN1",
        "NSF",
        "SYN3",
        "SYT2",
        "PRKCB",
        "SV2C",
        "GIT2",
        "SLC4A8",
        "CTBP2",
        "CPLX1",
        "TMEM163",
        "EVI5",
        "SLC8A1",
        "NR3C2",
        "DPP6",
        "HOMER1",
        "DLGAP2",
        "NETO1",
        "NETO2",
        "CNTNAP2",
        "GRID1",
        "ADAM22",
        "MAGI2",
        "NBEA",
        "IQSEC1",
        "NRG1",
        "CABP1",
        "PLCB1",
        "CBLN2",
        "PLCB4",
        "ADRA1A",
        "HTR2A",
        "DCC",
        "NRGN",
        "SORCS3",
        "CLMP",
        "CTTNBP2",
        "DIP2A",
        "SPARCL1",
        "CDH6",
        "TENM4",
        "CNTN5",
        "DCLK1",
        "ELMO1",
        "SRGAP3",
        "ADGRB3",
        "DAB1",
        "PLXNA4",
        "ARHGEF7"
      ],
      "SYNGO:presynprocess": [
        "GRIN2A",
        "KCNA1",
        "SCN1A",
        "HCN1",
        "NSF",
        "SYN3",
        "SYT2",
        "PRKCB",
        "SV2C",
        "GIT2",
        "SLC4A8",
        "CTBP2",
        "CPLX1",
        "TMEM163",
        "EVI5"
      ],
      "SYNGO:postsynprocess": [
        "SLC8A1",
        "NR3C2",
        "HCN1",
        "DPP6",
        "GRIN2A",
        "KCNA1",
        "HOMER1",
        "DLGAP2",
        "NETO1",
        "NETO2",
        "CNTNAP2",
        "GRID1",
        "ADAM22",
        "MAGI2",
        "NBEA",
        "CPLX1",
        "IQSEC1",
        "NRG1",
        "CABP1"
      ],
      "GO:0099536": [
        "PLCB1",
        "CBLN2",
        "PLCB4",
        "DLGAP2",
        "ADRA1A",
        "HTR2A",
        "NR3C2",
        "DCC",
        "NRGN",
        "SORCS3",
        "IQSEC1",
        "CLMP"
      ],
      "GO:0050808": [
        "NBEA",
        "GRID1",
        "CABP1",
        "CTTNBP2",
        "DIP2A",
        "SPARCL1",
        "CTBP2",
        "HOMER1",
        "MAGI2",
        "NRG1",
        "CDH6",
        "TENM4",
        "CNTN5",
        "DCLK1",
        "ELMO1",
        "SRGAP3",
        "ADGRB3",
        "DAB1",
        "PLXNA4",
        "ARHGEF7"
      ],
      "SYNGO:metabolism": [],
      "SYNGO:transport": [
        "NETO1"
      ],
      "GO:0099509": [],
      "GO:0099505": [
        "GRIN2A",
        "KCNA1",
        "SCN1A",
        "HCN1"
      ],
      "GO:0140238": [],
      "GO:0099504": [
        "NSF",
        "SYN3",
        "SYT2",
        "PRKCB",
        "SV2C",
        "GIT2",
        "SLC4A8",
        "CTBP2",
        "CPLX1",
        "TMEM163"
      ],
      "GO:0099525": [
        "EVI5"
      ],
      "GO:0001504": [],
      "GO:0098810": [],
      "SYNGO:presyn_chaperoneProteinFolding": [],
      "GO:0098928": [],
      "GO:0099566": [
        "SLC8A1"
      ],
      "GO:0060078": [
        "NR3C2",
        "HCN1",
        "DPP6",
        "GRIN2A",
        "KCNA1"
      ],
      "GO:0098962": [
        "HOMER1",
        "DLGAP2",
        "NETO1",
        "NETO2"
      ],
      "GO:0099072": [
        "CNTNAP2",
        "GRID1",
        "ADAM22",
        "NETO1",
        "NETO2",
        "MAGI2",
        "NBEA",
        "CPLX1",
        "IQSEC1",
        "NRG1"
      ],
      "GO:0140239": [],
      "GO:0150038": [],
      "GO:0098926": [
        "CABP1",
        "NRG1"
      ],
      "GO:0099537": [
        "PLCB1",
        "CBLN2",
        "PLCB4",
        "DLGAP2",
        "ADRA1A",
        "HTR2A",
        "NR3C2",
        "DCC",
        "NRGN",
        "SORCS3",
        "IQSEC1",
        "CLMP"
      ],
      "GO:0099538": [],
      "GO:0099163": [],
      "GO:0099172": [],
      "GO:0099173": [
        "GRID1"
      ],
      "GO:0099563": [
        "CABP1",
        "CTTNBP2",
        "DIP2A"
      ],
      "GO:0050807": [
        "CTTNBP2",
        "SPARCL1"
      ],
      "GO:0098918": [
        "CTBP2",
        "HOMER1",
        "MAGI2"
      ],
      "GO:0150043": [],
      "GO:0099560": [
        "SPARCL1",
        "NRG1",
        "CDH6",
        "TENM4",
        "MAGI2"
      ],
      "GO:0008039": [],
      "GO:0007416": [
        "CNTN5",
        "NRG1",
        "DCLK1",
        "ELMO1",
        "SRGAP3"
      ],
      "GO:0098883": [
        "ADGRB3"
      ],
      "GO:0060074": [
        "ADGRB3",
        "DAB1"
      ],
      "GO:0099558": [
        "PLXNA4",
        "TENM4"
      ],
      "GO:0099187": [
        "ARHGEF7"
      ],
      "GO:0099188": [
        "ARHGEF7",
        "TENM4"
      ],
      "SYNGO:presyn_ATPmetabolic": [],
      "SYNGO:postsyn_ATPmetabolic": [],
      "GO:0099546": [],
      "GO:0099574": [],
      "GO:0099547": [],
      "GO:0042135": [],
      "GO:0140246": [],
      "GO:0042136": [],
      "GO:0140241": [],
      "GO:0140235": [],
      "GO:0008088": [
        "NETO1"
      ],
      "GO:0099514": [],
      "GO:0099090": [],
      "GO:0099089": [],
      "GO:0099637": [],
      "GO:1905056": [],
      "GO:0099534": [],
      "GO:0099626": [],
      "GO:0099507": [
        "GRIN2A"
      ],
      "GO:0099508": [
        "KCNA1",
        "SCN1A"
      ],
      "GO:0150047": [],
      "GO:0140232": [
        "HCN1"
      ],
      "GO:0098693": [],
      "GO:0097091": [
        "SYN3"
      ],
      "GO:0099532": [],
      "GO:0016079": [
        "SYT2",
        "PRKCB",
        "SV2C",
        "GIT2",
        "SLC4A8",
        "CTBP2",
        "CPLX1"
      ],
      "GO:0098700": [],
      "GO:0099180": [
        "TMEM163"
      ],
      "GO:0097401": [],
      "GO:0048488": [],
      "GO:0099161": [
        "EVI5"
      ],
      "GO:0051580": [],
      "GO:0099526": [],
      "GO:1905059": [],
      "GO:0099567": [],
      "GO:1905060": [
        "SLC8A1"
      ],
      "GO:0098695": [],
      "GO:0099583": [],
      "GO:0140233": [],
      "GO:1904315": [
        "GRIN2A"
      ],
      "GO:1905030": [
        "KCNA1"
      ],
      "GO:0099645": [
        "ADAM22",
        "NETO1",
        "NETO2",
        "MAGI2",
        "NBEA"
      ],
      "GO:0098967": [
        "CPLX1"
      ],
      "GO:0098970": [],
      "GO:0098884": [
        "IQSEC1",
        "NRG1"
      ],
      "GO:0150044": [],
      "GO:0099527": [
        "CABP1",
        "NRG1"
      ],
      "GO:0099541": [
        "PLCB1"
      ],
      "GO:0099540": [],
      "GO:0099543": [],
      "GO:0099545": [],
      "GO:0099157": [],
      "GO:0099183": [],
      "GO:0099550": [
        "CBLN2"
      ],
      "GO:0007268": [
        "PLCB4",
        "DLGAP2",
        "ADRA1A",
        "HTR2A",
        "NR3C2",
        "PLCB1",
        "DCC",
        "NRGN",
        "SORCS3",
        "IQSEC1",
        "CLMP"
      ],
      "GO:0150045": [],
      "GO:0099174": [],
      "GO:0099175": [
        "GRID1"
      ],
      "GO:0099084": [],
      "GO:0099010": [
        "CABP1",
        "CTTNBP2",
        "DIP2A"
      ],
      "GO:0099564": [],
      "GO:1905244": [],
      "GO:0099181": [
        "CTBP2"
      ],
      "GO:0099186": [
        "HOMER1",
        "MAGI2"
      ],
      "GO:0099179": [
        "MAGI2"
      ],
      "GO:0099054": [
        "CNTN5"
      ],
      "GO:0051963": [
        "NRG1",
        "DCLK1",
        "ELMO1",
        "SRGAP3"
      ],
      "GO:0098698": [],
      "GO:0097104": [],
      "GO:1905806": [
        "ADGRB3"
      ],
      "GO:0090128": [
        "ADGRB3",
        "DAB1"
      ],
      "GO:0099559": [
        "TENM4"
      ],
      "GO:0098880": [],
      "GO:0099140": [
        "ARHGEF7"
      ],
      "GO:0098974": [
        "ARHGEF7"
      ],
      "GO:0099190": [
        "TENM4"
      ],
      "SYNGO:presyn_regulationATPmetabolic": [],
      "GO:0099576": [],
      "GO:0099575": [],
      "GO:0099578": [],
      "GO:0099577": [],
      "GO:0140247": [],
      "GO:0140249": [],
      "GO:0140236": [],
      "GO:0140242": [],
      "GO:0098930": [
        "NETO1"
      ],
      "GO:0098935": [],
      "GO:0099517": [],
      "GO:0099158": [],
      "GO:0098968": [],
      "GO:0098877": [],
      "GO:0098943": [],
      "GO:0016182": [],
      "GO:0016189": [],
      "GO:0099502": [
        "SYT2"
      ],
      "GO:2000300": [
        "PRKCB",
        "SV2C",
        "GIT2",
        "SLC4A8"
      ],
      "GO:0016081": [
        "CTBP2"
      ],
      "GO:0031629": [
        "CPLX1"
      ],
      "GO:0016082": [],
      "GO:0099162": [],
      "GO:1901546": [],
      "GO:1900242": [],
      "GO:0016185": [],
      "GO:0016191": [],
      "GO:0098872": [],
      "GO:0099579": [],
      "GO:0098696": [
        "MAGI2",
        "NBEA",
        "NETO2"
      ],
      "GO:0099145": [
        "CPLX1"
      ],
      "GO:0150054": [],
      "GO:0099149": [
        "IQSEC1",
        "NRG1"
      ],
      "GO:1905539": [],
      "GO:0099542": [
        "PLCB1"
      ],
      "GO:0099548": [],
      "GO:0098942": [],
      "GO:0099557": [],
      "GO:0150035": [],
      "GO:0050804": [
        "PLCB4",
        "DLGAP2"
      ],
      "GO:0099531": [
        "ADRA1A",
        "HTR2A",
        "NR3C2"
      ],
      "GO:0099565": [
        "PLCB1",
        "DCC",
        "NRGN",
        "SORCS3",
        "IQSEC1",
        "CLMP"
      ],
      "GO:0099159": [],
      "GO:0098885": [
        "CABP1",
        "CTTNBP2",
        "DIP2A"
      ],
      "GO:0098987": [],
      "GO:0098882": [
        "CTBP2"
      ],
      "GO:0098699": [],
      "GO:0098973": [],
      "GO:0099184": [],
      "GO:0098879": [
        "MAGI2"
      ],
      "GO:0098919": [
        "MAGI2"
      ],
      "GO:1905606": [
        "NRG1"
      ],
      "GO:0150052": [
        "DCLK1",
        "ELMO1",
        "SRGAP3"
      ],
      "GO:0099150": [],
      "GO:0097107": [],
      "GO:0099562": [],
      "GO:0140251": [],
      "GO:0140252": [],
      "GO:0140245": [],
      "GO:0008089": [
        "NETO1"
      ],
      "GO:0099088": [],
      "GO:0098937": [],
      "GO:0098939": [],
      "GO:0098961": [],
      "GO:0098934": [],
      "GO:0048490": [],
      "GO:0098969": [],
      "GO:0099639": [],
      "GO:0150037": [],
      "GO:0099148": [],
      "GO:0031630": [
        "CPLX1"
      ],
      "GO:0010807": [],
      "GO:0098694": [],
      "GO:0098921": [
        "PLCB1"
      ],
      "GO:0099553": [],
      "GO:0099555": [],
      "GO:0099171": [
        "ADRA1A",
        "HTR2A",
        "NR3C2"
      ],
      "GO:0099170": [
        "PLCB1",
        "DCC",
        "NRGN",
        "SORCS3",
        "IQSEC1",
        "CLMP"
      ],
      "GO:1905274": [
        "CTTNBP2",
        "DIP2A"
      ],
      "GO:0099151": [],
      "GO:0099641": [],
      "GO:0140231": [
        "NETO1"
      ],
      "GO:0098971": [],
      "GO:0098963": [],
      "GO:1903742": [],
      "GO:0098887": [],
      "GO:0099178": [
        "PLCB1"
      ],
      "GO:0150036": [],
      "GO:0098925": [],
      "GO:0098964": [],
      "GO:0099152": []
    },
    "ensembl_id": {
      "SYNGO:synprocess": [
        "ENSG00000183454",
        "ENSG00000111262",
        "ENSG00000144285",
        "ENSG00000164588",
        "ENSG00000073969",
        "ENSG00000185666",
        "ENSG00000143858",
        "ENSG00000166501",
        "ENSG00000122012",
        "ENSG00000139436",
        "ENSG00000050438",
        "ENSG00000175029",
        "ENSG00000168993",
        "ENSG00000152128",
        "ENSG00000067208",
        "ENSG00000183023",
        "ENSG00000151623",
        "ENSG00000130226",
        "ENSG00000152413",
        "ENSG00000198010",
        "ENSG00000166342",
        "ENSG00000171208",
        "ENSG00000174469",
        "ENSG00000182771",
        "ENSG00000008277",
        "ENSG00000187391",
        "ENSG00000172915",
        "ENSG00000144711",
        "ENSG00000157168",
        "ENSG00000157782",
        "ENSG00000182621",
        "ENSG00000141668",
        "ENSG00000101333",
        "ENSG00000120907",
        "ENSG00000102468",
        "ENSG00000187323",
        "ENSG00000154146",
        "ENSG00000156395",
        "ENSG00000166250",
        "ENSG00000077063",
        "ENSG00000160305",
        "ENSG00000152583",
        "ENSG00000113361",
        "ENSG00000149256",
        "ENSG00000149972",
        "ENSG00000133083",
        "ENSG00000155849",
        "ENSG00000196220",
        "ENSG00000135298",
        "ENSG00000173406",
        "ENSG00000221866",
        "ENSG00000102606"
      ],
      "SYNGO:presynprocess": [
        "ENSG00000183454",
        "ENSG00000111262",
        "ENSG00000144285",
        "ENSG00000164588",
        "ENSG00000073969",
        "ENSG00000185666",
        "ENSG00000143858",
        "ENSG00000166501",
        "ENSG00000122012",
        "ENSG00000139436",
        "ENSG00000050438",
        "ENSG00000175029",
        "ENSG00000168993",
        "ENSG00000152128",
        "ENSG00000067208"
      ],
      "SYNGO:postsynprocess": [
        "ENSG00000183023",
        "ENSG00000151623",
        "ENSG00000164588",
        "ENSG00000130226",
        "ENSG00000183454",
        "ENSG00000111262",
        "ENSG00000152413",
        "ENSG00000198010",
        "ENSG00000166342",
        "ENSG00000171208",
        "ENSG00000174469",
        "ENSG00000182771",
        "ENSG00000008277",
        "ENSG00000187391",
        "ENSG00000172915",
        "ENSG00000168993",
        "ENSG00000144711",
        "ENSG00000157168",
        "ENSG00000157782"
      ],
      "GO:0099536": [
        "ENSG00000182621",
        "ENSG00000141668",
        "ENSG00000101333",
        "ENSG00000198010",
        "ENSG00000120907",
        "ENSG00000102468",
        "ENSG00000151623",
        "ENSG00000187323",
        "ENSG00000154146",
        "ENSG00000156395",
        "ENSG00000144711",
        "ENSG00000166250"
      ],
      "GO:0050808": [
        "ENSG00000172915",
        "ENSG00000182771",
        "ENSG00000157782",
        "ENSG00000077063",
        "ENSG00000160305",
        "ENSG00000152583",
        "ENSG00000175029",
        "ENSG00000152413",
        "ENSG00000187391",
        "ENSG00000157168",
        "ENSG00000113361",
        "ENSG00000149256",
        "ENSG00000149972",
        "ENSG00000133083",
        "ENSG00000155849",
        "ENSG00000196220",
        "ENSG00000135298",
        "ENSG00000173406",
        "ENSG00000221866",
        "ENSG00000102606"
      ],
      "SYNGO:metabolism": [],
      "SYNGO:transport": [
        "ENSG00000166342"
      ],
      "GO:0099509": [],
      "GO:0099505": [
        "ENSG00000183454",
        "ENSG00000111262",
        "ENSG00000144285",
        "ENSG00000164588"
      ],
      "GO:0140238": [],
      "GO:0099504": [
        "ENSG00000073969",
        "ENSG00000185666",
        "ENSG00000143858",
        "ENSG00000166501",
        "ENSG00000122012",
        "ENSG00000139436",
        "ENSG00000050438",
        "ENSG00000175029",
        "ENSG00000168993",
        "ENSG00000152128"
      ],
      "GO:0099525": [
        "ENSG00000067208"
      ],
      "GO:0001504": [],
      "GO:0098810": [],
      "SYNGO:presyn_chaperoneProteinFolding": [],
      "GO:0098928": [],
      "GO:0099566": [
        "ENSG00000183023"
      ],
      "GO:0060078": [
        "ENSG00000151623",
        "ENSG00000164588",
        "ENSG00000130226",
        "ENSG00000183454",
        "ENSG00000111262"
      ],
      "GO:0098962": [
        "ENSG00000152413",
        "ENSG00000198010",
        "ENSG00000166342",
        "ENSG00000171208"
      ],
      "GO:0099072": [
        "ENSG00000174469",
        "ENSG00000182771",
        "ENSG00000008277",
        "ENSG00000166342",
        "ENSG00000171208",
        "ENSG00000187391",
        "ENSG00000172915",
        "ENSG00000168993",
        "ENSG00000144711",
        "ENSG00000157168"
      ],
      "GO:0140239": [],
      "GO:0150038": [],
      "GO:0098926": [
        "ENSG00000157782",
        "ENSG00000157168"
      ],
      "GO:0099537": [
        "ENSG00000182621",
        "ENSG00000141668",
        "ENSG00000101333",
        "ENSG00000198010",
        "ENSG00000120907",
        "ENSG00000102468",
        "ENSG00000151623",
        "ENSG00000187323",
        "ENSG00000154146",
        "ENSG00000156395",
        "ENSG00000144711",
        "ENSG00000166250"
      ],
      "GO:0099538": [],
      "GO:0099163": [],
      "GO:0099172": [],
      "GO:0099173": [
        "ENSG00000182771"
      ],
      "GO:0099563": [
        "ENSG00000157782",
        "ENSG00000077063",
        "ENSG00000160305"
      ],
      "GO:0050807": [
        "ENSG00000077063",
        "ENSG00000152583"
      ],
      "GO:0098918": [
        "ENSG00000175029",
        "ENSG00000152413",
        "ENSG00000187391"
      ],
      "GO:0150043": [],
      "GO:0099560": [
        "ENSG00000152583",
        "ENSG00000157168",
        "ENSG00000113361",
        "ENSG00000149256",
        "ENSG00000187391"
      ],
      "GO:0008039": [],
      "GO:0007416": [
        "ENSG00000149972",
        "ENSG00000157168",
        "ENSG00000133083",
        "ENSG00000155849",
        "ENSG00000196220"
      ],
      "GO:0098883": [
        "ENSG00000135298"
      ],
      "GO:0060074": [
        "ENSG00000135298",
        "ENSG00000173406"
      ],
      "GO:0099558": [
        "ENSG00000221866",
        "ENSG00000149256"
      ],
      "GO:0099187": [
        "ENSG00000102606"
      ],
      "GO:0099188": [
        "ENSG00000102606",
        "ENSG00000149256"
      ],
      "SYNGO:presyn_ATPmetabolic": [],
      "SYNGO:postsyn_ATPmetabolic": [],
      "GO:0099546": [],
      "GO:0099574": [],
      "GO:0099547": [],
      "GO:0042135": [],
      "GO:0140246": [],
      "GO:0042136": [],
      "GO:0140241": [],
      "GO:0140235": [],
      "GO:0008088": [
        "ENSG00000166342"
      ],
      "GO:0099514": [],
      "GO:0099090": [],
      "GO:0099089": [],
      "GO:0099637": [],
      "GO:1905056": [],
      "GO:0099534": [],
      "GO:0099626": [],
      "GO:0099507": [
        "ENSG00000183454"
      ],
      "GO:0099508": [
        "ENSG00000111262",
        "ENSG00000144285"
      ],
      "GO:0150047": [],
      "GO:0140232": [
        "ENSG00000164588"
      ],
      "GO:0098693": [],
      "GO:0097091": [
        "ENSG00000185666"
      ],
      "GO:0099532": [],
      "GO:0016079": [
        "ENSG00000143858",
        "ENSG00000166501",
        "ENSG00000122012",
        "ENSG00000139436",
        "ENSG00000050438",
        "ENSG00000175029",
        "ENSG00000168993"
      ],
      "GO:0098700": [],
      "GO:0099180": [
        "ENSG00000152128"
      ],
      "GO:0097401": [],
      "GO:0048488": [],
      "GO:0099161": [
        "ENSG00000067208"
      ],
      "GO:0051580": [],
      "GO:0099526": [],
      "GO:1905059": [],
      "GO:0099567": [],
      "GO:1905060": [
        "ENSG00000183023"
      ],
      "GO:0098695": [],
      "GO:0099583": [],
      "GO:0140233": [],
      "GO:1904315": [
        "ENSG00000183454"
      ],
      "GO:1905030": [
        "ENSG00000111262"
      ],
      "GO:0099645": [
        "ENSG00000008277",
        "ENSG00000166342",
        "ENSG00000171208",
        "ENSG00000187391",
        "ENSG00000172915"
      ],
      "GO:0098967": [
        "ENSG00000168993"
      ],
      "GO:0098970": [],
      "GO:0098884": [
        "ENSG00000144711",
        "ENSG00000157168"
      ],
      "GO:0150044": [],
      "GO:0099527": [
        "ENSG00000157782",
        "ENSG00000157168"
      ],
      "GO:0099541": [
        "ENSG00000182621"
      ],
      "GO:0099540": [],
      "GO:0099543": [],
      "GO:0099545": [],
      "GO:0099157": [],
      "GO:0099183": [],
      "GO:0099550": [
        "ENSG00000141668"
      ],
      "GO:0007268": [
        "ENSG00000101333",
        "ENSG00000198010",
        "ENSG00000120907",
        "ENSG00000102468",
        "ENSG00000151623",
        "ENSG00000182621",
        "ENSG00000187323",
        "ENSG00000154146",
        "ENSG00000156395",
        "ENSG00000144711",
        "ENSG00000166250"
      ],
      "GO:0150045": [],
      "GO:0099174": [],
      "GO:0099175": [
        "ENSG00000182771"
      ],
      "GO:0099084": [],
      "GO:0099010": [
        "ENSG00000157782",
        "ENSG00000077063",
        "ENSG00000160305"
      ],
      "GO:0099564": [],
      "GO:1905244": [],
      "GO:0099181": [
        "ENSG00000175029"
      ],
      "GO:0099186": [
        "ENSG00000152413",
        "ENSG00000187391"
      ],
      "GO:0099179": [
        "ENSG00000187391"
      ],
      "GO:0099054": [
        "ENSG00000149972"
      ],
      "GO:0051963": [
        "ENSG00000157168",
        "ENSG00000133083",
        "ENSG00000155849",
        "ENSG00000196220"
      ],
      "GO:0098698": [],
      "GO:0097104": [],
      "GO:1905806": [
        "ENSG00000135298"
      ],
      "GO:0090128": [
        "ENSG00000135298",
        "ENSG00000173406"
      ],
      "GO:0099559": [
        "ENSG00000149256"
      ],
      "GO:0098880": [],
      "GO:0099140": [
        "ENSG00000102606"
      ],
      "GO:0098974": [
        "ENSG00000102606"
      ],
      "GO:0099190": [
        "ENSG00000149256"
      ],
      "SYNGO:presyn_regulationATPmetabolic": [],
      "GO:0099576": [],
      "GO:0099575": [],
      "GO:0099578": [],
      "GO:0099577": [],
      "GO:0140247": [],
      "GO:0140249": [],
      "GO:0140236": [],
      "GO:0140242": [],
      "GO:0098930": [
        "ENSG00000166342"
      ],
      "GO:0098935": [],
      "GO:0099517": [],
      "GO:0099158": [],
      "GO:0098968": [],
      "GO:0098877": [],
      "GO:0098943": [],
      "GO:0016182": [],
      "GO:0016189": [],
      "GO:0099502": [
        "ENSG00000143858"
      ],
      "GO:2000300": [
        "ENSG00000166501",
        "ENSG00000122012",
        "ENSG00000139436",
        "ENSG00000050438"
      ],
      "GO:0016081": [
        "ENSG00000175029"
      ],
      "GO:0031629": [
        "ENSG00000168993"
      ],
      "GO:0016082": [],
      "GO:0099162": [],
      "GO:1901546": [],
      "GO:1900242": [],
      "GO:0016185": [],
      "GO:0016191": [],
      "GO:0098872": [],
      "GO:0099579": [],
      "GO:0098696": [
        "ENSG00000187391",
        "ENSG00000172915",
        "ENSG00000171208"
      ],
      "GO:0099145": [
        "ENSG00000168993"
      ],
      "GO:0150054": [],
      "GO:0099149": [
        "ENSG00000144711",
        "ENSG00000157168"
      ],
      "GO:1905539": [],
      "GO:0099542": [
        "ENSG00000182621"
      ],
      "GO:0099548": [],
      "GO:0098942": [],
      "GO:0099557": [],
      "GO:0150035": [],
      "GO:0050804": [
        "ENSG00000101333",
        "ENSG00000198010"
      ],
      "GO:0099531": [
        "ENSG00000120907",
        "ENSG00000102468",
        "ENSG00000151623"
      ],
      "GO:0099565": [
        "ENSG00000182621",
        "ENSG00000187323",
        "ENSG00000154146",
        "ENSG00000156395",
        "ENSG00000144711",
        "ENSG00000166250"
      ],
      "GO:0099159": [],
      "GO:0098885": [
        "ENSG00000157782",
        "ENSG00000077063",
        "ENSG00000160305"
      ],
      "GO:0098987": [],
      "GO:0098882": [
        "ENSG00000175029"
      ],
      "GO:0098699": [],
      "GO:0098973": [],
      "GO:0099184": [],
      "GO:0098879": [
        "ENSG00000187391"
      ],
      "GO:0098919": [
        "ENSG00000187391"
      ],
      "GO:1905606": [
        "ENSG00000157168"
      ],
      "GO:0150052": [
        "ENSG00000133083",
        "ENSG00000155849",
        "ENSG00000196220"
      ],
      "GO:0099150": [],
      "GO:0097107": [],
      "GO:0099562": [],
      "GO:0140251": [],
      "GO:0140252": [],
      "GO:0140245": [],
      "GO:0008089": [
        "ENSG00000166342"
      ],
      "GO:0099088": [],
      "GO:0098937": [],
      "GO:0098939": [],
      "GO:0098961": [],
      "GO:0098934": [],
      "GO:0048490": [],
      "GO:0098969": [],
      "GO:0099639": [],
      "GO:0150037": [],
      "GO:0099148": [],
      "GO:0031630": [
        "ENSG00000168993"
      ],
      "GO:0010807": [],
      "GO:0098694": [],
      "GO:0098921": [
        "ENSG00000182621"
      ],
      "GO:0099553": [],
      "GO:0099555": [],
      "GO:0099171": [
        "ENSG00000120907",
        "ENSG00000102468",
        "ENSG00000151623"
      ],
      "GO:0099170": [
        "ENSG00000182621",
        "ENSG00000187323",
        "ENSG00000154146",
        "ENSG00000156395",
        "ENSG00000144711",
        "ENSG00000166250"
      ],
      "GO:1905274": [
        "ENSG00000077063",
        "ENSG00000160305"
      ],
      "GO:0099151": [],
      "GO:0099641": [],
      "GO:0140231": [
        "ENSG00000166342"
      ],
      "GO:0098971": [],
      "GO:0098963": [],
      "GO:1903742": [],
      "GO:0098887": [],
      "GO:0099178": [
        "ENSG00000182621"
      ],
      "GO:0150036": [],
      "GO:0098925": [],
      "GO:0098964": [],
      "GO:0099152": []
    },
    "entrez_id": {
      "SYNGO:synprocess": [
        "2903",
        "3736",
        "6323",
        "348980",
        "4905",
        "8224",
        "127833",
        "5579",
        "22987",
        "9815",
        "9498",
        "1488",
        "10815",
        "81615",
        "7813",
        "6546",
        "4306",
        "1804",
        "9456",
        "9228",
        "81832",
        "81831",
        "26047",
        "2894",
        "53616",
        "9863",
        "26960",
        "9922",
        "3084",
        "9478",
        "23236",
        "147381",
        "5332",
        "148",
        "3356",
        "1630",
        "4900",
        "22986",
        "79827",
        "83992",
        "23181",
        "8404",
        "1004",
        "26011",
        "53942",
        "9201",
        "9844",
        "9901",
        "577",
        "1600",
        "91584",
        "8874"
      ],
      "SYNGO:presynprocess": [
        "2903",
        "3736",
        "6323",
        "348980",
        "4905",
        "8224",
        "127833",
        "5579",
        "22987",
        "9815",
        "9498",
        "1488",
        "10815",
        "81615",
        "7813"
      ],
      "SYNGO:postsynprocess": [
        "6546",
        "4306",
        "348980",
        "1804",
        "2903",
        "3736",
        "9456",
        "9228",
        "81832",
        "81831",
        "26047",
        "2894",
        "53616",
        "9863",
        "26960",
        "10815",
        "9922",
        "3084",
        "9478"
      ],
      "GO:0099536": [
        "23236",
        "147381",
        "5332",
        "9228",
        "148",
        "3356",
        "4306",
        "1630",
        "4900",
        "22986",
        "9922",
        "79827"
      ],
      "GO:0050808": [
        "26960",
        "2894",
        "9478",
        "83992",
        "23181",
        "8404",
        "1488",
        "9456",
        "9863",
        "3084",
        "1004",
        "26011",
        "53942",
        "9201",
        "9844",
        "9901",
        "577",
        "1600",
        "91584",
        "8874"
      ],
      "SYNGO:metabolism": [],
      "SYNGO:transport": [
        "81832"
      ],
      "GO:0099509": [],
      "GO:0099505": [
        "2903",
        "3736",
        "6323",
        "348980"
      ],
      "GO:0140238": [],
      "GO:0099504": [
        "4905",
        "8224",
        "127833",
        "5579",
        "22987",
        "9815",
        "9498",
        "1488",
        "10815",
        "81615"
      ],
      "GO:0099525": [
        "7813"
      ],
      "GO:0001504": [],
      "GO:0098810": [],
      "SYNGO:presyn_chaperoneProteinFolding": [],
      "GO:0098928": [],
      "GO:0099566": [
        "6546"
      ],
      "GO:0060078": [
        "4306",
        "348980",
        "1804",
        "2903",
        "3736"
      ],
      "GO:0098962": [
        "9456",
        "9228",
        "81832",
        "81831"
      ],
      "GO:0099072": [
        "26047",
        "2894",
        "53616",
        "81832",
        "81831",
        "9863",
        "26960",
        "10815",
        "9922",
        "3084"
      ],
      "GO:0140239": [],
      "GO:0150038": [],
      "GO:0098926": [
        "9478",
        "3084"
      ],
      "GO:0099537": [
        "23236",
        "147381",
        "5332",
        "9228",
        "148",
        "3356",
        "4306",
        "1630",
        "4900",
        "22986",
        "9922",
        "79827"
      ],
      "GO:0099538": [],
      "GO:0099163": [],
      "GO:0099172": [],
      "GO:0099173": [
        "2894"
      ],
      "GO:0099563": [
        "9478",
        "83992",
        "23181"
      ],
      "GO:0050807": [
        "83992",
        "8404"
      ],
      "GO:0098918": [
        "1488",
        "9456",
        "9863"
      ],
      "GO:0150043": [],
      "GO:0099560": [
        "8404",
        "3084",
        "1004",
        "26011",
        "9863"
      ],
      "GO:0008039": [],
      "GO:0007416": [
        "53942",
        "3084",
        "9201",
        "9844",
        "9901"
      ],
      "GO:0098883": [
        "577"
      ],
      "GO:0060074": [
        "577",
        "1600"
      ],
      "GO:0099558": [
        "91584",
        "26011"
      ],
      "GO:0099187": [
        "8874"
      ],
      "GO:0099188": [
        "8874",
        "26011"
      ],
      "SYNGO:presyn_ATPmetabolic": [],
      "SYNGO:postsyn_ATPmetabolic": [],
      "GO:0099546": [],
      "GO:0099574": [],
      "GO:0099547": [],
      "GO:0042135": [],
      "GO:0140246": [],
      "GO:0042136": [],
      "GO:0140241": [],
      "GO:0140235": [],
      "GO:0008088": [
        "81832"
      ],
      "GO:0099514": [],
      "GO:0099090": [],
      "GO:0099089": [],
      "GO:0099637": [],
      "GO:1905056": [],
      "GO:0099534": [],
      "GO:0099626": [],
      "GO:0099507": [
        "2903"
      ],
      "GO:0099508": [
        "3736",
        "6323"
      ],
      "GO:0150047": [],
      "GO:0140232": [
        "348980"
      ],
      "GO:0098693": [],
      "GO:0097091": [
        "8224"
      ],
      "GO:0099532": [],
      "GO:0016079": [
        "127833",
        "5579",
        "22987",
        "9815",
        "9498",
        "1488",
        "10815"
      ],
      "GO:0098700": [],
      "GO:0099180": [
        "81615"
      ],
      "GO:0097401": [],
      "GO:0048488": [],
      "GO:0099161": [
        "7813"
      ],
      "GO:0051580": [],
      "GO:0099526": [],
      "GO:1905059": [],
      "GO:0099567": [],
      "GO:1905060": [
        "6546"
      ],
      "GO:0098695": [],
      "GO:0099583": [],
      "GO:0140233": [],
      "GO:1904315": [
        "2903"
      ],
      "GO:1905030": [
        "3736"
      ],
      "GO:0099645": [
        "53616",
        "81832",
        "81831",
        "9863",
        "26960"
      ],
      "GO:0098967": [
        "10815"
      ],
      "GO:0098970": [],
      "GO:0098884": [
        "9922",
        "3084"
      ],
      "GO:0150044": [],
      "GO:0099527": [
        "9478",
        "3084"
      ],
      "GO:0099541": [
        "23236"
      ],
      "GO:0099540": [],
      "GO:0099543": [],
      "GO:0099545": [],
      "GO:0099157": [],
      "GO:0099183": [],
      "GO:0099550": [
        "147381"
      ],
      "GO:0007268": [
        "5332",
        "9228",
        "148",
        "3356",
        "4306",
        "23236",
        "1630",
        "4900",
        "22986",
        "9922",
        "79827"
      ],
      "GO:0150045": [],
      "GO:0099174": [],
      "GO:0099175": [
        "2894"
      ],
      "GO:0099084": [],
      "GO:0099010": [
        "9478",
        "83992",
        "23181"
      ],
      "GO:0099564": [],
      "GO:1905244": [],
      "GO:0099181": [
        "1488"
      ],
      "GO:0099186": [
        "9456",
        "9863"
      ],
      "GO:0099179": [
        "9863"
      ],
      "GO:0099054": [
        "53942"
      ],
      "GO:0051963": [
        "3084",
        "9201",
        "9844",
        "9901"
      ],
      "GO:0098698": [],
      "GO:0097104": [],
      "GO:1905806": [
        "577"
      ],
      "GO:0090128": [
        "577",
        "1600"
      ],
      "GO:0099559": [
        "26011"
      ],
      "GO:0098880": [],
      "GO:0099140": [
        "8874"
      ],
      "GO:0098974": [
        "8874"
      ],
      "GO:0099190": [
        "26011"
      ],
      "SYNGO:presyn_regulationATPmetabolic": [],
      "GO:0099576": [],
      "GO:0099575": [],
      "GO:0099578": [],
      "GO:0099577": [],
      "GO:0140247": [],
      "GO:0140249": [],
      "GO:0140236": [],
      "GO:0140242": [],
      "GO:0098930": [
        "81832"
      ],
      "GO:0098935": [],
      "GO:0099517": [],
      "GO:0099158": [],
      "GO:0098968": [],
      "GO:0098877": [],
      "GO:0098943": [],
      "GO:0016182": [],
      "GO:0016189": [],
      "GO:0099502": [
        "127833"
      ],
      "GO:2000300": [
        "5579",
        "22987",
        "9815",
        "9498"
      ],
      "GO:0016081": [
        "1488"
      ],
      "GO:0031629": [
        "10815"
      ],
      "GO:0016082": [],
      "GO:0099162": [],
      "GO:1901546": [],
      "GO:1900242": [],
      "GO:0016185": [],
      "GO:0016191": [],
      "GO:0098872": [],
      "GO:0099579": [],
      "GO:0098696": [
        "9863",
        "26960",
        "81831"
      ],
      "GO:0099145": [
        "10815"
      ],
      "GO:0150054": [],
      "GO:0099149": [
        "9922",
        "3084"
      ],
      "GO:1905539": [],
      "GO:0099542": [
        "23236"
      ],
      "GO:0099548": [],
      "GO:0098942": [],
      "GO:0099557": [],
      "GO:0150035": [],
      "GO:0050804": [
        "5332",
        "9228"
      ],
      "GO:0099531": [
        "148",
        "3356",
        "4306"
      ],
      "GO:0099565": [
        "23236",
        "1630",
        "4900",
        "22986",
        "9922",
        "79827"
      ],
      "GO:0099159": [],
      "GO:0098885": [
        "9478",
        "83992",
        "23181"
      ],
      "GO:0098987": [],
      "GO:0098882": [
        "1488"
      ],
      "GO:0098699": [],
      "GO:0098973": [],
      "GO:0099184": [],
      "GO:0098879": [
        "9863"
      ],
      "GO:0098919": [
        "9863"
      ],
      "GO:1905606": [
        "3084"
      ],
      "GO:0150052": [
        "9201",
        "9844",
        "9901"
      ],
      "GO:0099150": [],
      "GO:0097107": [],
      "GO:0099562": [],
      "GO:0140251": [],
      "GO:0140252": [],
      "GO:0140245": [],
      "GO:0008089": [
        "81832"
      ],
      "GO:0099088": [],
      "GO:0098937": [],
      "GO:0098939": [],
      "GO:0098961": [],
      "GO:0098934": [],
      "GO:0048490": [],
      "GO:0098969": [],
      "GO:0099639": [],
      "GO:0150037": [],
      "GO:0099148": [],
      "GO:0031630": [
        "10815"
      ],
      "GO:0010807": [],
      "GO:0098694": [],
      "GO:0098921": [
        "23236"
      ],
      "GO:0099553": [],
      "GO:0099555": [],
      "GO:0099171": [
        "148",
        "3356",
        "4306"
      ],
      "GO:0099170": [
        "23236",
        "1630",
        "4900",
        "22986",
        "9922",
        "79827"
      ],
      "GO:1905274": [
        "83992",
        "23181"
      ],
      "GO:0099151": [],
      "GO:0099641": [],
      "GO:0140231": [
        "81832"
      ],
      "GO:0098971": [],
      "GO:0098963": [],
      "GO:1903742": [],
      "GO:0098887": [],
      "GO:0099178": [
        "23236"
      ],
      "GO:0150036": [],
      "GO:0098925": [],
      "GO:0098964": [],
      "GO:0099152": []
    }
  }
}