{
  "direct": {
    "hgnc_id": {
      "GO:0045202": [
        "HGNC:9685",
        "HGNC:1765",
        "HGNC:28883",
        "HGNC:3010",
        "HGNC:2661",
        "HGNC:2687",
        "HGNC:8772"
      ],
      "GO:0097060": [],
      "GO:0098793": [
        "HGNC:2309",
        "HGNC:9677",
        "HGNC:4273"
      ],
      "GO:0043083": [
        "HGNC:1544"
      ],
      "GO:0098794": [
        "HGNC:2309",
        "HGNC:8000",
        "HGNC:1441",
        "HGNC:7997",
        "HGNC:17217",
        "HGNC:2700",
        "HGNC:16286",
        "HGNC:19744"
      ],
      "GO:0099544": [],
      "GO:0099243": [],
      "GO:0099699": [],
      "GO:0099523": [
        "HGNC:9395",
        "HGNC:2495",
        "HGNC:8016"
      ],
      "GO:0099569": [],
      "GO:0048786": [],
      "GO:0098833": [],
      "GO:0098830": [],
      "GO:0008021": [],
      "GO:0098992": [],
      "GO:0042734": [],
      "SYNGO:presyn_ribosome": [],
      "SYNGO:presyn_er": [],
      "GO:0098965": [
        "HGNC:11220"
      ],
      "GO:0099524": [
        "HGNC:17512",
        "HGNC:15917"
      ],
      "GO:0099571": [],
      "GO:0097444": [],
      "GO:0150051": [],
      "GO:0099572": [],
      "GO:0098843": [],
      "GO:0098845": [],
      "GO:0045211": [
        "HGNC:8000"
      ],
      "SYNGO:postsyn_ribosome": [],
      "SYNGO:postsyn_er": [],
      "GO:0098966": [],
      "GO:0099182": [
        "HGNC:7734"
      ],
      "GO:0099143": [],
      "GO:0098831": [
        "HGNC:2495",
        "HGNC:7979"
      ],
      "GO:0048787": [],
      "GO:0098835": [],
      "GO:0098954": [],
      "GO:0034592": [],
      "GO:0030672": [],
      "GO:0099013": [],
      "GO:0099012": [],
      "GO:0099026": [
        "HGNC:2175"
      ],
      "GO:0098888": [],
      "GO:0099056": [
        "HGNC:6218",
        "HGNC:202",
        "HGNC:277",
        "HGNC:10585",
        "HGNC:4585",
        "HGNC:5293",
        "HGNC:13830",
        "HGNC:11034"
      ],
      "SYNGO:presyn_er_membrane": [],
      "SYNGO:presyn_ser": [],
      "GO:0099160": [
        "HGNC:7734"
      ],
      "GO:0098871": [
        "HGNC:15679"
      ],
      "GO:0150050": [],
      "GO:0099189": [],
      "GO:0098897": [],
      "GO:0099091": [
        "HGNC:8016"
      ],
      "GO:0099634": [],
      "GO:0014069": [
        "HGNC:17512",
        "HGNC:18957",
        "HGNC:9059",
        "HGNC:11251",
        "HGNC:78"
      ],
      "GO:0099629": [],
      "GO:0098844": [],
      "GO:0098895": [],
      "GO:0098842": [],
      "GO:0098837": [],
      "GO:0099025": [],
      "GO:0098890": [
        "HGNC:18957",
        "HGNC:7648"
      ],
      "GO:0099055": [
        "HGNC:6218",
        "HGNC:11068",
        "HGNC:277",
        "HGNC:5293",
        "HGNC:4845",
        "HGNC:4575",
        "HGNC:24039",
        "HGNC:10763"
      ],
      "SYNGO:postsyn_er_membrane": [],
      "SYNGO:postsyn_ser": [
        "HGNC:9059"
      ],
      "GO:0099029": [
        "HGNC:17941"
      ],
      "GO:0098891": [],
      "GO:0099059": [
        "HGNC:7997",
        "HGNC:4845"
      ],
      "GO:0098894": [],
      "GO:0099067": [],
      "GO:0098993": [
        "HGNC:30269"
      ],
      "GO:0098850": [
        "HGNC:11496"
      ],
      "GO:0030285": [
        "HGNC:25380",
        "HGNC:9677",
        "HGNC:30670",
        "HGNC:11510"
      ],
      "GO:0098674": [],
      "GO:0099066": [],
      "SYNGO:presyn_er_membrane_integral": [],
      "SYNGO:presyn_ser_membrane": [],
      "GO:0099065": [],
      "GO:0098892": [],
      "GO:0099060": [],
      "GO:0099092": [
        "HGNC:1384",
        "HGNC:29112",
        "HGNC:7979",
        "HGNC:2906"
      ],
      "GO:0098839": [],
      "GO:0099164": [],
      "GO:0098999": [],
      "GO:0098896": [],
      "GO:0098944": [],
      "SYNGO:postsyn_er_membrane_integral": [],
      "SYNGO:postsyn_ser_membrane": [],
      "SYNGO:presyn_ser_membrane_integral": [],
      "GO:0099031": [
        "HGNC:17941"
      ],
      "GO:0099147": [
        "HGNC:8772"
      ],
      "GO:0099061": [
        "HGNC:201",
        "HGNC:2701",
        "HGNC:4575",
        "HGNC:13823",
        "HGNC:9685",
        "HGNC:4585",
        "HGNC:16699",
        "HGNC:7997",
        "HGNC:945",
        "HGNC:6144",
        "HGNC:14644"
      ],
      "GO:0098998": [],
      "GO:0099033": [],
      "GO:0099063": [],
      "SYNGO:postsyn_ser_membrane_integral": []
    },
    "hgnc_symbol": {
      "GO:0045202": [
        "PTPRZ1",
        "CDH6",
        "PPA2",
        "DPP6",
        "DAB1",
        "BRINP1",
        "PDE10A"
      ],
      "GO:0097060": [],
      "GO:0098793": [
        "CPLX1",
        "PTPRN2",
        "GIT2"
      ],
      "GO:0043083": [
        "CBLN2"
      ],
      "GO:0098794": [
        "CPLX1",
        "NRGN",
        "CALD1",
        "NRG1",
        "DIP2A",
        "DCLK1",
        "ELMO1",
        "SRGAP3"
      ],
      "GO:0099544": [],
      "GO:0099243": [],
      "GO:0099699": [],
      "GO:0099523": [
        "PRKCB",
        "CTBP2",
        "NSF"
      ],
      "GO:0099569": [],
      "GO:0048786": [],
      "GO:0098833": [],
      "GO:0098830": [],
      "GO:0008021": [],
      "GO:0098992": [],
      "GO:0042734": [],
      "SYNGO:presyn_ribosome": [],
      "SYNGO:presyn_er": [],
      "GO:0098965": [
        "SPARCL1"
      ],
      "GO:0099524": [
        "HOMER1",
        "PLCB1"
      ],
      "GO:0099571": [],
      "GO:0097444": [],
      "GO:0150051": [],
      "GO:0099572": [],
      "GO:0098843": [],
      "GO:0098845": [],
      "GO:0045211": [
        "NRGN"
      ],
      "SYNGO:postsyn_ribosome": [],
      "SYNGO:postsyn_er": [],
      "GO:0098966": [],
      "GO:0099182": [
        "NEFM"
      ],
      "GO:0099143": [],
      "GO:0098831": [
        "CTBP2",
        "NR3C2"
      ],
      "GO:0048787": [],
      "GO:0098835": [],
      "GO:0098954": [],
      "GO:0034592": [],
      "GO:0030672": [],
      "GO:0099013": [],
      "GO:0099012": [],
      "GO:0099026": [
        "CNTN5"
      ],
      "GO:0098888": [],
      "GO:0099056": [
        "KCNA1",
        "ADAM23",
        "ADRA1A",
        "SCN1A",
        "GRIN2A",
        "HTR2A",
        "CNTNAP2",
        "SLC4A8"
      ],
      "SYNGO:presyn_er_membrane": [],
      "SYNGO:presyn_ser": [],
      "GO:0099160": [
        "NEFM"
      ],
      "GO:0098871": [
        "CTTNBP2"
      ],
      "GO:0150050": [],
      "GO:0099189": [],
      "GO:0098897": [],
      "GO:0099091": [
        "NSF"
      ],
      "GO:0099634": [],
      "GO:0014069": [
        "HOMER1",
        "MAGI2",
        "PLCB4",
        "SPOCK1",
        "ABLIM1"
      ],
      "GO:0099629": [],
      "GO:0098844": [],
      "GO:0098895": [],
      "GO:0098842": [],
      "GO:0098837": [],
      "GO:0099025": [],
      "GO:0098890": [
        "MAGI2",
        "NBEA"
      ],
      "GO:0099055": [
        "KCNA1",
        "SLC8A1",
        "ADRA1A",
        "HTR2A",
        "HCN1",
        "GRID1",
        "CLMP",
        "SEZ6L"
      ],
      "SYNGO:postsyn_er_membrane": [],
      "SYNGO:postsyn_ser": [
        "PLCB4"
      ],
      "GO:0099029": [
        "NTM"
      ],
      "GO:0098891": [],
      "GO:0099059": [
        "NRG1",
        "HCN1"
      ],
      "GO:0098894": [],
      "GO:0099067": [],
      "GO:0098993": [
        "RAB3C"
      ],
      "GO:0098850": [
        "SYN3"
      ],
      "GO:0030285": [
        "TMEM163",
        "PTPRN2",
        "SV2C",
        "SYT2"
      ],
      "GO:0098674": [],
      "GO:0099066": [],
      "SYNGO:presyn_er_membrane_integral": [],
      "SYNGO:presyn_ser_membrane": [],
      "GO:0099065": [],
      "GO:0098892": [],
      "GO:0099060": [],
      "GO:0099092": [
        "CABP1",
        "IQSEC1",
        "NR3C2",
        "DLGAP2"
      ],
      "GO:0098839": [],
      "GO:0099164": [],
      "GO:0098999": [],
      "GO:0098896": [],
      "GO:0098944": [],
      "SYNGO:postsyn_er_membrane_integral": [],
      "SYNGO:postsyn_ser_membrane": [],
      "SYNGO:presyn_ser_membrane_integral": [],
      "GO:0099031": [
        "NTM"
      ],
      "GO:0099147": [
        "PDE10A"
      ],
      "GO:0099061": [
        "ADAM22",
        "DCC",
        "GRID1",
        "NETO1",
        "PTPRZ1",
        "GRIN2A",
        "SORCS3",
        "NRG1",
        "ADGRB3",
        "ITGA8",
        "NETO2"
      ],
      "GO:0098998": [],
      "GO:0099033": [],
      "GO:0099063": [],
      "SYNGO:postsyn_ser_membrane_integral": []
    },
    "ensembl_id": {
      "GO:0045202": [
        "ENSG00000106278",
        "ENSG00000113361",
        "ENSG00000138777",
        "ENSG00000130226",
        "ENSG00000173406",
        "ENSG00000078725",
        "ENSG00000112541"
      ],
      "GO:0097060": [],
      "GO:0098793": [
        "ENSG00000168993",
        "ENSG00000155093",
        "ENSG00000139436"
      ],
      "GO:0043083": [
        "ENSG00000141668"
      ],
      "GO:0098794": [
        "ENSG00000168993",
        "ENSG00000154146",
        "ENSG00000122786",
        "ENSG00000157168",
        "ENSG00000160305",
        "ENSG00000133083",
        "ENSG00000155849",
        "ENSG00000196220"
      ],
      "GO:0099544": [],
      "GO:0099243": [],
      "GO:0099699": [],
      "GO:0099523": [
        "ENSG00000166501",
        "ENSG00000175029",
        "ENSG00000073969"
      ],
      "GO:0099569": [],
      "GO:0048786": [],
      "GO:0098833": [],
      "GO:0098830": [],
      "GO:0008021": [],
      "GO:0098992": [],
      "GO:0042734": [],
      "SYNGO:presyn_ribosome": [],
      "SYNGO:presyn_er": [],
      "GO:0098965": [
        "ENSG00000152583"
      ],
      "GO:0099524": [
        "ENSG00000152413",
        "ENSG00000182621"
      ],
      "GO:0099571": [],
      "GO:0097444": [],
      "GO:0150051": [],
      "GO:0099572": [],
      "GO:0098843": [],
      "GO:0098845": [],
      "GO:0045211": [
        "ENSG00000154146"
      ],
      "SYNGO:postsyn_ribosome": [],
      "SYNGO:postsyn_er": [],
      "GO:0098966": [],
      "GO:0099182": [
        "ENSG00000104722"
      ],
      "GO:0099143": [],
      "GO:0098831": [
        "ENSG00000175029",
        "ENSG00000151623"
      ],
      "GO:0048787": [],
      "GO:0098835": [],
      "GO:0098954": [],
      "GO:0034592": [],
      "GO:0030672": [],
      "GO:0099013": [],
      "GO:0099012": [],
      "GO:0099026": [
        "ENSG00000149972"
      ],
      "GO:0098888": [],
      "GO:0099056": [
        "ENSG00000111262",
        "ENSG00000114948",
        "ENSG00000120907",
        "ENSG00000144285",
        "ENSG00000183454",
        "ENSG00000102468",
        "ENSG00000174469",
        "ENSG00000050438"
      ],
      "SYNGO:presyn_er_membrane": [],
      "SYNGO:presyn_ser": [],
      "GO:0099160": [
        "ENSG00000104722"
      ],
      "GO:0098871": [
        "ENSG00000077063"
      ],
      "GO:0150050": [],
      "GO:0099189": [],
      "GO:0098897": [],
      "GO:0099091": [
        "ENSG00000073969"
      ],
      "GO:0099634": [],
      "GO:0014069": [
        "ENSG00000152413",
        "ENSG00000187391",
        "ENSG00000101333",
        "ENSG00000152377",
        "ENSG00000099204"
      ],
      "GO:0099629": [],
      "GO:0098844": [],
      "GO:0098895": [],
      "GO:0098842": [],
      "GO:0098837": [],
      "GO:0099025": [],
      "GO:0098890": [
        "ENSG00000187391",
        "ENSG00000172915"
      ],
      "GO:0099055": [
        "ENSG00000111262",
        "ENSG00000183023",
        "ENSG00000120907",
        "ENSG00000102468",
        "ENSG00000164588",
        "ENSG00000182771",
        "ENSG00000166250",
        "ENSG00000100095"
      ],
      "SYNGO:postsyn_er_membrane": [],
      "SYNGO:postsyn_ser": [
        "ENSG00000101333"
      ],
      "GO:0099029": [
        "ENSG00000182667"
      ],
      "GO:0098891": [],
      "GO:0099059": [
        "ENSG00000157168",
        "ENSG00000164588"
      ],
      "GO:0098894": [],
      "GO:0099067": [],
      "GO:0098993": [
        "ENSG00000152932"
      ],
      "GO:0098850": [
        "ENSG00000185666"
      ],
      "GO:0030285": [
        "ENSG00000152128",
        "ENSG00000155093",
        "ENSG00000122012",
        "ENSG00000143858"
      ],
      "GO:0098674": [],
      "GO:0099066": [],
      "SYNGO:presyn_er_membrane_integral": [],
      "SYNGO:presyn_ser_membrane": [],
      "GO:0099065": [],
      "GO:0098892": [],
      "GO:0099060": [],
      "GO:0099092": [
        "ENSG00000157782",
        "ENSG00000144711",
        "ENSG00000151623",
        "ENSG00000198010"
      ],
      "GO:0098839": [],
      "GO:0099164": [],
      "GO:0098999": [],
      "GO:0098896": [],
      "GO:0098944": [],
      "SYNGO:postsyn_er_membrane_integral": [],
      "SYNGO:postsyn_ser_membrane": [],
      "SYNGO:presyn_ser_membrane_integral": [],
      "GO:0099031": [
        "ENSG00000182667"
      ],
      "GO:0099147": [
        "ENSG00000112541"
      ],
      "GO:0099061": [
        "ENSG00000008277",
        "ENSG00000187323",
        "ENSG00000182771",
        "ENSG00000166342",
        "ENSG00000106278",
        "ENSG00000183454",
        "ENSG00000156395",
        "ENSG00000157168",
        "ENSG00000135298",
        "ENSG00000077943",
        "ENSG00000171208"
      ],
      "GO:0098998": [],
      "GO:0099033": [],
      "GO:0099063": [],
      "SYNGO:postsyn_ser_membrane_integral": []
    },
    "entrez_id": {
      "GO:0045202": [
        "5803",
        "1004",
        "27068",
        "1804",
        "1600",
        "1620",
        "10846"
      ],
      "GO:0097060": [],
      "GO:0098793": [
        "10815",
        "5799",
        "9815"
      ],
      "GO:0043083": [
        "147381"
      ],
      "GO:0098794": [
        "10815",
        "4900",
        "800",
        "3084",
        "23181",
        "9201",
        "9844",
        "9901"
      ],
      "GO:0099544": [],
      "GO:0099243": [],
      "GO:0099699": [],
      "GO:0099523": [
        "5579",
        "1488",
        "4905"
      ],
      "GO:0099569": [],
      "GO:0048786": [],
      "GO:0098833": [],
      "GO:0098830": [],
      "GO:0008021": [],
      "GO:0098992": [],
      "GO:0042734": [],
      "SYNGO:presyn_ribosome": [],
      "SYNGO:presyn_er": [],
      "GO:0098965": [
        "8404"
      ],
      "GO:0099524": [
        "9456",
        "23236"
      ],
      "GO:0099571": [],
      "GO:0097444": [],
      "GO:0150051": [],
      "GO:0099572": [],
      "GO:0098843": [],
      "GO:0098845": [],
      "GO:0045211": [
        "4900"
      ],
      "SYNGO:postsyn_ribosome": [],
      "SYNGO:postsyn_er": [],
      "GO:0098966": [],
      "GO:0099182": [
        "4741"
      ],
      "GO:0099143": [],
      "GO:0098831": [
        "1488",
        "4306"
      ],
      "GO:0048787": [],
      "GO:0098835": [],
      "GO:0098954": [],
      "GO:0034592": [],
      "GO:0030672": [],
      "GO:0099013": [],
      "GO:0099012": [],
      "GO:0099026": [
        "53942"
      ],
      "GO:0098888": [],
      "GO:0099056": [
        "3736",
        "8745",
        "148",
        "6323",
        "2903",
        "3356",
        "26047",
        "9498"
      ],
      "SYNGO:presyn_er_membrane": [],
      "SYNGO:presyn_ser": [],
      "GO:0099160": [
        "4741"
      ],
      "GO:0098871": [
        "83992"
      ],
      "GO:0150050": [],
      "GO:0099189": [],
      "GO:0098897": [],
      "GO:0099091": [
        "4905"
      ],
      "GO:0099634": [],
      "GO:0014069": [
        "9456",
        "9863",
        "5332",
        "6695",
        "3983"
      ],
      "GO:0099629": [],
      "GO:0098844": [],
      "GO:0098895": [],
      "GO:0098842": [],
      "GO:0098837": [],
      "GO:0099025": [],
      "GO:0098890": [
        "9863",
        "26960"
      ],
      "GO:0099055": [
        "3736",
        "6546",
        "148",
        "3356",
        "348980",
        "2894",
        "79827",
        "23544"
      ],
      "SYNGO:postsyn_er_membrane": [],
      "SYNGO:postsyn_ser": [
        "5332"
      ],
      "GO:0099029": [
        "50863"
      ],
      "GO:0098891": [],
      "GO:0099059": [
        "3084",
        "348980"
      ],
      "GO:0098894": [],
      "GO:0099067": [],
      "GO:0098993": [
        "115827"
      ],
      "GO:0098850": [
        "8224"
      ],
      "GO:0030285": [
        "81615",
        "5799",
        "22987",
        "127833"
      ],
      "GO:0098674": [],
      "GO:0099066": [],
      "SYNGO:presyn_er_membrane_integral": [],
      "SYNGO:presyn_ser_membrane": [],
      "GO:0099065": [],
      "GO:0098892": [],
      "GO:0099060": [],
      "GO:0099092": [
        "9478",
        "9922",
        "4306",
        "9228"
      ],
      "GO:0098839": [],
      "GO:0099164": [],
      "GO:0098999": [],
      "GO:0098896": [],
      "GO:0098944": [],
      "SYNGO:postsyn_er_membrane_integral": [],
      "SYNGO:postsyn_ser_membrane": [],
      "SYNGO:presyn_ser_membrane_integral": [],
      "GO:0099031": [
        "50863"
      ],
      "GO:0099147": [
        "10846"
      ],
      "GO:0099061": [
        "53616",
        "1630",
        "2894",
        "81832",
        "5803",
        "2903",
        "22986",
        "3084",
        "577",
        "8516",
        "81831"
      ],
      "GO:0098998": [],
      "GO:0099033": [],
      "GO:0099063": [],
      "SYNGO:postsyn_ser_membrane_integral": []
    }
  },
  "aggregate": {
    "hgnc_id": {
      "GO:0045202": [
        "HGNC:9685",
        "HGNC:1765",
        "HGNC:28883",
        "HGNC:3010",
        "HGNC:2661",
        "HGNC:2687",
        "HGNC:8772",
        "HGNC:2309",
        "HGNC:9677",
        "HGNC:4273",
        "HGNC:9395",
        "HGNC:2495",
        "HGNC:8016",
        "HGNC:7734",
        "HGNC:7979",
        "HGNC:17941",
        "HGNC:7997",
        "HGNC:4845",
        "HGNC:30269",
        "HGNC:11496",
        "HGNC:25380",
        "HGNC:30670",
        "HGNC:11510",
        "HGNC:2175",
        "HGNC:6218",
        "HGNC:202",
        "HGNC:277",
        "HGNC:10585",
        "HGNC:4585",
        "HGNC:5293",
        "HGNC:13830",
        "HGNC:11034",
        "HGNC:1544",
        "HGNC:11220",
        "HGNC:8000",
        "HGNC:1441",
        "HGNC:17217",
        "HGNC:2700",
        "HGNC:16286",
        "HGNC:19744",
        "HGNC:17512",
        "HGNC:15917",
        "HGNC:15679",
        "HGNC:18957",
        "HGNC:9059",
        "HGNC:11251",
        "HGNC:78",
        "HGNC:1384",
        "HGNC:29112",
        "HGNC:2906",
        "HGNC:201",
        "HGNC:2701",
        "HGNC:4575",
        "HGNC:13823",
        "HGNC:16699",
        "HGNC:945",
        "HGNC:6144",
        "HGNC:14644",
        "HGNC:7648",
        "HGNC:11068",
        "HGNC:24039",
        "HGNC:10763"
      ],
      "GO:0097060": [],
      "GO:0098793": [
        "HGNC:2309",
        "HGNC:9677",
        "HGNC:4273",
        "HGNC:9395",
        "HGNC:2495",
        "HGNC:8016",
        "HGNC:7734",
        "HGNC:7979",
        "HGNC:17941",
        "HGNC:7997",
        "HGNC:4845",
        "HGNC:30269",
        "HGNC:11496",
        "HGNC:25380",
        "HGNC:30670",
        "HGNC:11510",
        "HGNC:2175",
        "HGNC:6218",
        "HGNC:202",
        "HGNC:277",
        "HGNC:10585",
        "HGNC:4585",
        "HGNC:5293",
        "HGNC:13830",
        "HGNC:11034"
      ],
      "GO:0043083": [
        "HGNC:1544",
        "HGNC:11220"
      ],
      "GO:0098794": [
        "HGNC:2309",
        "HGNC:8000",
        "HGNC:1441",
        "HGNC:7997",
        "HGNC:17217",
        "HGNC:2700",
        "HGNC:16286",
        "HGNC:19744",
        "HGNC:17512",
        "HGNC:15917",
        "HGNC:7734",
        "HGNC:15679",
        "HGNC:8016",
        "HGNC:18957",
        "HGNC:9059",
        "HGNC:11251",
        "HGNC:78",
        "HGNC:1384",
        "HGNC:29112",
        "HGNC:7979",
        "HGNC:2906",
        "HGNC:17941",
        "HGNC:8772",
        "HGNC:201",
        "HGNC:2701",
        "HGNC:4575",
        "HGNC:13823",
        "HGNC:9685",
        "HGNC:4585",
        "HGNC:16699",
        "HGNC:945",
        "HGNC:6144",
        "HGNC:14644",
        "HGNC:7648",
        "HGNC:6218",
        "HGNC:11068",
        "HGNC:277",
        "HGNC:5293",
        "HGNC:4845",
        "HGNC:24039",
        "HGNC:10763"
      ],
      "GO:0099544": [],
      "GO:0099243": [],
      "GO:0099699": [],
      "GO:0099523": [
        "HGNC:9395",
        "HGNC:2495",
        "HGNC:8016"
      ],
      "GO:0099569": [
        "HGNC:7734"
      ],
      "GO:0048786": [
        "HGNC:2495",
        "HGNC:7979",
        "HGNC:17941",
        "HGNC:7997",
        "HGNC:4845"
      ],
      "GO:0098833": [],
      "GO:0098830": [],
      "GO:0008021": [
        "HGNC:30269",
        "HGNC:11496",
        "HGNC:25380",
        "HGNC:9677",
        "HGNC:30670",
        "HGNC:11510"
      ],
      "GO:0098992": [],
      "GO:0042734": [
        "HGNC:2175",
        "HGNC:6218",
        "HGNC:202",
        "HGNC:277",
        "HGNC:10585",
        "HGNC:4585",
        "HGNC:5293",
        "HGNC:13830",
        "HGNC:11034"
      ],
      "SYNGO:presyn_ribosome": [],
      "SYNGO:presyn_er": [],
      "GO:0098965": [
        "HGNC:11220"
      ],
      "GO:0099524": [
        "HGNC:17512",
        "HGNC:15917"
      ],
      "GO:0099571": [
        "HGNC:7734",
        "HGNC:15679"
      ],
      "GO:0097444": [],
      "GO:0150051": [],
      "GO:0099572": [
        "HGNC:8016",
        "HGNC:17512",
        "HGNC:18957",
        "HGNC:9059",
        "HGNC:11251",
        "HGNC:78",
        "HGNC:1384",
        "HGNC:29112",
        "HGNC:7979",
        "HGNC:2906",
        "HGNC:17941",
        "HGNC:8772",
        "HGNC:201",
        "HGNC:2701",
        "HGNC:4575",
        "HGNC:13823",
        "HGNC:9685",
        "HGNC:4585",
        "HGNC:16699",
        "HGNC:7997",
        "HGNC:945",
        "HGNC:6144",
        "HGNC:14644"
      ],
      "GO:0098843": [],
      "GO:0098845": [],
      "GO:0045211": [
        "HGNC:8000",
        "HGNC:18957",
        "HGNC:7648",
        "HGNC:6218",
        "HGNC:11068",
        "HGNC:277",
        "HGNC:5293",
        "HGNC:4845",
        "HGNC:4575",
        "HGNC:24039",
        "HGNC:10763"
      ],
      "SYNGO:postsyn_ribosome": [],
      "SYNGO:postsyn_er": [
        "HGNC:9059"
      ],
      "GO:0098966": [],
      "GO:0099182": [
        "HGNC:7734"
      ],
      "GO:0099143": [],
      "GO:0098831": [
        "HGNC:2495",
        "HGNC:7979"
      ],
      "GO:0048787": [
        "HGNC:17941",
        "HGNC:7997",
        "HGNC:4845"
      ],
      "GO:0098835": [],
      "GO:0098954": [],
      "GO:0034592": [],
      "GO:0030672": [
        "HGNC:30269",
        "HGNC:11496",
        "HGNC:25380",
        "HGNC:9677",
        "HGNC:30670",
        "HGNC:11510"
      ],
      "GO:0099013": [],
      "GO:0099012": [],
      "GO:0099026": [
        "HGNC:2175"
      ],
      "GO:0098888": [],
      "GO:0099056": [
        "HGNC:6218",
        "HGNC:202",
        "HGNC:277",
        "HGNC:10585",
        "HGNC:4585",
        "HGNC:5293",
        "HGNC:13830",
        "HGNC:11034"
      ],
      "SYNGO:presyn_er_membrane": [],
      "SYNGO:presyn_ser": [],
      "GO:0099160": [
        "HGNC:7734"
      ],
      "GO:0098871": [
        "HGNC:15679"
      ],
      "GO:0150050": [],
      "GO:0099189": [],
      "GO:0098897": [],
      "GO:0099091": [
        "HGNC:8016"
      ],
      "GO:0099634": [],
      "GO:0014069": [
        "HGNC:17512",
        "HGNC:18957",
        "HGNC:9059",
        "HGNC:11251",
        "HGNC:78",
        "HGNC:1384",
        "HGNC:29112",
        "HGNC:7979",
        "HGNC:2906",
        "HGNC:17941",
        "HGNC:8772",
        "HGNC:201",
        "HGNC:2701",
        "HGNC:4575",
        "HGNC:13823",
        "HGNC:9685",
        "HGNC:4585",
        "HGNC:16699",
        "HGNC:7997",
        "HGNC:945",
        "HGNC:6144",
        "HGNC:14644"
      ],
      "GO:0099629": [],
      "GO:0098844": [],
      "GO:0098895": [],
      "GO:0098842": [],
      "GO:0098837": [],
      "GO:0099025": [],
      "GO:0098890": [
        "HGNC:18957",
        "HGNC:7648"
      ],
      "GO:0099055": [
        "HGNC:6218",
        "HGNC:11068",
        "HGNC:277",
        "HGNC:5293",
        "HGNC:4845",
        "HGNC:4575",
        "HGNC:24039",
        "HGNC:10763"
      ],
      "SYNGO:postsyn_er_membrane": [],
      "SYNGO:postsyn_ser": [
        "HGNC:9059"
      ],
      "GO:0099029": [
        "HGNC:17941"
      ],
      "GO:0098891": [],
      "GO:0099059": [
        "HGNC:7997",
        "HGNC:4845"
      ],
      "GO:0098894": [],
      "GO:0099067": [],
      "GO:0098993": [
        "HGNC:30269"
      ],
      "GO:0098850": [
        "HGNC:11496"
      ],
      "GO:0030285": [
        "HGNC:25380",
        "HGNC:9677",
        "HGNC:30670",
        "HGNC:11510"
      ],
      "GO:0098674": [],
      "GO:0099066": [],
      "SYNGO:presyn_er_membrane_integral": [],
      "SYNGO:presyn_ser_membrane": [],
      "GO:0099065": [],
      "GO:0098892": [],
      "GO:0099060": [],
      "GO:0099092": [
        "HGNC:1384",
        "HGNC:29112",
        "HGNC:7979",
        "HGNC:2906"
      ],
      "GO:0098839": [
        "HGNC:17941",
        "HGNC:8772",
        "HGNC:201",
        "HGNC:2701",
        "HGNC:4575",
        "HGNC:13823",
        "HGNC:9685",
        "HGNC:4585",
        "HGNC:16699",
        "HGNC:7997",
        "HGNC:945",
        "HGNC:6144",
        "HGNC:14644"
      ],
      "GO:0099164": [],
      "GO:0098999": [],
      "GO:0098896": [],
      "GO:0098944": [],
      "SYNGO:postsyn_er_membrane_integral": [],
      "SYNGO:postsyn_ser_membrane": [],
      "SYNGO:presyn_ser_membrane_integral": [],
      "GO:0099031": [
        "HGNC:17941"
      ],
      "GO:0099147": [
        "HGNC:8772"
      ],
      "GO:0099061": [
        "HGNC:201",
        "HGNC:2701",
        "HGNC:4575",
        "HGNC:13823",
        "HGNC:9685",
        "HGNC:4585",
        "HGNC:16699",
        "HGNC:7997",
        "HGNC:945",
        "HGNC:6144",
        "HGNC:14644"
      ],
      "GO:0098998": [],
      "GO:0099033": [],
      "GO:0099063": [],
      "SYNGO:postsyn_ser_membrane_integral": []
    },
    "hgnc_symbol": {
      "GO:0045202": [
        "PTPRZ1",
        "CDH6",
        "PPA2",
        "DPP6",
        "DAB1",
        "BRINP1",
        "PDE10A",
        "CPLX1",
        "PTPRN2",
        "GIT2",
        "PRKCB",
        "CTBP2",
        "NSF",
        "NEFM",
        "NR3C2",
        "NTM",
        "NRG1",
        "HCN1",
        "RAB3C",
        "SYN3",
        "TMEM163",
        "SV2C",
        "SYT2",
        "CNTN5",
        "KCNA1",
        "ADAM23",
        "ADRA1A",
        "SCN1A",
        "GRIN2A",
        "HTR2A",
        "CNTNAP2",
        "SLC4A8",
        "CBLN2",
        "SPARCL1",
        "NRGN",
        "CALD1",
        "DIP2A",
        "DCLK1",
        "ELMO1",
        "SRGAP3",
        "HOMER1",
        "PLCB1",
        "CTTNBP2",
        "MAGI2",
        "PLCB4",
        "SPOCK1",
        "ABLIM1",
        "CABP1",
        "IQSEC1",
        "DLGAP2",
        "ADAM22",
        "DCC",
        "GRID1",
        "NETO1",
        "SORCS3",
        "ADGRB3",
        "ITGA8",
        "NETO2",
        "NBEA",
        "SLC8A1",
        "CLMP",
        "SEZ6L"
      ],
      "GO:0097060": [],
      "GO:0098793": [
        "CPLX1",
        "PTPRN2",
        "GIT2",
        "PRKCB",
        "CTBP2",
        "NSF",
        "NEFM",
        "NR3C2",
        "NTM",
        "NRG1",
        "HCN1",
        "RAB3C",
        "SYN3",
        "TMEM163",
        "SV2C",
        "SYT2",
        "CNTN5",
        "KCNA1",
        "ADAM23",
        "ADRA1A",
        "SCN1A",
        "GRIN2A",
        "HTR2A",
        "CNTNAP2",
        "SLC4A8"
      ],
      "GO:0043083": [
        "CBLN2",
        "SPARCL1"
      ],
      "GO:0098794": [
        "CPLX1",
        "NRGN",
        "CALD1",
        "NRG1",
        "DIP2A",
        "DCLK1",
        "ELMO1",
        "SRGAP3",
        "HOMER1",
        "PLCB1",
        "NEFM",
        "CTTNBP2",
        "NSF",
        "MAGI2",
        "PLCB4",
        "SPOCK1",
        "ABLIM1",
        "CABP1",
        "IQSEC1",
        "NR3C2",
        "DLGAP2",
        "NTM",
        "PDE10A",
        "ADAM22",
        "DCC",
        "GRID1",
        "NETO1",
        "PTPRZ1",
        "GRIN2A",
        "SORCS3",
        "ADGRB3",
        "ITGA8",
        "NETO2",
        "NBEA",
        "KCNA1",
        "SLC8A1",
        "ADRA1A",
        "HTR2A",
        "HCN1",
        "CLMP",
        "SEZ6L"
      ],
      "GO:0099544": [],
      "GO:0099243": [],
      "GO:0099699": [],
      "GO:0099523": [
        "PRKCB",
        "CTBP2",
        "NSF"
      ],
      "GO:0099569": [
        "NEFM"
      ],
      "GO:0048786": [
        "CTBP2",
        "NR3C2",
        "NTM",
        "NRG1",
        "HCN1"
      ],
      "GO:0098833": [],
      "GO:0098830": [],
      "GO:0008021": [
        "RAB3C",
        "SYN3",
        "TMEM163",
        "PTPRN2",
        "SV2C",
        "SYT2"
      ],
      "GO:0098992": [],
      "GO:0042734": [
        "CNTN5",
        "KCNA1",
        "ADAM23",
        "ADRA1A",
        "SCN1A",
        "GRIN2A",
        "HTR2A",
        "CNTNAP2",
        "SLC4A8"
      ],
      "SYNGO:presyn_ribosome": [],
      "SYNGO:presyn_er": [],
      "GO:0098965": [
        "SPARCL1"
      ],
      "GO:0099524": [
        "HOMER1",
        "PLCB1"
      ],
      "GO:0099571": [
        "NEFM",
        "CTTNBP2"
      ],
      "GO:0097444": [],
      "GO:0150051": [],
      "GO:0099572": [
        "NSF",
        "HOMER1",
        "MAGI2",
        "PLCB4",
        "SPOCK1",
        "ABLIM1",
        "CABP1",
        "IQSEC1",
        "NR3C2",
        "DLGAP2",
        "NTM",
        "PDE10A",
        "ADAM22",
        "DCC",
        "GRID1",
        "NETO1",
        "PTPRZ1",
        "GRIN2A",
        "SORCS3",
        "NRG1",
        "ADGRB3",
        "ITGA8",
        "NETO2"
      ],
      "GO:0098843": [],
      "GO:0098845": [],
      "GO:0045211": [
        "NRGN",
        "MAGI2",
        "NBEA",
        "KCNA1",
        "SLC8A1",
        "ADRA1A",
        "HTR2A",
        "HCN1",
        "GRID1",
        "CLMP",
        "SEZ6L"
      ],
      "SYNGO:postsyn_ribosome": [],
      "SYNGO:postsyn_er": [
        "PLCB4"
      ],
      "GO:0098966": [],
      "GO:0099182": [
        "NEFM"
      ],
      "GO:0099143": [],
      "GO:0098831": [
        "CTBP2",
        "NR3C2"
      ],
      "GO:0048787": [
        "NTM",
        "NRG1",
        "HCN1"
      ],
      "GO:0098835": [],
      "GO:0098954": [],
      "GO:0034592": [],
      "GO:0030672": [
        "RAB3C",
        "SYN3",
        "TMEM163",
        "PTPRN2",
        "SV2C",
        "SYT2"
      ],
      "GO:0099013": [],
      "GO:0099012": [],
      "GO:0099026": [
        "CNTN5"
      ],
      "GO:0098888": [],
      "GO:0099056": [
        "KCNA1",
        "ADAM23",
        "ADRA1A",
        "SCN1A",
        "GRIN2A",
        "HTR2A",
        "CNTNAP2",
        "SLC4A8"
      ],
      "SYNGO:presyn_er_membrane": [],
      "SYNGO:presyn_ser": [],
      "GO:0099160": [
        "NEFM"
      ],
      "GO:0098871": [
        "CTTNBP2"
      ],
      "GO:0150050": [],
      "GO:0099189": [],
      "GO:0098897": [],
      "GO:0099091": [
        "NSF"
      ],
      "GO:0099634": [],
      "GO:0014069": [
        "HOMER1",
        "MAGI2",
        "PLCB4",
        "SPOCK1",
        "ABLIM1",
        "CABP1",
        "IQSEC1",
        "NR3C2",
        "DLGAP2",
        "NTM",
        "PDE10A",
        "ADAM22",
        "DCC",
        "GRID1",
        "NETO1",
        "PTPRZ1",
        "GRIN2A",
        "SORCS3",
        "NRG1",
        "ADGRB3",
        "ITGA8",
        "NETO2"
      ],
      "GO:0099629": [],
      "GO:0098844": [],
      "GO:0098895": [],
      "GO:0098842": [],
      "GO:0098837": [],
      "GO:0099025": [],
      "GO:0098890": [
        "MAGI2",
        "NBEA"
      ],
      "GO:0099055": [
        "KCNA1",
        "SLC8A1",
        "ADRA1A",
        "HTR2A",
        "HCN1",
        "GRID1",
        "CLMP",
        "SEZ6L"
      ],
      "SYNGO:postsyn_er_membrane": [],
      "SYNGO:postsyn_ser": [
        "PLCB4"
      ],
      "GO:0099029": [
        "NTM"
      ],
      "GO:0098891": [],
      "GO:0099059": [
        "NRG1",
        "HCN1"
      ],
      "GO:0098894": [],
      "GO:0099067": [],
      "GO:0098993": [
        "RAB3C"
      ],
      "GO:0098850": [
        "SYN3"
      ],
      "GO:0030285": [
        "TMEM163",
        "PTPRN2",
        "SV2C",
        "SYT2"
      ],
      "GO:0098674": [],
      "GO:0099066": [],
      "SYNGO:presyn_er_membrane_integral": [],
      "SYNGO:presyn_ser_membrane": [],
      "GO:0099065": [],
      "GO:0098892": [],
      "GO:0099060": [],
      "GO:0099092": [
        "CABP1",
        "IQSEC1",
        "NR3C2",
        "DLGAP2"
      ],
      "GO:0098839": [
        "NTM",
        "PDE10A",
        "ADAM22",
        "DCC",
        "GRID1",
        "NETO1",
        "PTPRZ1",
        "GRIN2A",
        "SORCS3",
        "NRG1",
        "ADGRB3",
        "ITGA8",
        "NETO2"
      ],
      "GO:0099164": [],
      "GO:0098999": [],
      "GO:0098896": [],
      "GO:0098944": [],
      "SYNGO:postsyn_er_membrane_integral": [],
      "SYNGO:postsyn_ser_membrane": [],
      "SYNGO:presyn_ser_membrane_integral": [],
      "GO:0099031": [
        "NTM"
      ],
      "GO:0099147": [
        "PDE10A"
      ],
      "GO:0099061": [
        "ADAM22",
        "DCC",
        "GRID1",
        "NETO1",
        "PTPRZ1",
        "GRIN2A",
        "SORCS3",
        "NRG1",
        "ADGRB3",
        "ITGA8",
        "NETO2"
      ],
      "GO:0098998": [],
      "GO:0099033": [],
      "GO:0099063": [],
      "SYNGO:postsyn_ser_membrane_integral": []
    },
    "ensembl_id": {
      "GO:0045202": [
        "ENSG00000106278",
        "ENSG00000113361",
        "ENSG00000138777",
        "ENSG00000130226",
        "ENSG00000173406",
        "ENSG00000078725",
        "ENSG00000112541",
        "ENSG00000168993",
        "ENSG00000155093",
        "ENSG00000139436",
        "ENSG00000166501",
        "ENSG00000175029",
        "ENSG00000073969",
        "ENSG00000104722",
        "ENSG00000151623",
        "ENSG00000182667",
        "ENSG00000157168",
        "ENSG00000164588",
        "ENSG00000152932",
        "ENSG00000185666",
        "ENSG00000152128",
        "ENSG00000122012",
        "ENSG00000143858",
        "ENSG00000149972",
        "ENSG00000111262",
        "ENSG00000114948",
        "ENSG00000120907",
        "ENSG00000144285",
        "ENSG00000183454",
        "ENSG00000102468",
        "ENSG00000174469",
        "ENSG00000050438",
        "ENSG00000141668",
        "ENSG00000152583",
        "ENSG00000154146",
        "ENSG00000122786",
        "ENSG00000160305",
        "ENSG00000133083",
        "ENSG00000155849",
        "ENSG00000196220",
        "ENSG00000152413",
        "ENSG00000182621",
        "ENSG00000077063",
        "ENSG00000187391",
        "ENSG00000101333",
        "ENSG00000152377",
        "ENSG00000099204",
        "ENSG00000157782",
        "ENSG00000144711",
        "ENSG00000198010",
        "ENSG00000008277",
        "ENSG00000187323",
        "ENSG00000182771",
        "ENSG00000166342",
        "ENSG00000156395",
        "ENSG00000135298",
        "ENSG00000077943",
        "ENSG00000171208",
        "ENSG00000172915",
        "ENSG00000183023",
        "ENSG00000166250",
        "ENSG00000100095"
      ],
      "GO:0097060": [],
      "GO:0098793": [
        "ENSG00000168993",
        "ENSG00000155093",
        "ENSG00000139436",
        "ENSG00000166501",
        "ENSG00000175029",
        "ENSG00000073969",
        "ENSG00000104722",
        "ENSG00000151623",
        "ENSG00000182667",
        "ENSG00000157168",
        "ENSG00000164588",
        "ENSG00000152932",
        "ENSG00000185666",
        "ENSG00000152128",
        "ENSG00000122012",
        "ENSG00000143858",
        "ENSG00000149972",
        "ENSG00000111262",
        "ENSG00000114948",
        "ENSG00000120907",
        "ENSG00000144285",
        "ENSG00000183454",
        "ENSG00000102468",
        "ENSG00000174469",
        "ENSG00000050438"
      ],
      "GO:0043083": [
        "ENSG00000141668",
        "ENSG00000152583"
      ],
      "GO:0098794": [
        "ENSG00000168993",
        "ENSG00000154146",
        "ENSG00000122786",
        "ENSG00000157168",
        "ENSG00000160305",
        "ENSG00000133083",
        "ENSG00000155849",
        "ENSG00000196220",
        "ENSG00000152413",
        "ENSG00000182621",
        "ENSG00000104722",
        "ENSG00000077063",
        "ENSG00000073969",
        "ENSG00000187391",
        "ENSG00000101333",
        "ENSG00000152377",
        "ENSG00000099204",
        "ENSG00000157782",
        "ENSG00000144711",
        "ENSG00000151623",
        "ENSG00000198010",
        "ENSG00000182667",
        "ENSG00000112541",
        "ENSG00000008277",
        "ENSG00000187323",
        "ENSG00000182771",
        "ENSG00000166342",
        "ENSG00000106278",
        "ENSG00000183454",
        "ENSG00000156395",
        "ENSG00000135298",
        "ENSG00000077943",
        "ENSG00000171208",
        "ENSG00000172915",
        "ENSG00000111262",
        "ENSG00000183023",
        "ENSG00000120907",
        "ENSG00000102468",
        "ENSG00000164588",
        "ENSG00000166250",
        "ENSG00000100095"
      ],
      "GO:0099544": [],
      "GO:0099243": [],
      "GO:0099699": [],
      "GO:0099523": [
        "ENSG00000166501",
        "ENSG00000175029",
        "ENSG00000073969"
      ],
      "GO:0099569": [
        "ENSG00000104722"
      ],
      "GO:0048786": [
        "ENSG00000175029",
        "ENSG00000151623",
        "ENSG00000182667",
        "ENSG00000157168",
        "ENSG00000164588"
      ],
      "GO:0098833": [],
      "GO:0098830": [],
      "GO:0008021": [
        "ENSG00000152932",
        "ENSG00000185666",
        "ENSG00000152128",
        "ENSG00000155093",
        "ENSG00000122012",
        "ENSG00000143858"
      ],
      "GO:0098992": [],
      "GO:0042734": [
        "ENSG00000149972",
        "ENSG00000111262",
        "ENSG00000114948",
        "ENSG00000120907",
        "ENSG00000144285",
        "ENSG00000183454",
        "ENSG00000102468",
        "ENSG00000174469",
        "ENSG00000050438"
      ],
      "SYNGO:presyn_ribosome": [],
      "SYNGO:presyn_er": [],
      "GO:0098965": [
        "ENSG00000152583"
      ],
      "GO:0099524": [
        "ENSG00000152413",
        "ENSG00000182621"
      ],
      "GO:0099571": [
        "ENSG00000104722",
        "ENSG00000077063"
      ],
      "GO:0097444": [],
      "GO:0150051": [],
      "GO:0099572": [
        "ENSG00000073969",
        "ENSG00000152413",
        "ENSG00000187391",
        "ENSG00000101333",
        "ENSG00000152377",
        "ENSG00000099204",
        "ENSG00000157782",
        "ENSG00000144711",
        "ENSG00000151623",
        "ENSG00000198010",
        "ENSG00000182667",
        "ENSG00000112541",
        "ENSG00000008277",
        "ENSG00000187323",
        "ENSG00000182771",
        "ENSG00000166342",
        "ENSG00000106278",
        "ENSG00000183454",
        "ENSG00000156395",
        "ENSG00000157168",
        "ENSG00000135298",
        "ENSG00000077943",
        "ENSG00000171208"
      ],
      "GO:0098843": [],
      "GO:0098845": [],
      "GO:0045211": [
        "ENSG00000154146",
        "ENSG00000187391",
        "ENSG00000172915",
        "ENSG00000111262",
        "ENSG00000183023",
        "ENSG00000120907",
        "ENSG00000102468",
        "ENSG00000164588",
        "ENSG00000182771",
        "ENSG00000166250",
        "ENSG00000100095"
      ],
      "SYNGO:postsyn_ribosome": [],
      "SYNGO:postsyn_er": [
        "ENSG00000101333"
      ],
      "GO:0098966": [],
      "GO:0099182": [
        "ENSG00000104722"
      ],
      "GO:0099143": [],
      "GO:0098831": [
        "ENSG00000175029",
        "ENSG00000151623"
      ],
      "GO:0048787": [
        "ENSG00000182667",
        "ENSG00000157168",
        "ENSG00000164588"
      ],
      "GO:0098835": [],
      "GO:0098954": [],
      "GO:0034592": [],
      "GO:0030672": [
        "ENSG00000152932",
        "ENSG00000185666",
        "ENSG00000152128",
        "ENSG00000155093",
        "ENSG00000122012",
        "ENSG00000143858"
      ],
      "GO:0099013": [],
      "GO:0099012": [],
      "GO:0099026": [
        "ENSG00000149972"
      ],
      "GO:0098888": [],
      "GO:0099056": [
        "ENSG00000111262",
        "ENSG00000114948",
        "ENSG00000120907",
        "ENSG00000144285",
        "ENSG00000183454",
        "ENSG00000102468",
        "ENSG00000174469",
        "ENSG00000050438"
      ],
      "SYNGO:presyn_er_membrane": [],
      "SYNGO:presyn_ser": [],
      "GO:0099160": [
        "ENSG00000104722"
      ],
      "GO:0098871": [
        "ENSG00000077063"
      ],
      "GO:0150050": [],
      "GO:0099189": [],
      "GO:0098897": [],
      "GO:0099091": [
        "ENSG00000073969"
      ],
      "GO:0099634": [],
      "GO:0014069": [
        "ENSG00000152413",
        "ENSG00000187391",
        "ENSG00000101333",
        "ENSG00000152377",
        "ENSG00000099204",
        "ENSG00000157782",
        "ENSG00000144711",
        "ENSG00000151623",
        "ENSG00000198010",
        "ENSG00000182667",
        "ENSG00000112541",
        "ENSG00000008277",
        "ENSG00000187323",
        "ENSG00000182771",
        "ENSG00000166342",
        "ENSG00000106278",
        "ENSG00000183454",
        "ENSG00000156395",
        "ENSG00000157168",
        "ENSG00000135298",
        "ENSG00000077943",
        "ENSG00000171208"
      ],
      "GO:0099629": [],
      "GO:0098844": [],
      "GO:0098895": [],
      "GO:0098842": [],
      "GO:0098837": [],
      "GO:0099025": [],
      "GO:0098890": [
        "ENSG00000187391",
        "ENSG00000172915"
      ],
      "GO:0099055": [
        "ENSG00000111262",
        "ENSG00000183023",
        "ENSG00000120907",
        "ENSG00000102468",
        "ENSG00000164588",
        "ENSG00000182771",
        "ENSG00000166250",
        "ENSG00000100095"
      ],
      "SYNGO:postsyn_er_membrane": [],
      "SYNGO:postsyn_ser": [
        "ENSG00000101333"
      ],
      "GO:0099029": [
        "ENSG00000182667"
      ],
      "GO:0098891": [],
      "GO:0099059": [
        "ENSG00000157168",
        "ENSG00000164588"
      ],
      "GO:0098894": [],
      "GO:0099067": [],
      "GO:0098993": [
        "ENSG00000152932"
      ],
      "GO:0098850": [
        "ENSG00000185666"
      ],
      "GO:0030285": [
        "ENSG00000152128",
        "ENSG00000155093",
        "ENSG00000122012",
        "ENSG00000143858"
      ],
      "GO:0098674": [],
      "GO:0099066": [],
      "SYNGO:presyn_er_membrane_integral": [],
      "SYNGO:presyn_ser_membrane": [],
      "GO:0099065": [],
      "GO:0098892": [],
      "GO:0099060": [],
      "GO:0099092": [
        "ENSG00000157782",
        "ENSG00000144711",
        "ENSG00000151623",
        "ENSG00000198010"
      ],
      "GO:0098839": [
        "ENSG00000182667",
        "ENSG00000112541",
        "ENSG00000008277",
        "ENSG00000187323",
        "ENSG00000182771",
        "ENSG00000166342",
        "ENSG00000106278",
        "ENSG00000183454",
        "ENSG00000156395",
        "ENSG00000157168",
        "ENSG00000135298",
        "ENSG00000077943",
        "ENSG00000171208"
      ],
      "GO:0099164": [],
      "GO:0098999": [],
      "GO:0098896": [],
      "GO:0098944": [],
      "SYNGO:postsyn_er_membrane_integral": [],
      "SYNGO:postsyn_ser_membrane": [],
      "SYNGO:presyn_ser_membrane_integral": [],
      "GO:0099031": [
        "ENSG00000182667"
      ],
      "GO:0099147": [
        "ENSG00000112541"
      ],
      "GO:0099061": [
        "ENSG00000008277",
        "ENSG00000187323",
        "ENSG00000182771",
        "ENSG00000166342",
        "ENSG00000106278",
        "ENSG00000183454",
        "ENSG00000156395",
        "ENSG00000157168",
        "ENSG00000135298",
        "ENSG00000077943",
        "ENSG00000171208"
      ],
      "GO:0098998": [],
      "GO:0099033": [],
      "GO:0099063": [],
      "SYNGO:postsyn_ser_membrane_integral": []
    },
    "entrez_id": {
      "GO:0045202": [
        "5803",
        "1004",
        "27068",
        "1804",
        "1600",
        "1620",
        "10846",
        "10815",
        "5799",
        "9815",
        "5579",
        "1488",
        "4905",
        "4741",
        "4306",
        "50863",
        "3084",
        "348980",
        "115827",
        "8224",
        "81615",
        "22987",
        "127833",
        "53942",
        "3736",
        "8745",
        "148",
        "6323",
        "2903",
        "3356",
        "26047",
        "9498",
        "147381",
        "8404",
        "4900",
        "800",
        "23181",
        "9201",
        "9844",
        "9901",
        "9456",
        "23236",
        "83992",
        "9863",
        "5332",
        "6695",
        "3983",
        "9478",
        "9922",
        "9228",
        "53616",
        "1630",
        "2894",
        "81832",
        "22986",
        "577",
        "8516",
        "81831",
        "26960",
        "6546",
        "79827",
        "23544"
      ],
      "GO:0097060": [],
      "GO:0098793": [
        "10815",
        "5799",
        "9815",
        "5579",
        "1488",
        "4905",
        "4741",
        "4306",
        "50863",
        "3084",
        "348980",
        "115827",
        "8224",
        "81615",
        "22987",
        "127833",
        "53942",
        "3736",
        "8745",
        "148",
        "6323",
        "2903",
        "3356",
        "26047",
        "9498"
      ],
      "GO:0043083": [
        "147381",
        "8404"
      ],
      "GO:0098794": [
        "10815",
        "4900",
        "800",
        "3084",
        "23181",
        "9201",
        "9844",
        "9901",
        "9456",
        "23236",
        "4741",
        "83992",
        "4905",
        "9863",
        "5332",
        "6695",
        "3983",
        "9478",
        "9922",
        "4306",
        "9228",
        "50863",
        "10846",
        "53616",
        "1630",
        "2894",
        "81832",
        "5803",
        "2903",
        "22986",
        "577",
        "8516",
        "81831",
        "26960",
        "3736",
        "6546",
        "148",
        "3356",
        "348980",
        "79827",
        "23544"
      ],
      "GO:0099544": [],
      "GO:0099243": [],
      "GO:0099699": [],
      "GO:0099523": [
        "5579",
        "1488",
        "4905"
      ],
      "GO:0099569": [
        "4741"
      ],
      "GO:0048786": [
        "1488",
        "4306",
        "50863",
        "3084",
        "348980"
      ],
      "GO:0098833": [],
      "GO:0098830": [],
      "GO:0008021": [
        "115827",
        "8224",
        "81615",
        "5799",
        "22987",
        "127833"
      ],
      "GO:0098992": [],
      "GO:0042734": [
        "53942",
        "3736",
        "8745",
        "148",
        "6323",
        "2903",
        "3356",
        "26047",
        "9498"
      ],
      "SYNGO:presyn_ribosome": [],
      "SYNGO:presyn_er": [],
      "GO:0098965": [
        "8404"
      ],
      "GO:0099524": [
        "9456",
        "23236"
      ],
      "GO:0099571": [
        "4741",
        "83992"
      ],
      "GO:0097444": [],
      "GO:0150051": [],
      "GO:0099572": [
        "4905",
        "9456",
        "9863",
        "5332",
        "6695",
        "3983",
        "9478",
        "9922",
        "4306",
        "9228",
        "50863",
        "10846",
        "53616",
        "1630",
        "2894",
        "81832",
        "5803",
        "2903",
        "22986",
        "3084",
        "577",
        "8516",
        "81831"
      ],
      "GO:0098843": [],
      "GO:0098845": [],
      "GO:0045211": [
        "4900",
        "9863",
        "26960",
        "3736",
        "6546",
        "148",
        "3356",
        "348980",
        "2894",
        "79827",
        "23544"
      ],
      "SYNGO:postsyn_ribosome": [],
      "SYNGO:postsyn_er": [
        "5332"
      ],
      "GO:0098966": [],
      "GO:0099182": [
        "4741"
      ],
      "GO:0099143": [],
      "GO:0098831": [
        "1488",
        "4306"
      ],
      "GO:0048787": [
        "50863",
        "3084",
        "348980"
      ],
      "GO:0098835": [],
      "GO:0098954": [],
      "GO:0034592": [],
      "GO:0030672": [
        "115827",
        "8224",
        "81615",
        "5799",
        "22987",
        "127833"
      ],
      "GO:0099013": [],
      "GO:0099012": [],
      "GO:0099026": [
        "53942"
      ],
      "GO:0098888": [],
      "GO:0099056": [
        "3736",
        "8745",
        "148",
        "6323",
        "2903",
        "3356",
        "26047",
        "9498"
      ],
      "SYNGO:presyn_er_membrane": [],
      "SYNGO:presyn_ser": [],
      "GO:0099160": [
        "4741"
      ],
      "GO:0098871": [
        "83992"
      ],
      "GO:0150050": [],
      "GO:0099189": [],
      "GO:0098897": [],
      "GO:0099091": [
        "4905"
      ],
      "GO:0099634": [],
      "GO:0014069": [
        "9456",
        "9863",
        "5332",
        "6695",
        "3983",
        "9478",
        "9922",
        "4306",
        "9228",
        "50863",
        "10846",
        "53616",
        "1630",
        "2894",
        "81832",
        "5803",
        "2903",
        "22986",
        "3084",
        "577",
        "8516",
        "81831"
      ],
      "GO:0099629": [],
      "GO:0098844": [],
      "GO:0098895": [],
      "GO:0098842": [],
      "GO:0098837": [],
      "GO:0099025": [],
      "GO:0098890": [
        "9863",
        "26960"
      ],
      "GO:0099055": [
        "3736",
        "6546",
        "148",
        "3356",
        "348980",
        "2894",
        "79827",
        "23544"
      ],
      "SYNGO:postsyn_er_membrane": [],
      "SYNGO:postsyn_ser": [
        "5332"
      ],
      "GO:0099029": [
        "50863"
      ],
      "GO:0098891": [],
      "GO:0099059": [
        "3084",
        "348980"
      ],
      "GO:0098894": [],
      "GO:0099067": [],
      "GO:0098993": [
        "115827"
      ],
      "GO:0098850": [
        "8224"
      ],
      "GO:0030285": [
        "81615",
        "5799",
        "22987",
        "127833"
      ],
      "GO:0098674": [],
      "GO:0099066": [],
      "SYNGO:presyn_er_membrane_integral": [],
      "SYNGO:presyn_ser_membrane": [],
      "GO:0099065": [],
      "GO:0098892": [],
      "GO:0099060": [],
      "GO:0099092": [
        "9478",
        "9922",
        "4306",
        "9228"
      ],
      "GO:0098839": [
        "50863",
        "10846",
        "53616",
        "1630",
        "2894",
        "81832",
        "5803",
        "2903",
        "22986",
        "3084",
        "577",
        "8516",
        "81831"
      ],
      "GO:0099164": [],
      "GO:0098999": [],
      "GO:0098896": [],
      "GO:0098944": [],
      "SYNGO:postsyn_er_membrane_integral": [],
      "SYNGO:postsyn_ser_membrane": [],
      "SYNGO:presyn_ser_membrane_integral": [],
      "GO:0099031": [
        "50863"
      ],
      "GO:0099147": [
        "10846"
      ],
      "GO:0099061": [
        "53616",
        "1630",
        "2894",
        "81832",
        "5803",
        "2903",
        "22986",
        "3084",
        "577",
        "8516",
        "81831"
      ],
      "GO:0098998": [],
      "GO:0099033": [],
      "GO:0099063": [],
      "SYNGO:postsyn_ser_membrane_integral": []
    }
  }
}