[
  {
    "user_input_genelist": "ADRA1A",
    "idmap": [
      {
        "ensembl_id": "ENSG00000120907",
        "entrez_id": "148",
        "hgnc_id": "HGNC:277",
        "hgnc_name": "adrenoceptor alpha 1A",
        "hgnc_symbol": "ADRA1A",
        "hgnc_synonyms": [
          "ADRA1L1",
          "ADRA1C"
        ],
        "user_input_genelist": [
          "ADRA1A"
        ]
      }
    ]
  },
  {
    "user_input_genelist": "LOC101929680",
    "idmap": []
  },
  {
    "user_input_genelist": "SYT2",
    "idmap": [
      {
        "ensembl_id": "ENSG00000143858",
        "entrez_id": "127833",
        "hgnc_id": "HGNC:11510",
        "hgnc_name": "synaptotagmin 2",
        "hgnc_symbol": "SYT2",
        "hgnc_synonyms": [],
        "user_input_genelist": [
          "SYT2"
        ]
      }
    ]
  },
  {
    "user_input_genelist": "KCNIP1",
    "idmap": []
  },
  {
    "user_input_genelist": "TRPC4",
    "idmap": []
  },
  {
    "user_input_genelist": "CLMP",
    "idmap": [
      {
        "ensembl_id": "ENSG00000166250",
        "entrez_id": "79827",
        "hgnc_id": "HGNC:24039",
        "hgnc_name": "CXADR like membrane protein",
        "hgnc_symbol": "CLMP",
        "hgnc_synonyms": [
          "ASAM",
          "FLJ22415",
          "ACAM"
        ],
        "user_input_genelist": [
          "CLMP"
        ]
      }
    ]
  },
  {
    "user_input_genelist": "LHFPL3",
    "idmap": []
  },
  {
    "user_input_genelist": "SEMA6D",
    "idmap": []
  },
  {
    "user_input_genelist": "ITGA11",
    "idmap": []
  },
  {
    "user_input_genelist": "DPP4",
    "idmap": []
  },
  {
    "user_input_genelist": "LOC105369890",
    "idmap": []
  },
  {
    "user_input_genelist": "SV2C",
    "idmap": [
      {
        "ensembl_id": "ENSG00000122012",
        "entrez_id": "22987",
        "hgnc_id": "HGNC:30670",
        "hgnc_name": "synaptic vesicle glycoprotein 2C",
        "hgnc_symbol": "SV2C",
        "hgnc_synonyms": [
          "SLC22B3"
        ],
        "user_input_genelist": [
          "SV2C"
        ]
      }
    ]
  },
  {
    "user_input_genelist": "ESRRG",
    "idmap": []
  },
  {
    "user_input_genelist": "CCDC146",
    "idmap": []
  },
  {
    "user_input_genelist": "SCN1A",
    "idmap": [
      {
        "ensembl_id": "ENSG00000144285",
        "entrez_id": "6323",
        "hgnc_id": "HGNC:10585",
        "hgnc_name": "sodium voltage-gated channel alpha subunit 1",
        "hgnc_symbol": "SCN1A",
        "hgnc_synonyms": [
          "NAV1.1",
          "GEFSP2",
          "SMEI",
          "SCN1",
          "FEB3"
        ],
        "user_input_genelist": [
          "SCN1A"
        ]
      }
    ]
  },
  {
    "user_input_genelist": "LINC01060",
    "idmap": []
  },
  {
    "user_input_genelist": "LOC105371663",
    "idmap": []
  },
  {
    "user_input_genelist": "FHOD3",
    "idmap": []
  },
  {
    "user_input_genelist": "LOC105376596",
    "idmap": []
  },
  {
    "user_input_genelist": "EPB41",
    "idmap": []
  },
  {
    "user_input_genelist": "ARHGAP10",
    "idmap": []
  },
  {
    "user_input_genelist": "SEMA6A",
    "idmap": []
  },
  {
    "user_input_genelist": "PTPRK",
    "idmap": []
  },
  {
    "user_input_genelist": "TLL1",
    "idmap": []
  },
  {
    "user_input_genelist": "SPON1",
    "idmap": []
  },
  {
    "user_input_genelist": "SLC5A8",
    "idmap": []
  },
  {
    "user_input_genelist": "NXPH2",
    "idmap": []
  },
  {
    "user_input_genelist": "USP3",
    "idmap": []
  },
  {
    "user_input_genelist": "BMP6",
    "idmap": []
  },
  {
    "user_input_genelist": "CEMIP",
    "idmap": []
  },
  {
    "user_input_genelist": "PCP4",
    "idmap": []
  },
  {
    "user_input_genelist": "PITPNC1",
    "idmap": []
  },
  {
    "user_input_genelist": "PPARGC1A",
    "idmap": []
  },
  {
    "user_input_genelist": "SERPINE2",
    "idmap": []
  },
  {
    "user_input_genelist": "LOC105373760",
    "idmap": []
  },
  {
    "user_input_genelist": "MIR31HG",
    "idmap": []
  },
  {
    "user_input_genelist": "GRAMD1B",
    "idmap": []
  },
  {
    "user_input_genelist": "LOC105374529",
    "idmap": []
  },
  {
    "user_input_genelist": "PLAGL1",
    "idmap": []
  },
  {
    "user_input_genelist": "CDC14B",
    "idmap": []
  },
  {
    "user_input_genelist": "SCN1B",
    "idmap": []
  },
  {
    "user_input_genelist": "HTR2A",
    "idmap": [
      {
        "ensembl_id": "ENSG00000102468",
        "entrez_id": "3356",
        "hgnc_id": "HGNC:5293",
        "hgnc_name": "5-hydroxytryptamine receptor 2A",
        "hgnc_symbol": "HTR2A",
        "hgnc_synonyms": [
          "5-HT2A",
          "HTR2"
        ],
        "user_input_genelist": [
          "HTR2A"
        ]
      }
    ]
  },
  {
    "user_input_genelist": "SEMA5A",
    "idmap": []
  },
  {
    "user_input_genelist": "OSBPL3",
    "idmap": []
  },
  {
    "user_input_genelist": "MITF",
    "idmap": []
  },
  {
    "user_input_genelist": "LOC730100",
    "idmap": []
  },
  {
    "user_input_genelist": "SAT1",
    "idmap": []
  },
  {
    "user_input_genelist": "DGKD",
    "idmap": []
  },
  {
    "user_input_genelist": "LOC101928964",
    "idmap": []
  },
  {
    "user_input_genelist": "FRMD4A",
    "idmap": []
  },
  {
    "user_input_genelist": "GAS2",
    "idmap": []
  },
  {
    "user_input_genelist": "FBXO32",
    "idmap": []
  },
  {
    "user_input_genelist": "THEMIS",
    "idmap": []
  },
  {
    "user_input_genelist": "NRG1",
    "idmap": [
      {
        "ensembl_id": "ENSG00000157168",
        "entrez_id": "3084",
        "hgnc_id": "HGNC:7997",
        "hgnc_name": "neuregulin 1",
        "hgnc_symbol": "NRG1",
        "hgnc_synonyms": [
          "NDF",
          "GGF",
          "NRG1-IT2"
        ],
        "user_input_genelist": [
          "NRG1"
        ]
      }
    ]
  },
  {
    "user_input_genelist": "SLC16A10",
    "idmap": []
  },
  {
    "user_input_genelist": "CTBP2",
    "idmap": [
      {
        "ensembl_id": "ENSG00000175029",
        "entrez_id": "1488",
        "hgnc_id": "HGNC:2495",
        "hgnc_name": "C-terminal binding protein 2",
        "hgnc_symbol": "CTBP2",
        "hgnc_synonyms": [
          "RIBEYE"
        ],
        "user_input_genelist": [
          "CTBP2"
        ]
      }
    ]
  },
  {
    "user_input_genelist": "CDK6",
    "idmap": []
  },
  {
    "user_input_genelist": "TPD52L1",
    "idmap": []
  },
  {
    "user_input_genelist": "NTM",
    "idmap": [
      {
        "ensembl_id": "ENSG00000182667",
        "entrez_id": "50863",
        "hgnc_id": "HGNC:17941",
        "hgnc_name": "neurotrimin",
        "hgnc_symbol": "NTM",
        "hgnc_synonyms": [
          "NTRI",
          "IGLON2",
          "CEPU-1"
        ],
        "user_input_genelist": [
          "NTM"
        ]
      }
    ]
  },
  {
    "user_input_genelist": "LOC105370983",
    "idmap": []
  },
  {
    "user_input_genelist": "LOC105376591",
    "idmap": []
  },
  {
    "user_input_genelist": "SPECC1",
    "idmap": []
  },
  {
    "user_input_genelist": "PTCHD4",
    "idmap": []
  },
  {
    "user_input_genelist": "ABCA9",
    "idmap": []
  },
  {
    "user_input_genelist": "ANO4",
    "idmap": []
  },
  {
    "user_input_genelist": "ABCA6",
    "idmap": []
  },
  {
    "user_input_genelist": "CKMT1B",
    "idmap": []
  },
  {
    "user_input_genelist": "RBMS3",
    "idmap": []
  },
  {
    "user_input_genelist": "PHACTR2",
    "idmap": []
  },
  {
    "user_input_genelist": "GAB1",
    "idmap": []
  },
  {
    "user_input_genelist": "FLJ41278",
    "idmap": []
  },
  {
    "user_input_genelist": "LOC729732",
    "idmap": []
  },
  {
    "user_input_genelist": "CPLX1",
    "idmap": [
      {
        "ensembl_id": "ENSG00000168993",
        "entrez_id": "10815",
        "hgnc_id": "HGNC:2309",
        "hgnc_name": "complexin 1",
        "hgnc_symbol": "CPLX1",
        "hgnc_synonyms": [
          "CPX-I"
        ],
        "user_input_genelist": [
          "CPLX1"
        ]
      }
    ]
  },
  {
    "user_input_genelist": "ANKRD26P3",
    "idmap": []
  },
  {
    "user_input_genelist": "ENTREP2",
    "idmap": []
  },
  {
    "user_input_genelist": "LOC102724530",
    "idmap": []
  },
  {
    "user_input_genelist": "BCO2",
    "idmap": []
  },
  {
    "user_input_genelist": "RHOBTB1",
    "idmap": []
  },
  {
    "user_input_genelist": "CDH4",
    "idmap": []
  },
  {
    "user_input_genelist": "COLGALT2",
    "idmap": []
  },
  {
    "user_input_genelist": "NBEA",
    "idmap": [
      {
        "ensembl_id": "ENSG00000172915",
        "entrez_id": "26960",
        "hgnc_id": "HGNC:7648",
        "hgnc_name": "neurobeachin",
        "hgnc_symbol": "NBEA",
        "hgnc_synonyms": [
          "KIAA1544",
          "BCL8B",
          "FLJ10197"
        ],
        "user_input_genelist": [
          "NBEA"
        ]
      }
    ]
  },
  {
    "user_input_genelist": "CDHR3",
    "idmap": []
  },
  {
    "user_input_genelist": "LOC101928020",
    "idmap": []
  },
  {
    "user_input_genelist": "LOC101929201",
    "idmap": []
  },
  {
    "user_input_genelist": "SACS",
    "idmap": []
  },
  {
    "user_input_genelist": "FBXL13",
    "idmap": []
  },
  {
    "user_input_genelist": "CRACD",
    "idmap": []
  },
  {
    "user_input_genelist": "SRGAP3",
    "idmap": [
      {
        "ensembl_id": "ENSG00000196220",
        "entrez_id": "9901",
        "hgnc_id": "HGNC:19744",
        "hgnc_name": "SLIT-ROBO Rho GTPase activating protein 3",
        "hgnc_symbol": "SRGAP3",
        "hgnc_synonyms": [
          "KIAA0411",
          "MEGAP",
          "WRP",
          "ARHGAP14"
        ],
        "user_input_genelist": [
          "SRGAP3"
        ]
      }
    ]
  },
  {
    "user_input_genelist": "OSBPL6",
    "idmap": []
  },
  {
    "user_input_genelist": "CDK14",
    "idmap": []
  },
  {
    "user_input_genelist": "KAZN",
    "idmap": []
  },
  {
    "user_input_genelist": "ARHGAP26",
    "idmap": []
  },
  {
    "user_input_genelist": "TFDP2",
    "idmap": []
  },
  {
    "user_input_genelist": "ANKRD20A5P",
    "idmap": []
  },
  {
    "user_input_genelist": "CLEC16A",
    "idmap": []
  },
  {
    "user_input_genelist": "FOXP1",
    "idmap": []
  },
  {
    "user_input_genelist": "KIAA1598",
    "idmap": []
  },
  {
    "user_input_genelist": "ARAP2",
    "idmap": []
  },
  {
    "user_input_genelist": "BRINP1",
    "idmap": [
      {
        "ensembl_id": "ENSG00000078725",
        "entrez_id": "1620",
        "hgnc_id": "HGNC:2687",
        "hgnc_name": "BMP/retinoic acid inducible neural specific 1",
        "hgnc_symbol": "BRINP1",
        "hgnc_synonyms": [
          "FAM5A",
          "DBCCR1"
        ],
        "user_input_genelist": [
          "BRINP1"
        ]
      }
    ]
  },
  {
    "user_input_genelist": "ATP8A2",
    "idmap": []
  },
  {
    "user_input_genelist": "CCDC144CP",
    "idmap": []
  },
  {
    "user_input_genelist": "CDH7",
    "idmap": []
  },
  {
    "user_input_genelist": "NEFM",
    "idmap": [
      {
        "ensembl_id": "ENSG00000104722",
        "entrez_id": "4741",
        "hgnc_id": "HGNC:7734",
        "hgnc_name": "neurofilament medium chain",
        "hgnc_symbol": "NEFM",
        "hgnc_synonyms": [
          "NFM",
          "NF-M",
          "NEF3"
        ],
        "user_input_genelist": [
          "NEFM"
        ]
      }
    ]
  },
  {
    "user_input_genelist": "ADAM23",
    "idmap": [
      {
        "ensembl_id": "ENSG00000114948",
        "entrez_id": "8745",
        "hgnc_id": "HGNC:202",
        "hgnc_name": "ADAM metallopeptidase domain 23",
        "hgnc_symbol": "ADAM23",
        "hgnc_synonyms": [
          "MDC3"
        ],
        "user_input_genelist": [
          "ADAM23"
        ]
      }
    ]
  },
  {
    "user_input_genelist": "DAB1",
    "idmap": [
      {
        "ensembl_id": "ENSG00000173406",
        "entrez_id": "1600",
        "hgnc_id": "HGNC:2661",
        "hgnc_name": "DAB adaptor protein 1",
        "hgnc_symbol": "DAB1",
        "hgnc_synonyms": [],
        "user_input_genelist": [
          "DAB1"
        ]
      }
    ]
  },
  {
    "user_input_genelist": "SYN3",
    "idmap": [
      {
        "ensembl_id": "ENSG00000185666",
        "entrez_id": "8224",
        "hgnc_id": "HGNC:11496",
        "hgnc_name": "synapsin III",
        "hgnc_symbol": "SYN3",
        "hgnc_synonyms": [],
        "user_input_genelist": [
          "SYN3"
        ]
      }
    ]
  },
  {
    "user_input_genelist": "AHI1",
    "idmap": []
  },
  {
    "user_input_genelist": "DCC",
    "idmap": [
      {
        "ensembl_id": "ENSG00000187323",
        "entrez_id": "1630",
        "hgnc_id": "HGNC:2701",
        "hgnc_name": "DCC netrin 1 receptor",
        "hgnc_symbol": "DCC",
        "hgnc_synonyms": [
          "IGDCC1",
          "NTN1R1"
        ],
        "user_input_genelist": [
          "DCC"
        ]
      }
    ]
  },
  {
    "user_input_genelist": "SEZ6L",
    "idmap": [
      {
        "ensembl_id": "ENSG00000100095",
        "entrez_id": "23544",
        "hgnc_id": "HGNC:10763",
        "hgnc_name": "seizure related 6 homolog like",
        "hgnc_symbol": "SEZ6L",
        "hgnc_synonyms": [
          "SEZ6L1"
        ],
        "user_input_genelist": [
          "SEZ6L"
        ]
      }
    ]
  },
  {
    "user_input_genelist": "LMO4",
    "idmap": []
  },
  {
    "user_input_genelist": "OXNAD1",
    "idmap": []
  },
  {
    "user_input_genelist": "MAOB",
    "idmap": []
  },
  {
    "user_input_genelist": "KCNQ1OT1",
    "idmap": []
  },
  {
    "user_input_genelist": "NCK2",
    "idmap": []
  },
  {
    "user_input_genelist": "TENM4",
    "idmap": [
      {
        "ensembl_id": "ENSG00000149256",
        "entrez_id": "26011",
        "hgnc_id": "HGNC:29945",
        "hgnc_name": "teneurin transmembrane protein 4",
        "hgnc_symbol": "TENM4",
        "hgnc_synonyms": [
          "KIAA1302",
          "TEN-M4",
          "TEN4",
          "DOC4",
          "ODZ4"
        ],
        "user_input_genelist": [
          "TENM4"
        ]
      }
    ]
  },
  {
    "user_input_genelist": "HSPA12A",
    "idmap": []
  },
  {
    "user_input_genelist": "SGCD",
    "idmap": []
  },
  {
    "user_input_genelist": "RPE",
    "idmap": []
  },
  {
    "user_input_genelist": "FAT3",
    "idmap": []
  },
  {
    "user_input_genelist": "LUZP2",
    "idmap": []
  },
  {
    "user_input_genelist": "CLEC2L",
    "idmap": []
  },
  {
    "user_input_genelist": "NT5DC1",
    "idmap": []
  },
  {
    "user_input_genelist": "SPATA6",
    "idmap": []
  },
  {
    "user_input_genelist": "VWA8",
    "idmap": []
  },
  {
    "user_input_genelist": "MTUS2",
    "idmap": []
  },
  {
    "user_input_genelist": "FMN1",
    "idmap": []
  },
  {
    "user_input_genelist": "SPOCK1",
    "idmap": [
      {
        "ensembl_id": "ENSG00000152377",
        "entrez_id": "6695",
        "hgnc_id": "HGNC:11251",
        "hgnc_name": "SPARC (osteonectin), cwcv and kazal like domains proteoglycan 1",
        "hgnc_symbol": "SPOCK1",
        "hgnc_synonyms": [
          "TESTICAN-1",
          "TIC1",
          "SPOCK"
        ],
        "user_input_genelist": [
          "SPOCK1"
        ]
      }
    ]
  },
  {
    "user_input_genelist": "GIT2",
    "idmap": [
      {
        "ensembl_id": "ENSG00000139436",
        "entrez_id": "9815",
        "hgnc_id": "HGNC:4273",
        "hgnc_name": "GIT ArfGAP 2",
        "hgnc_symbol": "GIT2",
        "hgnc_synonyms": [
          "KIAA0148",
          "PKL"
        ],
        "user_input_genelist": [
          "GIT2"
        ]
      }
    ]
  },
  {
    "user_input_genelist": "LOC101928998",
    "idmap": []
  },
  {
    "user_input_genelist": "HCRTR2",
    "idmap": []
  },
  {
    "user_input_genelist": "GPATCH2",
    "idmap": []
  },
  {
    "user_input_genelist": "ACSL6",
    "idmap": []
  },
  {
    "user_input_genelist": "PLA2R1",
    "idmap": []
  },
  {
    "user_input_genelist": "CABP1",
    "idmap": [
      {
        "ensembl_id": "ENSG00000157782",
        "entrez_id": "9478",
        "hgnc_id": "HGNC:1384",
        "hgnc_name": "calcium binding protein 1",
        "hgnc_symbol": "CABP1",
        "hgnc_synonyms": [],
        "user_input_genelist": [
          "CABP1"
        ]
      }
    ]
  },
  {
    "user_input_genelist": "GRIN2A",
    "idmap": [
      {
        "ensembl_id": "ENSG00000183454",
        "entrez_id": "2903",
        "hgnc_id": "HGNC:4585",
        "hgnc_name": "glutamate ionotropic receptor NMDA type subunit 2A",
        "hgnc_symbol": "GRIN2A",
        "hgnc_synonyms": [
          "GLUN2A",
          "NR2A",
          "NMDAR2A"
        ],
        "user_input_genelist": [
          "GRIN2A"
        ]
      }
    ]
  },
  {
    "user_input_genelist": "ABCA10",
    "idmap": []
  },
  {
    "user_input_genelist": "PLCB4",
    "idmap": [
      {
        "ensembl_id": "ENSG00000101333",
        "entrez_id": "5332",
        "hgnc_id": "HGNC:9059",
        "hgnc_name": "phospholipase C beta 4",
        "hgnc_symbol": "PLCB4",
        "hgnc_synonyms": [],
        "user_input_genelist": [
          "PLCB4"
        ]
      }
    ]
  },
  {
    "user_input_genelist": "CORO6",
    "idmap": []
  },
  {
    "user_input_genelist": "FLJ39080",
    "idmap": []
  },
  {
    "user_input_genelist": "FOCAD",
    "idmap": []
  },
  {
    "user_input_genelist": "FGF12",
    "idmap": []
  },
  {
    "user_input_genelist": "FAM135B",
    "idmap": []
  },
  {
    "user_input_genelist": "CYRIB",
    "idmap": []
  },
  {
    "user_input_genelist": "SH3D19",
    "idmap": []
  },
  {
    "user_input_genelist": "FRMD5",
    "idmap": []
  },
  {
    "user_input_genelist": "MALAT1",
    "idmap": []
  },
  {
    "user_input_genelist": "VPS13D",
    "idmap": []
  },
  {
    "user_input_genelist": "MAGI2",
    "idmap": [
      {
        "ensembl_id": "ENSG00000187391",
        "entrez_id": "9863",
        "hgnc_id": "HGNC:18957",
        "hgnc_name": "membrane associated guanylate kinase, WW and PDZ domain containing 2",
        "hgnc_symbol": "MAGI2",
        "hgnc_synonyms": [
          "ACVRIP1",
          "MAGI-2"
        ],
        "user_input_genelist": [
          "MAGI2"
        ]
      }
    ]
  },
  {
    "user_input_genelist": "PPA2",
    "idmap": [
      {
        "ensembl_id": "ENSG00000138777",
        "entrez_id": "27068",
        "hgnc_id": "HGNC:28883",
        "hgnc_name": "inorganic pyrophosphatase 2",
        "hgnc_symbol": "PPA2",
        "hgnc_synonyms": [
          "FLJ20459"
        ],
        "user_input_genelist": [
          "PPA2"
        ]
      }
    ]
  },
  {
    "user_input_genelist": "LOC100506393",
    "idmap": []
  },
  {
    "user_input_genelist": "DPY19L2",
    "idmap": []
  },
  {
    "user_input_genelist": "BEND6",
    "idmap": []
  },
  {
    "user_input_genelist": "C2CD3",
    "idmap": []
  },
  {
    "user_input_genelist": "SLC4A8",
    "idmap": [
      {
        "ensembl_id": "ENSG00000050438",
        "entrez_id": "9498",
        "hgnc_id": "HGNC:11034",
        "hgnc_name": "solute carrier family 4 member 8",
        "hgnc_symbol": "SLC4A8",
        "hgnc_synonyms": [],
        "user_input_genelist": [
          "SLC4A8"
        ]
      }
    ]
  },
  {
    "user_input_genelist": "AOPEP",
    "idmap": []
  },
  {
    "user_input_genelist": "ME1",
    "idmap": []
  },
  {
    "user_input_genelist": "KCNA1",
    "idmap": [
      {
        "ensembl_id": "ENSG00000111262",
        "entrez_id": "3736",
        "hgnc_id": "HGNC:6218",
        "hgnc_name": "potassium voltage-gated channel subfamily A member 1",
        "hgnc_symbol": "KCNA1",
        "hgnc_synonyms": [
          "KV1.1",
          "RBK1",
          "HUK1",
          "MBK1",
          "AEMK"
        ],
        "user_input_genelist": [
          "KCNA1"
        ]
      }
    ]
  },
  {
    "user_input_genelist": "CAMKMT",
    "idmap": []
  },
  {
    "user_input_genelist": "PLCB1",
    "idmap": [
      {
        "ensembl_id": "ENSG00000182621",
        "entrez_id": "23236",
        "hgnc_id": "HGNC:15917",
        "hgnc_name": "phospholipase C beta 1",
        "hgnc_symbol": "PLCB1",
        "hgnc_synonyms": [
          "KIAA0581",
          "PLC-I",
          "PLC154"
        ],
        "user_input_genelist": [
          "PLCB1"
        ]
      }
    ]
  },
  {
    "user_input_genelist": "TTLL11",
    "idmap": []
  },
  {
    "user_input_genelist": "ZNF680",
    "idmap": []
  },
  {
    "user_input_genelist": "DTNA",
    "idmap": []
  },
  {
    "user_input_genelist": "ADGRB3",
    "idmap": [
      {
        "ensembl_id": "ENSG00000135298",
        "entrez_id": "577",
        "hgnc_id": "HGNC:945",
        "hgnc_name": "adhesion G protein-coupled receptor B3",
        "hgnc_symbol": "ADGRB3",
        "hgnc_synonyms": [
          "KIAA0550",
          "BAI3"
        ],
        "user_input_genelist": [
          "ADGRB3"
        ]
      }
    ]
  },
  {
    "user_input_genelist": "STRBP",
    "idmap": []
  },
  {
    "user_input_genelist": "HCN1",
    "idmap": [
      {
        "ensembl_id": "ENSG00000164588",
        "entrez_id": "348980",
        "hgnc_id": "HGNC:4845",
        "hgnc_name": "hyperpolarization activated cyclic nucleotide gated potassium channel 1",
        "hgnc_symbol": "HCN1",
        "hgnc_synonyms": [
          "BCNG-1",
          "HAC-2",
          "BCNG1"
        ],
        "user_input_genelist": [
          "HCN1"
        ]
      }
    ]
  },
  {
    "user_input_genelist": "GRID1",
    "idmap": [
      {
        "ensembl_id": "ENSG00000182771",
        "entrez_id": "2894",
        "hgnc_id": "HGNC:4575",
        "hgnc_name": "glutamate ionotropic receptor delta type subunit 1",
        "hgnc_symbol": "GRID1",
        "hgnc_synonyms": [
          "KIAA1220"
        ],
        "user_input_genelist": [
          "GRID1"
        ]
      }
    ]
  },
  {
    "user_input_genelist": "RCAN2",
    "idmap": []
  },
  {
    "user_input_genelist": "ENOX1",
    "idmap": []
  },
  {
    "user_input_genelist": "SIK3",
    "idmap": []
  },
  {
    "user_input_genelist": "LOC105376066",
    "idmap": []
  },
  {
    "user_input_genelist": "SLC38A1",
    "idmap": []
  },
  {
    "user_input_genelist": "GPLD1",
    "idmap": []
  },
  {
    "user_input_genelist": "VPS8",
    "idmap": []
  },
  {
    "user_input_genelist": "DCLK1",
    "idmap": [
      {
        "ensembl_id": "ENSG00000133083",
        "entrez_id": "9201",
        "hgnc_id": "HGNC:2700",
        "hgnc_name": "doublecortin like kinase 1",
        "hgnc_symbol": "DCLK1",
        "hgnc_synonyms": [
          "KIAA0369",
          "DCLK",
          "DCDC3A",
          "DCAMKL1"
        ],
        "user_input_genelist": [
          "DCLK1"
        ]
      }
    ]
  },
  {
    "user_input_genelist": "DIP2C",
    "idmap": []
  },
  {
    "user_input_genelist": "ADAMTS19",
    "idmap": []
  },
  {
    "user_input_genelist": "HOMER1",
    "idmap": [
      {
        "ensembl_id": "ENSG00000152413",
        "entrez_id": "9456",
        "hgnc_id": "HGNC:17512",
        "hgnc_name": "homer scaffold protein 1",
        "hgnc_symbol": "HOMER1",
        "hgnc_synonyms": [
          "VES-1",
          "SYN47",
          "HOMER-1B"
        ],
        "user_input_genelist": [
          "HOMER1"
        ]
      }
    ]
  },
  {
    "user_input_genelist": "NPAS3",
    "idmap": []
  },
  {
    "user_input_genelist": "EPHA6",
    "idmap": []
  },
  {
    "user_input_genelist": "RAPGEF6",
    "idmap": []
  },
  {
    "user_input_genelist": "NSF",
    "idmap": [
      {
        "ensembl_id": "ENSG00000073969",
        "entrez_id": "4905",
        "hgnc_id": "HGNC:8016",
        "hgnc_name": "N-ethylmaleimide sensitive factor, vesicle fusing ATPase",
        "hgnc_symbol": "NSF",
        "hgnc_synonyms": [
          "SEC18"
        ],
        "user_input_genelist": [
          "NSF"
        ]
      }
    ]
  },
  {
    "user_input_genelist": "ADAM22",
    "idmap": [
      {
        "ensembl_id": "ENSG00000008277",
        "entrez_id": "53616",
        "hgnc_id": "HGNC:201",
        "hgnc_name": "ADAM metallopeptidase domain 22",
        "hgnc_symbol": "ADAM22",
        "hgnc_synonyms": [
          "MDC2"
        ],
        "user_input_genelist": [
          "ADAM22"
        ]
      }
    ]
  },
  {
    "user_input_genelist": "ASTN2",
    "idmap": []
  },
  {
    "user_input_genelist": "CNTNAP2",
    "idmap": [
      {
        "ensembl_id": "ENSG00000174469",
        "entrez_id": "26047",
        "hgnc_id": "HGNC:13830",
        "hgnc_name": "contactin associated protein 2",
        "hgnc_symbol": "CNTNAP2",
        "hgnc_synonyms": [
          "CASPR2",
          "KIAA0868"
        ],
        "user_input_genelist": [
          "CNTNAP2"
        ]
      }
    ]
  },
  {
    "user_input_genelist": "CTTNBP2",
    "idmap": [
      {
        "ensembl_id": "ENSG00000077063",
        "entrez_id": "83992",
        "hgnc_id": "HGNC:15679",
        "hgnc_name": "cortactin binding protein 2",
        "hgnc_symbol": "CTTNBP2",
        "hgnc_synonyms": [
          "KIAA1758",
          "ORF4",
          "CORTBP2",
          "C7ORF8"
        ],
        "user_input_genelist": [
          "CTTNBP2"
        ]
      }
    ]
  },
  {
    "user_input_genelist": "ABLIM1",
    "idmap": [
      {
        "ensembl_id": "ENSG00000099204",
        "entrez_id": "3983",
        "hgnc_id": "HGNC:78",
        "hgnc_name": "actin binding LIM protein 1",
        "hgnc_symbol": "ABLIM1",
        "hgnc_synonyms": [
          "ABLIM",
          "LIMATIN",
          "LIMAB1"
        ],
        "user_input_genelist": [
          "ABLIM1"
        ]
      }
    ]
  },
  {
    "user_input_genelist": "RANBP17",
    "idmap": []
  },
  {
    "user_input_genelist": "FAM171A1",
    "idmap": []
  },
  {
    "user_input_genelist": "CHKA",
    "idmap": []
  },
  {
    "user_input_genelist": "FTH1",
    "idmap": []
  },
  {
    "user_input_genelist": "ARHGEF7",
    "idmap": [
      {
        "ensembl_id": "ENSG00000102606",
        "entrez_id": "8874",
        "hgnc_id": "HGNC:15607",
        "hgnc_name": "Rho guanine nucleotide exchange factor 7",
        "hgnc_symbol": "ARHGEF7",
        "hgnc_synonyms": [
          "KIAA0142",
          "PIXB",
          "DKFZP761K1021",
          "NBLA10314",
          "DKFZP686C12170",
          "BETA-PIX",
          "COOL1",
          "P85SPR",
          "P85COOL1",
          "P50BP"
        ],
        "user_input_genelist": [
          "ARHGEF7"
        ]
      }
    ]
  },
  {
    "user_input_genelist": "LUZP1",
    "idmap": []
  },
  {
    "user_input_genelist": "NR3C2",
    "idmap": [
      {
        "ensembl_id": "ENSG00000151623",
        "entrez_id": "4306",
        "hgnc_id": "HGNC:7979",
        "hgnc_name": "nuclear receptor subfamily 3 group C member 2",
        "hgnc_symbol": "NR3C2",
        "hgnc_synonyms": [
          "MR",
          "MLR"
        ],
        "user_input_genelist": [
          "NR3C2"
        ]
      }
    ]
  },
  {
    "user_input_genelist": "ABCA5",
    "idmap": []
  },
  {
    "user_input_genelist": "MSI2",
    "idmap": []
  },
  {
    "user_input_genelist": "TBRG1",
    "idmap": []
  },
  {
    "user_input_genelist": "EVI5",
    "idmap": [
      {
        "ensembl_id": "ENSG00000067208",
        "entrez_id": "7813",
        "hgnc_id": "HGNC:3501",
        "hgnc_name": "ecotropic viral integration site 5",
        "hgnc_symbol": "EVI5",
        "hgnc_synonyms": [
          "NB4S"
        ],
        "user_input_genelist": [
          "EVI5"
        ]
      }
    ]
  },
  {
    "user_input_genelist": "GLS",
    "idmap": []
  },
  {
    "user_input_genelist": "ACYP2",
    "idmap": []
  },
  {
    "user_input_genelist": "TRIM2",
    "idmap": []
  },
  {
    "user_input_genelist": "VGLL4",
    "idmap": []
  },
  {
    "user_input_genelist": "SORL1",
    "idmap": []
  },
  {
    "user_input_genelist": "PRR16",
    "idmap": []
  },
  {
    "user_input_genelist": "GMDS",
    "idmap": []
  },
  {
    "user_input_genelist": "PCSK1",
    "idmap": []
  },
  {
    "user_input_genelist": "RAB3C",
    "idmap": [
      {
        "ensembl_id": "ENSG00000152932",
        "entrez_id": "115827",
        "hgnc_id": "HGNC:30269",
        "hgnc_name": "RAB3C, member RAS oncogene family",
        "hgnc_symbol": "RAB3C",
        "hgnc_synonyms": [],
        "user_input_genelist": [
          "RAB3C"
        ]
      }
    ]
  },
  {
    "user_input_genelist": "UXS1",
    "idmap": []
  },
  {
    "user_input_genelist": "PTPRZ1",
    "idmap": [
      {
        "ensembl_id": "ENSG00000106278",
        "entrez_id": "5803",
        "hgnc_id": "HGNC:9685",
        "hgnc_name": "protein tyrosine phosphatase receptor type Z1",
        "hgnc_symbol": "PTPRZ1",
        "hgnc_synonyms": [
          "PTP18",
          "RPTPB",
          "PHOSPHACAN",
          "PTPZ"
        ],
        "user_input_genelist": [
          "PTPRZ1"
        ]
      }
    ]
  },
  {
    "user_input_genelist": "PLCL1",
    "idmap": []
  },
  {
    "user_input_genelist": "PTPRN2",
    "idmap": [
      {
        "ensembl_id": "ENSG00000155093",
        "entrez_id": "5799",
        "hgnc_id": "HGNC:9677",
        "hgnc_name": "protein tyrosine phosphatase receptor type N2",
        "hgnc_symbol": "PTPRN2",
        "hgnc_synonyms": [
          "KIAA0387",
          "PHOGRIN",
          "ICAAR",
          "IA-2BETA"
        ],
        "user_input_genelist": [
          "PTPRN2"
        ]
      }
    ]
  },
  {
    "user_input_genelist": "ATP1A1",
    "idmap": []
  },
  {
    "user_input_genelist": "CFAP221",
    "idmap": []
  },
  {
    "user_input_genelist": "PLXNA4",
    "idmap": [
      {
        "ensembl_id": "ENSG00000221866",
        "entrez_id": "91584",
        "hgnc_id": "HGNC:9102",
        "hgnc_name": "plexin A4",
        "hgnc_symbol": "PLXNA4",
        "hgnc_synonyms": [
          "KIAA1550",
          "DKFZP434G0625PRO34003",
          "FAYV2820",
          "PLXNA4A",
          "PLXNA4B"
        ],
        "user_input_genelist": [
          "PLXNA4"
        ]
      }
    ]
  },
  {
    "user_input_genelist": "SANBR",
    "idmap": []
  },
  {
    "user_input_genelist": "NRGN",
    "idmap": [
      {
        "ensembl_id": "ENSG00000154146",
        "entrez_id": "4900",
        "hgnc_id": "HGNC:8000",
        "hgnc_name": "neurogranin",
        "hgnc_symbol": "NRGN",
        "hgnc_synonyms": [],
        "user_input_genelist": [
          "NRGN"
        ]
      }
    ]
  },
  {
    "user_input_genelist": "ITPR2",
    "idmap": []
  },
  {
    "user_input_genelist": "BMP2K",
    "idmap": []
  },
  {
    "user_input_genelist": "HDAC4",
    "idmap": []
  },
  {
    "user_input_genelist": "FBXO33",
    "idmap": []
  },
  {
    "user_input_genelist": "NETO1",
    "idmap": [
      {
        "ensembl_id": "ENSG00000166342",
        "entrez_id": "81832",
        "hgnc_id": "HGNC:13823",
        "hgnc_name": "neuropilin and tolloid like 1",
        "hgnc_symbol": "NETO1",
        "hgnc_synonyms": [
          "BTCL1",
          "BCTL1"
        ],
        "user_input_genelist": [
          "NETO1"
        ]
      }
    ]
  },
  {
    "user_input_genelist": "PDE8B",
    "idmap": []
  },
  {
    "user_input_genelist": "CEP85L",
    "idmap": []
  },
  {
    "user_input_genelist": "LOC100506023",
    "idmap": []
  },
  {
    "user_input_genelist": "LOC105371308",
    "idmap": []
  },
  {
    "user_input_genelist": "SYBU",
    "idmap": []
  },
  {
    "user_input_genelist": "ARID5B",
    "idmap": []
  },
  {
    "user_input_genelist": "HSD17B12",
    "idmap": []
  },
  {
    "user_input_genelist": "RNF150",
    "idmap": []
  },
  {
    "user_input_genelist": "LDB2",
    "idmap": []
  },
  {
    "user_input_genelist": "RAP1GDS1",
    "idmap": []
  },
  {
    "user_input_genelist": "RORA",
    "idmap": []
  },
  {
    "user_input_genelist": "PDE1C",
    "idmap": []
  },
  {
    "user_input_genelist": "SCAI",
    "idmap": []
  },
  {
    "user_input_genelist": "MIR181A1HG",
    "idmap": []
  },
  {
    "user_input_genelist": "TMEM163",
    "idmap": [
      {
        "ensembl_id": "ENSG00000152128",
        "entrez_id": "81615",
        "hgnc_id": "HGNC:25380",
        "hgnc_name": "transmembrane protein 163",
        "hgnc_symbol": "TMEM163",
        "hgnc_synonyms": [
          "DKFZP566N034",
          "SV31",
          "SLC30A11"
        ],
        "user_input_genelist": [
          "TMEM163"
        ]
      }
    ]
  },
  {
    "user_input_genelist": "SATB2",
    "idmap": []
  },
  {
    "user_input_genelist": "DLGAP2",
    "idmap": [
      {
        "ensembl_id": "ENSG00000198010",
        "entrez_id": "9228",
        "hgnc_id": "HGNC:2906",
        "hgnc_name": "DLG associated protein 2",
        "hgnc_symbol": "DLGAP2",
        "hgnc_synonyms": [
          "DAP-2",
          "ERICH1-AS1",
          "C8ORF68"
        ],
        "user_input_genelist": [
          "DLGAP2"
        ]
      }
    ]
  },
  {
    "user_input_genelist": "SNHG24",
    "idmap": []
  },
  {
    "user_input_genelist": "SPARCL1",
    "idmap": [
      {
        "ensembl_id": "ENSG00000152583",
        "entrez_id": "8404",
        "hgnc_id": "HGNC:11220",
        "hgnc_name": "SPARC like 1",
        "hgnc_symbol": "SPARCL1",
        "hgnc_synonyms": [
          "MAST9"
        ],
        "user_input_genelist": [
          "SPARCL1"
        ]
      }
    ]
  },
  {
    "user_input_genelist": "SLC25A12",
    "idmap": []
  },
  {
    "user_input_genelist": "NEBL",
    "idmap": []
  },
  {
    "user_input_genelist": "IQSEC1",
    "idmap": [
      {
        "ensembl_id": "ENSG00000144711",
        "entrez_id": "9922",
        "hgnc_id": "HGNC:29112",
        "hgnc_name": "IQ motif and Sec7 domain ArfGEF 1",
        "hgnc_symbol": "IQSEC1",
        "hgnc_synonyms": [
          "KIAA0763",
          "GEP100",
          "BRAG2",
          "ARF-GEP100"
        ],
        "user_input_genelist": [
          "IQSEC1"
        ]
      }
    ]
  },
  {
    "user_input_genelist": "COL12A1",
    "idmap": []
  },
  {
    "user_input_genelist": "SPHKAP",
    "idmap": []
  },
  {
    "user_input_genelist": "PCCA",
    "idmap": []
  },
  {
    "user_input_genelist": "SLC8A1",
    "idmap": [
      {
        "ensembl_id": "ENSG00000183023",
        "entrez_id": "6546",
        "hgnc_id": "HGNC:11068",
        "hgnc_name": "solute carrier family 8 member A1",
        "hgnc_symbol": "SLC8A1",
        "hgnc_synonyms": [
          "NCX1"
        ],
        "user_input_genelist": [
          "SLC8A1"
        ]
      }
    ]
  },
  {
    "user_input_genelist": "CLVS2",
    "idmap": []
  },
  {
    "user_input_genelist": "FRAS1",
    "idmap": []
  },
  {
    "user_input_genelist": "FHIT",
    "idmap": []
  },
  {
    "user_input_genelist": "LOC101929294",
    "idmap": []
  },
  {
    "user_input_genelist": "OSBPL1A",
    "idmap": []
  },
  {
    "user_input_genelist": "SORBS1",
    "idmap": []
  },
  {
    "user_input_genelist": "MAST4",
    "idmap": []
  },
  {
    "user_input_genelist": "NFIB",
    "idmap": []
  },
  {
    "user_input_genelist": "GLCCI1",
    "idmap": []
  },
  {
    "user_input_genelist": "SLC44A5",
    "idmap": []
  },
  {
    "user_input_genelist": "DSCAM",
    "idmap": []
  },
  {
    "user_input_genelist": "RAPGEF5",
    "idmap": []
  },
  {
    "user_input_genelist": "UBE2E2",
    "idmap": []
  },
  {
    "user_input_genelist": "TLK1",
    "idmap": []
  },
  {
    "user_input_genelist": "LOC101928387",
    "idmap": []
  },
  {
    "user_input_genelist": "LOC105378797",
    "idmap": []
  },
  {
    "user_input_genelist": "INPP4B",
    "idmap": []
  },
  {
    "user_input_genelist": "CALD1",
    "idmap": [
      {
        "ensembl_id": "ENSG00000122786",
        "entrez_id": "800",
        "hgnc_id": "HGNC:1441",
        "hgnc_name": "caldesmon 1",
        "hgnc_symbol": "CALD1",
        "hgnc_synonyms": [
          "H-CAD",
          "L-CAD",
          "H-CD"
        ],
        "user_input_genelist": [
          "CALD1"
        ]
      }
    ]
  },
  {
    "user_input_genelist": "PRKCB",
    "idmap": [
      {
        "ensembl_id": "ENSG00000166501",
        "entrez_id": "5579",
        "hgnc_id": "HGNC:9395",
        "hgnc_name": "protein kinase C beta",
        "hgnc_symbol": "PRKCB",
        "hgnc_synonyms": [
          "PKCB",
          "PRKCB2",
          "PKCB",
          "PRKCB1"
        ],
        "user_input_genelist": [
          "PRKCB"
        ]
      }
    ]
  },
  {
    "user_input_genelist": "GPM6B",
    "idmap": []
  },
  {
    "user_input_genelist": "SMARCA2",
    "idmap": []
  },
  {
    "user_input_genelist": "CDH6",
    "idmap": [
      {
        "ensembl_id": "ENSG00000113361",
        "entrez_id": "1004",
        "hgnc_id": "HGNC:1765",
        "hgnc_name": "cadherin 6",
        "hgnc_symbol": "CDH6",
        "hgnc_synonyms": [],
        "user_input_genelist": [
          "CDH6"
        ]
      }
    ]
  },
  {
    "user_input_genelist": "FSTL4",
    "idmap": []
  },
  {
    "user_input_genelist": "LOC101928095",
    "idmap": []
  },
  {
    "user_input_genelist": "FSTL5",
    "idmap": []
  },
  {
    "user_input_genelist": "MGAT4C",
    "idmap": []
  },
  {
    "user_input_genelist": "PDE10A",
    "idmap": [
      {
        "ensembl_id": "ENSG00000112541",
        "entrez_id": "10846",
        "hgnc_id": "HGNC:8772",
        "hgnc_name": "phosphodiesterase 10A",
        "hgnc_symbol": "PDE10A",
        "hgnc_synonyms": [],
        "user_input_genelist": [
          "PDE10A"
        ]
      }
    ]
  },
  {
    "user_input_genelist": "ELL2",
    "idmap": []
  },
  {
    "user_input_genelist": "SORCS3",
    "idmap": [
      {
        "ensembl_id": "ENSG00000156395",
        "entrez_id": "22986",
        "hgnc_id": "HGNC:16699",
        "hgnc_name": "sortilin related VPS10 domain containing receptor 3",
        "hgnc_symbol": "SORCS3",
        "hgnc_synonyms": [
          "KIAA1059",
          "SORCS"
        ],
        "user_input_genelist": [
          "SORCS3"
        ]
      }
    ]
  },
  {
    "user_input_genelist": "DPP6",
    "idmap": [
      {
        "ensembl_id": "ENSG00000130226",
        "entrez_id": "1804",
        "hgnc_id": "HGNC:3010",
        "hgnc_name": "dipeptidyl peptidase like 6",
        "hgnc_symbol": "DPP6",
        "hgnc_synonyms": [
          "DPPX",
          "DPL1"
        ],
        "user_input_genelist": [
          "DPP6"
        ]
      }
    ]
  },
  {
    "user_input_genelist": "NETO2",
    "idmap": [
      {
        "ensembl_id": "ENSG00000171208",
        "entrez_id": "81831",
        "hgnc_id": "HGNC:14644",
        "hgnc_name": "neuropilin and tolloid like 2",
        "hgnc_symbol": "NETO2",
        "hgnc_synonyms": [
          "FLJ10430",
          "NEOT2"
        ],
        "user_input_genelist": [
          "NETO2"
        ]
      }
    ]
  },
  {
    "user_input_genelist": "TESPA1",
    "idmap": []
  },
  {
    "user_input_genelist": "LOC284930",
    "idmap": []
  },
  {
    "user_input_genelist": "PDE4B",
    "idmap": []
  },
  {
    "user_input_genelist": "DIP2A",
    "idmap": [
      {
        "ensembl_id": "ENSG00000160305",
        "entrez_id": "23181",
        "hgnc_id": "HGNC:17217",
        "hgnc_name": "disco interacting protein 2 homolog A",
        "hgnc_symbol": "DIP2A",
        "hgnc_synonyms": [
          "KIAA0184",
          "C21ORF106"
        ],
        "user_input_genelist": [
          "DIP2A"
        ]
      }
    ]
  },
  {
    "user_input_genelist": "EDIL3",
    "idmap": []
  },
  {
    "user_input_genelist": "CNTN5",
    "idmap": [
      {
        "ensembl_id": "ENSG00000149972",
        "entrez_id": "53942",
        "hgnc_id": "HGNC:2175",
        "hgnc_name": "contactin 5",
        "hgnc_symbol": "CNTN5",
        "hgnc_synonyms": [
          "NB-2",
          "HNB-2"
        ],
        "user_input_genelist": [
          "CNTN5"
        ]
      }
    ]
  },
  {
    "user_input_genelist": "PSME4",
    "idmap": []
  },
  {
    "user_input_genelist": "PTPRM",
    "idmap": []
  },
  {
    "user_input_genelist": "TLE4",
    "idmap": []
  },
  {
    "user_input_genelist": "ELMO1",
    "idmap": [
      {
        "ensembl_id": "ENSG00000155849",
        "entrez_id": "9844",
        "hgnc_id": "HGNC:16286",
        "hgnc_name": "engulfment and cell motility 1",
        "hgnc_symbol": "ELMO1",
        "hgnc_synonyms": [
          "KIAA0281",
          "ELMO-1"
        ],
        "user_input_genelist": [
          "ELMO1"
        ]
      }
    ]
  },
  {
    "user_input_genelist": "BAALC",
    "idmap": []
  },
  {
    "user_input_genelist": "CBLN2",
    "idmap": [
      {
        "ensembl_id": "ENSG00000141668",
        "entrez_id": "147381",
        "hgnc_id": "HGNC:1544",
        "hgnc_name": "cerebellin 2 precursor",
        "hgnc_symbol": "CBLN2",
        "hgnc_synonyms": [],
        "user_input_genelist": [
          "CBLN2"
        ]
      }
    ]
  },
  {
    "user_input_genelist": "MYO1D",
    "idmap": []
  },
  {
    "user_input_genelist": "SGCZ",
    "idmap": []
  },
  {
    "user_input_genelist": "SLC2A13",
    "idmap": []
  },
  {
    "user_input_genelist": "CNTN4",
    "idmap": []
  },
  {
    "user_input_genelist": "SIK2",
    "idmap": []
  },
  {
    "user_input_genelist": "WWOX",
    "idmap": []
  },
  {
    "user_input_genelist": "ZNF385D",
    "idmap": []
  },
  {
    "user_input_genelist": "ITGA8",
    "idmap": [
      {
        "ensembl_id": "ENSG00000077943",
        "entrez_id": "8516",
        "hgnc_id": "HGNC:6144",
        "hgnc_name": "integrin subunit alpha 8",
        "hgnc_symbol": "ITGA8",
        "hgnc_synonyms": [],
        "user_input_genelist": [
          "ITGA8"
        ]
      }
    ]
  },
  {
    "user_input_genelist": "STXBP5-AS1",
    "idmap": []
  },
  {
    "user_input_genelist": "WBSCR17",
    "idmap": []
  }
]