[
  {
    "user_input_genelist": "DAB1",
    "idmap": [
      {
        "ensembl_id": "ENSG00000173406",
        "entrez_id": "1600",
        "hgnc_id": "HGNC:2661",
        "hgnc_name": "DAB adaptor protein 1",
        "hgnc_symbol": "DAB1",
        "hgnc_synonyms": [],
        "user_input_genelist": [
          "DAB1"
        ]
      }
    ]
  },
  {
    "user_input_genelist": "ADD3-AS1",
    "idmap": []
  },
  {
    "user_input_genelist": "KCNK2",
    "idmap": [
      {
        "ensembl_id": "ENSG00000082482",
        "entrez_id": "3776",
        "hgnc_id": "HGNC:6277",
        "hgnc_name": "potassium two pore domain channel subfamily K member 2",
        "hgnc_symbol": "KCNK2",
        "hgnc_synonyms": [
          "K2P2.1",
          "TREK-1"
        ],
        "user_input_genelist": [
          "KCNK2"
        ]
      }
    ]
  },
  {
    "user_input_genelist": "PLCXD3",
    "idmap": [
      {
        "ensembl_id": "ENSG00000182836",
        "entrez_id": "345557",
        "hgnc_id": "HGNC:31822",
        "hgnc_name": "phosphatidylinositol specific phospholipase C X domain containing 3",
        "hgnc_symbol": "PLCXD3",
        "hgnc_synonyms": [],
        "user_input_genelist": [
          "PLCXD3"
        ]
      }
    ]
  },
  {
    "user_input_genelist": "MGAT4C",
    "idmap": []
  },
  {
    "user_input_genelist": "LOC101928278",
    "idmap": []
  },
  {
    "user_input_genelist": "GRID2",
    "idmap": [
      {
        "ensembl_id": "ENSG00000152208",
        "entrez_id": "2895",
        "hgnc_id": "HGNC:4576",
        "hgnc_name": "glutamate ionotropic receptor delta type subunit 2",
        "hgnc_symbol": "GRID2",
        "hgnc_synonyms": [
          "GLUR-DELTA-2"
        ],
        "user_input_genelist": [
          "GRID2"
        ]
      }
    ]
  },
  {
    "user_input_genelist": "NPY1R",
    "idmap": [
      {
        "ensembl_id": "ENSG00000164128",
        "entrez_id": "4886",
        "hgnc_id": "HGNC:7956",
        "hgnc_name": "neuropeptide Y receptor Y1",
        "hgnc_symbol": "NPY1R",
        "hgnc_synonyms": [],
        "user_input_genelist": [
          "NPY1R"
        ]
      }
    ]
  },
  {
    "user_input_genelist": "NKAIN2",
    "idmap": []
  },
  {
    "user_input_genelist": "LOC100132891",
    "idmap": []
  },
  {
    "user_input_genelist": "SPHKAP",
    "idmap": []
  },
  {
    "user_input_genelist": "KAZN",
    "idmap": []
  },
  {
    "user_input_genelist": "UNC5D",
    "idmap": []
  },
  {
    "user_input_genelist": "NREP",
    "idmap": []
  },
  {
    "user_input_genelist": "EPHA3",
    "idmap": [
      {
        "ensembl_id": "ENSG00000044524",
        "entrez_id": "2042",
        "hgnc_id": "HGNC:3387",
        "hgnc_name": "EPH receptor A3",
        "hgnc_symbol": "EPHA3",
        "hgnc_synonyms": [
          "HEK",
          "HEK4",
          "ETK1"
        ],
        "user_input_genelist": [
          "EPHA3"
        ]
      }
    ]
  },
  {
    "user_input_genelist": "NCALD",
    "idmap": []
  },
  {
    "user_input_genelist": "KCNC2",
    "idmap": [
      {
        "ensembl_id": "ENSG00000166006",
        "entrez_id": "3747",
        "hgnc_id": "HGNC:6234",
        "hgnc_name": "potassium voltage-gated channel subfamily C member 2",
        "hgnc_symbol": "KCNC2",
        "hgnc_synonyms": [
          "KV3.2"
        ],
        "user_input_genelist": [
          "KCNC2"
        ]
      }
    ]
  },
  {
    "user_input_genelist": "DLEU2",
    "idmap": []
  },
  {
    "user_input_genelist": "RASGRF2",
    "idmap": [
      {
        "ensembl_id": "ENSG00000113319",
        "entrez_id": "5924",
        "hgnc_id": "HGNC:9876",
        "hgnc_name": "Ras protein specific guanine nucleotide releasing factor 2",
        "hgnc_symbol": "RASGRF2",
        "hgnc_synonyms": [
          "RAS-GRF2"
        ],
        "user_input_genelist": [
          "RASGRF2"
        ]
      }
    ]
  },
  {
    "user_input_genelist": "PTPRT",
    "idmap": [
      {
        "ensembl_id": "ENSG00000196090",
        "entrez_id": "11122",
        "hgnc_id": "HGNC:9682",
        "hgnc_name": "protein tyrosine phosphatase receptor type T",
        "hgnc_symbol": "PTPRT",
        "hgnc_synonyms": [
          "RPTPRHO",
          "KIAA0283"
        ],
        "user_input_genelist": [
          "PTPRT"
        ]
      }
    ]
  },
  {
    "user_input_genelist": "COL19A1",
    "idmap": []
  },
  {
    "user_input_genelist": "LOC105378486",
    "idmap": []
  },
  {
    "user_input_genelist": "CDH12",
    "idmap": []
  },
  {
    "user_input_genelist": "ZFPM2",
    "idmap": []
  },
  {
    "user_input_genelist": "GALNT18",
    "idmap": []
  },
  {
    "user_input_genelist": "ENOX1",
    "idmap": []
  },
  {
    "user_input_genelist": "PRKD1",
    "idmap": []
  },
  {
    "user_input_genelist": "CYTB",
    "idmap": []
  },
  {
    "user_input_genelist": "COX3",
    "idmap": []
  },
  {
    "user_input_genelist": "ND4",
    "idmap": []
  },
  {
    "user_input_genelist": "UTRN",
    "idmap": []
  },
  {
    "user_input_genelist": "NRG1",
    "idmap": [
      {
        "ensembl_id": "ENSG00000157168",
        "entrez_id": "3084",
        "hgnc_id": "HGNC:7997",
        "hgnc_name": "neuregulin 1",
        "hgnc_symbol": "NRG1",
        "hgnc_synonyms": [
          "NDF",
          "GGF",
          "NRG1-IT2"
        ],
        "user_input_genelist": [
          "NRG1"
        ]
      }
    ]
  },
  {
    "user_input_genelist": "VWC2L",
    "idmap": []
  },
  {
    "user_input_genelist": "COX2",
    "idmap": []
  },
  {
    "user_input_genelist": "GALNT13",
    "idmap": []
  },
  {
    "user_input_genelist": "ATP6",
    "idmap": []
  },
  {
    "user_input_genelist": "COX1",
    "idmap": []
  },
  {
    "user_input_genelist": "RNR2",
    "idmap": []
  },
  {
    "user_input_genelist": "NRXN3",
    "idmap": [
      {
        "ensembl_id": "ENSG00000021645",
        "entrez_id": "9369",
        "hgnc_id": "HGNC:8010",
        "hgnc_name": "neurexin 3",
        "hgnc_symbol": "NRXN3",
        "hgnc_synonyms": [
          "KIAA0743",
          "C14ORF60"
        ],
        "user_input_genelist": [
          "NRXN3"
        ]
      }
    ]
  },
  {
    "user_input_genelist": "ND1",
    "idmap": []
  },
  {
    "user_input_genelist": "GPC5",
    "idmap": []
  },
  {
    "user_input_genelist": "ND3",
    "idmap": []
  },
  {
    "user_input_genelist": "ROBO1",
    "idmap": []
  }
]