{
  "direct": {
    "hgnc_id": {
      "SYNGO:synprocess": [],
      "SYNGO:presynprocess": [],
      "SYNGO:postsynprocess": [],
      "GO:0099536": [],
      "GO:0050808": [
        "HGNC:18582"
      ],
      "SYNGO:metabolism": [],
      "SYNGO:transport": [],
      "GO:0099509": [],
      "GO:0099505": [],
      "GO:0140238": [],
      "GO:0099504": [
        "HGNC:11496"
      ],
      "GO:0099525": [],
      "GO:0001504": [],
      "GO:0098810": [],
      "SYNGO:presyn_chaperoneProteinFolding": [],
      "GO:0098928": [],
      "GO:0099566": [],
      "GO:0060078": [],
      "GO:0098962": [
        "HGNC:17512"
      ],
      "GO:0099072": [
        "HGNC:13830",
        "HGNC:16669"
      ],
      "GO:0140239": [],
      "GO:0150038": [],
      "GO:0098926": [],
      "GO:0099537": [
        "HGNC:16669"
      ],
      "GO:0099538": [
        "HGNC:1569"
      ],
      "GO:0099163": [],
      "GO:0099172": [],
      "GO:0099173": [],
      "GO:0099563": [],
      "GO:0050807": [
        "HGNC:9678"
      ],
      "GO:0098918": [],
      "GO:0150043": [],
      "GO:0099560": [
        "HGNC:1768",
        "HGNC:3225",
        "HGNC:29317"
      ],
      "GO:0008039": [],
      "GO:0007416": [
        "HGNC:1768"
      ],
      "GO:0098883": [],
      "GO:0060074": [],
      "GO:0099558": [],
      "GO:0099187": [],
      "GO:0099188": [],
      "SYNGO:presyn_ATPmetabolic": [],
      "SYNGO:postsyn_ATPmetabolic": [],
      "GO:0099546": [],
      "GO:0099574": [],
      "GO:0099547": [],
      "GO:0042135": [],
      "GO:0140246": [],
      "GO:0042136": [],
      "GO:0140241": [],
      "GO:0140235": [],
      "GO:0008088": [],
      "GO:0099514": [],
      "GO:0099090": [],
      "GO:0099089": [],
      "GO:0099637": [],
      "GO:1905056": [],
      "GO:0099534": [],
      "GO:0099626": [],
      "GO:0099507": [],
      "GO:0099508": [],
      "GO:0150047": [
        "HGNC:22394",
        "HGNC:29244"
      ],
      "GO:0140232": [],
      "GO:0098693": [],
      "GO:0097091": [
        "HGNC:11496"
      ],
      "GO:0099532": [],
      "GO:0016079": [],
      "GO:0098700": [],
      "GO:0099180": [],
      "GO:0097401": [],
      "GO:0048488": [],
      "GO:0099161": [],
      "GO:0051580": [],
      "GO:0099526": [],
      "GO:1905059": [],
      "GO:0099567": [],
      "GO:1905060": [],
      "GO:0098695": [],
      "GO:0099583": [],
      "GO:0140233": [],
      "GO:1904315": [],
      "GO:1905030": [],
      "GO:0099645": [],
      "GO:0098967": [],
      "GO:0098970": [],
      "GO:0098884": [],
      "GO:0150044": [],
      "GO:0099527": [],
      "GO:0099541": [],
      "GO:0099540": [],
      "GO:0099543": [],
      "GO:0099545": [],
      "GO:0099157": [],
      "GO:0099183": [],
      "GO:0099550": [],
      "GO:0007268": [],
      "GO:0150045": [],
      "GO:0099174": [],
      "GO:0099175": [],
      "GO:0099084": [],
      "GO:0099010": [],
      "GO:0099564": [],
      "GO:1905244": [],
      "GO:0099181": [],
      "GO:0099186": [
        "HGNC:17512"
      ],
      "GO:0099179": [],
      "GO:0099054": [
        "HGNC:2175"
      ],
      "GO:0051963": [
        "HGNC:19411"
      ],
      "GO:0098698": [],
      "GO:0097104": [],
      "GO:1905806": [],
      "GO:0090128": [],
      "GO:0099559": [],
      "GO:0098880": [],
      "GO:0099140": [],
      "GO:0098974": [
        "HGNC:20284"
      ],
      "GO:0099190": [],
      "SYNGO:presyn_regulationATPmetabolic": [],
      "GO:0099576": [],
      "GO:0099575": [],
      "GO:0099578": [],
      "GO:0099577": [],
      "GO:0140247": [],
      "GO:0140249": [],
      "GO:0140236": [],
      "GO:0140242": [],
      "GO:0098930": [],
      "GO:0098935": [],
      "GO:0099517": [],
      "GO:0099158": [],
      "GO:0098968": [],
      "GO:0098877": [],
      "GO:0098943": [],
      "GO:0016182": [],
      "GO:0016189": [],
      "GO:0099502": [],
      "GO:2000300": [],
      "GO:0016081": [],
      "GO:0031629": [],
      "GO:0016082": [],
      "GO:0099162": [],
      "GO:1901546": [],
      "GO:1900242": [
        "HGNC:7590"
      ],
      "GO:0016185": [],
      "GO:0016191": [],
      "GO:0098872": [],
      "GO:0099579": [
        "HGNC:29244"
      ],
      "GO:0098696": [],
      "GO:0099145": [],
      "GO:0150054": [],
      "GO:0099149": [],
      "GO:1905539": [],
      "GO:0099542": [],
      "GO:0099548": [],
      "GO:0098942": [],
      "GO:0099557": [],
      "GO:0150035": [],
      "GO:0050804": [
        "HGNC:9059",
        "HGNC:29317",
        "HGNC:16507"
      ],
      "GO:0099531": [],
      "GO:0099565": [],
      "GO:0099159": [],
      "GO:0098885": [],
      "GO:0098987": [],
      "GO:0098882": [],
      "GO:0098699": [],
      "GO:0098973": [],
      "GO:0099184": [],
      "GO:0098879": [],
      "GO:0098919": [],
      "GO:1905606": [
        "HGNC:8033",
        "HGNC:16669"
      ],
      "GO:0150052": [
        "HGNC:3761"
      ],
      "GO:0099150": [
        "HGNC:4140"
      ],
      "GO:0097107": [
        "HGNC:8033"
      ],
      "GO:0099562": [],
      "GO:0140251": [],
      "GO:0140252": [],
      "GO:0140245": [],
      "GO:0008089": [],
      "GO:0099088": [],
      "GO:0098937": [],
      "GO:0098939": [],
      "GO:0098961": [],
      "GO:0098934": [],
      "GO:0048490": [],
      "GO:0098969": [
        "HGNC:7590"
      ],
      "GO:0099639": [],
      "GO:0150037": [],
      "GO:0099148": [],
      "GO:0031630": [],
      "GO:0010807": [],
      "GO:0098694": [],
      "GO:0098921": [],
      "GO:0099553": [],
      "GO:0099555": [],
      "GO:0099171": [],
      "GO:0099170": [
        "HGNC:2701"
      ],
      "GO:1905274": [],
      "GO:0099151": [
        "HGNC:20284"
      ],
      "GO:0099641": [],
      "GO:0140231": [],
      "GO:0098971": [],
      "GO:0098963": [],
      "GO:1903742": [],
      "GO:0098887": [],
      "GO:0099178": [],
      "GO:0150036": [],
      "GO:0098925": [],
      "GO:0098964": [],
      "GO:0099152": []
    },
    "hgnc_symbol": {
      "SYNGO:synprocess": [],
      "SYNGO:presynprocess": [],
      "SYNGO:postsynprocess": [],
      "GO:0099536": [],
      "GO:0050808": [
        "ADGRL2"
      ],
      "SYNGO:metabolism": [],
      "SYNGO:transport": [],
      "GO:0099509": [],
      "GO:0099505": [],
      "GO:0140238": [],
      "GO:0099504": [
        "SYN3"
      ],
      "GO:0099525": [],
      "GO:0001504": [],
      "GO:0098810": [],
      "SYNGO:presyn_chaperoneProteinFolding": [],
      "GO:0098928": [],
      "GO:0099566": [],
      "GO:0060078": [],
      "GO:0098962": [
        "HOMER1"
      ],
      "GO:0099072": [
        "CNTNAP2",
        "IGSF11"
      ],
      "GO:0140239": [],
      "GO:0150038": [],
      "GO:0098926": [],
      "GO:0099537": [
        "IGSF11"
      ],
      "GO:0099538": [
        "CCK"
      ],
      "GO:0099163": [],
      "GO:0099172": [],
      "GO:0099173": [],
      "GO:0099563": [],
      "GO:0050807": [
        "PTPRO"
      ],
      "GO:0098918": [],
      "GO:0150043": [],
      "GO:0099560": [
        "CDH9",
        "EFNA5",
        "LRRC4C"
      ],
      "GO:0008039": [],
      "GO:0007416": [
        "CDH9"
      ],
      "GO:0098883": [],
      "GO:0060074": [],
      "GO:0099558": [],
      "GO:0099187": [],
      "GO:0099188": [],
      "SYNGO:presyn_ATPmetabolic": [],
      "SYNGO:postsyn_ATPmetabolic": [],
      "GO:0099546": [],
      "GO:0099574": [],
      "GO:0099547": [],
      "GO:0042135": [],
      "GO:0140246": [],
      "GO:0042136": [],
      "GO:0140241": [],
      "GO:0140235": [],
      "GO:0008088": [],
      "GO:0099514": [],
      "GO:0099090": [],
      "GO:0099089": [],
      "GO:0099637": [],
      "GO:1905056": [],
      "GO:0099534": [],
      "GO:0099626": [],
      "GO:0099507": [],
      "GO:0099508": [],
      "GO:0150047": [
        "KCTD8",
        "KCTD16"
      ],
      "GO:0140232": [],
      "GO:0098693": [],
      "GO:0097091": [
        "SYN3"
      ],
      "GO:0099532": [],
      "GO:0016079": [],
      "GO:0098700": [],
      "GO:0099180": [],
      "GO:0097401": [],
      "GO:0048488": [],
      "GO:0099161": [],
      "GO:0051580": [],
      "GO:0099526": [],
      "GO:1905059": [],
      "GO:0099567": [],
      "GO:1905060": [],
      "GO:0098695": [],
      "GO:0099583": [],
      "GO:0140233": [],
      "GO:1904315": [],
      "GO:1905030": [],
      "GO:0099645": [],
      "GO:0098967": [],
      "GO:0098970": [],
      "GO:0098884": [],
      "GO:0150044": [],
      "GO:0099527": [],
      "GO:0099541": [],
      "GO:0099540": [],
      "GO:0099543": [],
      "GO:0099545": [],
      "GO:0099157": [],
      "GO:0099183": [],
      "GO:0099550": [],
      "GO:0007268": [],
      "GO:0150045": [],
      "GO:0099174": [],
      "GO:0099175": [],
      "GO:0099084": [],
      "GO:0099010": [],
      "GO:0099564": [],
      "GO:1905244": [],
      "GO:0099181": [],
      "GO:0099186": [
        "HOMER1"
      ],
      "GO:0099179": [],
      "GO:0099054": [
        "CNTN5"
      ],
      "GO:0051963": [
        "LRRTM4"
      ],
      "GO:0098698": [],
      "GO:0097104": [],
      "GO:1905806": [],
      "GO:0090128": [],
      "GO:0099559": [],
      "GO:0098880": [],
      "GO:0099140": [],
      "GO:0098974": [
        "SIPA1L1"
      ],
      "GO:0099190": [],
      "SYNGO:presyn_regulationATPmetabolic": [],
      "GO:0099576": [],
      "GO:0099575": [],
      "GO:0099578": [],
      "GO:0099577": [],
      "GO:0140247": [],
      "GO:0140249": [],
      "GO:0140236": [],
      "GO:0140242": [],
      "GO:0098930": [],
      "GO:0098935": [],
      "GO:0099517": [],
      "GO:0099158": [],
      "GO:0098968": [],
      "GO:0098877": [],
      "GO:0098943": [],
      "GO:0016182": [],
      "GO:0016189": [],
      "GO:0099502": [],
      "GO:2000300": [],
      "GO:0016081": [],
      "GO:0031629": [],
      "GO:0016082": [],
      "GO:0099162": [],
      "GO:1901546": [],
      "GO:1900242": [
        "MYLK"
      ],
      "GO:0016185": [],
      "GO:0016191": [],
      "GO:0098872": [],
      "GO:0099579": [
        "KCTD16"
      ],
      "GO:0098696": [],
      "GO:0099145": [],
      "GO:0150054": [],
      "GO:0099149": [],
      "GO:1905539": [],
      "GO:0099542": [],
      "GO:0099548": [],
      "GO:0098942": [],
      "GO:0099557": [],
      "GO:0150035": [],
      "GO:0050804": [
        "PLCB4",
        "LRRC4C",
        "SYNPR"
      ],
      "GO:0099531": [],
      "GO:0099565": [],
      "GO:0099159": [],
      "GO:0098885": [],
      "GO:0098987": [],
      "GO:0098882": [],
      "GO:0098699": [],
      "GO:0098973": [],
      "GO:0099184": [],
      "GO:0098879": [],
      "GO:0098919": [],
      "GO:1905606": [
        "NTRK3",
        "IGSF11"
      ],
      "GO:0150052": [
        "FLRT2"
      ],
      "GO:0099150": [
        "GAP43"
      ],
      "GO:0097107": [
        "NTRK3"
      ],
      "GO:0099562": [],
      "GO:0140251": [],
      "GO:0140252": [],
      "GO:0140245": [],
      "GO:0008089": [],
      "GO:0099088": [],
      "GO:0098937": [],
      "GO:0098939": [],
      "GO:0098961": [],
      "GO:0098934": [],
      "GO:0048490": [],
      "GO:0098969": [
        "MYLK"
      ],
      "GO:0099639": [],
      "GO:0150037": [],
      "GO:0099148": [],
      "GO:0031630": [],
      "GO:0010807": [],
      "GO:0098694": [],
      "GO:0098921": [],
      "GO:0099553": [],
      "GO:0099555": [],
      "GO:0099171": [],
      "GO:0099170": [
        "DCC"
      ],
      "GO:1905274": [],
      "GO:0099151": [
        "SIPA1L1"
      ],
      "GO:0099641": [],
      "GO:0140231": [],
      "GO:0098971": [],
      "GO:0098963": [],
      "GO:1903742": [],
      "GO:0098887": [],
      "GO:0099178": [],
      "GO:0150036": [],
      "GO:0098925": [],
      "GO:0098964": [],
      "GO:0099152": []
    },
    "ensembl_id": {
      "SYNGO:synprocess": [],
      "SYNGO:presynprocess": [],
      "SYNGO:postsynprocess": [],
      "GO:0099536": [],
      "GO:0050808": [
        "ENSG00000117114"
      ],
      "SYNGO:metabolism": [],
      "SYNGO:transport": [],
      "GO:0099509": [],
      "GO:0099505": [],
      "GO:0140238": [],
      "GO:0099504": [
        "ENSG00000185666"
      ],
      "GO:0099525": [],
      "GO:0001504": [],
      "GO:0098810": [],
      "SYNGO:presyn_chaperoneProteinFolding": [],
      "GO:0098928": [],
      "GO:0099566": [],
      "GO:0060078": [],
      "GO:0098962": [
        "ENSG00000152413"
      ],
      "GO:0099072": [
        "ENSG00000174469",
        "ENSG00000144847"
      ],
      "GO:0140239": [],
      "GO:0150038": [],
      "GO:0098926": [],
      "GO:0099537": [
        "ENSG00000144847"
      ],
      "GO:0099538": [
        "ENSG00000187094"
      ],
      "GO:0099163": [],
      "GO:0099172": [],
      "GO:0099173": [],
      "GO:0099563": [],
      "GO:0050807": [
        "ENSG00000151490"
      ],
      "GO:0098918": [],
      "GO:0150043": [],
      "GO:0099560": [
        "ENSG00000113100",
        "ENSG00000184349",
        "ENSG00000148948"
      ],
      "GO:0008039": [],
      "GO:0007416": [
        "ENSG00000113100"
      ],
      "GO:0098883": [],
      "GO:0060074": [],
      "GO:0099558": [],
      "GO:0099187": [],
      "GO:0099188": [],
      "SYNGO:presyn_ATPmetabolic": [],
      "SYNGO:postsyn_ATPmetabolic": [],
      "GO:0099546": [],
      "GO:0099574": [],
      "GO:0099547": [],
      "GO:0042135": [],
      "GO:0140246": [],
      "GO:0042136": [],
      "GO:0140241": [],
      "GO:0140235": [],
      "GO:0008088": [],
      "GO:0099514": [],
      "GO:0099090": [],
      "GO:0099089": [],
      "GO:0099637": [],
      "GO:1905056": [],
      "GO:0099534": [],
      "GO:0099626": [],
      "GO:0099507": [],
      "GO:0099508": [],
      "GO:0150047": [
        "ENSG00000183783",
        "ENSG00000183775"
      ],
      "GO:0140232": [],
      "GO:0098693": [],
      "GO:0097091": [
        "ENSG00000185666"
      ],
      "GO:0099532": [],
      "GO:0016079": [],
      "GO:0098700": [],
      "GO:0099180": [],
      "GO:0097401": [],
      "GO:0048488": [],
      "GO:0099161": [],
      "GO:0051580": [],
      "GO:0099526": [],
      "GO:1905059": [],
      "GO:0099567": [],
      "GO:1905060": [],
      "GO:0098695": [],
      "GO:0099583": [],
      "GO:0140233": [],
      "GO:1904315": [],
      "GO:1905030": [],
      "GO:0099645": [],
      "GO:0098967": [],
      "GO:0098970": [],
      "GO:0098884": [],
      "GO:0150044": [],
      "GO:0099527": [],
      "GO:0099541": [],
      "GO:0099540": [],
      "GO:0099543": [],
      "GO:0099545": [],
      "GO:0099157": [],
      "GO:0099183": [],
      "GO:0099550": [],
      "GO:0007268": [],
      "GO:0150045": [],
      "GO:0099174": [],
      "GO:0099175": [],
      "GO:0099084": [],
      "GO:0099010": [],
      "GO:0099564": [],
      "GO:1905244": [],
      "GO:0099181": [],
      "GO:0099186": [
        "ENSG00000152413"
      ],
      "GO:0099179": [],
      "GO:0099054": [
        "ENSG00000149972"
      ],
      "GO:0051963": [
        "ENSG00000176204"
      ],
      "GO:0098698": [],
      "GO:0097104": [],
      "GO:1905806": [],
      "GO:0090128": [],
      "GO:0099559": [],
      "GO:0098880": [],
      "GO:0099140": [],
      "GO:0098974": [
        "ENSG00000197555"
      ],
      "GO:0099190": [],
      "SYNGO:presyn_regulationATPmetabolic": [],
      "GO:0099576": [],
      "GO:0099575": [],
      "GO:0099578": [],
      "GO:0099577": [],
      "GO:0140247": [],
      "GO:0140249": [],
      "GO:0140236": [],
      "GO:0140242": [],
      "GO:0098930": [],
      "GO:0098935": [],
      "GO:0099517": [],
      "GO:0099158": [],
      "GO:0098968": [],
      "GO:0098877": [],
      "GO:0098943": [],
      "GO:0016182": [],
      "GO:0016189": [],
      "GO:0099502": [],
      "GO:2000300": [],
      "GO:0016081": [],
      "GO:0031629": [],
      "GO:0016082": [],
      "GO:0099162": [],
      "GO:1901546": [],
      "GO:1900242": [
        "ENSG00000065534"
      ],
      "GO:0016185": [],
      "GO:0016191": [],
      "GO:0098872": [],
      "GO:0099579": [
        "ENSG00000183775"
      ],
      "GO:0098696": [],
      "GO:0099145": [],
      "GO:0150054": [],
      "GO:0099149": [],
      "GO:1905539": [],
      "GO:0099542": [],
      "GO:0099548": [],
      "GO:0098942": [],
      "GO:0099557": [],
      "GO:0150035": [],
      "GO:0050804": [
        "ENSG00000101333",
        "ENSG00000148948",
        "ENSG00000163630"
      ],
      "GO:0099531": [],
      "GO:0099565": [],
      "GO:0099159": [],
      "GO:0098885": [],
      "GO:0098987": [],
      "GO:0098882": [],
      "GO:0098699": [],
      "GO:0098973": [],
      "GO:0099184": [],
      "GO:0098879": [],
      "GO:0098919": [],
      "GO:1905606": [
        "ENSG00000140538",
        "ENSG00000144847"
      ],
      "GO:0150052": [
        "ENSG00000185070"
      ],
      "GO:0099150": [
        "ENSG00000172020"
      ],
      "GO:0097107": [
        "ENSG00000140538"
      ],
      "GO:0099562": [],
      "GO:0140251": [],
      "GO:0140252": [],
      "GO:0140245": [],
      "GO:0008089": [],
      "GO:0099088": [],
      "GO:0098937": [],
      "GO:0098939": [],
      "GO:0098961": [],
      "GO:0098934": [],
      "GO:0048490": [],
      "GO:0098969": [
        "ENSG00000065534"
      ],
      "GO:0099639": [],
      "GO:0150037": [],
      "GO:0099148": [],
      "GO:0031630": [],
      "GO:0010807": [],
      "GO:0098694": [],
      "GO:0098921": [],
      "GO:0099553": [],
      "GO:0099555": [],
      "GO:0099171": [],
      "GO:0099170": [
        "ENSG00000187323"
      ],
      "GO:1905274": [],
      "GO:0099151": [
        "ENSG00000197555"
      ],
      "GO:0099641": [],
      "GO:0140231": [],
      "GO:0098971": [],
      "GO:0098963": [],
      "GO:1903742": [],
      "GO:0098887": [],
      "GO:0099178": [],
      "GO:0150036": [],
      "GO:0098925": [],
      "GO:0098964": [],
      "GO:0099152": []
    },
    "entrez_id": {
      "SYNGO:synprocess": [],
      "SYNGO:presynprocess": [],
      "SYNGO:postsynprocess": [],
      "GO:0099536": [],
      "GO:0050808": [
        "23266"
      ],
      "SYNGO:metabolism": [],
      "SYNGO:transport": [],
      "GO:0099509": [],
      "GO:0099505": [],
      "GO:0140238": [],
      "GO:0099504": [
        "8224"
      ],
      "GO:0099525": [],
      "GO:0001504": [],
      "GO:0098810": [],
      "SYNGO:presyn_chaperoneProteinFolding": [],
      "GO:0098928": [],
      "GO:0099566": [],
      "GO:0060078": [],
      "GO:0098962": [
        "9456"
      ],
      "GO:0099072": [
        "26047",
        "152404"
      ],
      "GO:0140239": [],
      "GO:0150038": [],
      "GO:0098926": [],
      "GO:0099537": [
        "152404"
      ],
      "GO:0099538": [
        "885"
      ],
      "GO:0099163": [],
      "GO:0099172": [],
      "GO:0099173": [],
      "GO:0099563": [],
      "GO:0050807": [
        "5800"
      ],
      "GO:0098918": [],
      "GO:0150043": [],
      "GO:0099560": [
        "1007",
        "1946",
        "57689"
      ],
      "GO:0008039": [],
      "GO:0007416": [
        "1007"
      ],
      "GO:0098883": [],
      "GO:0060074": [],
      "GO:0099558": [],
      "GO:0099187": [],
      "GO:0099188": [],
      "SYNGO:presyn_ATPmetabolic": [],
      "SYNGO:postsyn_ATPmetabolic": [],
      "GO:0099546": [],
      "GO:0099574": [],
      "GO:0099547": [],
      "GO:0042135": [],
      "GO:0140246": [],
      "GO:0042136": [],
      "GO:0140241": [],
      "GO:0140235": [],
      "GO:0008088": [],
      "GO:0099514": [],
      "GO:0099090": [],
      "GO:0099089": [],
      "GO:0099637": [],
      "GO:1905056": [],
      "GO:0099534": [],
      "GO:0099626": [],
      "GO:0099507": [],
      "GO:0099508": [],
      "GO:0150047": [
        "386617",
        "57528"
      ],
      "GO:0140232": [],
      "GO:0098693": [],
      "GO:0097091": [
        "8224"
      ],
      "GO:0099532": [],
      "GO:0016079": [],
      "GO:0098700": [],
      "GO:0099180": [],
      "GO:0097401": [],
      "GO:0048488": [],
      "GO:0099161": [],
      "GO:0051580": [],
      "GO:0099526": [],
      "GO:1905059": [],
      "GO:0099567": [],
      "GO:1905060": [],
      "GO:0098695": [],
      "GO:0099583": [],
      "GO:0140233": [],
      "GO:1904315": [],
      "GO:1905030": [],
      "GO:0099645": [],
      "GO:0098967": [],
      "GO:0098970": [],
      "GO:0098884": [],
      "GO:0150044": [],
      "GO:0099527": [],
      "GO:0099541": [],
      "GO:0099540": [],
      "GO:0099543": [],
      "GO:0099545": [],
      "GO:0099157": [],
      "GO:0099183": [],
      "GO:0099550": [],
      "GO:0007268": [],
      "GO:0150045": [],
      "GO:0099174": [],
      "GO:0099175": [],
      "GO:0099084": [],
      "GO:0099010": [],
      "GO:0099564": [],
      "GO:1905244": [],
      "GO:0099181": [],
      "GO:0099186": [
        "9456"
      ],
      "GO:0099179": [],
      "GO:0099054": [
        "53942"
      ],
      "GO:0051963": [
        "80059"
      ],
      "GO:0098698": [],
      "GO:0097104": [],
      "GO:1905806": [],
      "GO:0090128": [],
      "GO:0099559": [],
      "GO:0098880": [],
      "GO:0099140": [],
      "GO:0098974": [
        "26037"
      ],
      "GO:0099190": [],
      "SYNGO:presyn_regulationATPmetabolic": [],
      "GO:0099576": [],
      "GO:0099575": [],
      "GO:0099578": [],
      "GO:0099577": [],
      "GO:0140247": [],
      "GO:0140249": [],
      "GO:0140236": [],
      "GO:0140242": [],
      "GO:0098930": [],
      "GO:0098935": [],
      "GO:0099517": [],
      "GO:0099158": [],
      "GO:0098968": [],
      "GO:0098877": [],
      "GO:0098943": [],
      "GO:0016182": [],
      "GO:0016189": [],
      "GO:0099502": [],
      "GO:2000300": [],
      "GO:0016081": [],
      "GO:0031629": [],
      "GO:0016082": [],
      "GO:0099162": [],
      "GO:1901546": [],
      "GO:1900242": [
        "4638"
      ],
      "GO:0016185": [],
      "GO:0016191": [],
      "GO:0098872": [],
      "GO:0099579": [
        "57528"
      ],
      "GO:0098696": [],
      "GO:0099145": [],
      "GO:0150054": [],
      "GO:0099149": [],
      "GO:1905539": [],
      "GO:0099542": [],
      "GO:0099548": [],
      "GO:0098942": [],
      "GO:0099557": [],
      "GO:0150035": [],
      "GO:0050804": [
        "5332",
        "57689",
        "132204"
      ],
      "GO:0099531": [],
      "GO:0099565": [],
      "GO:0099159": [],
      "GO:0098885": [],
      "GO:0098987": [],
      "GO:0098882": [],
      "GO:0098699": [],
      "GO:0098973": [],
      "GO:0099184": [],
      "GO:0098879": [],
      "GO:0098919": [],
      "GO:1905606": [
        "4916",
        "152404"
      ],
      "GO:0150052": [
        "23768"
      ],
      "GO:0099150": [
        "2596"
      ],
      "GO:0097107": [
        "4916"
      ],
      "GO:0099562": [],
      "GO:0140251": [],
      "GO:0140252": [],
      "GO:0140245": [],
      "GO:0008089": [],
      "GO:0099088": [],
      "GO:0098937": [],
      "GO:0098939": [],
      "GO:0098961": [],
      "GO:0098934": [],
      "GO:0048490": [],
      "GO:0098969": [
        "4638"
      ],
      "GO:0099639": [],
      "GO:0150037": [],
      "GO:0099148": [],
      "GO:0031630": [],
      "GO:0010807": [],
      "GO:0098694": [],
      "GO:0098921": [],
      "GO:0099553": [],
      "GO:0099555": [],
      "GO:0099171": [],
      "GO:0099170": [
        "1630"
      ],
      "GO:1905274": [],
      "GO:0099151": [
        "26037"
      ],
      "GO:0099641": [],
      "GO:0140231": [],
      "GO:0098971": [],
      "GO:0098963": [],
      "GO:1903742": [],
      "GO:0098887": [],
      "GO:0099178": [],
      "GO:0150036": [],
      "GO:0098925": [],
      "GO:0098964": [],
      "GO:0099152": []
    }
  },
  "aggregate": {
    "hgnc_id": {
      "SYNGO:synprocess": [
        "HGNC:22394",
        "HGNC:29244",
        "HGNC:11496",
        "HGNC:7590",
        "HGNC:17512",
        "HGNC:13830",
        "HGNC:16669",
        "HGNC:9059",
        "HGNC:29317",
        "HGNC:16507",
        "HGNC:2701",
        "HGNC:1569",
        "HGNC:18582",
        "HGNC:9678",
        "HGNC:1768",
        "HGNC:3225",
        "HGNC:2175",
        "HGNC:19411",
        "HGNC:8033",
        "HGNC:3761",
        "HGNC:4140",
        "HGNC:20284"
      ],
      "SYNGO:presynprocess": [
        "HGNC:22394",
        "HGNC:29244",
        "HGNC:11496",
        "HGNC:7590"
      ],
      "SYNGO:postsynprocess": [
        "HGNC:29244",
        "HGNC:17512",
        "HGNC:13830",
        "HGNC:16669"
      ],
      "GO:0099536": [
        "HGNC:16669",
        "HGNC:9059",
        "HGNC:29317",
        "HGNC:16507",
        "HGNC:2701",
        "HGNC:1569"
      ],
      "GO:0050808": [
        "HGNC:18582",
        "HGNC:9678",
        "HGNC:17512",
        "HGNC:1768",
        "HGNC:3225",
        "HGNC:29317",
        "HGNC:2175",
        "HGNC:19411",
        "HGNC:8033",
        "HGNC:16669",
        "HGNC:3761",
        "HGNC:4140",
        "HGNC:20284"
      ],
      "SYNGO:metabolism": [],
      "SYNGO:transport": [
        "HGNC:7590"
      ],
      "GO:0099509": [],
      "GO:0099505": [
        "HGNC:22394",
        "HGNC:29244"
      ],
      "GO:0140238": [],
      "GO:0099504": [
        "HGNC:11496",
        "HGNC:7590"
      ],
      "GO:0099525": [],
      "GO:0001504": [],
      "GO:0098810": [],
      "SYNGO:presyn_chaperoneProteinFolding": [],
      "GO:0098928": [],
      "GO:0099566": [],
      "GO:0060078": [
        "HGNC:29244"
      ],
      "GO:0098962": [
        "HGNC:17512"
      ],
      "GO:0099072": [
        "HGNC:13830",
        "HGNC:16669"
      ],
      "GO:0140239": [],
      "GO:0150038": [],
      "GO:0098926": [],
      "GO:0099537": [
        "HGNC:16669",
        "HGNC:9059",
        "HGNC:29317",
        "HGNC:16507",
        "HGNC:2701"
      ],
      "GO:0099538": [
        "HGNC:1569"
      ],
      "GO:0099163": [],
      "GO:0099172": [],
      "GO:0099173": [],
      "GO:0099563": [],
      "GO:0050807": [
        "HGNC:9678"
      ],
      "GO:0098918": [
        "HGNC:17512"
      ],
      "GO:0150043": [],
      "GO:0099560": [
        "HGNC:1768",
        "HGNC:3225",
        "HGNC:29317"
      ],
      "GO:0008039": [],
      "GO:0007416": [
        "HGNC:1768",
        "HGNC:2175",
        "HGNC:19411",
        "HGNC:8033",
        "HGNC:16669",
        "HGNC:3761",
        "HGNC:4140",
        "HGNC:20284"
      ],
      "GO:0098883": [],
      "GO:0060074": [],
      "GO:0099558": [],
      "GO:0099187": [],
      "GO:0099188": [
        "HGNC:20284"
      ],
      "SYNGO:presyn_ATPmetabolic": [],
      "SYNGO:postsyn_ATPmetabolic": [],
      "GO:0099546": [],
      "GO:0099574": [],
      "GO:0099547": [],
      "GO:0042135": [],
      "GO:0140246": [],
      "GO:0042136": [],
      "GO:0140241": [],
      "GO:0140235": [],
      "GO:0008088": [],
      "GO:0099514": [],
      "GO:0099090": [],
      "GO:0099089": [],
      "GO:0099637": [
        "HGNC:7590"
      ],
      "GO:1905056": [],
      "GO:0099534": [],
      "GO:0099626": [],
      "GO:0099507": [],
      "GO:0099508": [],
      "GO:0150047": [
        "HGNC:22394",
        "HGNC:29244"
      ],
      "GO:0140232": [],
      "GO:0098693": [],
      "GO:0097091": [
        "HGNC:11496"
      ],
      "GO:0099532": [],
      "GO:0016079": [],
      "GO:0098700": [],
      "GO:0099180": [],
      "GO:0097401": [],
      "GO:0048488": [
        "HGNC:7590"
      ],
      "GO:0099161": [],
      "GO:0051580": [],
      "GO:0099526": [],
      "GO:1905059": [],
      "GO:0099567": [],
      "GO:1905060": [],
      "GO:0098695": [],
      "GO:0099583": [],
      "GO:0140233": [
        "HGNC:29244"
      ],
      "GO:1904315": [],
      "GO:1905030": [],
      "GO:0099645": [],
      "GO:0098967": [],
      "GO:0098970": [],
      "GO:0098884": [],
      "GO:0150044": [],
      "GO:0099527": [],
      "GO:0099541": [],
      "GO:0099540": [],
      "GO:0099543": [],
      "GO:0099545": [],
      "GO:0099157": [],
      "GO:0099183": [],
      "GO:0099550": [],
      "GO:0007268": [
        "HGNC:9059",
        "HGNC:29317",
        "HGNC:16507",
        "HGNC:2701"
      ],
      "GO:0150045": [],
      "GO:0099174": [],
      "GO:0099175": [],
      "GO:0099084": [],
      "GO:0099010": [],
      "GO:0099564": [],
      "GO:1905244": [],
      "GO:0099181": [],
      "GO:0099186": [
        "HGNC:17512"
      ],
      "GO:0099179": [],
      "GO:0099054": [
        "HGNC:2175"
      ],
      "GO:0051963": [
        "HGNC:19411",
        "HGNC:8033",
        "HGNC:16669",
        "HGNC:3761"
      ],
      "GO:0098698": [
        "HGNC:4140",
        "HGNC:8033",
        "HGNC:20284"
      ],
      "GO:0097104": [],
      "GO:1905806": [],
      "GO:0090128": [],
      "GO:0099559": [],
      "GO:0098880": [],
      "GO:0099140": [],
      "GO:0098974": [
        "HGNC:20284"
      ],
      "GO:0099190": [],
      "SYNGO:presyn_regulationATPmetabolic": [],
      "GO:0099576": [],
      "GO:0099575": [],
      "GO:0099578": [],
      "GO:0099577": [],
      "GO:0140247": [],
      "GO:0140249": [],
      "GO:0140236": [],
      "GO:0140242": [],
      "GO:0098930": [],
      "GO:0098935": [],
      "GO:0099517": [],
      "GO:0099158": [],
      "GO:0098968": [],
      "GO:0098877": [
        "HGNC:7590"
      ],
      "GO:0098943": [],
      "GO:0016182": [],
      "GO:0016189": [],
      "GO:0099502": [],
      "GO:2000300": [],
      "GO:0016081": [],
      "GO:0031629": [],
      "GO:0016082": [],
      "GO:0099162": [],
      "GO:1901546": [],
      "GO:1900242": [
        "HGNC:7590"
      ],
      "GO:0016185": [],
      "GO:0016191": [],
      "GO:0098872": [],
      "GO:0099579": [
        "HGNC:29244"
      ],
      "GO:0098696": [],
      "GO:0099145": [],
      "GO:0150054": [],
      "GO:0099149": [],
      "GO:1905539": [],
      "GO:0099542": [],
      "GO:0099548": [],
      "GO:0098942": [],
      "GO:0099557": [],
      "GO:0150035": [],
      "GO:0050804": [
        "HGNC:9059",
        "HGNC:29317",
        "HGNC:16507"
      ],
      "GO:0099531": [],
      "GO:0099565": [
        "HGNC:2701"
      ],
      "GO:0099159": [],
      "GO:0098885": [],
      "GO:0098987": [],
      "GO:0098882": [],
      "GO:0098699": [],
      "GO:0098973": [],
      "GO:0099184": [],
      "GO:0098879": [],
      "GO:0098919": [],
      "GO:1905606": [
        "HGNC:8033",
        "HGNC:16669"
      ],
      "GO:0150052": [
        "HGNC:3761"
      ],
      "GO:0099150": [
        "HGNC:4140"
      ],
      "GO:0097107": [
        "HGNC:8033",
        "HGNC:20284"
      ],
      "GO:0099562": [],
      "GO:0140251": [],
      "GO:0140252": [],
      "GO:0140245": [],
      "GO:0008089": [],
      "GO:0099088": [],
      "GO:0098937": [],
      "GO:0098939": [],
      "GO:0098961": [],
      "GO:0098934": [],
      "GO:0048490": [],
      "GO:0098969": [
        "HGNC:7590"
      ],
      "GO:0099639": [],
      "GO:0150037": [],
      "GO:0099148": [],
      "GO:0031630": [],
      "GO:0010807": [],
      "GO:0098694": [],
      "GO:0098921": [],
      "GO:0099553": [],
      "GO:0099555": [],
      "GO:0099171": [],
      "GO:0099170": [
        "HGNC:2701"
      ],
      "GO:1905274": [],
      "GO:0099151": [
        "HGNC:20284"
      ],
      "GO:0099641": [],
      "GO:0140231": [],
      "GO:0098971": [],
      "GO:0098963": [],
      "GO:1903742": [],
      "GO:0098887": [],
      "GO:0099178": [],
      "GO:0150036": [],
      "GO:0098925": [],
      "GO:0098964": [],
      "GO:0099152": []
    },
    "hgnc_symbol": {
      "SYNGO:synprocess": [
        "KCTD8",
        "KCTD16",
        "SYN3",
        "MYLK",
        "HOMER1",
        "CNTNAP2",
        "IGSF11",
        "PLCB4",
        "LRRC4C",
        "SYNPR",
        "DCC",
        "CCK",
        "ADGRL2",
        "PTPRO",
        "CDH9",
        "EFNA5",
        "CNTN5",
        "LRRTM4",
        "NTRK3",
        "FLRT2",
        "GAP43",
        "SIPA1L1"
      ],
      "SYNGO:presynprocess": [
        "KCTD8",
        "KCTD16",
        "SYN3",
        "MYLK"
      ],
      "SYNGO:postsynprocess": [
        "KCTD16",
        "HOMER1",
        "CNTNAP2",
        "IGSF11"
      ],
      "GO:0099536": [
        "IGSF11",
        "PLCB4",
        "LRRC4C",
        "SYNPR",
        "DCC",
        "CCK"
      ],
      "GO:0050808": [
        "ADGRL2",
        "PTPRO",
        "HOMER1",
        "CDH9",
        "EFNA5",
        "LRRC4C",
        "CNTN5",
        "LRRTM4",
        "NTRK3",
        "IGSF11",
        "FLRT2",
        "GAP43",
        "SIPA1L1"
      ],
      "SYNGO:metabolism": [],
      "SYNGO:transport": [
        "MYLK"
      ],
      "GO:0099509": [],
      "GO:0099505": [
        "KCTD8",
        "KCTD16"
      ],
      "GO:0140238": [],
      "GO:0099504": [
        "SYN3",
        "MYLK"
      ],
      "GO:0099525": [],
      "GO:0001504": [],
      "GO:0098810": [],
      "SYNGO:presyn_chaperoneProteinFolding": [],
      "GO:0098928": [],
      "GO:0099566": [],
      "GO:0060078": [
        "KCTD16"
      ],
      "GO:0098962": [
        "HOMER1"
      ],
      "GO:0099072": [
        "CNTNAP2",
        "IGSF11"
      ],
      "GO:0140239": [],
      "GO:0150038": [],
      "GO:0098926": [],
      "GO:0099537": [
        "IGSF11",
        "PLCB4",
        "LRRC4C",
        "SYNPR",
        "DCC"
      ],
      "GO:0099538": [
        "CCK"
      ],
      "GO:0099163": [],
      "GO:0099172": [],
      "GO:0099173": [],
      "GO:0099563": [],
      "GO:0050807": [
        "PTPRO"
      ],
      "GO:0098918": [
        "HOMER1"
      ],
      "GO:0150043": [],
      "GO:0099560": [
        "CDH9",
        "EFNA5",
        "LRRC4C"
      ],
      "GO:0008039": [],
      "GO:0007416": [
        "CDH9",
        "CNTN5",
        "LRRTM4",
        "NTRK3",
        "IGSF11",
        "FLRT2",
        "GAP43",
        "SIPA1L1"
      ],
      "GO:0098883": [],
      "GO:0060074": [],
      "GO:0099558": [],
      "GO:0099187": [],
      "GO:0099188": [
        "SIPA1L1"
      ],
      "SYNGO:presyn_ATPmetabolic": [],
      "SYNGO:postsyn_ATPmetabolic": [],
      "GO:0099546": [],
      "GO:0099574": [],
      "GO:0099547": [],
      "GO:0042135": [],
      "GO:0140246": [],
      "GO:0042136": [],
      "GO:0140241": [],
      "GO:0140235": [],
      "GO:0008088": [],
      "GO:0099514": [],
      "GO:0099090": [],
      "GO:0099089": [],
      "GO:0099637": [
        "MYLK"
      ],
      "GO:1905056": [],
      "GO:0099534": [],
      "GO:0099626": [],
      "GO:0099507": [],
      "GO:0099508": [],
      "GO:0150047": [
        "KCTD8",
        "KCTD16"
      ],
      "GO:0140232": [],
      "GO:0098693": [],
      "GO:0097091": [
        "SYN3"
      ],
      "GO:0099532": [],
      "GO:0016079": [],
      "GO:0098700": [],
      "GO:0099180": [],
      "GO:0097401": [],
      "GO:0048488": [
        "MYLK"
      ],
      "GO:0099161": [],
      "GO:0051580": [],
      "GO:0099526": [],
      "GO:1905059": [],
      "GO:0099567": [],
      "GO:1905060": [],
      "GO:0098695": [],
      "GO:0099583": [],
      "GO:0140233": [
        "KCTD16"
      ],
      "GO:1904315": [],
      "GO:1905030": [],
      "GO:0099645": [],
      "GO:0098967": [],
      "GO:0098970": [],
      "GO:0098884": [],
      "GO:0150044": [],
      "GO:0099527": [],
      "GO:0099541": [],
      "GO:0099540": [],
      "GO:0099543": [],
      "GO:0099545": [],
      "GO:0099157": [],
      "GO:0099183": [],
      "GO:0099550": [],
      "GO:0007268": [
        "PLCB4",
        "LRRC4C",
        "SYNPR",
        "DCC"
      ],
      "GO:0150045": [],
      "GO:0099174": [],
      "GO:0099175": [],
      "GO:0099084": [],
      "GO:0099010": [],
      "GO:0099564": [],
      "GO:1905244": [],
      "GO:0099181": [],
      "GO:0099186": [
        "HOMER1"
      ],
      "GO:0099179": [],
      "GO:0099054": [
        "CNTN5"
      ],
      "GO:0051963": [
        "LRRTM4",
        "NTRK3",
        "IGSF11",
        "FLRT2"
      ],
      "GO:0098698": [
        "GAP43",
        "NTRK3",
        "SIPA1L1"
      ],
      "GO:0097104": [],
      "GO:1905806": [],
      "GO:0090128": [],
      "GO:0099559": [],
      "GO:0098880": [],
      "GO:0099140": [],
      "GO:0098974": [
        "SIPA1L1"
      ],
      "GO:0099190": [],
      "SYNGO:presyn_regulationATPmetabolic": [],
      "GO:0099576": [],
      "GO:0099575": [],
      "GO:0099578": [],
      "GO:0099577": [],
      "GO:0140247": [],
      "GO:0140249": [],
      "GO:0140236": [],
      "GO:0140242": [],
      "GO:0098930": [],
      "GO:0098935": [],
      "GO:0099517": [],
      "GO:0099158": [],
      "GO:0098968": [],
      "GO:0098877": [
        "MYLK"
      ],
      "GO:0098943": [],
      "GO:0016182": [],
      "GO:0016189": [],
      "GO:0099502": [],
      "GO:2000300": [],
      "GO:0016081": [],
      "GO:0031629": [],
      "GO:0016082": [],
      "GO:0099162": [],
      "GO:1901546": [],
      "GO:1900242": [
        "MYLK"
      ],
      "GO:0016185": [],
      "GO:0016191": [],
      "GO:0098872": [],
      "GO:0099579": [
        "KCTD16"
      ],
      "GO:0098696": [],
      "GO:0099145": [],
      "GO:0150054": [],
      "GO:0099149": [],
      "GO:1905539": [],
      "GO:0099542": [],
      "GO:0099548": [],
      "GO:0098942": [],
      "GO:0099557": [],
      "GO:0150035": [],
      "GO:0050804": [
        "PLCB4",
        "LRRC4C",
        "SYNPR"
      ],
      "GO:0099531": [],
      "GO:0099565": [
        "DCC"
      ],
      "GO:0099159": [],
      "GO:0098885": [],
      "GO:0098987": [],
      "GO:0098882": [],
      "GO:0098699": [],
      "GO:0098973": [],
      "GO:0099184": [],
      "GO:0098879": [],
      "GO:0098919": [],
      "GO:1905606": [
        "NTRK3",
        "IGSF11"
      ],
      "GO:0150052": [
        "FLRT2"
      ],
      "GO:0099150": [
        "GAP43"
      ],
      "GO:0097107": [
        "NTRK3",
        "SIPA1L1"
      ],
      "GO:0099562": [],
      "GO:0140251": [],
      "GO:0140252": [],
      "GO:0140245": [],
      "GO:0008089": [],
      "GO:0099088": [],
      "GO:0098937": [],
      "GO:0098939": [],
      "GO:0098961": [],
      "GO:0098934": [],
      "GO:0048490": [],
      "GO:0098969": [
        "MYLK"
      ],
      "GO:0099639": [],
      "GO:0150037": [],
      "GO:0099148": [],
      "GO:0031630": [],
      "GO:0010807": [],
      "GO:0098694": [],
      "GO:0098921": [],
      "GO:0099553": [],
      "GO:0099555": [],
      "GO:0099171": [],
      "GO:0099170": [
        "DCC"
      ],
      "GO:1905274": [],
      "GO:0099151": [
        "SIPA1L1"
      ],
      "GO:0099641": [],
      "GO:0140231": [],
      "GO:0098971": [],
      "GO:0098963": [],
      "GO:1903742": [],
      "GO:0098887": [],
      "GO:0099178": [],
      "GO:0150036": [],
      "GO:0098925": [],
      "GO:0098964": [],
      "GO:0099152": []
    },
    "ensembl_id": {
      "SYNGO:synprocess": [
        "ENSG00000183783",
        "ENSG00000183775",
        "ENSG00000185666",
        "ENSG00000065534",
        "ENSG00000152413",
        "ENSG00000174469",
        "ENSG00000144847",
        "ENSG00000101333",
        "ENSG00000148948",
        "ENSG00000163630",
        "ENSG00000187323",
        "ENSG00000187094",
        "ENSG00000117114",
        "ENSG00000151490",
        "ENSG00000113100",
        "ENSG00000184349",
        "ENSG00000149972",
        "ENSG00000176204",
        "ENSG00000140538",
        "ENSG00000185070",
        "ENSG00000172020",
        "ENSG00000197555"
      ],
      "SYNGO:presynprocess": [
        "ENSG00000183783",
        "ENSG00000183775",
        "ENSG00000185666",
        "ENSG00000065534"
      ],
      "SYNGO:postsynprocess": [
        "ENSG00000183775",
        "ENSG00000152413",
        "ENSG00000174469",
        "ENSG00000144847"
      ],
      "GO:0099536": [
        "ENSG00000144847",
        "ENSG00000101333",
        "ENSG00000148948",
        "ENSG00000163630",
        "ENSG00000187323",
        "ENSG00000187094"
      ],
      "GO:0050808": [
        "ENSG00000117114",
        "ENSG00000151490",
        "ENSG00000152413",
        "ENSG00000113100",
        "ENSG00000184349",
        "ENSG00000148948",
        "ENSG00000149972",
        "ENSG00000176204",
        "ENSG00000140538",
        "ENSG00000144847",
        "ENSG00000185070",
        "ENSG00000172020",
        "ENSG00000197555"
      ],
      "SYNGO:metabolism": [],
      "SYNGO:transport": [
        "ENSG00000065534"
      ],
      "GO:0099509": [],
      "GO:0099505": [
        "ENSG00000183783",
        "ENSG00000183775"
      ],
      "GO:0140238": [],
      "GO:0099504": [
        "ENSG00000185666",
        "ENSG00000065534"
      ],
      "GO:0099525": [],
      "GO:0001504": [],
      "GO:0098810": [],
      "SYNGO:presyn_chaperoneProteinFolding": [],
      "GO:0098928": [],
      "GO:0099566": [],
      "GO:0060078": [
        "ENSG00000183775"
      ],
      "GO:0098962": [
        "ENSG00000152413"
      ],
      "GO:0099072": [
        "ENSG00000174469",
        "ENSG00000144847"
      ],
      "GO:0140239": [],
      "GO:0150038": [],
      "GO:0098926": [],
      "GO:0099537": [
        "ENSG00000144847",
        "ENSG00000101333",
        "ENSG00000148948",
        "ENSG00000163630",
        "ENSG00000187323"
      ],
      "GO:0099538": [
        "ENSG00000187094"
      ],
      "GO:0099163": [],
      "GO:0099172": [],
      "GO:0099173": [],
      "GO:0099563": [],
      "GO:0050807": [
        "ENSG00000151490"
      ],
      "GO:0098918": [
        "ENSG00000152413"
      ],
      "GO:0150043": [],
      "GO:0099560": [
        "ENSG00000113100",
        "ENSG00000184349",
        "ENSG00000148948"
      ],
      "GO:0008039": [],
      "GO:0007416": [
        "ENSG00000113100",
        "ENSG00000149972",
        "ENSG00000176204",
        "ENSG00000140538",
        "ENSG00000144847",
        "ENSG00000185070",
        "ENSG00000172020",
        "ENSG00000197555"
      ],
      "GO:0098883": [],
      "GO:0060074": [],
      "GO:0099558": [],
      "GO:0099187": [],
      "GO:0099188": [
        "ENSG00000197555"
      ],
      "SYNGO:presyn_ATPmetabolic": [],
      "SYNGO:postsyn_ATPmetabolic": [],
      "GO:0099546": [],
      "GO:0099574": [],
      "GO:0099547": [],
      "GO:0042135": [],
      "GO:0140246": [],
      "GO:0042136": [],
      "GO:0140241": [],
      "GO:0140235": [],
      "GO:0008088": [],
      "GO:0099514": [],
      "GO:0099090": [],
      "GO:0099089": [],
      "GO:0099637": [
        "ENSG00000065534"
      ],
      "GO:1905056": [],
      "GO:0099534": [],
      "GO:0099626": [],
      "GO:0099507": [],
      "GO:0099508": [],
      "GO:0150047": [
        "ENSG00000183783",
        "ENSG00000183775"
      ],
      "GO:0140232": [],
      "GO:0098693": [],
      "GO:0097091": [
        "ENSG00000185666"
      ],
      "GO:0099532": [],
      "GO:0016079": [],
      "GO:0098700": [],
      "GO:0099180": [],
      "GO:0097401": [],
      "GO:0048488": [
        "ENSG00000065534"
      ],
      "GO:0099161": [],
      "GO:0051580": [],
      "GO:0099526": [],
      "GO:1905059": [],
      "GO:0099567": [],
      "GO:1905060": [],
      "GO:0098695": [],
      "GO:0099583": [],
      "GO:0140233": [
        "ENSG00000183775"
      ],
      "GO:1904315": [],
      "GO:1905030": [],
      "GO:0099645": [],
      "GO:0098967": [],
      "GO:0098970": [],
      "GO:0098884": [],
      "GO:0150044": [],
      "GO:0099527": [],
      "GO:0099541": [],
      "GO:0099540": [],
      "GO:0099543": [],
      "GO:0099545": [],
      "GO:0099157": [],
      "GO:0099183": [],
      "GO:0099550": [],
      "GO:0007268": [
        "ENSG00000101333",
        "ENSG00000148948",
        "ENSG00000163630",
        "ENSG00000187323"
      ],
      "GO:0150045": [],
      "GO:0099174": [],
      "GO:0099175": [],
      "GO:0099084": [],
      "GO:0099010": [],
      "GO:0099564": [],
      "GO:1905244": [],
      "GO:0099181": [],
      "GO:0099186": [
        "ENSG00000152413"
      ],
      "GO:0099179": [],
      "GO:0099054": [
        "ENSG00000149972"
      ],
      "GO:0051963": [
        "ENSG00000176204",
        "ENSG00000140538",
        "ENSG00000144847",
        "ENSG00000185070"
      ],
      "GO:0098698": [
        "ENSG00000172020",
        "ENSG00000140538",
        "ENSG00000197555"
      ],
      "GO:0097104": [],
      "GO:1905806": [],
      "GO:0090128": [],
      "GO:0099559": [],
      "GO:0098880": [],
      "GO:0099140": [],
      "GO:0098974": [
        "ENSG00000197555"
      ],
      "GO:0099190": [],
      "SYNGO:presyn_regulationATPmetabolic": [],
      "GO:0099576": [],
      "GO:0099575": [],
      "GO:0099578": [],
      "GO:0099577": [],
      "GO:0140247": [],
      "GO:0140249": [],
      "GO:0140236": [],
      "GO:0140242": [],
      "GO:0098930": [],
      "GO:0098935": [],
      "GO:0099517": [],
      "GO:0099158": [],
      "GO:0098968": [],
      "GO:0098877": [
        "ENSG00000065534"
      ],
      "GO:0098943": [],
      "GO:0016182": [],
      "GO:0016189": [],
      "GO:0099502": [],
      "GO:2000300": [],
      "GO:0016081": [],
      "GO:0031629": [],
      "GO:0016082": [],
      "GO:0099162": [],
      "GO:1901546": [],
      "GO:1900242": [
        "ENSG00000065534"
      ],
      "GO:0016185": [],
      "GO:0016191": [],
      "GO:0098872": [],
      "GO:0099579": [
        "ENSG00000183775"
      ],
      "GO:0098696": [],
      "GO:0099145": [],
      "GO:0150054": [],
      "GO:0099149": [],
      "GO:1905539": [],
      "GO:0099542": [],
      "GO:0099548": [],
      "GO:0098942": [],
      "GO:0099557": [],
      "GO:0150035": [],
      "GO:0050804": [
        "ENSG00000101333",
        "ENSG00000148948",
        "ENSG00000163630"
      ],
      "GO:0099531": [],
      "GO:0099565": [
        "ENSG00000187323"
      ],
      "GO:0099159": [],
      "GO:0098885": [],
      "GO:0098987": [],
      "GO:0098882": [],
      "GO:0098699": [],
      "GO:0098973": [],
      "GO:0099184": [],
      "GO:0098879": [],
      "GO:0098919": [],
      "GO:1905606": [
        "ENSG00000140538",
        "ENSG00000144847"
      ],
      "GO:0150052": [
        "ENSG00000185070"
      ],
      "GO:0099150": [
        "ENSG00000172020"
      ],
      "GO:0097107": [
        "ENSG00000140538",
        "ENSG00000197555"
      ],
      "GO:0099562": [],
      "GO:0140251": [],
      "GO:0140252": [],
      "GO:0140245": [],
      "GO:0008089": [],
      "GO:0099088": [],
      "GO:0098937": [],
      "GO:0098939": [],
      "GO:0098961": [],
      "GO:0098934": [],
      "GO:0048490": [],
      "GO:0098969": [
        "ENSG00000065534"
      ],
      "GO:0099639": [],
      "GO:0150037": [],
      "GO:0099148": [],
      "GO:0031630": [],
      "GO:0010807": [],
      "GO:0098694": [],
      "GO:0098921": [],
      "GO:0099553": [],
      "GO:0099555": [],
      "GO:0099171": [],
      "GO:0099170": [
        "ENSG00000187323"
      ],
      "GO:1905274": [],
      "GO:0099151": [
        "ENSG00000197555"
      ],
      "GO:0099641": [],
      "GO:0140231": [],
      "GO:0098971": [],
      "GO:0098963": [],
      "GO:1903742": [],
      "GO:0098887": [],
      "GO:0099178": [],
      "GO:0150036": [],
      "GO:0098925": [],
      "GO:0098964": [],
      "GO:0099152": []
    },
    "entrez_id": {
      "SYNGO:synprocess": [
        "386617",
        "57528",
        "8224",
        "4638",
        "9456",
        "26047",
        "152404",
        "5332",
        "57689",
        "132204",
        "1630",
        "885",
        "23266",
        "5800",
        "1007",
        "1946",
        "53942",
        "80059",
        "4916",
        "23768",
        "2596",
        "26037"
      ],
      "SYNGO:presynprocess": [
        "386617",
        "57528",
        "8224",
        "4638"
      ],
      "SYNGO:postsynprocess": [
        "57528",
        "9456",
        "26047",
        "152404"
      ],
      "GO:0099536": [
        "152404",
        "5332",
        "57689",
        "132204",
        "1630",
        "885"
      ],
      "GO:0050808": [
        "23266",
        "5800",
        "9456",
        "1007",
        "1946",
        "57689",
        "53942",
        "80059",
        "4916",
        "152404",
        "23768",
        "2596",
        "26037"
      ],
      "SYNGO:metabolism": [],
      "SYNGO:transport": [
        "4638"
      ],
      "GO:0099509": [],
      "GO:0099505": [
        "386617",
        "57528"
      ],
      "GO:0140238": [],
      "GO:0099504": [
        "8224",
        "4638"
      ],
      "GO:0099525": [],
      "GO:0001504": [],
      "GO:0098810": [],
      "SYNGO:presyn_chaperoneProteinFolding": [],
      "GO:0098928": [],
      "GO:0099566": [],
      "GO:0060078": [
        "57528"
      ],
      "GO:0098962": [
        "9456"
      ],
      "GO:0099072": [
        "26047",
        "152404"
      ],
      "GO:0140239": [],
      "GO:0150038": [],
      "GO:0098926": [],
      "GO:0099537": [
        "152404",
        "5332",
        "57689",
        "132204",
        "1630"
      ],
      "GO:0099538": [
        "885"
      ],
      "GO:0099163": [],
      "GO:0099172": [],
      "GO:0099173": [],
      "GO:0099563": [],
      "GO:0050807": [
        "5800"
      ],
      "GO:0098918": [
        "9456"
      ],
      "GO:0150043": [],
      "GO:0099560": [
        "1007",
        "1946",
        "57689"
      ],
      "GO:0008039": [],
      "GO:0007416": [
        "1007",
        "53942",
        "80059",
        "4916",
        "152404",
        "23768",
        "2596",
        "26037"
      ],
      "GO:0098883": [],
      "GO:0060074": [],
      "GO:0099558": [],
      "GO:0099187": [],
      "GO:0099188": [
        "26037"
      ],
      "SYNGO:presyn_ATPmetabolic": [],
      "SYNGO:postsyn_ATPmetabolic": [],
      "GO:0099546": [],
      "GO:0099574": [],
      "GO:0099547": [],
      "GO:0042135": [],
      "GO:0140246": [],
      "GO:0042136": [],
      "GO:0140241": [],
      "GO:0140235": [],
      "GO:0008088": [],
      "GO:0099514": [],
      "GO:0099090": [],
      "GO:0099089": [],
      "GO:0099637": [
        "4638"
      ],
      "GO:1905056": [],
      "GO:0099534": [],
      "GO:0099626": [],
      "GO:0099507": [],
      "GO:0099508": [],
      "GO:0150047": [
        "386617",
        "57528"
      ],
      "GO:0140232": [],
      "GO:0098693": [],
      "GO:0097091": [
        "8224"
      ],
      "GO:0099532": [],
      "GO:0016079": [],
      "GO:0098700": [],
      "GO:0099180": [],
      "GO:0097401": [],
      "GO:0048488": [
        "4638"
      ],
      "GO:0099161": [],
      "GO:0051580": [],
      "GO:0099526": [],
      "GO:1905059": [],
      "GO:0099567": [],
      "GO:1905060": [],
      "GO:0098695": [],
      "GO:0099583": [],
      "GO:0140233": [
        "57528"
      ],
      "GO:1904315": [],
      "GO:1905030": [],
      "GO:0099645": [],
      "GO:0098967": [],
      "GO:0098970": [],
      "GO:0098884": [],
      "GO:0150044": [],
      "GO:0099527": [],
      "GO:0099541": [],
      "GO:0099540": [],
      "GO:0099543": [],
      "GO:0099545": [],
      "GO:0099157": [],
      "GO:0099183": [],
      "GO:0099550": [],
      "GO:0007268": [
        "5332",
        "57689",
        "132204",
        "1630"
      ],
      "GO:0150045": [],
      "GO:0099174": [],
      "GO:0099175": [],
      "GO:0099084": [],
      "GO:0099010": [],
      "GO:0099564": [],
      "GO:1905244": [],
      "GO:0099181": [],
      "GO:0099186": [
        "9456"
      ],
      "GO:0099179": [],
      "GO:0099054": [
        "53942"
      ],
      "GO:0051963": [
        "80059",
        "4916",
        "152404",
        "23768"
      ],
      "GO:0098698": [
        "2596",
        "4916",
        "26037"
      ],
      "GO:0097104": [],
      "GO:1905806": [],
      "GO:0090128": [],
      "GO:0099559": [],
      "GO:0098880": [],
      "GO:0099140": [],
      "GO:0098974": [
        "26037"
      ],
      "GO:0099190": [],
      "SYNGO:presyn_regulationATPmetabolic": [],
      "GO:0099576": [],
      "GO:0099575": [],
      "GO:0099578": [],
      "GO:0099577": [],
      "GO:0140247": [],
      "GO:0140249": [],
      "GO:0140236": [],
      "GO:0140242": [],
      "GO:0098930": [],
      "GO:0098935": [],
      "GO:0099517": [],
      "GO:0099158": [],
      "GO:0098968": [],
      "GO:0098877": [
        "4638"
      ],
      "GO:0098943": [],
      "GO:0016182": [],
      "GO:0016189": [],
      "GO:0099502": [],
      "GO:2000300": [],
      "GO:0016081": [],
      "GO:0031629": [],
      "GO:0016082": [],
      "GO:0099162": [],
      "GO:1901546": [],
      "GO:1900242": [
        "4638"
      ],
      "GO:0016185": [],
      "GO:0016191": [],
      "GO:0098872": [],
      "GO:0099579": [
        "57528"
      ],
      "GO:0098696": [],
      "GO:0099145": [],
      "GO:0150054": [],
      "GO:0099149": [],
      "GO:1905539": [],
      "GO:0099542": [],
      "GO:0099548": [],
      "GO:0098942": [],
      "GO:0099557": [],
      "GO:0150035": [],
      "GO:0050804": [
        "5332",
        "57689",
        "132204"
      ],
      "GO:0099531": [],
      "GO:0099565": [
        "1630"
      ],
      "GO:0099159": [],
      "GO:0098885": [],
      "GO:0098987": [],
      "GO:0098882": [],
      "GO:0098699": [],
      "GO:0098973": [],
      "GO:0099184": [],
      "GO:0098879": [],
      "GO:0098919": [],
      "GO:1905606": [
        "4916",
        "152404"
      ],
      "GO:0150052": [
        "23768"
      ],
      "GO:0099150": [
        "2596"
      ],
      "GO:0097107": [
        "4916",
        "26037"
      ],
      "GO:0099562": [],
      "GO:0140251": [],
      "GO:0140252": [],
      "GO:0140245": [],
      "GO:0008089": [],
      "GO:0099088": [],
      "GO:0098937": [],
      "GO:0098939": [],
      "GO:0098961": [],
      "GO:0098934": [],
      "GO:0048490": [],
      "GO:0098969": [
        "4638"
      ],
      "GO:0099639": [],
      "GO:0150037": [],
      "GO:0099148": [],
      "GO:0031630": [],
      "GO:0010807": [],
      "GO:0098694": [],
      "GO:0098921": [],
      "GO:0099553": [],
      "GO:0099555": [],
      "GO:0099171": [],
      "GO:0099170": [
        "1630"
      ],
      "GO:1905274": [],
      "GO:0099151": [
        "26037"
      ],
      "GO:0099641": [],
      "GO:0140231": [],
      "GO:0098971": [],
      "GO:0098963": [],
      "GO:1903742": [],
      "GO:0098887": [],
      "GO:0099178": [],
      "GO:0150036": [],
      "GO:0098925": [],
      "GO:0098964": [],
      "GO:0099152": []
    }
  }
}