{
  "direct": {
    "hgnc_id": {
      "GO:0045202": [
        "HGNC:29647",
        "HGNC:1753",
        "HGNC:1768",
        "HGNC:19411",
        "HGNC:7590"
      ],
      "GO:0097060": [],
      "GO:0098793": [
        "HGNC:2176",
        "HGNC:4140",
        "HGNC:12337"
      ],
      "GO:0043083": [
        "HGNC:6482"
      ],
      "GO:0098794": [
        "HGNC:20284",
        "HGNC:22394"
      ],
      "GO:0099544": [],
      "GO:0099243": [],
      "GO:0099699": [
        "HGNC:7657",
        "HGNC:21207"
      ],
      "GO:0099523": [],
      "GO:0099569": [],
      "GO:0048786": [],
      "GO:0098833": [],
      "GO:0098830": [],
      "GO:0008021": [],
      "GO:0098992": [],
      "GO:0042734": [
        "HGNC:29244",
        "HGNC:22394"
      ],
      "SYNGO:presyn_ribosome": [],
      "SYNGO:presyn_er": [],
      "GO:0098965": [],
      "GO:0099524": [
        "HGNC:17512"
      ],
      "GO:0099571": [],
      "GO:0097444": [],
      "GO:0150051": [],
      "GO:0099572": [],
      "GO:0098843": [],
      "GO:0098845": [],
      "GO:0045211": [
        "HGNC:29244"
      ],
      "SYNGO:postsyn_ribosome": [],
      "SYNGO:postsyn_er": [],
      "GO:0098966": [],
      "GO:0099182": [],
      "GO:0099143": [],
      "GO:0098831": [],
      "GO:0048787": [
        "HGNC:22394"
      ],
      "GO:0098835": [],
      "GO:0098954": [],
      "GO:0034592": [],
      "GO:0030672": [],
      "GO:0099013": [
        "HGNC:1569"
      ],
      "GO:0099012": [],
      "GO:0099026": [
        "HGNC:2176",
        "HGNC:2175"
      ],
      "GO:0098888": [],
      "GO:0099056": [
        "HGNC:1768",
        "HGNC:13830",
        "HGNC:3761"
      ],
      "SYNGO:presyn_er_membrane": [],
      "SYNGO:presyn_ser": [],
      "GO:0099160": [],
      "GO:0098871": [],
      "GO:0150050": [],
      "GO:0099189": [],
      "GO:0098897": [],
      "GO:0099091": [],
      "GO:0099634": [],
      "GO:0014069": [
        "HGNC:17512",
        "HGNC:9059",
        "HGNC:11251"
      ],
      "GO:0099629": [],
      "GO:0098844": [],
      "GO:0098895": [],
      "GO:0098842": [],
      "GO:0098837": [],
      "GO:0099025": [],
      "GO:0098890": [],
      "GO:0099055": [
        "HGNC:1768",
        "HGNC:18582",
        "HGNC:8033",
        "HGNC:3761"
      ],
      "SYNGO:postsyn_er_membrane": [],
      "SYNGO:postsyn_ser": [
        "HGNC:9059"
      ],
      "GO:0099029": [],
      "GO:0098891": [],
      "GO:0099059": [],
      "GO:0098894": [],
      "GO:0099067": [],
      "GO:0098993": [],
      "GO:0098850": [
        "HGNC:11496"
      ],
      "GO:0030285": [
        "HGNC:16507"
      ],
      "GO:0098674": [],
      "GO:0099066": [],
      "SYNGO:presyn_er_membrane_integral": [],
      "SYNGO:presyn_ser_membrane": [],
      "GO:0099065": [],
      "GO:0098892": [],
      "GO:0099060": [],
      "GO:0099092": [],
      "GO:0098839": [],
      "GO:0099164": [],
      "GO:0098999": [],
      "GO:0098896": [],
      "GO:0098944": [],
      "SYNGO:postsyn_er_membrane_integral": [],
      "SYNGO:postsyn_ser_membrane": [],
      "SYNGO:presyn_ser_membrane_integral": [],
      "GO:0099031": [],
      "GO:0099147": [],
      "GO:0099061": [
        "HGNC:19411",
        "HGNC:2701",
        "HGNC:29317",
        "HGNC:9678",
        "HGNC:16669"
      ],
      "GO:0098998": [],
      "GO:0099033": [],
      "GO:0099063": [],
      "SYNGO:postsyn_ser_membrane_integral": []
    },
    "hgnc_symbol": {
      "GO:0045202": [
        "MAGI3",
        "CDH13",
        "CDH9",
        "LRRTM4",
        "MYLK"
      ],
      "GO:0097060": [],
      "GO:0098793": [
        "CNTN6",
        "GAP43",
        "TRPC5"
      ],
      "GO:0043083": [
        "LAMA2"
      ],
      "GO:0098794": [
        "SIPA1L1",
        "KCTD8"
      ],
      "GO:0099544": [],
      "GO:0099243": [],
      "GO:0099699": [
        "NCAM2",
        "LINGO2"
      ],
      "GO:0099523": [],
      "GO:0099569": [],
      "GO:0048786": [],
      "GO:0098833": [],
      "GO:0098830": [],
      "GO:0008021": [],
      "GO:0098992": [],
      "GO:0042734": [
        "KCTD16",
        "KCTD8"
      ],
      "SYNGO:presyn_ribosome": [],
      "SYNGO:presyn_er": [],
      "GO:0098965": [],
      "GO:0099524": [
        "HOMER1"
      ],
      "GO:0099571": [],
      "GO:0097444": [],
      "GO:0150051": [],
      "GO:0099572": [],
      "GO:0098843": [],
      "GO:0098845": [],
      "GO:0045211": [
        "KCTD16"
      ],
      "SYNGO:postsyn_ribosome": [],
      "SYNGO:postsyn_er": [],
      "GO:0098966": [],
      "GO:0099182": [],
      "GO:0099143": [],
      "GO:0098831": [],
      "GO:0048787": [
        "KCTD8"
      ],
      "GO:0098835": [],
      "GO:0098954": [],
      "GO:0034592": [],
      "GO:0030672": [],
      "GO:0099013": [
        "CCK"
      ],
      "GO:0099012": [],
      "GO:0099026": [
        "CNTN6",
        "CNTN5"
      ],
      "GO:0098888": [],
      "GO:0099056": [
        "CDH9",
        "CNTNAP2",
        "FLRT2"
      ],
      "SYNGO:presyn_er_membrane": [],
      "SYNGO:presyn_ser": [],
      "GO:0099160": [],
      "GO:0098871": [],
      "GO:0150050": [],
      "GO:0099189": [],
      "GO:0098897": [],
      "GO:0099091": [],
      "GO:0099634": [],
      "GO:0014069": [
        "HOMER1",
        "PLCB4",
        "SPOCK1"
      ],
      "GO:0099629": [],
      "GO:0098844": [],
      "GO:0098895": [],
      "GO:0098842": [],
      "GO:0098837": [],
      "GO:0099025": [],
      "GO:0098890": [],
      "GO:0099055": [
        "CDH9",
        "ADGRL2",
        "NTRK3",
        "FLRT2"
      ],
      "SYNGO:postsyn_er_membrane": [],
      "SYNGO:postsyn_ser": [
        "PLCB4"
      ],
      "GO:0099029": [],
      "GO:0098891": [],
      "GO:0099059": [],
      "GO:0098894": [],
      "GO:0099067": [],
      "GO:0098993": [],
      "GO:0098850": [
        "SYN3"
      ],
      "GO:0030285": [
        "SYNPR"
      ],
      "GO:0098674": [],
      "GO:0099066": [],
      "SYNGO:presyn_er_membrane_integral": [],
      "SYNGO:presyn_ser_membrane": [],
      "GO:0099065": [],
      "GO:0098892": [],
      "GO:0099060": [],
      "GO:0099092": [],
      "GO:0098839": [],
      "GO:0099164": [],
      "GO:0098999": [],
      "GO:0098896": [],
      "GO:0098944": [],
      "SYNGO:postsyn_er_membrane_integral": [],
      "SYNGO:postsyn_ser_membrane": [],
      "SYNGO:presyn_ser_membrane_integral": [],
      "GO:0099031": [],
      "GO:0099147": [],
      "GO:0099061": [
        "LRRTM4",
        "DCC",
        "LRRC4C",
        "PTPRO",
        "IGSF11"
      ],
      "GO:0098998": [],
      "GO:0099033": [],
      "GO:0099063": [],
      "SYNGO:postsyn_ser_membrane_integral": []
    },
    "ensembl_id": {
      "GO:0045202": [
        "ENSG00000081026",
        "ENSG00000140945",
        "ENSG00000113100",
        "ENSG00000176204",
        "ENSG00000065534"
      ],
      "GO:0097060": [],
      "GO:0098793": [
        "ENSG00000134115",
        "ENSG00000172020",
        "ENSG00000072315"
      ],
      "GO:0043083": [
        "ENSG00000196569"
      ],
      "GO:0098794": [
        "ENSG00000197555",
        "ENSG00000183783"
      ],
      "GO:0099544": [],
      "GO:0099243": [],
      "GO:0099699": [
        "ENSG00000154654",
        "ENSG00000174482"
      ],
      "GO:0099523": [],
      "GO:0099569": [],
      "GO:0048786": [],
      "GO:0098833": [],
      "GO:0098830": [],
      "GO:0008021": [],
      "GO:0098992": [],
      "GO:0042734": [
        "ENSG00000183775",
        "ENSG00000183783"
      ],
      "SYNGO:presyn_ribosome": [],
      "SYNGO:presyn_er": [],
      "GO:0098965": [],
      "GO:0099524": [
        "ENSG00000152413"
      ],
      "GO:0099571": [],
      "GO:0097444": [],
      "GO:0150051": [],
      "GO:0099572": [],
      "GO:0098843": [],
      "GO:0098845": [],
      "GO:0045211": [
        "ENSG00000183775"
      ],
      "SYNGO:postsyn_ribosome": [],
      "SYNGO:postsyn_er": [],
      "GO:0098966": [],
      "GO:0099182": [],
      "GO:0099143": [],
      "GO:0098831": [],
      "GO:0048787": [
        "ENSG00000183783"
      ],
      "GO:0098835": [],
      "GO:0098954": [],
      "GO:0034592": [],
      "GO:0030672": [],
      "GO:0099013": [
        "ENSG00000187094"
      ],
      "GO:0099012": [],
      "GO:0099026": [
        "ENSG00000134115",
        "ENSG00000149972"
      ],
      "GO:0098888": [],
      "GO:0099056": [
        "ENSG00000113100",
        "ENSG00000174469",
        "ENSG00000185070"
      ],
      "SYNGO:presyn_er_membrane": [],
      "SYNGO:presyn_ser": [],
      "GO:0099160": [],
      "GO:0098871": [],
      "GO:0150050": [],
      "GO:0099189": [],
      "GO:0098897": [],
      "GO:0099091": [],
      "GO:0099634": [],
      "GO:0014069": [
        "ENSG00000152413",
        "ENSG00000101333",
        "ENSG00000152377"
      ],
      "GO:0099629": [],
      "GO:0098844": [],
      "GO:0098895": [],
      "GO:0098842": [],
      "GO:0098837": [],
      "GO:0099025": [],
      "GO:0098890": [],
      "GO:0099055": [
        "ENSG00000113100",
        "ENSG00000117114",
        "ENSG00000140538",
        "ENSG00000185070"
      ],
      "SYNGO:postsyn_er_membrane": [],
      "SYNGO:postsyn_ser": [
        "ENSG00000101333"
      ],
      "GO:0099029": [],
      "GO:0098891": [],
      "GO:0099059": [],
      "GO:0098894": [],
      "GO:0099067": [],
      "GO:0098993": [],
      "GO:0098850": [
        "ENSG00000185666"
      ],
      "GO:0030285": [
        "ENSG00000163630"
      ],
      "GO:0098674": [],
      "GO:0099066": [],
      "SYNGO:presyn_er_membrane_integral": [],
      "SYNGO:presyn_ser_membrane": [],
      "GO:0099065": [],
      "GO:0098892": [],
      "GO:0099060": [],
      "GO:0099092": [],
      "GO:0098839": [],
      "GO:0099164": [],
      "GO:0098999": [],
      "GO:0098896": [],
      "GO:0098944": [],
      "SYNGO:postsyn_er_membrane_integral": [],
      "SYNGO:postsyn_ser_membrane": [],
      "SYNGO:presyn_ser_membrane_integral": [],
      "GO:0099031": [],
      "GO:0099147": [],
      "GO:0099061": [
        "ENSG00000176204",
        "ENSG00000187323",
        "ENSG00000148948",
        "ENSG00000151490",
        "ENSG00000144847"
      ],
      "GO:0098998": [],
      "GO:0099033": [],
      "GO:0099063": [],
      "SYNGO:postsyn_ser_membrane_integral": []
    },
    "entrez_id": {
      "GO:0045202": [
        "260425",
        "1012",
        "1007",
        "80059",
        "4638"
      ],
      "GO:0097060": [],
      "GO:0098793": [
        "27255",
        "2596",
        "7224"
      ],
      "GO:0043083": [
        "3908"
      ],
      "GO:0098794": [
        "26037",
        "386617"
      ],
      "GO:0099544": [],
      "GO:0099243": [],
      "GO:0099699": [
        "4685",
        "158038"
      ],
      "GO:0099523": [],
      "GO:0099569": [],
      "GO:0048786": [],
      "GO:0098833": [],
      "GO:0098830": [],
      "GO:0008021": [],
      "GO:0098992": [],
      "GO:0042734": [
        "57528",
        "386617"
      ],
      "SYNGO:presyn_ribosome": [],
      "SYNGO:presyn_er": [],
      "GO:0098965": [],
      "GO:0099524": [
        "9456"
      ],
      "GO:0099571": [],
      "GO:0097444": [],
      "GO:0150051": [],
      "GO:0099572": [],
      "GO:0098843": [],
      "GO:0098845": [],
      "GO:0045211": [
        "57528"
      ],
      "SYNGO:postsyn_ribosome": [],
      "SYNGO:postsyn_er": [],
      "GO:0098966": [],
      "GO:0099182": [],
      "GO:0099143": [],
      "GO:0098831": [],
      "GO:0048787": [
        "386617"
      ],
      "GO:0098835": [],
      "GO:0098954": [],
      "GO:0034592": [],
      "GO:0030672": [],
      "GO:0099013": [
        "885"
      ],
      "GO:0099012": [],
      "GO:0099026": [
        "27255",
        "53942"
      ],
      "GO:0098888": [],
      "GO:0099056": [
        "1007",
        "26047",
        "23768"
      ],
      "SYNGO:presyn_er_membrane": [],
      "SYNGO:presyn_ser": [],
      "GO:0099160": [],
      "GO:0098871": [],
      "GO:0150050": [],
      "GO:0099189": [],
      "GO:0098897": [],
      "GO:0099091": [],
      "GO:0099634": [],
      "GO:0014069": [
        "9456",
        "5332",
        "6695"
      ],
      "GO:0099629": [],
      "GO:0098844": [],
      "GO:0098895": [],
      "GO:0098842": [],
      "GO:0098837": [],
      "GO:0099025": [],
      "GO:0098890": [],
      "GO:0099055": [
        "1007",
        "23266",
        "4916",
        "23768"
      ],
      "SYNGO:postsyn_er_membrane": [],
      "SYNGO:postsyn_ser": [
        "5332"
      ],
      "GO:0099029": [],
      "GO:0098891": [],
      "GO:0099059": [],
      "GO:0098894": [],
      "GO:0099067": [],
      "GO:0098993": [],
      "GO:0098850": [
        "8224"
      ],
      "GO:0030285": [
        "132204"
      ],
      "GO:0098674": [],
      "GO:0099066": [],
      "SYNGO:presyn_er_membrane_integral": [],
      "SYNGO:presyn_ser_membrane": [],
      "GO:0099065": [],
      "GO:0098892": [],
      "GO:0099060": [],
      "GO:0099092": [],
      "GO:0098839": [],
      "GO:0099164": [],
      "GO:0098999": [],
      "GO:0098896": [],
      "GO:0098944": [],
      "SYNGO:postsyn_er_membrane_integral": [],
      "SYNGO:postsyn_ser_membrane": [],
      "SYNGO:presyn_ser_membrane_integral": [],
      "GO:0099031": [],
      "GO:0099147": [],
      "GO:0099061": [
        "80059",
        "1630",
        "57689",
        "5800",
        "152404"
      ],
      "GO:0098998": [],
      "GO:0099033": [],
      "GO:0099063": [],
      "SYNGO:postsyn_ser_membrane_integral": []
    }
  },
  "aggregate": {
    "hgnc_id": {
      "GO:0045202": [
        "HGNC:29647",
        "HGNC:1753",
        "HGNC:1768",
        "HGNC:19411",
        "HGNC:7590",
        "HGNC:7657",
        "HGNC:21207",
        "HGNC:2176",
        "HGNC:4140",
        "HGNC:12337",
        "HGNC:22394",
        "HGNC:11496",
        "HGNC:16507",
        "HGNC:1569",
        "HGNC:29244",
        "HGNC:2175",
        "HGNC:13830",
        "HGNC:3761",
        "HGNC:6482",
        "HGNC:20284",
        "HGNC:17512",
        "HGNC:9059",
        "HGNC:11251",
        "HGNC:2701",
        "HGNC:29317",
        "HGNC:9678",
        "HGNC:16669",
        "HGNC:18582",
        "HGNC:8033"
      ],
      "GO:0097060": [
        "HGNC:7657",
        "HGNC:21207"
      ],
      "GO:0098793": [
        "HGNC:2176",
        "HGNC:4140",
        "HGNC:12337",
        "HGNC:22394",
        "HGNC:11496",
        "HGNC:16507",
        "HGNC:1569",
        "HGNC:29244",
        "HGNC:2175",
        "HGNC:1768",
        "HGNC:13830",
        "HGNC:3761"
      ],
      "GO:0043083": [
        "HGNC:6482"
      ],
      "GO:0098794": [
        "HGNC:20284",
        "HGNC:22394",
        "HGNC:17512",
        "HGNC:9059",
        "HGNC:11251",
        "HGNC:19411",
        "HGNC:2701",
        "HGNC:29317",
        "HGNC:9678",
        "HGNC:16669",
        "HGNC:29244",
        "HGNC:1768",
        "HGNC:18582",
        "HGNC:8033",
        "HGNC:3761"
      ],
      "GO:0099544": [],
      "GO:0099243": [],
      "GO:0099699": [
        "HGNC:7657",
        "HGNC:21207"
      ],
      "GO:0099523": [],
      "GO:0099569": [],
      "GO:0048786": [
        "HGNC:22394"
      ],
      "GO:0098833": [],
      "GO:0098830": [],
      "GO:0008021": [
        "HGNC:11496",
        "HGNC:16507"
      ],
      "GO:0098992": [
        "HGNC:1569"
      ],
      "GO:0042734": [
        "HGNC:29244",
        "HGNC:22394",
        "HGNC:2176",
        "HGNC:2175",
        "HGNC:1768",
        "HGNC:13830",
        "HGNC:3761"
      ],
      "SYNGO:presyn_ribosome": [],
      "SYNGO:presyn_er": [],
      "GO:0098965": [],
      "GO:0099524": [
        "HGNC:17512"
      ],
      "GO:0099571": [],
      "GO:0097444": [],
      "GO:0150051": [],
      "GO:0099572": [
        "HGNC:17512",
        "HGNC:9059",
        "HGNC:11251",
        "HGNC:19411",
        "HGNC:2701",
        "HGNC:29317",
        "HGNC:9678",
        "HGNC:16669"
      ],
      "GO:0098843": [],
      "GO:0098845": [],
      "GO:0045211": [
        "HGNC:29244",
        "HGNC:1768",
        "HGNC:18582",
        "HGNC:8033",
        "HGNC:3761"
      ],
      "SYNGO:postsyn_ribosome": [],
      "SYNGO:postsyn_er": [
        "HGNC:9059"
      ],
      "GO:0098966": [],
      "GO:0099182": [],
      "GO:0099143": [],
      "GO:0098831": [],
      "GO:0048787": [
        "HGNC:22394"
      ],
      "GO:0098835": [],
      "GO:0098954": [],
      "GO:0034592": [],
      "GO:0030672": [
        "HGNC:11496",
        "HGNC:16507"
      ],
      "GO:0099013": [
        "HGNC:1569"
      ],
      "GO:0099012": [],
      "GO:0099026": [
        "HGNC:2176",
        "HGNC:2175"
      ],
      "GO:0098888": [],
      "GO:0099056": [
        "HGNC:1768",
        "HGNC:13830",
        "HGNC:3761"
      ],
      "SYNGO:presyn_er_membrane": [],
      "SYNGO:presyn_ser": [],
      "GO:0099160": [],
      "GO:0098871": [],
      "GO:0150050": [],
      "GO:0099189": [],
      "GO:0098897": [],
      "GO:0099091": [],
      "GO:0099634": [],
      "GO:0014069": [
        "HGNC:17512",
        "HGNC:9059",
        "HGNC:11251",
        "HGNC:19411",
        "HGNC:2701",
        "HGNC:29317",
        "HGNC:9678",
        "HGNC:16669"
      ],
      "GO:0099629": [],
      "GO:0098844": [],
      "GO:0098895": [],
      "GO:0098842": [],
      "GO:0098837": [],
      "GO:0099025": [],
      "GO:0098890": [],
      "GO:0099055": [
        "HGNC:1768",
        "HGNC:18582",
        "HGNC:8033",
        "HGNC:3761"
      ],
      "SYNGO:postsyn_er_membrane": [],
      "SYNGO:postsyn_ser": [
        "HGNC:9059"
      ],
      "GO:0099029": [],
      "GO:0098891": [],
      "GO:0099059": [],
      "GO:0098894": [],
      "GO:0099067": [],
      "GO:0098993": [],
      "GO:0098850": [
        "HGNC:11496"
      ],
      "GO:0030285": [
        "HGNC:16507"
      ],
      "GO:0098674": [],
      "GO:0099066": [],
      "SYNGO:presyn_er_membrane_integral": [],
      "SYNGO:presyn_ser_membrane": [],
      "GO:0099065": [],
      "GO:0098892": [],
      "GO:0099060": [],
      "GO:0099092": [],
      "GO:0098839": [
        "HGNC:19411",
        "HGNC:2701",
        "HGNC:29317",
        "HGNC:9678",
        "HGNC:16669"
      ],
      "GO:0099164": [],
      "GO:0098999": [],
      "GO:0098896": [],
      "GO:0098944": [],
      "SYNGO:postsyn_er_membrane_integral": [],
      "SYNGO:postsyn_ser_membrane": [],
      "SYNGO:presyn_ser_membrane_integral": [],
      "GO:0099031": [],
      "GO:0099147": [],
      "GO:0099061": [
        "HGNC:19411",
        "HGNC:2701",
        "HGNC:29317",
        "HGNC:9678",
        "HGNC:16669"
      ],
      "GO:0098998": [],
      "GO:0099033": [],
      "GO:0099063": [],
      "SYNGO:postsyn_ser_membrane_integral": []
    },
    "hgnc_symbol": {
      "GO:0045202": [
        "MAGI3",
        "CDH13",
        "CDH9",
        "LRRTM4",
        "MYLK",
        "NCAM2",
        "LINGO2",
        "CNTN6",
        "GAP43",
        "TRPC5",
        "KCTD8",
        "SYN3",
        "SYNPR",
        "CCK",
        "KCTD16",
        "CNTN5",
        "CNTNAP2",
        "FLRT2",
        "LAMA2",
        "SIPA1L1",
        "HOMER1",
        "PLCB4",
        "SPOCK1",
        "DCC",
        "LRRC4C",
        "PTPRO",
        "IGSF11",
        "ADGRL2",
        "NTRK3"
      ],
      "GO:0097060": [
        "NCAM2",
        "LINGO2"
      ],
      "GO:0098793": [
        "CNTN6",
        "GAP43",
        "TRPC5",
        "KCTD8",
        "SYN3",
        "SYNPR",
        "CCK",
        "KCTD16",
        "CNTN5",
        "CDH9",
        "CNTNAP2",
        "FLRT2"
      ],
      "GO:0043083": [
        "LAMA2"
      ],
      "GO:0098794": [
        "SIPA1L1",
        "KCTD8",
        "HOMER1",
        "PLCB4",
        "SPOCK1",
        "LRRTM4",
        "DCC",
        "LRRC4C",
        "PTPRO",
        "IGSF11",
        "KCTD16",
        "CDH9",
        "ADGRL2",
        "NTRK3",
        "FLRT2"
      ],
      "GO:0099544": [],
      "GO:0099243": [],
      "GO:0099699": [
        "NCAM2",
        "LINGO2"
      ],
      "GO:0099523": [],
      "GO:0099569": [],
      "GO:0048786": [
        "KCTD8"
      ],
      "GO:0098833": [],
      "GO:0098830": [],
      "GO:0008021": [
        "SYN3",
        "SYNPR"
      ],
      "GO:0098992": [
        "CCK"
      ],
      "GO:0042734": [
        "KCTD16",
        "KCTD8",
        "CNTN6",
        "CNTN5",
        "CDH9",
        "CNTNAP2",
        "FLRT2"
      ],
      "SYNGO:presyn_ribosome": [],
      "SYNGO:presyn_er": [],
      "GO:0098965": [],
      "GO:0099524": [
        "HOMER1"
      ],
      "GO:0099571": [],
      "GO:0097444": [],
      "GO:0150051": [],
      "GO:0099572": [
        "HOMER1",
        "PLCB4",
        "SPOCK1",
        "LRRTM4",
        "DCC",
        "LRRC4C",
        "PTPRO",
        "IGSF11"
      ],
      "GO:0098843": [],
      "GO:0098845": [],
      "GO:0045211": [
        "KCTD16",
        "CDH9",
        "ADGRL2",
        "NTRK3",
        "FLRT2"
      ],
      "SYNGO:postsyn_ribosome": [],
      "SYNGO:postsyn_er": [
        "PLCB4"
      ],
      "GO:0098966": [],
      "GO:0099182": [],
      "GO:0099143": [],
      "GO:0098831": [],
      "GO:0048787": [
        "KCTD8"
      ],
      "GO:0098835": [],
      "GO:0098954": [],
      "GO:0034592": [],
      "GO:0030672": [
        "SYN3",
        "SYNPR"
      ],
      "GO:0099013": [
        "CCK"
      ],
      "GO:0099012": [],
      "GO:0099026": [
        "CNTN6",
        "CNTN5"
      ],
      "GO:0098888": [],
      "GO:0099056": [
        "CDH9",
        "CNTNAP2",
        "FLRT2"
      ],
      "SYNGO:presyn_er_membrane": [],
      "SYNGO:presyn_ser": [],
      "GO:0099160": [],
      "GO:0098871": [],
      "GO:0150050": [],
      "GO:0099189": [],
      "GO:0098897": [],
      "GO:0099091": [],
      "GO:0099634": [],
      "GO:0014069": [
        "HOMER1",
        "PLCB4",
        "SPOCK1",
        "LRRTM4",
        "DCC",
        "LRRC4C",
        "PTPRO",
        "IGSF11"
      ],
      "GO:0099629": [],
      "GO:0098844": [],
      "GO:0098895": [],
      "GO:0098842": [],
      "GO:0098837": [],
      "GO:0099025": [],
      "GO:0098890": [],
      "GO:0099055": [
        "CDH9",
        "ADGRL2",
        "NTRK3",
        "FLRT2"
      ],
      "SYNGO:postsyn_er_membrane": [],
      "SYNGO:postsyn_ser": [
        "PLCB4"
      ],
      "GO:0099029": [],
      "GO:0098891": [],
      "GO:0099059": [],
      "GO:0098894": [],
      "GO:0099067": [],
      "GO:0098993": [],
      "GO:0098850": [
        "SYN3"
      ],
      "GO:0030285": [
        "SYNPR"
      ],
      "GO:0098674": [],
      "GO:0099066": [],
      "SYNGO:presyn_er_membrane_integral": [],
      "SYNGO:presyn_ser_membrane": [],
      "GO:0099065": [],
      "GO:0098892": [],
      "GO:0099060": [],
      "GO:0099092": [],
      "GO:0098839": [
        "LRRTM4",
        "DCC",
        "LRRC4C",
        "PTPRO",
        "IGSF11"
      ],
      "GO:0099164": [],
      "GO:0098999": [],
      "GO:0098896": [],
      "GO:0098944": [],
      "SYNGO:postsyn_er_membrane_integral": [],
      "SYNGO:postsyn_ser_membrane": [],
      "SYNGO:presyn_ser_membrane_integral": [],
      "GO:0099031": [],
      "GO:0099147": [],
      "GO:0099061": [
        "LRRTM4",
        "DCC",
        "LRRC4C",
        "PTPRO",
        "IGSF11"
      ],
      "GO:0098998": [],
      "GO:0099033": [],
      "GO:0099063": [],
      "SYNGO:postsyn_ser_membrane_integral": []
    },
    "ensembl_id": {
      "GO:0045202": [
        "ENSG00000081026",
        "ENSG00000140945",
        "ENSG00000113100",
        "ENSG00000176204",
        "ENSG00000065534",
        "ENSG00000154654",
        "ENSG00000174482",
        "ENSG00000134115",
        "ENSG00000172020",
        "ENSG00000072315",
        "ENSG00000183783",
        "ENSG00000185666",
        "ENSG00000163630",
        "ENSG00000187094",
        "ENSG00000183775",
        "ENSG00000149972",
        "ENSG00000174469",
        "ENSG00000185070",
        "ENSG00000196569",
        "ENSG00000197555",
        "ENSG00000152413",
        "ENSG00000101333",
        "ENSG00000152377",
        "ENSG00000187323",
        "ENSG00000148948",
        "ENSG00000151490",
        "ENSG00000144847",
        "ENSG00000117114",
        "ENSG00000140538"
      ],
      "GO:0097060": [
        "ENSG00000154654",
        "ENSG00000174482"
      ],
      "GO:0098793": [
        "ENSG00000134115",
        "ENSG00000172020",
        "ENSG00000072315",
        "ENSG00000183783",
        "ENSG00000185666",
        "ENSG00000163630",
        "ENSG00000187094",
        "ENSG00000183775",
        "ENSG00000149972",
        "ENSG00000113100",
        "ENSG00000174469",
        "ENSG00000185070"
      ],
      "GO:0043083": [
        "ENSG00000196569"
      ],
      "GO:0098794": [
        "ENSG00000197555",
        "ENSG00000183783",
        "ENSG00000152413",
        "ENSG00000101333",
        "ENSG00000152377",
        "ENSG00000176204",
        "ENSG00000187323",
        "ENSG00000148948",
        "ENSG00000151490",
        "ENSG00000144847",
        "ENSG00000183775",
        "ENSG00000113100",
        "ENSG00000117114",
        "ENSG00000140538",
        "ENSG00000185070"
      ],
      "GO:0099544": [],
      "GO:0099243": [],
      "GO:0099699": [
        "ENSG00000154654",
        "ENSG00000174482"
      ],
      "GO:0099523": [],
      "GO:0099569": [],
      "GO:0048786": [
        "ENSG00000183783"
      ],
      "GO:0098833": [],
      "GO:0098830": [],
      "GO:0008021": [
        "ENSG00000185666",
        "ENSG00000163630"
      ],
      "GO:0098992": [
        "ENSG00000187094"
      ],
      "GO:0042734": [
        "ENSG00000183775",
        "ENSG00000183783",
        "ENSG00000134115",
        "ENSG00000149972",
        "ENSG00000113100",
        "ENSG00000174469",
        "ENSG00000185070"
      ],
      "SYNGO:presyn_ribosome": [],
      "SYNGO:presyn_er": [],
      "GO:0098965": [],
      "GO:0099524": [
        "ENSG00000152413"
      ],
      "GO:0099571": [],
      "GO:0097444": [],
      "GO:0150051": [],
      "GO:0099572": [
        "ENSG00000152413",
        "ENSG00000101333",
        "ENSG00000152377",
        "ENSG00000176204",
        "ENSG00000187323",
        "ENSG00000148948",
        "ENSG00000151490",
        "ENSG00000144847"
      ],
      "GO:0098843": [],
      "GO:0098845": [],
      "GO:0045211": [
        "ENSG00000183775",
        "ENSG00000113100",
        "ENSG00000117114",
        "ENSG00000140538",
        "ENSG00000185070"
      ],
      "SYNGO:postsyn_ribosome": [],
      "SYNGO:postsyn_er": [
        "ENSG00000101333"
      ],
      "GO:0098966": [],
      "GO:0099182": [],
      "GO:0099143": [],
      "GO:0098831": [],
      "GO:0048787": [
        "ENSG00000183783"
      ],
      "GO:0098835": [],
      "GO:0098954": [],
      "GO:0034592": [],
      "GO:0030672": [
        "ENSG00000185666",
        "ENSG00000163630"
      ],
      "GO:0099013": [
        "ENSG00000187094"
      ],
      "GO:0099012": [],
      "GO:0099026": [
        "ENSG00000134115",
        "ENSG00000149972"
      ],
      "GO:0098888": [],
      "GO:0099056": [
        "ENSG00000113100",
        "ENSG00000174469",
        "ENSG00000185070"
      ],
      "SYNGO:presyn_er_membrane": [],
      "SYNGO:presyn_ser": [],
      "GO:0099160": [],
      "GO:0098871": [],
      "GO:0150050": [],
      "GO:0099189": [],
      "GO:0098897": [],
      "GO:0099091": [],
      "GO:0099634": [],
      "GO:0014069": [
        "ENSG00000152413",
        "ENSG00000101333",
        "ENSG00000152377",
        "ENSG00000176204",
        "ENSG00000187323",
        "ENSG00000148948",
        "ENSG00000151490",
        "ENSG00000144847"
      ],
      "GO:0099629": [],
      "GO:0098844": [],
      "GO:0098895": [],
      "GO:0098842": [],
      "GO:0098837": [],
      "GO:0099025": [],
      "GO:0098890": [],
      "GO:0099055": [
        "ENSG00000113100",
        "ENSG00000117114",
        "ENSG00000140538",
        "ENSG00000185070"
      ],
      "SYNGO:postsyn_er_membrane": [],
      "SYNGO:postsyn_ser": [
        "ENSG00000101333"
      ],
      "GO:0099029": [],
      "GO:0098891": [],
      "GO:0099059": [],
      "GO:0098894": [],
      "GO:0099067": [],
      "GO:0098993": [],
      "GO:0098850": [
        "ENSG00000185666"
      ],
      "GO:0030285": [
        "ENSG00000163630"
      ],
      "GO:0098674": [],
      "GO:0099066": [],
      "SYNGO:presyn_er_membrane_integral": [],
      "SYNGO:presyn_ser_membrane": [],
      "GO:0099065": [],
      "GO:0098892": [],
      "GO:0099060": [],
      "GO:0099092": [],
      "GO:0098839": [
        "ENSG00000176204",
        "ENSG00000187323",
        "ENSG00000148948",
        "ENSG00000151490",
        "ENSG00000144847"
      ],
      "GO:0099164": [],
      "GO:0098999": [],
      "GO:0098896": [],
      "GO:0098944": [],
      "SYNGO:postsyn_er_membrane_integral": [],
      "SYNGO:postsyn_ser_membrane": [],
      "SYNGO:presyn_ser_membrane_integral": [],
      "GO:0099031": [],
      "GO:0099147": [],
      "GO:0099061": [
        "ENSG00000176204",
        "ENSG00000187323",
        "ENSG00000148948",
        "ENSG00000151490",
        "ENSG00000144847"
      ],
      "GO:0098998": [],
      "GO:0099033": [],
      "GO:0099063": [],
      "SYNGO:postsyn_ser_membrane_integral": []
    },
    "entrez_id": {
      "GO:0045202": [
        "260425",
        "1012",
        "1007",
        "80059",
        "4638",
        "4685",
        "158038",
        "27255",
        "2596",
        "7224",
        "386617",
        "8224",
        "132204",
        "885",
        "57528",
        "53942",
        "26047",
        "23768",
        "3908",
        "26037",
        "9456",
        "5332",
        "6695",
        "1630",
        "57689",
        "5800",
        "152404",
        "23266",
        "4916"
      ],
      "GO:0097060": [
        "4685",
        "158038"
      ],
      "GO:0098793": [
        "27255",
        "2596",
        "7224",
        "386617",
        "8224",
        "132204",
        "885",
        "57528",
        "53942",
        "1007",
        "26047",
        "23768"
      ],
      "GO:0043083": [
        "3908"
      ],
      "GO:0098794": [
        "26037",
        "386617",
        "9456",
        "5332",
        "6695",
        "80059",
        "1630",
        "57689",
        "5800",
        "152404",
        "57528",
        "1007",
        "23266",
        "4916",
        "23768"
      ],
      "GO:0099544": [],
      "GO:0099243": [],
      "GO:0099699": [
        "4685",
        "158038"
      ],
      "GO:0099523": [],
      "GO:0099569": [],
      "GO:0048786": [
        "386617"
      ],
      "GO:0098833": [],
      "GO:0098830": [],
      "GO:0008021": [
        "8224",
        "132204"
      ],
      "GO:0098992": [
        "885"
      ],
      "GO:0042734": [
        "57528",
        "386617",
        "27255",
        "53942",
        "1007",
        "26047",
        "23768"
      ],
      "SYNGO:presyn_ribosome": [],
      "SYNGO:presyn_er": [],
      "GO:0098965": [],
      "GO:0099524": [
        "9456"
      ],
      "GO:0099571": [],
      "GO:0097444": [],
      "GO:0150051": [],
      "GO:0099572": [
        "9456",
        "5332",
        "6695",
        "80059",
        "1630",
        "57689",
        "5800",
        "152404"
      ],
      "GO:0098843": [],
      "GO:0098845": [],
      "GO:0045211": [
        "57528",
        "1007",
        "23266",
        "4916",
        "23768"
      ],
      "SYNGO:postsyn_ribosome": [],
      "SYNGO:postsyn_er": [
        "5332"
      ],
      "GO:0098966": [],
      "GO:0099182": [],
      "GO:0099143": [],
      "GO:0098831": [],
      "GO:0048787": [
        "386617"
      ],
      "GO:0098835": [],
      "GO:0098954": [],
      "GO:0034592": [],
      "GO:0030672": [
        "8224",
        "132204"
      ],
      "GO:0099013": [
        "885"
      ],
      "GO:0099012": [],
      "GO:0099026": [
        "27255",
        "53942"
      ],
      "GO:0098888": [],
      "GO:0099056": [
        "1007",
        "26047",
        "23768"
      ],
      "SYNGO:presyn_er_membrane": [],
      "SYNGO:presyn_ser": [],
      "GO:0099160": [],
      "GO:0098871": [],
      "GO:0150050": [],
      "GO:0099189": [],
      "GO:0098897": [],
      "GO:0099091": [],
      "GO:0099634": [],
      "GO:0014069": [
        "9456",
        "5332",
        "6695",
        "80059",
        "1630",
        "57689",
        "5800",
        "152404"
      ],
      "GO:0099629": [],
      "GO:0098844": [],
      "GO:0098895": [],
      "GO:0098842": [],
      "GO:0098837": [],
      "GO:0099025": [],
      "GO:0098890": [],
      "GO:0099055": [
        "1007",
        "23266",
        "4916",
        "23768"
      ],
      "SYNGO:postsyn_er_membrane": [],
      "SYNGO:postsyn_ser": [
        "5332"
      ],
      "GO:0099029": [],
      "GO:0098891": [],
      "GO:0099059": [],
      "GO:0098894": [],
      "GO:0099067": [],
      "GO:0098993": [],
      "GO:0098850": [
        "8224"
      ],
      "GO:0030285": [
        "132204"
      ],
      "GO:0098674": [],
      "GO:0099066": [],
      "SYNGO:presyn_er_membrane_integral": [],
      "SYNGO:presyn_ser_membrane": [],
      "GO:0099065": [],
      "GO:0098892": [],
      "GO:0099060": [],
      "GO:0099092": [],
      "GO:0098839": [
        "80059",
        "1630",
        "57689",
        "5800",
        "152404"
      ],
      "GO:0099164": [],
      "GO:0098999": [],
      "GO:0098896": [],
      "GO:0098944": [],
      "SYNGO:postsyn_er_membrane_integral": [],
      "SYNGO:postsyn_ser_membrane": [],
      "SYNGO:presyn_ser_membrane_integral": [],
      "GO:0099031": [],
      "GO:0099147": [],
      "GO:0099061": [
        "80059",
        "1630",
        "57689",
        "5800",
        "152404"
      ],
      "GO:0098998": [],
      "GO:0099033": [],
      "GO:0099063": [],
      "SYNGO:postsyn_ser_membrane_integral": []
    }
  }
}