[
  {
    "user_input_genelist": "LAMA2",
    "idmap": [
      {
        "ensembl_id": "ENSG00000196569",
        "entrez_id": "3908",
        "hgnc_id": "HGNC:6482",
        "hgnc_name": "laminin subunit alpha 2",
        "hgnc_symbol": "LAMA2",
        "hgnc_synonyms": [
          "LAMM"
        ],
        "user_input_genelist": [
          "LAMA2"
        ]
      }
    ]
  },
  {
    "user_input_genelist": "LOC100507562",
    "idmap": []
  },
  {
    "user_input_genelist": "FSHR",
    "idmap": []
  },
  {
    "user_input_genelist": "CDH9",
    "idmap": [
      {
        "ensembl_id": "ENSG00000113100",
        "entrez_id": "1007",
        "hgnc_id": "HGNC:1768",
        "hgnc_name": "cadherin 9",
        "hgnc_symbol": "CDH9",
        "hgnc_synonyms": [],
        "user_input_genelist": [
          "CDH9"
        ]
      }
    ]
  },
  {
    "user_input_genelist": "CDH13",
    "idmap": [
      {
        "ensembl_id": "ENSG00000140945",
        "entrez_id": "1012",
        "hgnc_id": "HGNC:1753",
        "hgnc_name": "cadherin 13",
        "hgnc_symbol": "CDH13",
        "hgnc_synonyms": [
          "CDHH"
        ],
        "user_input_genelist": [
          "CDH13"
        ]
      }
    ]
  },
  {
    "user_input_genelist": "ITGB8",
    "idmap": []
  },
  {
    "user_input_genelist": "SEMA6D",
    "idmap": []
  },
  {
    "user_input_genelist": "SCHLAP1",
    "idmap": []
  },
  {
    "user_input_genelist": "STXBP6",
    "idmap": []
  },
  {
    "user_input_genelist": "LOC105370610",
    "idmap": []
  },
  {
    "user_input_genelist": "TMEM196",
    "idmap": []
  },
  {
    "user_input_genelist": "KCTD16",
    "idmap": [
      {
        "ensembl_id": "ENSG00000183775",
        "entrez_id": "57528",
        "hgnc_id": "HGNC:29244",
        "hgnc_name": "potassium channel tetramerization domain containing 16",
        "hgnc_symbol": "KCTD16",
        "hgnc_synonyms": [
          "KIAA1317"
        ],
        "user_input_genelist": [
          "KCTD16"
        ]
      }
    ]
  },
  {
    "user_input_genelist": "ZFPM2",
    "idmap": []
  },
  {
    "user_input_genelist": "SYNPR",
    "idmap": [
      {
        "ensembl_id": "ENSG00000163630",
        "entrez_id": "132204",
        "hgnc_id": "HGNC:16507",
        "hgnc_name": "synaptoporin",
        "hgnc_symbol": "SYNPR",
        "hgnc_synonyms": [
          "MGC26651"
        ],
        "user_input_genelist": [
          "SYNPR"
        ]
      }
    ]
  },
  {
    "user_input_genelist": "HS6ST3",
    "idmap": []
  },
  {
    "user_input_genelist": "CDH12",
    "idmap": []
  },
  {
    "user_input_genelist": "LOC105376081",
    "idmap": []
  },
  {
    "user_input_genelist": "MYLK",
    "idmap": [
      {
        "ensembl_id": "ENSG00000065534",
        "entrez_id": "4638",
        "hgnc_id": "HGNC:7590",
        "hgnc_name": "myosin light chain kinase",
        "hgnc_symbol": "MYLK",
        "hgnc_synonyms": [
          "SMMLCK",
          "MYLK1",
          "MLCK1",
          "KRP",
          "TELOKIN",
          "MLCK108",
          "MLCK210",
          "MYLK-L"
        ],
        "user_input_genelist": [
          "MYLK"
        ]
      }
    ]
  },
  {
    "user_input_genelist": "PDE8B",
    "idmap": []
  },
  {
    "user_input_genelist": "PRELID2",
    "idmap": []
  },
  {
    "user_input_genelist": "TMEM178B",
    "idmap": []
  },
  {
    "user_input_genelist": "CUX1",
    "idmap": []
  },
  {
    "user_input_genelist": "CNTN6",
    "idmap": [
      {
        "ensembl_id": "ENSG00000134115",
        "entrez_id": "27255",
        "hgnc_id": "HGNC:2176",
        "hgnc_name": "contactin 6",
        "hgnc_symbol": "CNTN6",
        "hgnc_synonyms": [
          "NB-3"
        ],
        "user_input_genelist": [
          "CNTN6"
        ]
      }
    ]
  },
  {
    "user_input_genelist": "TRPC5",
    "idmap": [
      {
        "ensembl_id": "ENSG00000072315",
        "entrez_id": "7224",
        "hgnc_id": "HGNC:12337",
        "hgnc_name": "transient receptor potential cation channel subfamily C member 5",
        "hgnc_symbol": "TRPC5",
        "hgnc_synonyms": [
          "PPP1R159"
        ],
        "user_input_genelist": [
          "TRPC5"
        ]
      }
    ]
  },
  {
    "user_input_genelist": "LOC105369694",
    "idmap": []
  },
  {
    "user_input_genelist": "RBMS1",
    "idmap": []
  },
  {
    "user_input_genelist": "MAML3",
    "idmap": []
  },
  {
    "user_input_genelist": "CNTNAP2",
    "idmap": [
      {
        "ensembl_id": "ENSG00000174469",
        "entrez_id": "26047",
        "hgnc_id": "HGNC:13830",
        "hgnc_name": "contactin associated protein 2",
        "hgnc_symbol": "CNTNAP2",
        "hgnc_synonyms": [
          "CASPR2",
          "KIAA0868"
        ],
        "user_input_genelist": [
          "CNTNAP2"
        ]
      }
    ]
  },
  {
    "user_input_genelist": "LOC101928278",
    "idmap": []
  },
  {
    "user_input_genelist": "LOC105378031",
    "idmap": []
  },
  {
    "user_input_genelist": "SNTG1",
    "idmap": []
  },
  {
    "user_input_genelist": "SORBS2",
    "idmap": []
  },
  {
    "user_input_genelist": "PLCB4",
    "idmap": [
      {
        "ensembl_id": "ENSG00000101333",
        "entrez_id": "5332",
        "hgnc_id": "HGNC:9059",
        "hgnc_name": "phospholipase C beta 4",
        "hgnc_symbol": "PLCB4",
        "hgnc_synonyms": [],
        "user_input_genelist": [
          "PLCB4"
        ]
      }
    ]
  },
  {
    "user_input_genelist": "RIT2",
    "idmap": []
  },
  {
    "user_input_genelist": "IGSF11",
    "idmap": [
      {
        "ensembl_id": "ENSG00000144847",
        "entrez_id": "152404",
        "hgnc_id": "HGNC:16669",
        "hgnc_name": "immunoglobulin superfamily member 11",
        "hgnc_symbol": "IGSF11",
        "hgnc_synonyms": [
          "BT-IGSF",
          "MGC35227",
          "VSIG3",
          "CT119"
        ],
        "user_input_genelist": [
          "IGSF11"
        ]
      }
    ]
  },
  {
    "user_input_genelist": "LOC105378030",
    "idmap": []
  },
  {
    "user_input_genelist": "CNTN4",
    "idmap": []
  },
  {
    "user_input_genelist": "GAB1",
    "idmap": []
  },
  {
    "user_input_genelist": "KHDRBS2",
    "idmap": []
  },
  {
    "user_input_genelist": "VWC2L",
    "idmap": []
  },
  {
    "user_input_genelist": "FRMD5",
    "idmap": []
  },
  {
    "user_input_genelist": "MAGI3",
    "idmap": [
      {
        "ensembl_id": "ENSG00000081026",
        "entrez_id": "260425",
        "hgnc_id": "HGNC:29647",
        "hgnc_name": "membrane associated guanylate kinase, WW and PDZ domain containing 3",
        "hgnc_symbol": "MAGI3",
        "hgnc_synonyms": [
          "MAGI-3"
        ],
        "user_input_genelist": [
          "MAGI3"
        ]
      }
    ]
  },
  {
    "user_input_genelist": "ZNF804B",
    "idmap": []
  },
  {
    "user_input_genelist": "SIPA1L1",
    "idmap": [
      {
        "ensembl_id": "ENSG00000197555",
        "entrez_id": "26037",
        "hgnc_id": "HGNC:20284",
        "hgnc_name": "signal induced proliferation associated 1 like 1",
        "hgnc_symbol": "SIPA1L1",
        "hgnc_synonyms": [
          "KIAA0440",
          "E6TP1",
          "SPAR1"
        ],
        "user_input_genelist": [
          "SIPA1L1"
        ]
      }
    ]
  },
  {
    "user_input_genelist": "TESPA1",
    "idmap": []
  },
  {
    "user_input_genelist": "LINGO2",
    "idmap": [
      {
        "ensembl_id": "ENSG00000174482",
        "entrez_id": "158038",
        "hgnc_id": "HGNC:21207",
        "hgnc_name": "leucine rich repeat and Ig domain containing 2",
        "hgnc_symbol": "LINGO2",
        "hgnc_synonyms": [
          "LERN3",
          "LRRN6C"
        ],
        "user_input_genelist": [
          "LINGO2"
        ]
      }
    ]
  },
  {
    "user_input_genelist": "UTRN",
    "idmap": []
  },
  {
    "user_input_genelist": "CA10",
    "idmap": []
  },
  {
    "user_input_genelist": "LOC101928964",
    "idmap": []
  },
  {
    "user_input_genelist": "FLRT2",
    "idmap": [
      {
        "ensembl_id": "ENSG00000185070",
        "entrez_id": "23768",
        "hgnc_id": "HGNC:3761",
        "hgnc_name": "fibronectin leucine rich transmembrane protein 2",
        "hgnc_symbol": "FLRT2",
        "hgnc_synonyms": [],
        "user_input_genelist": [
          "FLRT2"
        ]
      }
    ]
  },
  {
    "user_input_genelist": "MARCHF1",
    "idmap": []
  },
  {
    "user_input_genelist": "NECAB1",
    "idmap": []
  },
  {
    "user_input_genelist": "SPOCK1",
    "idmap": [
      {
        "ensembl_id": "ENSG00000152377",
        "entrez_id": "6695",
        "hgnc_id": "HGNC:11251",
        "hgnc_name": "SPARC (osteonectin), cwcv and kazal like domains proteoglycan 1",
        "hgnc_symbol": "SPOCK1",
        "hgnc_synonyms": [
          "TESTICAN-1",
          "TIC1",
          "SPOCK"
        ],
        "user_input_genelist": [
          "SPOCK1"
        ]
      }
    ]
  },
  {
    "user_input_genelist": "PCSK2",
    "idmap": []
  },
  {
    "user_input_genelist": "CCDC3",
    "idmap": []
  },
  {
    "user_input_genelist": "RFTN1",
    "idmap": []
  },
  {
    "user_input_genelist": "PTPRK",
    "idmap": []
  },
  {
    "user_input_genelist": "LOC105371832",
    "idmap": []
  },
  {
    "user_input_genelist": "EFNA5",
    "idmap": [
      {
        "ensembl_id": "ENSG00000184349",
        "entrez_id": "1946",
        "hgnc_id": "HGNC:3225",
        "hgnc_name": "ephrin A5",
        "hgnc_symbol": "EFNA5",
        "hgnc_synonyms": [
          "AF1",
          "LERK7",
          "EPLG7"
        ],
        "user_input_genelist": [
          "EFNA5"
        ]
      }
    ]
  },
  {
    "user_input_genelist": "SGCD",
    "idmap": []
  },
  {
    "user_input_genelist": "THEMIS",
    "idmap": []
  },
  {
    "user_input_genelist": "CCK",
    "idmap": [
      {
        "ensembl_id": "ENSG00000187094",
        "entrez_id": "885",
        "hgnc_id": "HGNC:1569",
        "hgnc_name": "cholecystokinin",
        "hgnc_symbol": "CCK",
        "hgnc_synonyms": [],
        "user_input_genelist": [
          "CCK"
        ]
      }
    ]
  },
  {
    "user_input_genelist": "ADCY2",
    "idmap": []
  },
  {
    "user_input_genelist": "TAFA2",
    "idmap": []
  },
  {
    "user_input_genelist": "MPPED2",
    "idmap": []
  },
  {
    "user_input_genelist": "KAZN",
    "idmap": []
  },
  {
    "user_input_genelist": "GAP43",
    "idmap": [
      {
        "ensembl_id": "ENSG00000172020",
        "entrez_id": "2596",
        "hgnc_id": "HGNC:4140",
        "hgnc_name": "growth associated protein 43",
        "hgnc_symbol": "GAP43",
        "hgnc_synonyms": [
          "B-50",
          "PP46",
          "GAP-43"
        ],
        "user_input_genelist": [
          "GAP43"
        ]
      }
    ]
  },
  {
    "user_input_genelist": "COL5A2",
    "idmap": []
  },
  {
    "user_input_genelist": "PLCH1",
    "idmap": []
  },
  {
    "user_input_genelist": "ALCAM",
    "idmap": []
  },
  {
    "user_input_genelist": "LOC105373893",
    "idmap": []
  },
  {
    "user_input_genelist": "PPFIBP1",
    "idmap": []
  },
  {
    "user_input_genelist": "ATRNL1",
    "idmap": []
  },
  {
    "user_input_genelist": "CDH18",
    "idmap": []
  },
  {
    "user_input_genelist": "NTRK3",
    "idmap": [
      {
        "ensembl_id": "ENSG00000140538",
        "entrez_id": "4916",
        "hgnc_id": "HGNC:8033",
        "hgnc_name": "neurotrophic receptor tyrosine kinase 3",
        "hgnc_symbol": "NTRK3",
        "hgnc_synonyms": [
          "TRKC"
        ],
        "user_input_genelist": [
          "NTRK3"
        ]
      }
    ]
  },
  {
    "user_input_genelist": "SLC35F3",
    "idmap": []
  },
  {
    "user_input_genelist": "GUCY1A2",
    "idmap": []
  },
  {
    "user_input_genelist": "KCTD1",
    "idmap": []
  },
  {
    "user_input_genelist": "PTPRO",
    "idmap": [
      {
        "ensembl_id": "ENSG00000151490",
        "entrez_id": "5800",
        "hgnc_id": "HGNC:9678",
        "hgnc_name": "protein tyrosine phosphatase receptor type O",
        "hgnc_symbol": "PTPRO",
        "hgnc_synonyms": [
          "PTPU2",
          "GLEPP1",
          "PTP-U2",
          "PTP-OC",
          "NPHS6"
        ],
        "user_input_genelist": [
          "PTPRO"
        ]
      }
    ]
  },
  {
    "user_input_genelist": "OSBPL3",
    "idmap": []
  },
  {
    "user_input_genelist": "GALNTL6",
    "idmap": []
  },
  {
    "user_input_genelist": "LINCR-0002",
    "idmap": []
  },
  {
    "user_input_genelist": "HOMER1",
    "idmap": [
      {
        "ensembl_id": "ENSG00000152413",
        "entrez_id": "9456",
        "hgnc_id": "HGNC:17512",
        "hgnc_name": "homer scaffold protein 1",
        "hgnc_symbol": "HOMER1",
        "hgnc_synonyms": [
          "VES-1",
          "SYN47",
          "HOMER-1B"
        ],
        "user_input_genelist": [
          "HOMER1"
        ]
      }
    ]
  },
  {
    "user_input_genelist": "NELL1",
    "idmap": []
  },
  {
    "user_input_genelist": "ZNF804A",
    "idmap": []
  },
  {
    "user_input_genelist": "SOX5",
    "idmap": []
  },
  {
    "user_input_genelist": "KCNH5",
    "idmap": []
  },
  {
    "user_input_genelist": "SYN3",
    "idmap": [
      {
        "ensembl_id": "ENSG00000185666",
        "entrez_id": "8224",
        "hgnc_id": "HGNC:11496",
        "hgnc_name": "synapsin III",
        "hgnc_symbol": "SYN3",
        "hgnc_synonyms": [],
        "user_input_genelist": [
          "SYN3"
        ]
      }
    ]
  },
  {
    "user_input_genelist": "CNTN5",
    "idmap": [
      {
        "ensembl_id": "ENSG00000149972",
        "entrez_id": "53942",
        "hgnc_id": "HGNC:2175",
        "hgnc_name": "contactin 5",
        "hgnc_symbol": "CNTN5",
        "hgnc_synonyms": [
          "NB-2",
          "HNB-2"
        ],
        "user_input_genelist": [
          "CNTN5"
        ]
      }
    ]
  },
  {
    "user_input_genelist": "KCTD8",
    "idmap": [
      {
        "ensembl_id": "ENSG00000183783",
        "entrez_id": "386617",
        "hgnc_id": "HGNC:22394",
        "hgnc_name": "potassium channel tetramerization domain containing 8",
        "hgnc_symbol": "KCTD8",
        "hgnc_synonyms": [],
        "user_input_genelist": [
          "KCTD8"
        ]
      }
    ]
  },
  {
    "user_input_genelist": "LRRC4C",
    "idmap": [
      {
        "ensembl_id": "ENSG00000148948",
        "entrez_id": "57689",
        "hgnc_id": "HGNC:29317",
        "hgnc_name": "leucine rich repeat containing 4C",
        "hgnc_symbol": "LRRC4C",
        "hgnc_synonyms": [
          "KIAA1580",
          "NGL-1"
        ],
        "user_input_genelist": [
          "LRRC4C"
        ]
      }
    ]
  },
  {
    "user_input_genelist": "UNC5D",
    "idmap": []
  },
  {
    "user_input_genelist": "NCAM2",
    "idmap": [
      {
        "ensembl_id": "ENSG00000154654",
        "entrez_id": "4685",
        "hgnc_id": "HGNC:7657",
        "hgnc_name": "neural cell adhesion molecule 2",
        "hgnc_symbol": "NCAM2",
        "hgnc_synonyms": [
          "NCAM21",
          "MGC51008"
        ],
        "user_input_genelist": [
          "NCAM2"
        ]
      }
    ]
  },
  {
    "user_input_genelist": "DCC",
    "idmap": [
      {
        "ensembl_id": "ENSG00000187323",
        "entrez_id": "1630",
        "hgnc_id": "HGNC:2701",
        "hgnc_name": "DCC netrin 1 receptor",
        "hgnc_symbol": "DCC",
        "hgnc_synonyms": [
          "IGDCC1",
          "NTN1R1"
        ],
        "user_input_genelist": [
          "DCC"
        ]
      }
    ]
  },
  {
    "user_input_genelist": "ADGRL2",
    "idmap": [
      {
        "ensembl_id": "ENSG00000117114",
        "entrez_id": "23266",
        "hgnc_id": "HGNC:18582",
        "hgnc_name": "adhesion G protein-coupled receptor L2",
        "hgnc_symbol": "ADGRL2",
        "hgnc_synonyms": [
          "KIAA0786",
          "LEC1",
          "CIRL2",
          "LPHH1",
          "LPHN2"
        ],
        "user_input_genelist": [
          "ADGRL2"
        ]
      }
    ]
  },
  {
    "user_input_genelist": "BRINP3",
    "idmap": []
  },
  {
    "user_input_genelist": "HDAC9",
    "idmap": []
  },
  {
    "user_input_genelist": "MGAT4C",
    "idmap": []
  },
  {
    "user_input_genelist": "LRRTM4",
    "idmap": [
      {
        "ensembl_id": "ENSG00000176204",
        "entrez_id": "80059",
        "hgnc_id": "HGNC:19411",
        "hgnc_name": "leucine rich repeat transmembrane neuronal 4",
        "hgnc_symbol": "LRRTM4",
        "hgnc_synonyms": [
          "FLJ12568"
        ],
        "user_input_genelist": [
          "LRRTM4"
        ]
      }
    ]
  },
  {
    "user_input_genelist": "TSHZ2",
    "idmap": []
  }
]