{
  "direct": {
    "hgnc_id": {
      "SYNGO:synprocess": [],
      "SYNGO:presynprocess": [],
      "SYNGO:postsynprocess": [],
      "GO:0099536": [],
      "GO:0050808": [],
      "SYNGO:metabolism": [],
      "SYNGO:transport": [],
      "GO:0099509": [],
      "GO:0099505": [],
      "GO:0140238": [],
      "GO:0099504": [],
      "GO:0099525": [
        "HGNC:16018"
      ],
      "GO:0001504": [],
      "GO:0098810": [],
      "SYNGO:presyn_chaperoneProteinFolding": [],
      "GO:0098928": [
        "HGNC:23800"
      ],
      "GO:0099566": [],
      "GO:0060078": [],
      "GO:0098962": [],
      "GO:0099072": [],
      "GO:0140239": [],
      "GO:0150038": [],
      "GO:0098926": [],
      "GO:0099537": [],
      "GO:0099538": [],
      "GO:0099163": [],
      "GO:0099172": [],
      "GO:0099173": [],
      "GO:0099563": [],
      "GO:0050807": [
        "HGNC:1767"
      ],
      "GO:0098918": [],
      "GO:0150043": [],
      "GO:0099560": [
        "HGNC:1749",
        "HGNC:29944"
      ],
      "GO:0008039": [],
      "GO:0007416": [],
      "GO:0098883": [],
      "GO:0060074": [],
      "GO:0099558": [],
      "GO:0099187": [],
      "GO:0099188": [],
      "SYNGO:presyn_ATPmetabolic": [],
      "SYNGO:postsyn_ATPmetabolic": [],
      "GO:0099546": [],
      "GO:0099574": [],
      "GO:0099547": [],
      "GO:0042135": [],
      "GO:0140246": [],
      "GO:0042136": [],
      "GO:0140241": [],
      "GO:0140235": [],
      "GO:0008088": [],
      "GO:0099514": [],
      "GO:0099090": [],
      "GO:0099089": [],
      "GO:0099637": [],
      "GO:1905056": [],
      "GO:0099534": [],
      "GO:0099626": [],
      "GO:0099507": [],
      "GO:0099508": [
        "HGNC:6234"
      ],
      "GO:0150047": [
        "HGNC:22394"
      ],
      "GO:0140232": [],
      "GO:0098693": [],
      "GO:0097091": [],
      "GO:0099532": [],
      "GO:0016079": [
        "HGNC:12566",
        "HGNC:26183"
      ],
      "GO:0098700": [],
      "GO:0099180": [],
      "GO:0097401": [],
      "GO:0048488": [
        "HGNC:13531"
      ],
      "GO:0099161": [
        "HGNC:12566"
      ],
      "GO:0051580": [],
      "GO:0099526": [],
      "GO:1905059": [],
      "GO:0099567": [],
      "GO:1905060": [],
      "GO:0098695": [],
      "GO:0099583": [],
      "GO:0140233": [],
      "GO:1904315": [
        "HGNC:4088"
      ],
      "GO:1905030": [],
      "GO:0099645": [
        "HGNC:30200"
      ],
      "GO:0098967": [],
      "GO:0098970": [],
      "GO:0098884": [],
      "GO:0150044": [],
      "GO:0099527": [],
      "GO:0099541": [],
      "GO:0099540": [],
      "GO:0099543": [],
      "GO:0099545": [],
      "GO:0099157": [],
      "GO:0099183": [],
      "GO:0099550": [],
      "GO:0007268": [],
      "GO:0150045": [],
      "GO:0099174": [],
      "GO:0099175": [],
      "GO:0099084": [],
      "GO:0099010": [],
      "GO:0099564": [],
      "GO:1905244": [],
      "GO:0099181": [],
      "GO:0099186": [],
      "GO:0099179": [],
      "GO:0099054": [],
      "GO:0051963": [],
      "GO:0098698": [],
      "GO:0097104": [],
      "GO:1905806": [],
      "GO:0090128": [],
      "GO:0099559": [
        "HGNC:8117",
        "HGNC:29943",
        "HGNC:29944"
      ],
      "GO:0098880": [],
      "GO:0099140": [],
      "GO:0098974": [],
      "GO:0099190": [
        "HGNC:8117",
        "HGNC:29943",
        "HGNC:29944"
      ],
      "SYNGO:presyn_regulationATPmetabolic": [],
      "GO:0099576": [],
      "GO:0099575": [],
      "GO:0099578": [],
      "GO:0099577": [],
      "GO:0140247": [],
      "GO:0140249": [],
      "GO:0140236": [],
      "GO:0140242": [],
      "GO:0098930": [],
      "GO:0098935": [],
      "GO:0099517": [],
      "GO:0099158": [],
      "GO:0098968": [],
      "GO:0098877": [],
      "GO:0098943": [],
      "GO:0016182": [],
      "GO:0016189": [],
      "GO:0099502": [],
      "GO:2000300": [],
      "GO:0016081": [],
      "GO:0031629": [],
      "GO:0016082": [
        "HGNC:16018"
      ],
      "GO:0099162": [],
      "GO:1901546": [],
      "GO:1900242": [],
      "GO:0016185": [],
      "GO:0016191": [],
      "GO:0098872": [],
      "GO:0099579": [],
      "GO:0098696": [
        "HGNC:4454"
      ],
      "GO:0099145": [],
      "GO:0150054": [],
      "GO:0099149": [],
      "GO:1905539": [],
      "GO:0099542": [],
      "GO:0099548": [],
      "GO:0098942": [
        "HGNC:29943"
      ],
      "GO:0099557": [],
      "GO:0150035": [],
      "GO:0050804": [],
      "GO:0099531": [],
      "GO:0099565": [],
      "GO:0099159": [],
      "GO:0098885": [],
      "GO:0098987": [],
      "GO:0098882": [],
      "GO:0098699": [],
      "GO:0098973": [],
      "GO:0099184": [],
      "GO:0098879": [],
      "GO:0098919": [],
      "GO:1905606": [],
      "GO:0150052": [],
      "GO:0099150": [],
      "GO:0097107": [],
      "GO:0099562": [],
      "GO:0140251": [],
      "GO:0140252": [],
      "GO:0140245": [],
      "GO:0008089": [],
      "GO:0099088": [],
      "GO:0098937": [],
      "GO:0098939": [],
      "GO:0098961": [],
      "GO:0098934": [],
      "GO:0048490": [],
      "GO:0098969": [],
      "GO:0099639": [],
      "GO:0150037": [],
      "GO:0099148": [],
      "GO:0031630": [],
      "GO:0010807": [],
      "GO:0098694": [],
      "GO:0098921": [],
      "GO:0099553": [],
      "GO:0099555": [],
      "GO:0099171": [],
      "GO:0099170": [
        "HGNC:2701",
        "HGNC:9876"
      ],
      "GO:1905274": [],
      "GO:0099151": [],
      "GO:0099641": [],
      "GO:0140231": [],
      "GO:0098971": [],
      "GO:0098963": [],
      "GO:1903742": [],
      "GO:0098887": [],
      "GO:0099178": [],
      "GO:0150036": [],
      "GO:0098925": [],
      "GO:0098964": [],
      "GO:0099152": []
    },
    "hgnc_symbol": {
      "SYNGO:synprocess": [],
      "SYNGO:presynprocess": [],
      "SYNGO:postsynprocess": [],
      "GO:0099536": [],
      "GO:0050808": [],
      "SYNGO:metabolism": [],
      "SYNGO:transport": [],
      "GO:0099509": [],
      "GO:0099505": [],
      "GO:0140238": [],
      "GO:0099504": [],
      "GO:0099525": [
        "CADPS2"
      ],
      "GO:0001504": [],
      "GO:0098810": [],
      "SYNGO:presyn_chaperoneProteinFolding": [],
      "GO:0098928": [
        "SIPA1L2"
      ],
      "GO:0099566": [],
      "GO:0060078": [],
      "GO:0098962": [],
      "GO:0099072": [],
      "GO:0140239": [],
      "GO:0150038": [],
      "GO:0098926": [],
      "GO:0099537": [],
      "GO:0099538": [],
      "GO:0099163": [],
      "GO:0099172": [],
      "GO:0099173": [],
      "GO:0099563": [],
      "GO:0050807": [
        "CDH8"
      ],
      "GO:0098918": [],
      "GO:0150043": [],
      "GO:0099560": [
        "CDH10",
        "TENM3"
      ],
      "GO:0008039": [],
      "GO:0007416": [],
      "GO:0098883": [],
      "GO:0060074": [],
      "GO:0099558": [],
      "GO:0099187": [],
      "GO:0099188": [],
      "SYNGO:presyn_ATPmetabolic": [],
      "SYNGO:postsyn_ATPmetabolic": [],
      "GO:0099546": [],
      "GO:0099574": [],
      "GO:0099547": [],
      "GO:0042135": [],
      "GO:0140246": [],
      "GO:0042136": [],
      "GO:0140241": [],
      "GO:0140235": [],
      "GO:0008088": [],
      "GO:0099514": [],
      "GO:0099090": [],
      "GO:0099089": [],
      "GO:0099637": [],
      "GO:1905056": [],
      "GO:0099534": [],
      "GO:0099626": [],
      "GO:0099507": [],
      "GO:0099508": [
        "KCNC2"
      ],
      "GO:0150047": [
        "KCTD8"
      ],
      "GO:0140232": [],
      "GO:0098693": [],
      "GO:0097091": [],
      "GO:0099532": [],
      "GO:0016079": [
        "UNC13B",
        "MCTP1"
      ],
      "GO:0098700": [],
      "GO:0099180": [],
      "GO:0097401": [],
      "GO:0048488": [
        "ATP8A1"
      ],
      "GO:0099161": [
        "UNC13B"
      ],
      "GO:0051580": [],
      "GO:0099526": [],
      "GO:1905059": [],
      "GO:0099567": [],
      "GO:1905060": [],
      "GO:0098695": [],
      "GO:0099583": [],
      "GO:0140233": [],
      "GO:1904315": [
        "GABRG3"
      ],
      "GO:1905030": [],
      "GO:0099645": [
        "VWC2"
      ],
      "GO:0098967": [],
      "GO:0098970": [],
      "GO:0098884": [],
      "GO:0150044": [],
      "GO:0099527": [],
      "GO:0099541": [],
      "GO:0099540": [],
      "GO:0099543": [],
      "GO:0099545": [],
      "GO:0099157": [],
      "GO:0099183": [],
      "GO:0099550": [],
      "GO:0007268": [],
      "GO:0150045": [],
      "GO:0099174": [],
      "GO:0099175": [],
      "GO:0099084": [],
      "GO:0099010": [],
      "GO:0099564": [],
      "GO:1905244": [],
      "GO:0099181": [],
      "GO:0099186": [],
      "GO:0099179": [],
      "GO:0099054": [],
      "GO:0051963": [],
      "GO:0098698": [],
      "GO:0097104": [],
      "GO:1905806": [],
      "GO:0090128": [],
      "GO:0099559": [
        "TENM1",
        "TENM2",
        "TENM3"
      ],
      "GO:0098880": [],
      "GO:0099140": [],
      "GO:0098974": [],
      "GO:0099190": [
        "TENM1",
        "TENM2",
        "TENM3"
      ],
      "SYNGO:presyn_regulationATPmetabolic": [],
      "GO:0099576": [],
      "GO:0099575": [],
      "GO:0099578": [],
      "GO:0099577": [],
      "GO:0140247": [],
      "GO:0140249": [],
      "GO:0140236": [],
      "GO:0140242": [],
      "GO:0098930": [],
      "GO:0098935": [],
      "GO:0099517": [],
      "GO:0099158": [],
      "GO:0098968": [],
      "GO:0098877": [],
      "GO:0098943": [],
      "GO:0016182": [],
      "GO:0016189": [],
      "GO:0099502": [],
      "GO:2000300": [],
      "GO:0016081": [],
      "GO:0031629": [],
      "GO:0016082": [
        "CADPS2"
      ],
      "GO:0099162": [],
      "GO:1901546": [],
      "GO:1900242": [],
      "GO:0016185": [],
      "GO:0016191": [],
      "GO:0098872": [],
      "GO:0099579": [],
      "GO:0098696": [
        "GPC6"
      ],
      "GO:0099145": [],
      "GO:0150054": [],
      "GO:0099149": [],
      "GO:1905539": [],
      "GO:0099542": [],
      "GO:0099548": [],
      "GO:0098942": [
        "TENM2"
      ],
      "GO:0099557": [],
      "GO:0150035": [],
      "GO:0050804": [],
      "GO:0099531": [],
      "GO:0099565": [],
      "GO:0099159": [],
      "GO:0098885": [],
      "GO:0098987": [],
      "GO:0098882": [],
      "GO:0098699": [],
      "GO:0098973": [],
      "GO:0099184": [],
      "GO:0098879": [],
      "GO:0098919": [],
      "GO:1905606": [],
      "GO:0150052": [],
      "GO:0099150": [],
      "GO:0097107": [],
      "GO:0099562": [],
      "GO:0140251": [],
      "GO:0140252": [],
      "GO:0140245": [],
      "GO:0008089": [],
      "GO:0099088": [],
      "GO:0098937": [],
      "GO:0098939": [],
      "GO:0098961": [],
      "GO:0098934": [],
      "GO:0048490": [],
      "GO:0098969": [],
      "GO:0099639": [],
      "GO:0150037": [],
      "GO:0099148": [],
      "GO:0031630": [],
      "GO:0010807": [],
      "GO:0098694": [],
      "GO:0098921": [],
      "GO:0099553": [],
      "GO:0099555": [],
      "GO:0099171": [],
      "GO:0099170": [
        "DCC",
        "RASGRF2"
      ],
      "GO:1905274": [],
      "GO:0099151": [],
      "GO:0099641": [],
      "GO:0140231": [],
      "GO:0098971": [],
      "GO:0098963": [],
      "GO:1903742": [],
      "GO:0098887": [],
      "GO:0099178": [],
      "GO:0150036": [],
      "GO:0098925": [],
      "GO:0098964": [],
      "GO:0099152": []
    },
    "ensembl_id": {
      "SYNGO:synprocess": [],
      "SYNGO:presynprocess": [],
      "SYNGO:postsynprocess": [],
      "GO:0099536": [],
      "GO:0050808": [],
      "SYNGO:metabolism": [],
      "SYNGO:transport": [],
      "GO:0099509": [],
      "GO:0099505": [],
      "GO:0140238": [],
      "GO:0099504": [],
      "GO:0099525": [
        "ENSG00000081803"
      ],
      "GO:0001504": [],
      "GO:0098810": [],
      "SYNGO:presyn_chaperoneProteinFolding": [],
      "GO:0098928": [
        "ENSG00000116991"
      ],
      "GO:0099566": [],
      "GO:0060078": [],
      "GO:0098962": [],
      "GO:0099072": [],
      "GO:0140239": [],
      "GO:0150038": [],
      "GO:0098926": [],
      "GO:0099537": [],
      "GO:0099538": [],
      "GO:0099163": [],
      "GO:0099172": [],
      "GO:0099173": [],
      "GO:0099563": [],
      "GO:0050807": [
        "ENSG00000150394"
      ],
      "GO:0098918": [],
      "GO:0150043": [],
      "GO:0099560": [
        "ENSG00000040731",
        "ENSG00000218336"
      ],
      "GO:0008039": [],
      "GO:0007416": [],
      "GO:0098883": [],
      "GO:0060074": [],
      "GO:0099558": [],
      "GO:0099187": [],
      "GO:0099188": [],
      "SYNGO:presyn_ATPmetabolic": [],
      "SYNGO:postsyn_ATPmetabolic": [],
      "GO:0099546": [],
      "GO:0099574": [],
      "GO:0099547": [],
      "GO:0042135": [],
      "GO:0140246": [],
      "GO:0042136": [],
      "GO:0140241": [],
      "GO:0140235": [],
      "GO:0008088": [],
      "GO:0099514": [],
      "GO:0099090": [],
      "GO:0099089": [],
      "GO:0099637": [],
      "GO:1905056": [],
      "GO:0099534": [],
      "GO:0099626": [],
      "GO:0099507": [],
      "GO:0099508": [
        "ENSG00000166006"
      ],
      "GO:0150047": [
        "ENSG00000183783"
      ],
      "GO:0140232": [],
      "GO:0098693": [],
      "GO:0097091": [],
      "GO:0099532": [],
      "GO:0016079": [
        "ENSG00000198722",
        "ENSG00000175471"
      ],
      "GO:0098700": [],
      "GO:0099180": [],
      "GO:0097401": [],
      "GO:0048488": [
        "ENSG00000124406"
      ],
      "GO:0099161": [
        "ENSG00000198722"
      ],
      "GO:0051580": [],
      "GO:0099526": [],
      "GO:1905059": [],
      "GO:0099567": [],
      "GO:1905060": [],
      "GO:0098695": [],
      "GO:0099583": [],
      "GO:0140233": [],
      "GO:1904315": [
        "ENSG00000182256"
      ],
      "GO:1905030": [],
      "GO:0099645": [
        "ENSG00000188730"
      ],
      "GO:0098967": [],
      "GO:0098970": [],
      "GO:0098884": [],
      "GO:0150044": [],
      "GO:0099527": [],
      "GO:0099541": [],
      "GO:0099540": [],
      "GO:0099543": [],
      "GO:0099545": [],
      "GO:0099157": [],
      "GO:0099183": [],
      "GO:0099550": [],
      "GO:0007268": [],
      "GO:0150045": [],
      "GO:0099174": [],
      "GO:0099175": [],
      "GO:0099084": [],
      "GO:0099010": [],
      "GO:0099564": [],
      "GO:1905244": [],
      "GO:0099181": [],
      "GO:0099186": [],
      "GO:0099179": [],
      "GO:0099054": [],
      "GO:0051963": [],
      "GO:0098698": [],
      "GO:0097104": [],
      "GO:1905806": [],
      "GO:0090128": [],
      "GO:0099559": [
        "ENSG00000009694",
        "ENSG00000145934",
        "ENSG00000218336"
      ],
      "GO:0098880": [],
      "GO:0099140": [],
      "GO:0098974": [],
      "GO:0099190": [
        "ENSG00000009694",
        "ENSG00000145934",
        "ENSG00000218336"
      ],
      "SYNGO:presyn_regulationATPmetabolic": [],
      "GO:0099576": [],
      "GO:0099575": [],
      "GO:0099578": [],
      "GO:0099577": [],
      "GO:0140247": [],
      "GO:0140249": [],
      "GO:0140236": [],
      "GO:0140242": [],
      "GO:0098930": [],
      "GO:0098935": [],
      "GO:0099517": [],
      "GO:0099158": [],
      "GO:0098968": [],
      "GO:0098877": [],
      "GO:0098943": [],
      "GO:0016182": [],
      "GO:0016189": [],
      "GO:0099502": [],
      "GO:2000300": [],
      "GO:0016081": [],
      "GO:0031629": [],
      "GO:0016082": [
        "ENSG00000081803"
      ],
      "GO:0099162": [],
      "GO:1901546": [],
      "GO:1900242": [],
      "GO:0016185": [],
      "GO:0016191": [],
      "GO:0098872": [],
      "GO:0099579": [],
      "GO:0098696": [
        "ENSG00000183098"
      ],
      "GO:0099145": [],
      "GO:0150054": [],
      "GO:0099149": [],
      "GO:1905539": [],
      "GO:0099542": [],
      "GO:0099548": [],
      "GO:0098942": [
        "ENSG00000145934"
      ],
      "GO:0099557": [],
      "GO:0150035": [],
      "GO:0050804": [],
      "GO:0099531": [],
      "GO:0099565": [],
      "GO:0099159": [],
      "GO:0098885": [],
      "GO:0098987": [],
      "GO:0098882": [],
      "GO:0098699": [],
      "GO:0098973": [],
      "GO:0099184": [],
      "GO:0098879": [],
      "GO:0098919": [],
      "GO:1905606": [],
      "GO:0150052": [],
      "GO:0099150": [],
      "GO:0097107": [],
      "GO:0099562": [],
      "GO:0140251": [],
      "GO:0140252": [],
      "GO:0140245": [],
      "GO:0008089": [],
      "GO:0099088": [],
      "GO:0098937": [],
      "GO:0098939": [],
      "GO:0098961": [],
      "GO:0098934": [],
      "GO:0048490": [],
      "GO:0098969": [],
      "GO:0099639": [],
      "GO:0150037": [],
      "GO:0099148": [],
      "GO:0031630": [],
      "GO:0010807": [],
      "GO:0098694": [],
      "GO:0098921": [],
      "GO:0099553": [],
      "GO:0099555": [],
      "GO:0099171": [],
      "GO:0099170": [
        "ENSG00000187323",
        "ENSG00000113319"
      ],
      "GO:1905274": [],
      "GO:0099151": [],
      "GO:0099641": [],
      "GO:0140231": [],
      "GO:0098971": [],
      "GO:0098963": [],
      "GO:1903742": [],
      "GO:0098887": [],
      "GO:0099178": [],
      "GO:0150036": [],
      "GO:0098925": [],
      "GO:0098964": [],
      "GO:0099152": []
    },
    "entrez_id": {
      "SYNGO:synprocess": [],
      "SYNGO:presynprocess": [],
      "SYNGO:postsynprocess": [],
      "GO:0099536": [],
      "GO:0050808": [],
      "SYNGO:metabolism": [],
      "SYNGO:transport": [],
      "GO:0099509": [],
      "GO:0099505": [],
      "GO:0140238": [],
      "GO:0099504": [],
      "GO:0099525": [
        "93664"
      ],
      "GO:0001504": [],
      "GO:0098810": [],
      "SYNGO:presyn_chaperoneProteinFolding": [],
      "GO:0098928": [
        "57568"
      ],
      "GO:0099566": [],
      "GO:0060078": [],
      "GO:0098962": [],
      "GO:0099072": [],
      "GO:0140239": [],
      "GO:0150038": [],
      "GO:0098926": [],
      "GO:0099537": [],
      "GO:0099538": [],
      "GO:0099163": [],
      "GO:0099172": [],
      "GO:0099173": [],
      "GO:0099563": [],
      "GO:0050807": [
        "1006"
      ],
      "GO:0098918": [],
      "GO:0150043": [],
      "GO:0099560": [
        "1008",
        "55714"
      ],
      "GO:0008039": [],
      "GO:0007416": [],
      "GO:0098883": [],
      "GO:0060074": [],
      "GO:0099558": [],
      "GO:0099187": [],
      "GO:0099188": [],
      "SYNGO:presyn_ATPmetabolic": [],
      "SYNGO:postsyn_ATPmetabolic": [],
      "GO:0099546": [],
      "GO:0099574": [],
      "GO:0099547": [],
      "GO:0042135": [],
      "GO:0140246": [],
      "GO:0042136": [],
      "GO:0140241": [],
      "GO:0140235": [],
      "GO:0008088": [],
      "GO:0099514": [],
      "GO:0099090": [],
      "GO:0099089": [],
      "GO:0099637": [],
      "GO:1905056": [],
      "GO:0099534": [],
      "GO:0099626": [],
      "GO:0099507": [],
      "GO:0099508": [
        "3747"
      ],
      "GO:0150047": [
        "386617"
      ],
      "GO:0140232": [],
      "GO:0098693": [],
      "GO:0097091": [],
      "GO:0099532": [],
      "GO:0016079": [
        "10497",
        "79772"
      ],
      "GO:0098700": [],
      "GO:0099180": [],
      "GO:0097401": [],
      "GO:0048488": [
        "10396"
      ],
      "GO:0099161": [
        "10497"
      ],
      "GO:0051580": [],
      "GO:0099526": [],
      "GO:1905059": [],
      "GO:0099567": [],
      "GO:1905060": [],
      "GO:0098695": [],
      "GO:0099583": [],
      "GO:0140233": [],
      "GO:1904315": [
        "2567"
      ],
      "GO:1905030": [],
      "GO:0099645": [
        "375567"
      ],
      "GO:0098967": [],
      "GO:0098970": [],
      "GO:0098884": [],
      "GO:0150044": [],
      "GO:0099527": [],
      "GO:0099541": [],
      "GO:0099540": [],
      "GO:0099543": [],
      "GO:0099545": [],
      "GO:0099157": [],
      "GO:0099183": [],
      "GO:0099550": [],
      "GO:0007268": [],
      "GO:0150045": [],
      "GO:0099174": [],
      "GO:0099175": [],
      "GO:0099084": [],
      "GO:0099010": [],
      "GO:0099564": [],
      "GO:1905244": [],
      "GO:0099181": [],
      "GO:0099186": [],
      "GO:0099179": [],
      "GO:0099054": [],
      "GO:0051963": [],
      "GO:0098698": [],
      "GO:0097104": [],
      "GO:1905806": [],
      "GO:0090128": [],
      "GO:0099559": [
        "10178",
        "57451",
        "55714"
      ],
      "GO:0098880": [],
      "GO:0099140": [],
      "GO:0098974": [],
      "GO:0099190": [
        "10178",
        "57451",
        "55714"
      ],
      "SYNGO:presyn_regulationATPmetabolic": [],
      "GO:0099576": [],
      "GO:0099575": [],
      "GO:0099578": [],
      "GO:0099577": [],
      "GO:0140247": [],
      "GO:0140249": [],
      "GO:0140236": [],
      "GO:0140242": [],
      "GO:0098930": [],
      "GO:0098935": [],
      "GO:0099517": [],
      "GO:0099158": [],
      "GO:0098968": [],
      "GO:0098877": [],
      "GO:0098943": [],
      "GO:0016182": [],
      "GO:0016189": [],
      "GO:0099502": [],
      "GO:2000300": [],
      "GO:0016081": [],
      "GO:0031629": [],
      "GO:0016082": [
        "93664"
      ],
      "GO:0099162": [],
      "GO:1901546": [],
      "GO:1900242": [],
      "GO:0016185": [],
      "GO:0016191": [],
      "GO:0098872": [],
      "GO:0099579": [],
      "GO:0098696": [
        "10082"
      ],
      "GO:0099145": [],
      "GO:0150054": [],
      "GO:0099149": [],
      "GO:1905539": [],
      "GO:0099542": [],
      "GO:0099548": [],
      "GO:0098942": [
        "57451"
      ],
      "GO:0099557": [],
      "GO:0150035": [],
      "GO:0050804": [],
      "GO:0099531": [],
      "GO:0099565": [],
      "GO:0099159": [],
      "GO:0098885": [],
      "GO:0098987": [],
      "GO:0098882": [],
      "GO:0098699": [],
      "GO:0098973": [],
      "GO:0099184": [],
      "GO:0098879": [],
      "GO:0098919": [],
      "GO:1905606": [],
      "GO:0150052": [],
      "GO:0099150": [],
      "GO:0097107": [],
      "GO:0099562": [],
      "GO:0140251": [],
      "GO:0140252": [],
      "GO:0140245": [],
      "GO:0008089": [],
      "GO:0099088": [],
      "GO:0098937": [],
      "GO:0098939": [],
      "GO:0098961": [],
      "GO:0098934": [],
      "GO:0048490": [],
      "GO:0098969": [],
      "GO:0099639": [],
      "GO:0150037": [],
      "GO:0099148": [],
      "GO:0031630": [],
      "GO:0010807": [],
      "GO:0098694": [],
      "GO:0098921": [],
      "GO:0099553": [],
      "GO:0099555": [],
      "GO:0099171": [],
      "GO:0099170": [
        "1630",
        "5924"
      ],
      "GO:1905274": [],
      "GO:0099151": [],
      "GO:0099641": [],
      "GO:0140231": [],
      "GO:0098971": [],
      "GO:0098963": [],
      "GO:1903742": [],
      "GO:0098887": [],
      "GO:0099178": [],
      "GO:0150036": [],
      "GO:0098925": [],
      "GO:0098964": [],
      "GO:0099152": []
    }
  },
  "aggregate": {
    "hgnc_id": {
      "SYNGO:synprocess": [
        "HGNC:6234",
        "HGNC:22394",
        "HGNC:12566",
        "HGNC:26183",
        "HGNC:16018",
        "HGNC:13531",
        "HGNC:23800",
        "HGNC:4088",
        "HGNC:30200",
        "HGNC:4454",
        "HGNC:29943",
        "HGNC:2701",
        "HGNC:9876",
        "HGNC:1767",
        "HGNC:1749",
        "HGNC:29944",
        "HGNC:8117"
      ],
      "SYNGO:presynprocess": [
        "HGNC:6234",
        "HGNC:22394",
        "HGNC:12566",
        "HGNC:26183",
        "HGNC:16018",
        "HGNC:13531",
        "HGNC:23800"
      ],
      "SYNGO:postsynprocess": [
        "HGNC:4088",
        "HGNC:30200",
        "HGNC:4454"
      ],
      "GO:0099536": [
        "HGNC:29943",
        "HGNC:2701",
        "HGNC:9876"
      ],
      "GO:0050808": [
        "HGNC:1767",
        "HGNC:1749",
        "HGNC:29944",
        "HGNC:8117",
        "HGNC:29943"
      ],
      "SYNGO:metabolism": [],
      "SYNGO:transport": [],
      "GO:0099509": [],
      "GO:0099505": [
        "HGNC:6234",
        "HGNC:22394"
      ],
      "GO:0140238": [],
      "GO:0099504": [
        "HGNC:12566",
        "HGNC:26183",
        "HGNC:16018",
        "HGNC:13531"
      ],
      "GO:0099525": [
        "HGNC:16018",
        "HGNC:12566"
      ],
      "GO:0001504": [],
      "GO:0098810": [],
      "SYNGO:presyn_chaperoneProteinFolding": [],
      "GO:0098928": [
        "HGNC:23800"
      ],
      "GO:0099566": [],
      "GO:0060078": [
        "HGNC:4088"
      ],
      "GO:0098962": [],
      "GO:0099072": [
        "HGNC:30200",
        "HGNC:4454"
      ],
      "GO:0140239": [],
      "GO:0150038": [],
      "GO:0098926": [],
      "GO:0099537": [
        "HGNC:29943",
        "HGNC:2701",
        "HGNC:9876"
      ],
      "GO:0099538": [],
      "GO:0099163": [],
      "GO:0099172": [],
      "GO:0099173": [],
      "GO:0099563": [],
      "GO:0050807": [
        "HGNC:1767"
      ],
      "GO:0098918": [],
      "GO:0150043": [],
      "GO:0099560": [
        "HGNC:1749",
        "HGNC:29944"
      ],
      "GO:0008039": [],
      "GO:0007416": [],
      "GO:0098883": [],
      "GO:0060074": [],
      "GO:0099558": [
        "HGNC:8117",
        "HGNC:29943",
        "HGNC:29944"
      ],
      "GO:0099187": [],
      "GO:0099188": [
        "HGNC:8117",
        "HGNC:29943",
        "HGNC:29944"
      ],
      "SYNGO:presyn_ATPmetabolic": [],
      "SYNGO:postsyn_ATPmetabolic": [],
      "GO:0099546": [],
      "GO:0099574": [],
      "GO:0099547": [],
      "GO:0042135": [],
      "GO:0140246": [],
      "GO:0042136": [],
      "GO:0140241": [],
      "GO:0140235": [],
      "GO:0008088": [],
      "GO:0099514": [],
      "GO:0099090": [],
      "GO:0099089": [],
      "GO:0099637": [],
      "GO:1905056": [],
      "GO:0099534": [],
      "GO:0099626": [],
      "GO:0099507": [],
      "GO:0099508": [
        "HGNC:6234"
      ],
      "GO:0150047": [
        "HGNC:22394"
      ],
      "GO:0140232": [],
      "GO:0098693": [],
      "GO:0097091": [],
      "GO:0099532": [],
      "GO:0016079": [
        "HGNC:12566",
        "HGNC:26183",
        "HGNC:16018"
      ],
      "GO:0098700": [],
      "GO:0099180": [],
      "GO:0097401": [],
      "GO:0048488": [
        "HGNC:13531"
      ],
      "GO:0099161": [
        "HGNC:12566"
      ],
      "GO:0051580": [],
      "GO:0099526": [],
      "GO:1905059": [],
      "GO:0099567": [],
      "GO:1905060": [],
      "GO:0098695": [],
      "GO:0099583": [],
      "GO:0140233": [],
      "GO:1904315": [
        "HGNC:4088"
      ],
      "GO:1905030": [],
      "GO:0099645": [
        "HGNC:30200",
        "HGNC:4454"
      ],
      "GO:0098967": [],
      "GO:0098970": [],
      "GO:0098884": [],
      "GO:0150044": [],
      "GO:0099527": [],
      "GO:0099541": [],
      "GO:0099540": [],
      "GO:0099543": [],
      "GO:0099545": [
        "HGNC:29943"
      ],
      "GO:0099157": [],
      "GO:0099183": [],
      "GO:0099550": [],
      "GO:0007268": [
        "HGNC:2701",
        "HGNC:9876"
      ],
      "GO:0150045": [],
      "GO:0099174": [],
      "GO:0099175": [],
      "GO:0099084": [],
      "GO:0099010": [],
      "GO:0099564": [],
      "GO:1905244": [],
      "GO:0099181": [],
      "GO:0099186": [],
      "GO:0099179": [],
      "GO:0099054": [],
      "GO:0051963": [],
      "GO:0098698": [],
      "GO:0097104": [],
      "GO:1905806": [],
      "GO:0090128": [],
      "GO:0099559": [
        "HGNC:8117",
        "HGNC:29943",
        "HGNC:29944"
      ],
      "GO:0098880": [],
      "GO:0099140": [],
      "GO:0098974": [],
      "GO:0099190": [
        "HGNC:8117",
        "HGNC:29943",
        "HGNC:29944"
      ],
      "SYNGO:presyn_regulationATPmetabolic": [],
      "GO:0099576": [],
      "GO:0099575": [],
      "GO:0099578": [],
      "GO:0099577": [],
      "GO:0140247": [],
      "GO:0140249": [],
      "GO:0140236": [],
      "GO:0140242": [],
      "GO:0098930": [],
      "GO:0098935": [],
      "GO:0099517": [],
      "GO:0099158": [],
      "GO:0098968": [],
      "GO:0098877": [],
      "GO:0098943": [],
      "GO:0016182": [],
      "GO:0016189": [],
      "GO:0099502": [],
      "GO:2000300": [],
      "GO:0016081": [],
      "GO:0031629": [],
      "GO:0016082": [
        "HGNC:16018"
      ],
      "GO:0099162": [],
      "GO:1901546": [],
      "GO:1900242": [],
      "GO:0016185": [],
      "GO:0016191": [],
      "GO:0098872": [],
      "GO:0099579": [],
      "GO:0098696": [
        "HGNC:4454"
      ],
      "GO:0099145": [],
      "GO:0150054": [],
      "GO:0099149": [],
      "GO:1905539": [],
      "GO:0099542": [],
      "GO:0099548": [],
      "GO:0098942": [
        "HGNC:29943"
      ],
      "GO:0099557": [],
      "GO:0150035": [],
      "GO:0050804": [],
      "GO:0099531": [],
      "GO:0099565": [
        "HGNC:2701",
        "HGNC:9876"
      ],
      "GO:0099159": [],
      "GO:0098885": [],
      "GO:0098987": [],
      "GO:0098882": [],
      "GO:0098699": [],
      "GO:0098973": [],
      "GO:0099184": [],
      "GO:0098879": [],
      "GO:0098919": [],
      "GO:1905606": [],
      "GO:0150052": [],
      "GO:0099150": [],
      "GO:0097107": [],
      "GO:0099562": [],
      "GO:0140251": [],
      "GO:0140252": [],
      "GO:0140245": [],
      "GO:0008089": [],
      "GO:0099088": [],
      "GO:0098937": [],
      "GO:0098939": [],
      "GO:0098961": [],
      "GO:0098934": [],
      "GO:0048490": [],
      "GO:0098969": [],
      "GO:0099639": [],
      "GO:0150037": [],
      "GO:0099148": [],
      "GO:0031630": [],
      "GO:0010807": [],
      "GO:0098694": [],
      "GO:0098921": [],
      "GO:0099553": [],
      "GO:0099555": [],
      "GO:0099171": [],
      "GO:0099170": [
        "HGNC:2701",
        "HGNC:9876"
      ],
      "GO:1905274": [],
      "GO:0099151": [],
      "GO:0099641": [],
      "GO:0140231": [],
      "GO:0098971": [],
      "GO:0098963": [],
      "GO:1903742": [],
      "GO:0098887": [],
      "GO:0099178": [],
      "GO:0150036": [],
      "GO:0098925": [],
      "GO:0098964": [],
      "GO:0099152": []
    },
    "hgnc_symbol": {
      "SYNGO:synprocess": [
        "KCNC2",
        "KCTD8",
        "UNC13B",
        "MCTP1",
        "CADPS2",
        "ATP8A1",
        "SIPA1L2",
        "GABRG3",
        "VWC2",
        "GPC6",
        "TENM2",
        "DCC",
        "RASGRF2",
        "CDH8",
        "CDH10",
        "TENM3",
        "TENM1"
      ],
      "SYNGO:presynprocess": [
        "KCNC2",
        "KCTD8",
        "UNC13B",
        "MCTP1",
        "CADPS2",
        "ATP8A1",
        "SIPA1L2"
      ],
      "SYNGO:postsynprocess": [
        "GABRG3",
        "VWC2",
        "GPC6"
      ],
      "GO:0099536": [
        "TENM2",
        "DCC",
        "RASGRF2"
      ],
      "GO:0050808": [
        "CDH8",
        "CDH10",
        "TENM3",
        "TENM1",
        "TENM2"
      ],
      "SYNGO:metabolism": [],
      "SYNGO:transport": [],
      "GO:0099509": [],
      "GO:0099505": [
        "KCNC2",
        "KCTD8"
      ],
      "GO:0140238": [],
      "GO:0099504": [
        "UNC13B",
        "MCTP1",
        "CADPS2",
        "ATP8A1"
      ],
      "GO:0099525": [
        "CADPS2",
        "UNC13B"
      ],
      "GO:0001504": [],
      "GO:0098810": [],
      "SYNGO:presyn_chaperoneProteinFolding": [],
      "GO:0098928": [
        "SIPA1L2"
      ],
      "GO:0099566": [],
      "GO:0060078": [
        "GABRG3"
      ],
      "GO:0098962": [],
      "GO:0099072": [
        "VWC2",
        "GPC6"
      ],
      "GO:0140239": [],
      "GO:0150038": [],
      "GO:0098926": [],
      "GO:0099537": [
        "TENM2",
        "DCC",
        "RASGRF2"
      ],
      "GO:0099538": [],
      "GO:0099163": [],
      "GO:0099172": [],
      "GO:0099173": [],
      "GO:0099563": [],
      "GO:0050807": [
        "CDH8"
      ],
      "GO:0098918": [],
      "GO:0150043": [],
      "GO:0099560": [
        "CDH10",
        "TENM3"
      ],
      "GO:0008039": [],
      "GO:0007416": [],
      "GO:0098883": [],
      "GO:0060074": [],
      "GO:0099558": [
        "TENM1",
        "TENM2",
        "TENM3"
      ],
      "GO:0099187": [],
      "GO:0099188": [
        "TENM1",
        "TENM2",
        "TENM3"
      ],
      "SYNGO:presyn_ATPmetabolic": [],
      "SYNGO:postsyn_ATPmetabolic": [],
      "GO:0099546": [],
      "GO:0099574": [],
      "GO:0099547": [],
      "GO:0042135": [],
      "GO:0140246": [],
      "GO:0042136": [],
      "GO:0140241": [],
      "GO:0140235": [],
      "GO:0008088": [],
      "GO:0099514": [],
      "GO:0099090": [],
      "GO:0099089": [],
      "GO:0099637": [],
      "GO:1905056": [],
      "GO:0099534": [],
      "GO:0099626": [],
      "GO:0099507": [],
      "GO:0099508": [
        "KCNC2"
      ],
      "GO:0150047": [
        "KCTD8"
      ],
      "GO:0140232": [],
      "GO:0098693": [],
      "GO:0097091": [],
      "GO:0099532": [],
      "GO:0016079": [
        "UNC13B",
        "MCTP1",
        "CADPS2"
      ],
      "GO:0098700": [],
      "GO:0099180": [],
      "GO:0097401": [],
      "GO:0048488": [
        "ATP8A1"
      ],
      "GO:0099161": [
        "UNC13B"
      ],
      "GO:0051580": [],
      "GO:0099526": [],
      "GO:1905059": [],
      "GO:0099567": [],
      "GO:1905060": [],
      "GO:0098695": [],
      "GO:0099583": [],
      "GO:0140233": [],
      "GO:1904315": [
        "GABRG3"
      ],
      "GO:1905030": [],
      "GO:0099645": [
        "VWC2",
        "GPC6"
      ],
      "GO:0098967": [],
      "GO:0098970": [],
      "GO:0098884": [],
      "GO:0150044": [],
      "GO:0099527": [],
      "GO:0099541": [],
      "GO:0099540": [],
      "GO:0099543": [],
      "GO:0099545": [
        "TENM2"
      ],
      "GO:0099157": [],
      "GO:0099183": [],
      "GO:0099550": [],
      "GO:0007268": [
        "DCC",
        "RASGRF2"
      ],
      "GO:0150045": [],
      "GO:0099174": [],
      "GO:0099175": [],
      "GO:0099084": [],
      "GO:0099010": [],
      "GO:0099564": [],
      "GO:1905244": [],
      "GO:0099181": [],
      "GO:0099186": [],
      "GO:0099179": [],
      "GO:0099054": [],
      "GO:0051963": [],
      "GO:0098698": [],
      "GO:0097104": [],
      "GO:1905806": [],
      "GO:0090128": [],
      "GO:0099559": [
        "TENM1",
        "TENM2",
        "TENM3"
      ],
      "GO:0098880": [],
      "GO:0099140": [],
      "GO:0098974": [],
      "GO:0099190": [
        "TENM1",
        "TENM2",
        "TENM3"
      ],
      "SYNGO:presyn_regulationATPmetabolic": [],
      "GO:0099576": [],
      "GO:0099575": [],
      "GO:0099578": [],
      "GO:0099577": [],
      "GO:0140247": [],
      "GO:0140249": [],
      "GO:0140236": [],
      "GO:0140242": [],
      "GO:0098930": [],
      "GO:0098935": [],
      "GO:0099517": [],
      "GO:0099158": [],
      "GO:0098968": [],
      "GO:0098877": [],
      "GO:0098943": [],
      "GO:0016182": [],
      "GO:0016189": [],
      "GO:0099502": [],
      "GO:2000300": [],
      "GO:0016081": [],
      "GO:0031629": [],
      "GO:0016082": [
        "CADPS2"
      ],
      "GO:0099162": [],
      "GO:1901546": [],
      "GO:1900242": [],
      "GO:0016185": [],
      "GO:0016191": [],
      "GO:0098872": [],
      "GO:0099579": [],
      "GO:0098696": [
        "GPC6"
      ],
      "GO:0099145": [],
      "GO:0150054": [],
      "GO:0099149": [],
      "GO:1905539": [],
      "GO:0099542": [],
      "GO:0099548": [],
      "GO:0098942": [
        "TENM2"
      ],
      "GO:0099557": [],
      "GO:0150035": [],
      "GO:0050804": [],
      "GO:0099531": [],
      "GO:0099565": [
        "DCC",
        "RASGRF2"
      ],
      "GO:0099159": [],
      "GO:0098885": [],
      "GO:0098987": [],
      "GO:0098882": [],
      "GO:0098699": [],
      "GO:0098973": [],
      "GO:0099184": [],
      "GO:0098879": [],
      "GO:0098919": [],
      "GO:1905606": [],
      "GO:0150052": [],
      "GO:0099150": [],
      "GO:0097107": [],
      "GO:0099562": [],
      "GO:0140251": [],
      "GO:0140252": [],
      "GO:0140245": [],
      "GO:0008089": [],
      "GO:0099088": [],
      "GO:0098937": [],
      "GO:0098939": [],
      "GO:0098961": [],
      "GO:0098934": [],
      "GO:0048490": [],
      "GO:0098969": [],
      "GO:0099639": [],
      "GO:0150037": [],
      "GO:0099148": [],
      "GO:0031630": [],
      "GO:0010807": [],
      "GO:0098694": [],
      "GO:0098921": [],
      "GO:0099553": [],
      "GO:0099555": [],
      "GO:0099171": [],
      "GO:0099170": [
        "DCC",
        "RASGRF2"
      ],
      "GO:1905274": [],
      "GO:0099151": [],
      "GO:0099641": [],
      "GO:0140231": [],
      "GO:0098971": [],
      "GO:0098963": [],
      "GO:1903742": [],
      "GO:0098887": [],
      "GO:0099178": [],
      "GO:0150036": [],
      "GO:0098925": [],
      "GO:0098964": [],
      "GO:0099152": []
    },
    "ensembl_id": {
      "SYNGO:synprocess": [
        "ENSG00000166006",
        "ENSG00000183783",
        "ENSG00000198722",
        "ENSG00000175471",
        "ENSG00000081803",
        "ENSG00000124406",
        "ENSG00000116991",
        "ENSG00000182256",
        "ENSG00000188730",
        "ENSG00000183098",
        "ENSG00000145934",
        "ENSG00000187323",
        "ENSG00000113319",
        "ENSG00000150394",
        "ENSG00000040731",
        "ENSG00000218336",
        "ENSG00000009694"
      ],
      "SYNGO:presynprocess": [
        "ENSG00000166006",
        "ENSG00000183783",
        "ENSG00000198722",
        "ENSG00000175471",
        "ENSG00000081803",
        "ENSG00000124406",
        "ENSG00000116991"
      ],
      "SYNGO:postsynprocess": [
        "ENSG00000182256",
        "ENSG00000188730",
        "ENSG00000183098"
      ],
      "GO:0099536": [
        "ENSG00000145934",
        "ENSG00000187323",
        "ENSG00000113319"
      ],
      "GO:0050808": [
        "ENSG00000150394",
        "ENSG00000040731",
        "ENSG00000218336",
        "ENSG00000009694",
        "ENSG00000145934"
      ],
      "SYNGO:metabolism": [],
      "SYNGO:transport": [],
      "GO:0099509": [],
      "GO:0099505": [
        "ENSG00000166006",
        "ENSG00000183783"
      ],
      "GO:0140238": [],
      "GO:0099504": [
        "ENSG00000198722",
        "ENSG00000175471",
        "ENSG00000081803",
        "ENSG00000124406"
      ],
      "GO:0099525": [
        "ENSG00000081803",
        "ENSG00000198722"
      ],
      "GO:0001504": [],
      "GO:0098810": [],
      "SYNGO:presyn_chaperoneProteinFolding": [],
      "GO:0098928": [
        "ENSG00000116991"
      ],
      "GO:0099566": [],
      "GO:0060078": [
        "ENSG00000182256"
      ],
      "GO:0098962": [],
      "GO:0099072": [
        "ENSG00000188730",
        "ENSG00000183098"
      ],
      "GO:0140239": [],
      "GO:0150038": [],
      "GO:0098926": [],
      "GO:0099537": [
        "ENSG00000145934",
        "ENSG00000187323",
        "ENSG00000113319"
      ],
      "GO:0099538": [],
      "GO:0099163": [],
      "GO:0099172": [],
      "GO:0099173": [],
      "GO:0099563": [],
      "GO:0050807": [
        "ENSG00000150394"
      ],
      "GO:0098918": [],
      "GO:0150043": [],
      "GO:0099560": [
        "ENSG00000040731",
        "ENSG00000218336"
      ],
      "GO:0008039": [],
      "GO:0007416": [],
      "GO:0098883": [],
      "GO:0060074": [],
      "GO:0099558": [
        "ENSG00000009694",
        "ENSG00000145934",
        "ENSG00000218336"
      ],
      "GO:0099187": [],
      "GO:0099188": [
        "ENSG00000009694",
        "ENSG00000145934",
        "ENSG00000218336"
      ],
      "SYNGO:presyn_ATPmetabolic": [],
      "SYNGO:postsyn_ATPmetabolic": [],
      "GO:0099546": [],
      "GO:0099574": [],
      "GO:0099547": [],
      "GO:0042135": [],
      "GO:0140246": [],
      "GO:0042136": [],
      "GO:0140241": [],
      "GO:0140235": [],
      "GO:0008088": [],
      "GO:0099514": [],
      "GO:0099090": [],
      "GO:0099089": [],
      "GO:0099637": [],
      "GO:1905056": [],
      "GO:0099534": [],
      "GO:0099626": [],
      "GO:0099507": [],
      "GO:0099508": [
        "ENSG00000166006"
      ],
      "GO:0150047": [
        "ENSG00000183783"
      ],
      "GO:0140232": [],
      "GO:0098693": [],
      "GO:0097091": [],
      "GO:0099532": [],
      "GO:0016079": [
        "ENSG00000198722",
        "ENSG00000175471",
        "ENSG00000081803"
      ],
      "GO:0098700": [],
      "GO:0099180": [],
      "GO:0097401": [],
      "GO:0048488": [
        "ENSG00000124406"
      ],
      "GO:0099161": [
        "ENSG00000198722"
      ],
      "GO:0051580": [],
      "GO:0099526": [],
      "GO:1905059": [],
      "GO:0099567": [],
      "GO:1905060": [],
      "GO:0098695": [],
      "GO:0099583": [],
      "GO:0140233": [],
      "GO:1904315": [
        "ENSG00000182256"
      ],
      "GO:1905030": [],
      "GO:0099645": [
        "ENSG00000188730",
        "ENSG00000183098"
      ],
      "GO:0098967": [],
      "GO:0098970": [],
      "GO:0098884": [],
      "GO:0150044": [],
      "GO:0099527": [],
      "GO:0099541": [],
      "GO:0099540": [],
      "GO:0099543": [],
      "GO:0099545": [
        "ENSG00000145934"
      ],
      "GO:0099157": [],
      "GO:0099183": [],
      "GO:0099550": [],
      "GO:0007268": [
        "ENSG00000187323",
        "ENSG00000113319"
      ],
      "GO:0150045": [],
      "GO:0099174": [],
      "GO:0099175": [],
      "GO:0099084": [],
      "GO:0099010": [],
      "GO:0099564": [],
      "GO:1905244": [],
      "GO:0099181": [],
      "GO:0099186": [],
      "GO:0099179": [],
      "GO:0099054": [],
      "GO:0051963": [],
      "GO:0098698": [],
      "GO:0097104": [],
      "GO:1905806": [],
      "GO:0090128": [],
      "GO:0099559": [
        "ENSG00000009694",
        "ENSG00000145934",
        "ENSG00000218336"
      ],
      "GO:0098880": [],
      "GO:0099140": [],
      "GO:0098974": [],
      "GO:0099190": [
        "ENSG00000009694",
        "ENSG00000145934",
        "ENSG00000218336"
      ],
      "SYNGO:presyn_regulationATPmetabolic": [],
      "GO:0099576": [],
      "GO:0099575": [],
      "GO:0099578": [],
      "GO:0099577": [],
      "GO:0140247": [],
      "GO:0140249": [],
      "GO:0140236": [],
      "GO:0140242": [],
      "GO:0098930": [],
      "GO:0098935": [],
      "GO:0099517": [],
      "GO:0099158": [],
      "GO:0098968": [],
      "GO:0098877": [],
      "GO:0098943": [],
      "GO:0016182": [],
      "GO:0016189": [],
      "GO:0099502": [],
      "GO:2000300": [],
      "GO:0016081": [],
      "GO:0031629": [],
      "GO:0016082": [
        "ENSG00000081803"
      ],
      "GO:0099162": [],
      "GO:1901546": [],
      "GO:1900242": [],
      "GO:0016185": [],
      "GO:0016191": [],
      "GO:0098872": [],
      "GO:0099579": [],
      "GO:0098696": [
        "ENSG00000183098"
      ],
      "GO:0099145": [],
      "GO:0150054": [],
      "GO:0099149": [],
      "GO:1905539": [],
      "GO:0099542": [],
      "GO:0099548": [],
      "GO:0098942": [
        "ENSG00000145934"
      ],
      "GO:0099557": [],
      "GO:0150035": [],
      "GO:0050804": [],
      "GO:0099531": [],
      "GO:0099565": [
        "ENSG00000187323",
        "ENSG00000113319"
      ],
      "GO:0099159": [],
      "GO:0098885": [],
      "GO:0098987": [],
      "GO:0098882": [],
      "GO:0098699": [],
      "GO:0098973": [],
      "GO:0099184": [],
      "GO:0098879": [],
      "GO:0098919": [],
      "GO:1905606": [],
      "GO:0150052": [],
      "GO:0099150": [],
      "GO:0097107": [],
      "GO:0099562": [],
      "GO:0140251": [],
      "GO:0140252": [],
      "GO:0140245": [],
      "GO:0008089": [],
      "GO:0099088": [],
      "GO:0098937": [],
      "GO:0098939": [],
      "GO:0098961": [],
      "GO:0098934": [],
      "GO:0048490": [],
      "GO:0098969": [],
      "GO:0099639": [],
      "GO:0150037": [],
      "GO:0099148": [],
      "GO:0031630": [],
      "GO:0010807": [],
      "GO:0098694": [],
      "GO:0098921": [],
      "GO:0099553": [],
      "GO:0099555": [],
      "GO:0099171": [],
      "GO:0099170": [
        "ENSG00000187323",
        "ENSG00000113319"
      ],
      "GO:1905274": [],
      "GO:0099151": [],
      "GO:0099641": [],
      "GO:0140231": [],
      "GO:0098971": [],
      "GO:0098963": [],
      "GO:1903742": [],
      "GO:0098887": [],
      "GO:0099178": [],
      "GO:0150036": [],
      "GO:0098925": [],
      "GO:0098964": [],
      "GO:0099152": []
    },
    "entrez_id": {
      "SYNGO:synprocess": [
        "3747",
        "386617",
        "10497",
        "79772",
        "93664",
        "10396",
        "57568",
        "2567",
        "375567",
        "10082",
        "57451",
        "1630",
        "5924",
        "1006",
        "1008",
        "55714",
        "10178"
      ],
      "SYNGO:presynprocess": [
        "3747",
        "386617",
        "10497",
        "79772",
        "93664",
        "10396",
        "57568"
      ],
      "SYNGO:postsynprocess": [
        "2567",
        "375567",
        "10082"
      ],
      "GO:0099536": [
        "57451",
        "1630",
        "5924"
      ],
      "GO:0050808": [
        "1006",
        "1008",
        "55714",
        "10178",
        "57451"
      ],
      "SYNGO:metabolism": [],
      "SYNGO:transport": [],
      "GO:0099509": [],
      "GO:0099505": [
        "3747",
        "386617"
      ],
      "GO:0140238": [],
      "GO:0099504": [
        "10497",
        "79772",
        "93664",
        "10396"
      ],
      "GO:0099525": [
        "93664",
        "10497"
      ],
      "GO:0001504": [],
      "GO:0098810": [],
      "SYNGO:presyn_chaperoneProteinFolding": [],
      "GO:0098928": [
        "57568"
      ],
      "GO:0099566": [],
      "GO:0060078": [
        "2567"
      ],
      "GO:0098962": [],
      "GO:0099072": [
        "375567",
        "10082"
      ],
      "GO:0140239": [],
      "GO:0150038": [],
      "GO:0098926": [],
      "GO:0099537": [
        "57451",
        "1630",
        "5924"
      ],
      "GO:0099538": [],
      "GO:0099163": [],
      "GO:0099172": [],
      "GO:0099173": [],
      "GO:0099563": [],
      "GO:0050807": [
        "1006"
      ],
      "GO:0098918": [],
      "GO:0150043": [],
      "GO:0099560": [
        "1008",
        "55714"
      ],
      "GO:0008039": [],
      "GO:0007416": [],
      "GO:0098883": [],
      "GO:0060074": [],
      "GO:0099558": [
        "10178",
        "57451",
        "55714"
      ],
      "GO:0099187": [],
      "GO:0099188": [
        "10178",
        "57451",
        "55714"
      ],
      "SYNGO:presyn_ATPmetabolic": [],
      "SYNGO:postsyn_ATPmetabolic": [],
      "GO:0099546": [],
      "GO:0099574": [],
      "GO:0099547": [],
      "GO:0042135": [],
      "GO:0140246": [],
      "GO:0042136": [],
      "GO:0140241": [],
      "GO:0140235": [],
      "GO:0008088": [],
      "GO:0099514": [],
      "GO:0099090": [],
      "GO:0099089": [],
      "GO:0099637": [],
      "GO:1905056": [],
      "GO:0099534": [],
      "GO:0099626": [],
      "GO:0099507": [],
      "GO:0099508": [
        "3747"
      ],
      "GO:0150047": [
        "386617"
      ],
      "GO:0140232": [],
      "GO:0098693": [],
      "GO:0097091": [],
      "GO:0099532": [],
      "GO:0016079": [
        "10497",
        "79772",
        "93664"
      ],
      "GO:0098700": [],
      "GO:0099180": [],
      "GO:0097401": [],
      "GO:0048488": [
        "10396"
      ],
      "GO:0099161": [
        "10497"
      ],
      "GO:0051580": [],
      "GO:0099526": [],
      "GO:1905059": [],
      "GO:0099567": [],
      "GO:1905060": [],
      "GO:0098695": [],
      "GO:0099583": [],
      "GO:0140233": [],
      "GO:1904315": [
        "2567"
      ],
      "GO:1905030": [],
      "GO:0099645": [
        "375567",
        "10082"
      ],
      "GO:0098967": [],
      "GO:0098970": [],
      "GO:0098884": [],
      "GO:0150044": [],
      "GO:0099527": [],
      "GO:0099541": [],
      "GO:0099540": [],
      "GO:0099543": [],
      "GO:0099545": [
        "57451"
      ],
      "GO:0099157": [],
      "GO:0099183": [],
      "GO:0099550": [],
      "GO:0007268": [
        "1630",
        "5924"
      ],
      "GO:0150045": [],
      "GO:0099174": [],
      "GO:0099175": [],
      "GO:0099084": [],
      "GO:0099010": [],
      "GO:0099564": [],
      "GO:1905244": [],
      "GO:0099181": [],
      "GO:0099186": [],
      "GO:0099179": [],
      "GO:0099054": [],
      "GO:0051963": [],
      "GO:0098698": [],
      "GO:0097104": [],
      "GO:1905806": [],
      "GO:0090128": [],
      "GO:0099559": [
        "10178",
        "57451",
        "55714"
      ],
      "GO:0098880": [],
      "GO:0099140": [],
      "GO:0098974": [],
      "GO:0099190": [
        "10178",
        "57451",
        "55714"
      ],
      "SYNGO:presyn_regulationATPmetabolic": [],
      "GO:0099576": [],
      "GO:0099575": [],
      "GO:0099578": [],
      "GO:0099577": [],
      "GO:0140247": [],
      "GO:0140249": [],
      "GO:0140236": [],
      "GO:0140242": [],
      "GO:0098930": [],
      "GO:0098935": [],
      "GO:0099517": [],
      "GO:0099158": [],
      "GO:0098968": [],
      "GO:0098877": [],
      "GO:0098943": [],
      "GO:0016182": [],
      "GO:0016189": [],
      "GO:0099502": [],
      "GO:2000300": [],
      "GO:0016081": [],
      "GO:0031629": [],
      "GO:0016082": [
        "93664"
      ],
      "GO:0099162": [],
      "GO:1901546": [],
      "GO:1900242": [],
      "GO:0016185": [],
      "GO:0016191": [],
      "GO:0098872": [],
      "GO:0099579": [],
      "GO:0098696": [
        "10082"
      ],
      "GO:0099145": [],
      "GO:0150054": [],
      "GO:0099149": [],
      "GO:1905539": [],
      "GO:0099542": [],
      "GO:0099548": [],
      "GO:0098942": [
        "57451"
      ],
      "GO:0099557": [],
      "GO:0150035": [],
      "GO:0050804": [],
      "GO:0099531": [],
      "GO:0099565": [
        "1630",
        "5924"
      ],
      "GO:0099159": [],
      "GO:0098885": [],
      "GO:0098987": [],
      "GO:0098882": [],
      "GO:0098699": [],
      "GO:0098973": [],
      "GO:0099184": [],
      "GO:0098879": [],
      "GO:0098919": [],
      "GO:1905606": [],
      "GO:0150052": [],
      "GO:0099150": [],
      "GO:0097107": [],
      "GO:0099562": [],
      "GO:0140251": [],
      "GO:0140252": [],
      "GO:0140245": [],
      "GO:0008089": [],
      "GO:0099088": [],
      "GO:0098937": [],
      "GO:0098939": [],
      "GO:0098961": [],
      "GO:0098934": [],
      "GO:0048490": [],
      "GO:0098969": [],
      "GO:0099639": [],
      "GO:0150037": [],
      "GO:0099148": [],
      "GO:0031630": [],
      "GO:0010807": [],
      "GO:0098694": [],
      "GO:0098921": [],
      "GO:0099553": [],
      "GO:0099555": [],
      "GO:0099171": [],
      "GO:0099170": [
        "1630",
        "5924"
      ],
      "GO:1905274": [],
      "GO:0099151": [],
      "GO:0099641": [],
      "GO:0140231": [],
      "GO:0098971": [],
      "GO:0098963": [],
      "GO:1903742": [],
      "GO:0098887": [],
      "GO:0099178": [],
      "GO:0150036": [],
      "GO:0098925": [],
      "GO:0098964": [],
      "GO:0099152": []
    }
  }
}