{
  "direct": {
    "hgnc_id": {
      "GO:0045202": [
        "HGNC:4454",
        "HGNC:1749",
        "HGNC:13531",
        "HGNC:2317"
      ],
      "GO:0097060": [
        "HGNC:1767"
      ],
      "GO:0098793": [
        "HGNC:16018",
        "HGNC:12566",
        "HGNC:23800"
      ],
      "GO:0043083": [
        "HGNC:6482"
      ],
      "GO:0098794": [
        "HGNC:22394",
        "HGNC:9876"
      ],
      "GO:0099544": [],
      "GO:0099243": [],
      "GO:0099699": [
        "HGNC:4088",
        "HGNC:8661"
      ],
      "GO:0099523": [],
      "GO:0099569": [],
      "GO:0048786": [],
      "GO:0098833": [],
      "GO:0098830": [],
      "GO:0008021": [],
      "GO:0098992": [],
      "GO:0042734": [
        "HGNC:22394"
      ],
      "SYNGO:presyn_ribosome": [],
      "SYNGO:presyn_er": [],
      "GO:0098965": [],
      "GO:0099524": [],
      "GO:0099571": [],
      "GO:0097444": [],
      "GO:0150051": [],
      "GO:0099572": [],
      "GO:0098843": [],
      "GO:0098845": [],
      "GO:0045211": [],
      "SYNGO:postsyn_ribosome": [],
      "SYNGO:postsyn_er": [],
      "GO:0098966": [],
      "GO:0099182": [],
      "GO:0099143": [],
      "GO:0098831": [],
      "GO:0048787": [
        "HGNC:22394"
      ],
      "GO:0098835": [],
      "GO:0098954": [],
      "GO:0034592": [],
      "GO:0030672": [],
      "GO:0099013": [],
      "GO:0099012": [],
      "GO:0099026": [],
      "GO:0098888": [],
      "GO:0099056": [
        "HGNC:6234"
      ],
      "SYNGO:presyn_er_membrane": [],
      "SYNGO:presyn_ser": [],
      "GO:0099160": [],
      "GO:0098871": [],
      "GO:0150050": [],
      "GO:0099189": [],
      "GO:0098897": [],
      "GO:0099091": [],
      "GO:0099634": [],
      "GO:0014069": [
        "HGNC:2674"
      ],
      "GO:0099629": [],
      "GO:0098844": [],
      "GO:0098895": [],
      "GO:0098842": [],
      "GO:0098837": [],
      "GO:0099025": [],
      "GO:0098890": [
        "HGNC:29943",
        "HGNC:30200"
      ],
      "GO:0099055": [],
      "SYNGO:postsyn_er_membrane": [],
      "SYNGO:postsyn_ser": [],
      "GO:0099029": [],
      "GO:0098891": [],
      "GO:0099059": [
        "HGNC:1749",
        "HGNC:29944"
      ],
      "GO:0098894": [],
      "GO:0099067": [],
      "GO:0098993": [],
      "GO:0098850": [],
      "GO:0030285": [
        "HGNC:13531"
      ],
      "GO:0098674": [],
      "GO:0099066": [],
      "SYNGO:presyn_er_membrane_integral": [],
      "SYNGO:presyn_ser_membrane": [],
      "GO:0099065": [],
      "GO:0098892": [],
      "GO:0099060": [
        "HGNC:1749"
      ],
      "GO:0099092": [
        "HGNC:7978",
        "HGNC:23800"
      ],
      "GO:0098839": [],
      "GO:0099164": [],
      "GO:0098999": [],
      "GO:0098896": [],
      "GO:0098944": [],
      "SYNGO:postsyn_er_membrane_integral": [],
      "SYNGO:postsyn_ser_membrane": [],
      "SYNGO:presyn_ser_membrane_integral": [],
      "GO:0099031": [],
      "GO:0099147": [],
      "GO:0099061": [
        "HGNC:2701"
      ],
      "GO:0098998": [],
      "GO:0099033": [],
      "GO:0099063": [],
      "SYNGO:postsyn_ser_membrane_integral": []
    },
    "hgnc_symbol": {
      "GO:0045202": [
        "GPC6",
        "CDH10",
        "ATP8A1",
        "CPNE4"
      ],
      "GO:0097060": [
        "CDH8"
      ],
      "GO:0098793": [
        "CADPS2",
        "UNC13B",
        "SIPA1L2"
      ],
      "GO:0043083": [
        "LAMA2"
      ],
      "GO:0098794": [
        "KCTD8",
        "RASGRF2"
      ],
      "GO:0099544": [],
      "GO:0099243": [],
      "GO:0099699": [
        "GABRG3",
        "PCDH9"
      ],
      "GO:0099523": [],
      "GO:0099569": [],
      "GO:0048786": [],
      "GO:0098833": [],
      "GO:0098830": [],
      "GO:0008021": [],
      "GO:0098992": [],
      "GO:0042734": [
        "KCTD8"
      ],
      "SYNGO:presyn_ribosome": [],
      "SYNGO:presyn_er": [],
      "GO:0098965": [],
      "GO:0099524": [],
      "GO:0099571": [],
      "GO:0097444": [],
      "GO:0150051": [],
      "GO:0099572": [],
      "GO:0098843": [],
      "GO:0098845": [],
      "GO:0045211": [],
      "SYNGO:postsyn_ribosome": [],
      "SYNGO:postsyn_er": [],
      "GO:0098966": [],
      "GO:0099182": [],
      "GO:0099143": [],
      "GO:0098831": [],
      "GO:0048787": [
        "KCTD8"
      ],
      "GO:0098835": [],
      "GO:0098954": [],
      "GO:0034592": [],
      "GO:0030672": [],
      "GO:0099013": [],
      "GO:0099012": [],
      "GO:0099026": [],
      "GO:0098888": [],
      "GO:0099056": [
        "KCNC2"
      ],
      "SYNGO:presyn_er_membrane": [],
      "SYNGO:presyn_ser": [],
      "GO:0099160": [],
      "GO:0098871": [],
      "GO:0150050": [],
      "GO:0099189": [],
      "GO:0098897": [],
      "GO:0099091": [],
      "GO:0099634": [],
      "GO:0014069": [
        "DAPK1"
      ],
      "GO:0099629": [],
      "GO:0098844": [],
      "GO:0098895": [],
      "GO:0098842": [],
      "GO:0098837": [],
      "GO:0099025": [],
      "GO:0098890": [
        "TENM2",
        "VWC2"
      ],
      "GO:0099055": [],
      "SYNGO:postsyn_er_membrane": [],
      "SYNGO:postsyn_ser": [],
      "GO:0099029": [],
      "GO:0098891": [],
      "GO:0099059": [
        "CDH10",
        "TENM3"
      ],
      "GO:0098894": [],
      "GO:0099067": [],
      "GO:0098993": [],
      "GO:0098850": [],
      "GO:0030285": [
        "ATP8A1"
      ],
      "GO:0098674": [],
      "GO:0099066": [],
      "SYNGO:presyn_er_membrane_integral": [],
      "SYNGO:presyn_ser_membrane": [],
      "GO:0099065": [],
      "GO:0098892": [],
      "GO:0099060": [
        "CDH10"
      ],
      "GO:0099092": [
        "NR3C1",
        "SIPA1L2"
      ],
      "GO:0098839": [],
      "GO:0099164": [],
      "GO:0098999": [],
      "GO:0098896": [],
      "GO:0098944": [],
      "SYNGO:postsyn_er_membrane_integral": [],
      "SYNGO:postsyn_ser_membrane": [],
      "SYNGO:presyn_ser_membrane_integral": [],
      "GO:0099031": [],
      "GO:0099147": [],
      "GO:0099061": [
        "DCC"
      ],
      "GO:0098998": [],
      "GO:0099033": [],
      "GO:0099063": [],
      "SYNGO:postsyn_ser_membrane_integral": []
    },
    "ensembl_id": {
      "GO:0045202": [
        "ENSG00000183098",
        "ENSG00000040731",
        "ENSG00000124406",
        "ENSG00000196353"
      ],
      "GO:0097060": [
        "ENSG00000150394"
      ],
      "GO:0098793": [
        "ENSG00000081803",
        "ENSG00000198722",
        "ENSG00000116991"
      ],
      "GO:0043083": [
        "ENSG00000196569"
      ],
      "GO:0098794": [
        "ENSG00000183783",
        "ENSG00000113319"
      ],
      "GO:0099544": [],
      "GO:0099243": [],
      "GO:0099699": [
        "ENSG00000182256",
        "ENSG00000184226"
      ],
      "GO:0099523": [],
      "GO:0099569": [],
      "GO:0048786": [],
      "GO:0098833": [],
      "GO:0098830": [],
      "GO:0008021": [],
      "GO:0098992": [],
      "GO:0042734": [
        "ENSG00000183783"
      ],
      "SYNGO:presyn_ribosome": [],
      "SYNGO:presyn_er": [],
      "GO:0098965": [],
      "GO:0099524": [],
      "GO:0099571": [],
      "GO:0097444": [],
      "GO:0150051": [],
      "GO:0099572": [],
      "GO:0098843": [],
      "GO:0098845": [],
      "GO:0045211": [],
      "SYNGO:postsyn_ribosome": [],
      "SYNGO:postsyn_er": [],
      "GO:0098966": [],
      "GO:0099182": [],
      "GO:0099143": [],
      "GO:0098831": [],
      "GO:0048787": [
        "ENSG00000183783"
      ],
      "GO:0098835": [],
      "GO:0098954": [],
      "GO:0034592": [],
      "GO:0030672": [],
      "GO:0099013": [],
      "GO:0099012": [],
      "GO:0099026": [],
      "GO:0098888": [],
      "GO:0099056": [
        "ENSG00000166006"
      ],
      "SYNGO:presyn_er_membrane": [],
      "SYNGO:presyn_ser": [],
      "GO:0099160": [],
      "GO:0098871": [],
      "GO:0150050": [],
      "GO:0099189": [],
      "GO:0098897": [],
      "GO:0099091": [],
      "GO:0099634": [],
      "GO:0014069": [
        "ENSG00000196730"
      ],
      "GO:0099629": [],
      "GO:0098844": [],
      "GO:0098895": [],
      "GO:0098842": [],
      "GO:0098837": [],
      "GO:0099025": [],
      "GO:0098890": [
        "ENSG00000145934",
        "ENSG00000188730"
      ],
      "GO:0099055": [],
      "SYNGO:postsyn_er_membrane": [],
      "SYNGO:postsyn_ser": [],
      "GO:0099029": [],
      "GO:0098891": [],
      "GO:0099059": [
        "ENSG00000040731",
        "ENSG00000218336"
      ],
      "GO:0098894": [],
      "GO:0099067": [],
      "GO:0098993": [],
      "GO:0098850": [],
      "GO:0030285": [
        "ENSG00000124406"
      ],
      "GO:0098674": [],
      "GO:0099066": [],
      "SYNGO:presyn_er_membrane_integral": [],
      "SYNGO:presyn_ser_membrane": [],
      "GO:0099065": [],
      "GO:0098892": [],
      "GO:0099060": [
        "ENSG00000040731"
      ],
      "GO:0099092": [
        "ENSG00000113580",
        "ENSG00000116991"
      ],
      "GO:0098839": [],
      "GO:0099164": [],
      "GO:0098999": [],
      "GO:0098896": [],
      "GO:0098944": [],
      "SYNGO:postsyn_er_membrane_integral": [],
      "SYNGO:postsyn_ser_membrane": [],
      "SYNGO:presyn_ser_membrane_integral": [],
      "GO:0099031": [],
      "GO:0099147": [],
      "GO:0099061": [
        "ENSG00000187323"
      ],
      "GO:0098998": [],
      "GO:0099033": [],
      "GO:0099063": [],
      "SYNGO:postsyn_ser_membrane_integral": []
    },
    "entrez_id": {
      "GO:0045202": [
        "10082",
        "1008",
        "10396",
        "131034"
      ],
      "GO:0097060": [
        "1006"
      ],
      "GO:0098793": [
        "93664",
        "10497",
        "57568"
      ],
      "GO:0043083": [
        "3908"
      ],
      "GO:0098794": [
        "386617",
        "5924"
      ],
      "GO:0099544": [],
      "GO:0099243": [],
      "GO:0099699": [
        "2567",
        "5101"
      ],
      "GO:0099523": [],
      "GO:0099569": [],
      "GO:0048786": [],
      "GO:0098833": [],
      "GO:0098830": [],
      "GO:0008021": [],
      "GO:0098992": [],
      "GO:0042734": [
        "386617"
      ],
      "SYNGO:presyn_ribosome": [],
      "SYNGO:presyn_er": [],
      "GO:0098965": [],
      "GO:0099524": [],
      "GO:0099571": [],
      "GO:0097444": [],
      "GO:0150051": [],
      "GO:0099572": [],
      "GO:0098843": [],
      "GO:0098845": [],
      "GO:0045211": [],
      "SYNGO:postsyn_ribosome": [],
      "SYNGO:postsyn_er": [],
      "GO:0098966": [],
      "GO:0099182": [],
      "GO:0099143": [],
      "GO:0098831": [],
      "GO:0048787": [
        "386617"
      ],
      "GO:0098835": [],
      "GO:0098954": [],
      "GO:0034592": [],
      "GO:0030672": [],
      "GO:0099013": [],
      "GO:0099012": [],
      "GO:0099026": [],
      "GO:0098888": [],
      "GO:0099056": [
        "3747"
      ],
      "SYNGO:presyn_er_membrane": [],
      "SYNGO:presyn_ser": [],
      "GO:0099160": [],
      "GO:0098871": [],
      "GO:0150050": [],
      "GO:0099189": [],
      "GO:0098897": [],
      "GO:0099091": [],
      "GO:0099634": [],
      "GO:0014069": [
        "1612"
      ],
      "GO:0099629": [],
      "GO:0098844": [],
      "GO:0098895": [],
      "GO:0098842": [],
      "GO:0098837": [],
      "GO:0099025": [],
      "GO:0098890": [
        "57451",
        "375567"
      ],
      "GO:0099055": [],
      "SYNGO:postsyn_er_membrane": [],
      "SYNGO:postsyn_ser": [],
      "GO:0099029": [],
      "GO:0098891": [],
      "GO:0099059": [
        "1008",
        "55714"
      ],
      "GO:0098894": [],
      "GO:0099067": [],
      "GO:0098993": [],
      "GO:0098850": [],
      "GO:0030285": [
        "10396"
      ],
      "GO:0098674": [],
      "GO:0099066": [],
      "SYNGO:presyn_er_membrane_integral": [],
      "SYNGO:presyn_ser_membrane": [],
      "GO:0099065": [],
      "GO:0098892": [],
      "GO:0099060": [
        "1008"
      ],
      "GO:0099092": [
        "2908",
        "57568"
      ],
      "GO:0098839": [],
      "GO:0099164": [],
      "GO:0098999": [],
      "GO:0098896": [],
      "GO:0098944": [],
      "SYNGO:postsyn_er_membrane_integral": [],
      "SYNGO:postsyn_ser_membrane": [],
      "SYNGO:presyn_ser_membrane_integral": [],
      "GO:0099031": [],
      "GO:0099147": [],
      "GO:0099061": [
        "1630"
      ],
      "GO:0098998": [],
      "GO:0099033": [],
      "GO:0099063": [],
      "SYNGO:postsyn_ser_membrane_integral": []
    }
  },
  "aggregate": {
    "hgnc_id": {
      "GO:0045202": [
        "HGNC:4454",
        "HGNC:1749",
        "HGNC:13531",
        "HGNC:2317",
        "HGNC:1767",
        "HGNC:4088",
        "HGNC:8661",
        "HGNC:16018",
        "HGNC:12566",
        "HGNC:23800",
        "HGNC:22394",
        "HGNC:29944",
        "HGNC:6234",
        "HGNC:6482",
        "HGNC:9876",
        "HGNC:2674",
        "HGNC:7978",
        "HGNC:2701",
        "HGNC:29943",
        "HGNC:30200"
      ],
      "GO:0097060": [
        "HGNC:1767",
        "HGNC:4088",
        "HGNC:8661"
      ],
      "GO:0098793": [
        "HGNC:16018",
        "HGNC:12566",
        "HGNC:23800",
        "HGNC:22394",
        "HGNC:1749",
        "HGNC:29944",
        "HGNC:13531",
        "HGNC:6234"
      ],
      "GO:0043083": [
        "HGNC:6482"
      ],
      "GO:0098794": [
        "HGNC:22394",
        "HGNC:9876",
        "HGNC:1749",
        "HGNC:2674",
        "HGNC:7978",
        "HGNC:23800",
        "HGNC:2701",
        "HGNC:29943",
        "HGNC:30200"
      ],
      "GO:0099544": [],
      "GO:0099243": [],
      "GO:0099699": [
        "HGNC:4088",
        "HGNC:8661"
      ],
      "GO:0099523": [],
      "GO:0099569": [],
      "GO:0048786": [
        "HGNC:22394",
        "HGNC:1749",
        "HGNC:29944"
      ],
      "GO:0098833": [],
      "GO:0098830": [],
      "GO:0008021": [
        "HGNC:13531"
      ],
      "GO:0098992": [],
      "GO:0042734": [
        "HGNC:22394",
        "HGNC:6234"
      ],
      "SYNGO:presyn_ribosome": [],
      "SYNGO:presyn_er": [],
      "GO:0098965": [],
      "GO:0099524": [],
      "GO:0099571": [],
      "GO:0097444": [],
      "GO:0150051": [],
      "GO:0099572": [
        "HGNC:1749",
        "HGNC:2674",
        "HGNC:7978",
        "HGNC:23800",
        "HGNC:2701"
      ],
      "GO:0098843": [],
      "GO:0098845": [],
      "GO:0045211": [
        "HGNC:29943",
        "HGNC:30200"
      ],
      "SYNGO:postsyn_ribosome": [],
      "SYNGO:postsyn_er": [],
      "GO:0098966": [],
      "GO:0099182": [],
      "GO:0099143": [],
      "GO:0098831": [],
      "GO:0048787": [
        "HGNC:22394",
        "HGNC:1749",
        "HGNC:29944"
      ],
      "GO:0098835": [],
      "GO:0098954": [],
      "GO:0034592": [],
      "GO:0030672": [
        "HGNC:13531"
      ],
      "GO:0099013": [],
      "GO:0099012": [],
      "GO:0099026": [],
      "GO:0098888": [],
      "GO:0099056": [
        "HGNC:6234"
      ],
      "SYNGO:presyn_er_membrane": [],
      "SYNGO:presyn_ser": [],
      "GO:0099160": [],
      "GO:0098871": [],
      "GO:0150050": [],
      "GO:0099189": [],
      "GO:0098897": [],
      "GO:0099091": [],
      "GO:0099634": [
        "HGNC:1749"
      ],
      "GO:0014069": [
        "HGNC:2674",
        "HGNC:7978",
        "HGNC:23800",
        "HGNC:2701"
      ],
      "GO:0099629": [],
      "GO:0098844": [],
      "GO:0098895": [],
      "GO:0098842": [],
      "GO:0098837": [],
      "GO:0099025": [],
      "GO:0098890": [
        "HGNC:29943",
        "HGNC:30200"
      ],
      "GO:0099055": [],
      "SYNGO:postsyn_er_membrane": [],
      "SYNGO:postsyn_ser": [],
      "GO:0099029": [],
      "GO:0098891": [],
      "GO:0099059": [
        "HGNC:1749",
        "HGNC:29944"
      ],
      "GO:0098894": [],
      "GO:0099067": [],
      "GO:0098993": [],
      "GO:0098850": [],
      "GO:0030285": [
        "HGNC:13531"
      ],
      "GO:0098674": [],
      "GO:0099066": [],
      "SYNGO:presyn_er_membrane_integral": [],
      "SYNGO:presyn_ser_membrane": [],
      "GO:0099065": [],
      "GO:0098892": [],
      "GO:0099060": [
        "HGNC:1749"
      ],
      "GO:0099092": [
        "HGNC:7978",
        "HGNC:23800"
      ],
      "GO:0098839": [
        "HGNC:2701"
      ],
      "GO:0099164": [],
      "GO:0098999": [],
      "GO:0098896": [],
      "GO:0098944": [],
      "SYNGO:postsyn_er_membrane_integral": [],
      "SYNGO:postsyn_ser_membrane": [],
      "SYNGO:presyn_ser_membrane_integral": [],
      "GO:0099031": [],
      "GO:0099147": [],
      "GO:0099061": [
        "HGNC:2701"
      ],
      "GO:0098998": [],
      "GO:0099033": [],
      "GO:0099063": [],
      "SYNGO:postsyn_ser_membrane_integral": []
    },
    "hgnc_symbol": {
      "GO:0045202": [
        "GPC6",
        "CDH10",
        "ATP8A1",
        "CPNE4",
        "CDH8",
        "GABRG3",
        "PCDH9",
        "CADPS2",
        "UNC13B",
        "SIPA1L2",
        "KCTD8",
        "TENM3",
        "KCNC2",
        "LAMA2",
        "RASGRF2",
        "DAPK1",
        "NR3C1",
        "DCC",
        "TENM2",
        "VWC2"
      ],
      "GO:0097060": [
        "CDH8",
        "GABRG3",
        "PCDH9"
      ],
      "GO:0098793": [
        "CADPS2",
        "UNC13B",
        "SIPA1L2",
        "KCTD8",
        "CDH10",
        "TENM3",
        "ATP8A1",
        "KCNC2"
      ],
      "GO:0043083": [
        "LAMA2"
      ],
      "GO:0098794": [
        "KCTD8",
        "RASGRF2",
        "CDH10",
        "DAPK1",
        "NR3C1",
        "SIPA1L2",
        "DCC",
        "TENM2",
        "VWC2"
      ],
      "GO:0099544": [],
      "GO:0099243": [],
      "GO:0099699": [
        "GABRG3",
        "PCDH9"
      ],
      "GO:0099523": [],
      "GO:0099569": [],
      "GO:0048786": [
        "KCTD8",
        "CDH10",
        "TENM3"
      ],
      "GO:0098833": [],
      "GO:0098830": [],
      "GO:0008021": [
        "ATP8A1"
      ],
      "GO:0098992": [],
      "GO:0042734": [
        "KCTD8",
        "KCNC2"
      ],
      "SYNGO:presyn_ribosome": [],
      "SYNGO:presyn_er": [],
      "GO:0098965": [],
      "GO:0099524": [],
      "GO:0099571": [],
      "GO:0097444": [],
      "GO:0150051": [],
      "GO:0099572": [
        "CDH10",
        "DAPK1",
        "NR3C1",
        "SIPA1L2",
        "DCC"
      ],
      "GO:0098843": [],
      "GO:0098845": [],
      "GO:0045211": [
        "TENM2",
        "VWC2"
      ],
      "SYNGO:postsyn_ribosome": [],
      "SYNGO:postsyn_er": [],
      "GO:0098966": [],
      "GO:0099182": [],
      "GO:0099143": [],
      "GO:0098831": [],
      "GO:0048787": [
        "KCTD8",
        "CDH10",
        "TENM3"
      ],
      "GO:0098835": [],
      "GO:0098954": [],
      "GO:0034592": [],
      "GO:0030672": [
        "ATP8A1"
      ],
      "GO:0099013": [],
      "GO:0099012": [],
      "GO:0099026": [],
      "GO:0098888": [],
      "GO:0099056": [
        "KCNC2"
      ],
      "SYNGO:presyn_er_membrane": [],
      "SYNGO:presyn_ser": [],
      "GO:0099160": [],
      "GO:0098871": [],
      "GO:0150050": [],
      "GO:0099189": [],
      "GO:0098897": [],
      "GO:0099091": [],
      "GO:0099634": [
        "CDH10"
      ],
      "GO:0014069": [
        "DAPK1",
        "NR3C1",
        "SIPA1L2",
        "DCC"
      ],
      "GO:0099629": [],
      "GO:0098844": [],
      "GO:0098895": [],
      "GO:0098842": [],
      "GO:0098837": [],
      "GO:0099025": [],
      "GO:0098890": [
        "TENM2",
        "VWC2"
      ],
      "GO:0099055": [],
      "SYNGO:postsyn_er_membrane": [],
      "SYNGO:postsyn_ser": [],
      "GO:0099029": [],
      "GO:0098891": [],
      "GO:0099059": [
        "CDH10",
        "TENM3"
      ],
      "GO:0098894": [],
      "GO:0099067": [],
      "GO:0098993": [],
      "GO:0098850": [],
      "GO:0030285": [
        "ATP8A1"
      ],
      "GO:0098674": [],
      "GO:0099066": [],
      "SYNGO:presyn_er_membrane_integral": [],
      "SYNGO:presyn_ser_membrane": [],
      "GO:0099065": [],
      "GO:0098892": [],
      "GO:0099060": [
        "CDH10"
      ],
      "GO:0099092": [
        "NR3C1",
        "SIPA1L2"
      ],
      "GO:0098839": [
        "DCC"
      ],
      "GO:0099164": [],
      "GO:0098999": [],
      "GO:0098896": [],
      "GO:0098944": [],
      "SYNGO:postsyn_er_membrane_integral": [],
      "SYNGO:postsyn_ser_membrane": [],
      "SYNGO:presyn_ser_membrane_integral": [],
      "GO:0099031": [],
      "GO:0099147": [],
      "GO:0099061": [
        "DCC"
      ],
      "GO:0098998": [],
      "GO:0099033": [],
      "GO:0099063": [],
      "SYNGO:postsyn_ser_membrane_integral": []
    },
    "ensembl_id": {
      "GO:0045202": [
        "ENSG00000183098",
        "ENSG00000040731",
        "ENSG00000124406",
        "ENSG00000196353",
        "ENSG00000150394",
        "ENSG00000182256",
        "ENSG00000184226",
        "ENSG00000081803",
        "ENSG00000198722",
        "ENSG00000116991",
        "ENSG00000183783",
        "ENSG00000218336",
        "ENSG00000166006",
        "ENSG00000196569",
        "ENSG00000113319",
        "ENSG00000196730",
        "ENSG00000113580",
        "ENSG00000187323",
        "ENSG00000145934",
        "ENSG00000188730"
      ],
      "GO:0097060": [
        "ENSG00000150394",
        "ENSG00000182256",
        "ENSG00000184226"
      ],
      "GO:0098793": [
        "ENSG00000081803",
        "ENSG00000198722",
        "ENSG00000116991",
        "ENSG00000183783",
        "ENSG00000040731",
        "ENSG00000218336",
        "ENSG00000124406",
        "ENSG00000166006"
      ],
      "GO:0043083": [
        "ENSG00000196569"
      ],
      "GO:0098794": [
        "ENSG00000183783",
        "ENSG00000113319",
        "ENSG00000040731",
        "ENSG00000196730",
        "ENSG00000113580",
        "ENSG00000116991",
        "ENSG00000187323",
        "ENSG00000145934",
        "ENSG00000188730"
      ],
      "GO:0099544": [],
      "GO:0099243": [],
      "GO:0099699": [
        "ENSG00000182256",
        "ENSG00000184226"
      ],
      "GO:0099523": [],
      "GO:0099569": [],
      "GO:0048786": [
        "ENSG00000183783",
        "ENSG00000040731",
        "ENSG00000218336"
      ],
      "GO:0098833": [],
      "GO:0098830": [],
      "GO:0008021": [
        "ENSG00000124406"
      ],
      "GO:0098992": [],
      "GO:0042734": [
        "ENSG00000183783",
        "ENSG00000166006"
      ],
      "SYNGO:presyn_ribosome": [],
      "SYNGO:presyn_er": [],
      "GO:0098965": [],
      "GO:0099524": [],
      "GO:0099571": [],
      "GO:0097444": [],
      "GO:0150051": [],
      "GO:0099572": [
        "ENSG00000040731",
        "ENSG00000196730",
        "ENSG00000113580",
        "ENSG00000116991",
        "ENSG00000187323"
      ],
      "GO:0098843": [],
      "GO:0098845": [],
      "GO:0045211": [
        "ENSG00000145934",
        "ENSG00000188730"
      ],
      "SYNGO:postsyn_ribosome": [],
      "SYNGO:postsyn_er": [],
      "GO:0098966": [],
      "GO:0099182": [],
      "GO:0099143": [],
      "GO:0098831": [],
      "GO:0048787": [
        "ENSG00000183783",
        "ENSG00000040731",
        "ENSG00000218336"
      ],
      "GO:0098835": [],
      "GO:0098954": [],
      "GO:0034592": [],
      "GO:0030672": [
        "ENSG00000124406"
      ],
      "GO:0099013": [],
      "GO:0099012": [],
      "GO:0099026": [],
      "GO:0098888": [],
      "GO:0099056": [
        "ENSG00000166006"
      ],
      "SYNGO:presyn_er_membrane": [],
      "SYNGO:presyn_ser": [],
      "GO:0099160": [],
      "GO:0098871": [],
      "GO:0150050": [],
      "GO:0099189": [],
      "GO:0098897": [],
      "GO:0099091": [],
      "GO:0099634": [
        "ENSG00000040731"
      ],
      "GO:0014069": [
        "ENSG00000196730",
        "ENSG00000113580",
        "ENSG00000116991",
        "ENSG00000187323"
      ],
      "GO:0099629": [],
      "GO:0098844": [],
      "GO:0098895": [],
      "GO:0098842": [],
      "GO:0098837": [],
      "GO:0099025": [],
      "GO:0098890": [
        "ENSG00000145934",
        "ENSG00000188730"
      ],
      "GO:0099055": [],
      "SYNGO:postsyn_er_membrane": [],
      "SYNGO:postsyn_ser": [],
      "GO:0099029": [],
      "GO:0098891": [],
      "GO:0099059": [
        "ENSG00000040731",
        "ENSG00000218336"
      ],
      "GO:0098894": [],
      "GO:0099067": [],
      "GO:0098993": [],
      "GO:0098850": [],
      "GO:0030285": [
        "ENSG00000124406"
      ],
      "GO:0098674": [],
      "GO:0099066": [],
      "SYNGO:presyn_er_membrane_integral": [],
      "SYNGO:presyn_ser_membrane": [],
      "GO:0099065": [],
      "GO:0098892": [],
      "GO:0099060": [
        "ENSG00000040731"
      ],
      "GO:0099092": [
        "ENSG00000113580",
        "ENSG00000116991"
      ],
      "GO:0098839": [
        "ENSG00000187323"
      ],
      "GO:0099164": [],
      "GO:0098999": [],
      "GO:0098896": [],
      "GO:0098944": [],
      "SYNGO:postsyn_er_membrane_integral": [],
      "SYNGO:postsyn_ser_membrane": [],
      "SYNGO:presyn_ser_membrane_integral": [],
      "GO:0099031": [],
      "GO:0099147": [],
      "GO:0099061": [
        "ENSG00000187323"
      ],
      "GO:0098998": [],
      "GO:0099033": [],
      "GO:0099063": [],
      "SYNGO:postsyn_ser_membrane_integral": []
    },
    "entrez_id": {
      "GO:0045202": [
        "10082",
        "1008",
        "10396",
        "131034",
        "1006",
        "2567",
        "5101",
        "93664",
        "10497",
        "57568",
        "386617",
        "55714",
        "3747",
        "3908",
        "5924",
        "1612",
        "2908",
        "1630",
        "57451",
        "375567"
      ],
      "GO:0097060": [
        "1006",
        "2567",
        "5101"
      ],
      "GO:0098793": [
        "93664",
        "10497",
        "57568",
        "386617",
        "1008",
        "55714",
        "10396",
        "3747"
      ],
      "GO:0043083": [
        "3908"
      ],
      "GO:0098794": [
        "386617",
        "5924",
        "1008",
        "1612",
        "2908",
        "57568",
        "1630",
        "57451",
        "375567"
      ],
      "GO:0099544": [],
      "GO:0099243": [],
      "GO:0099699": [
        "2567",
        "5101"
      ],
      "GO:0099523": [],
      "GO:0099569": [],
      "GO:0048786": [
        "386617",
        "1008",
        "55714"
      ],
      "GO:0098833": [],
      "GO:0098830": [],
      "GO:0008021": [
        "10396"
      ],
      "GO:0098992": [],
      "GO:0042734": [
        "386617",
        "3747"
      ],
      "SYNGO:presyn_ribosome": [],
      "SYNGO:presyn_er": [],
      "GO:0098965": [],
      "GO:0099524": [],
      "GO:0099571": [],
      "GO:0097444": [],
      "GO:0150051": [],
      "GO:0099572": [
        "1008",
        "1612",
        "2908",
        "57568",
        "1630"
      ],
      "GO:0098843": [],
      "GO:0098845": [],
      "GO:0045211": [
        "57451",
        "375567"
      ],
      "SYNGO:postsyn_ribosome": [],
      "SYNGO:postsyn_er": [],
      "GO:0098966": [],
      "GO:0099182": [],
      "GO:0099143": [],
      "GO:0098831": [],
      "GO:0048787": [
        "386617",
        "1008",
        "55714"
      ],
      "GO:0098835": [],
      "GO:0098954": [],
      "GO:0034592": [],
      "GO:0030672": [
        "10396"
      ],
      "GO:0099013": [],
      "GO:0099012": [],
      "GO:0099026": [],
      "GO:0098888": [],
      "GO:0099056": [
        "3747"
      ],
      "SYNGO:presyn_er_membrane": [],
      "SYNGO:presyn_ser": [],
      "GO:0099160": [],
      "GO:0098871": [],
      "GO:0150050": [],
      "GO:0099189": [],
      "GO:0098897": [],
      "GO:0099091": [],
      "GO:0099634": [
        "1008"
      ],
      "GO:0014069": [
        "1612",
        "2908",
        "57568",
        "1630"
      ],
      "GO:0099629": [],
      "GO:0098844": [],
      "GO:0098895": [],
      "GO:0098842": [],
      "GO:0098837": [],
      "GO:0099025": [],
      "GO:0098890": [
        "57451",
        "375567"
      ],
      "GO:0099055": [],
      "SYNGO:postsyn_er_membrane": [],
      "SYNGO:postsyn_ser": [],
      "GO:0099029": [],
      "GO:0098891": [],
      "GO:0099059": [
        "1008",
        "55714"
      ],
      "GO:0098894": [],
      "GO:0099067": [],
      "GO:0098993": [],
      "GO:0098850": [],
      "GO:0030285": [
        "10396"
      ],
      "GO:0098674": [],
      "GO:0099066": [],
      "SYNGO:presyn_er_membrane_integral": [],
      "SYNGO:presyn_ser_membrane": [],
      "GO:0099065": [],
      "GO:0098892": [],
      "GO:0099060": [
        "1008"
      ],
      "GO:0099092": [
        "2908",
        "57568"
      ],
      "GO:0098839": [
        "1630"
      ],
      "GO:0099164": [],
      "GO:0098999": [],
      "GO:0098896": [],
      "GO:0098944": [],
      "SYNGO:postsyn_er_membrane_integral": [],
      "SYNGO:postsyn_ser_membrane": [],
      "SYNGO:presyn_ser_membrane_integral": [],
      "GO:0099031": [],
      "GO:0099147": [],
      "GO:0099061": [
        "1630"
      ],
      "GO:0098998": [],
      "GO:0099033": [],
      "GO:0099063": [],
      "SYNGO:postsyn_ser_membrane_integral": []
    }
  }
}