[
  {
    "user_input_genelist": "EDNRB",
    "idmap": []
  },
  {
    "user_input_genelist": "LOC101929028",
    "idmap": []
  },
  {
    "user_input_genelist": "LOC105370337",
    "idmap": []
  },
  {
    "user_input_genelist": "LOC105374320",
    "idmap": []
  },
  {
    "user_input_genelist": "TAFA2",
    "idmap": []
  },
  {
    "user_input_genelist": "VWC2L",
    "idmap": []
  },
  {
    "user_input_genelist": "LOC100507562",
    "idmap": []
  },
  {
    "user_input_genelist": "LOC105374319",
    "idmap": []
  },
  {
    "user_input_genelist": "SEMA3E",
    "idmap": []
  },
  {
    "user_input_genelist": "RNF219-AS1",
    "idmap": []
  },
  {
    "user_input_genelist": "PCDH11X",
    "idmap": []
  },
  {
    "user_input_genelist": "LOC105376987",
    "idmap": []
  },
  {
    "user_input_genelist": "LOC101927335",
    "idmap": []
  },
  {
    "user_input_genelist": "EYS",
    "idmap": []
  },
  {
    "user_input_genelist": "TRHDE",
    "idmap": []
  },
  {
    "user_input_genelist": "LOC105373866",
    "idmap": []
  },
  {
    "user_input_genelist": "LAMA3",
    "idmap": []
  },
  {
    "user_input_genelist": "CDH8",
    "idmap": [
      {
        "ensembl_id": "ENSG00000150394",
        "entrez_id": "1006",
        "hgnc_id": "HGNC:1767",
        "hgnc_name": "cadherin 8",
        "hgnc_symbol": "CDH8",
        "hgnc_synonyms": [],
        "user_input_genelist": [
          "CDH8"
        ]
      }
    ]
  },
  {
    "user_input_genelist": "SFMBT2",
    "idmap": []
  },
  {
    "user_input_genelist": "LAMA2",
    "idmap": [
      {
        "ensembl_id": "ENSG00000196569",
        "entrez_id": "3908",
        "hgnc_id": "HGNC:6482",
        "hgnc_name": "laminin subunit alpha 2",
        "hgnc_symbol": "LAMA2",
        "hgnc_synonyms": [
          "LAMM"
        ],
        "user_input_genelist": [
          "LAMA2"
        ]
      }
    ]
  },
  {
    "user_input_genelist": "LOC105369890",
    "idmap": []
  },
  {
    "user_input_genelist": "CDH18",
    "idmap": []
  },
  {
    "user_input_genelist": "SPAG16",
    "idmap": []
  },
  {
    "user_input_genelist": "KLF12",
    "idmap": []
  },
  {
    "user_input_genelist": "FGF12",
    "idmap": []
  },
  {
    "user_input_genelist": "CDH12",
    "idmap": []
  },
  {
    "user_input_genelist": "RORA",
    "idmap": []
  },
  {
    "user_input_genelist": "CA10",
    "idmap": []
  },
  {
    "user_input_genelist": "SGCZ",
    "idmap": []
  },
  {
    "user_input_genelist": "LINC01322",
    "idmap": []
  },
  {
    "user_input_genelist": "LOC730100",
    "idmap": []
  },
  {
    "user_input_genelist": "FAM162B",
    "idmap": []
  },
  {
    "user_input_genelist": "PCDH11Y",
    "idmap": []
  },
  {
    "user_input_genelist": "TMTC4",
    "idmap": []
  },
  {
    "user_input_genelist": "LOC105377567",
    "idmap": []
  },
  {
    "user_input_genelist": "LOC105377574",
    "idmap": []
  },
  {
    "user_input_genelist": "RERG",
    "idmap": []
  },
  {
    "user_input_genelist": "LOC100996671",
    "idmap": []
  },
  {
    "user_input_genelist": "LOC101928923",
    "idmap": []
  },
  {
    "user_input_genelist": "TENM3",
    "idmap": [
      {
        "ensembl_id": "ENSG00000218336",
        "entrez_id": "55714",
        "hgnc_id": "HGNC:29944",
        "hgnc_name": "teneurin transmembrane protein 3",
        "hgnc_symbol": "TENM3",
        "hgnc_synonyms": [
          "TEN-M3",
          "KIAA1455",
          "TEN3"
        ],
        "user_input_genelist": [
          "TENM3"
        ]
      }
    ]
  },
  {
    "user_input_genelist": "CDH7",
    "idmap": []
  },
  {
    "user_input_genelist": "KCTD8",
    "idmap": [
      {
        "ensembl_id": "ENSG00000183783",
        "entrez_id": "386617",
        "hgnc_id": "HGNC:22394",
        "hgnc_name": "potassium channel tetramerization domain containing 8",
        "hgnc_symbol": "KCTD8",
        "hgnc_synonyms": [],
        "user_input_genelist": [
          "KCTD8"
        ]
      }
    ]
  },
  {
    "user_input_genelist": "MAMDC2",
    "idmap": []
  },
  {
    "user_input_genelist": "LRP1B",
    "idmap": []
  },
  {
    "user_input_genelist": "UNC13B",
    "idmap": [
      {
        "ensembl_id": "ENSG00000198722",
        "entrez_id": "10497",
        "hgnc_id": "HGNC:12566",
        "hgnc_name": "unc-13 homolog B",
        "hgnc_symbol": "UNC13B",
        "hgnc_synonyms": [
          "HMUNC13",
          "UNC13H2",
          "MUNC13-2",
          "UNC13"
        ],
        "user_input_genelist": [
          "UNC13B"
        ]
      }
    ]
  },
  {
    "user_input_genelist": "LOC105374322",
    "idmap": []
  },
  {
    "user_input_genelist": "DPP4",
    "idmap": []
  },
  {
    "user_input_genelist": "LOC101929680",
    "idmap": []
  },
  {
    "user_input_genelist": "BTNL9",
    "idmap": []
  },
  {
    "user_input_genelist": "LOC105378031",
    "idmap": []
  },
  {
    "user_input_genelist": "PPARG",
    "idmap": []
  },
  {
    "user_input_genelist": "LOC101928856",
    "idmap": []
  },
  {
    "user_input_genelist": "EPHA6",
    "idmap": []
  },
  {
    "user_input_genelist": "KCNC2",
    "idmap": [
      {
        "ensembl_id": "ENSG00000166006",
        "entrez_id": "3747",
        "hgnc_id": "HGNC:6234",
        "hgnc_name": "potassium voltage-gated channel subfamily C member 2",
        "hgnc_symbol": "KCNC2",
        "hgnc_synonyms": [
          "KV3.2"
        ],
        "user_input_genelist": [
          "KCNC2"
        ]
      }
    ]
  },
  {
    "user_input_genelist": "CADPS2",
    "idmap": [
      {
        "ensembl_id": "ENSG00000081803",
        "entrez_id": "93664",
        "hgnc_id": "HGNC:16018",
        "hgnc_name": "calcium dependent secretion activator 2",
        "hgnc_symbol": "CADPS2",
        "hgnc_synonyms": [],
        "user_input_genelist": [
          "CADPS2"
        ]
      }
    ]
  },
  {
    "user_input_genelist": "LOC101929352",
    "idmap": []
  },
  {
    "user_input_genelist": "PDE7B",
    "idmap": []
  },
  {
    "user_input_genelist": "PCDH9",
    "idmap": [
      {
        "ensembl_id": "ENSG00000184226",
        "entrez_id": "5101",
        "hgnc_id": "HGNC:8661",
        "hgnc_name": "protocadherin 9",
        "hgnc_symbol": "PCDH9",
        "hgnc_synonyms": [],
        "user_input_genelist": [
          "PCDH9"
        ]
      }
    ]
  },
  {
    "user_input_genelist": "ARHGEF10",
    "idmap": []
  },
  {
    "user_input_genelist": "GHR",
    "idmap": []
  },
  {
    "user_input_genelist": "LOC105378030",
    "idmap": []
  },
  {
    "user_input_genelist": "SLC38A6",
    "idmap": []
  },
  {
    "user_input_genelist": "NAALAD2",
    "idmap": []
  },
  {
    "user_input_genelist": "FHOD3",
    "idmap": []
  },
  {
    "user_input_genelist": "NEK11",
    "idmap": []
  },
  {
    "user_input_genelist": "LOC284930",
    "idmap": []
  },
  {
    "user_input_genelist": "ZFPM2",
    "idmap": []
  },
  {
    "user_input_genelist": "TSHZ1",
    "idmap": []
  },
  {
    "user_input_genelist": "LINC01158",
    "idmap": []
  },
  {
    "user_input_genelist": "LOC100287225",
    "idmap": []
  },
  {
    "user_input_genelist": "ATP8A1",
    "idmap": [
      {
        "ensembl_id": "ENSG00000124406",
        "entrez_id": "10396",
        "hgnc_id": "HGNC:13531",
        "hgnc_name": "ATPase phospholipid transporting 8A1",
        "hgnc_symbol": "ATP8A1",
        "hgnc_synonyms": [
          "ATPIA"
        ],
        "user_input_genelist": [
          "ATP8A1"
        ]
      }
    ]
  },
  {
    "user_input_genelist": "DAPK1",
    "idmap": [
      {
        "ensembl_id": "ENSG00000196730",
        "entrez_id": "1612",
        "hgnc_id": "HGNC:2674",
        "hgnc_name": "death associated protein kinase 1",
        "hgnc_symbol": "DAPK1",
        "hgnc_synonyms": [
          "DAPK"
        ],
        "user_input_genelist": [
          "DAPK1"
        ]
      }
    ]
  },
  {
    "user_input_genelist": "MCTP1",
    "idmap": [
      {
        "ensembl_id": "ENSG00000175471",
        "entrez_id": "79772",
        "hgnc_id": "HGNC:26183",
        "hgnc_name": "multiple C2 and transmembrane domain containing 1",
        "hgnc_symbol": "MCTP1",
        "hgnc_synonyms": [
          "FLJ22344"
        ],
        "user_input_genelist": [
          "MCTP1"
        ]
      }
    ]
  },
  {
    "user_input_genelist": "KLHL29",
    "idmap": []
  },
  {
    "user_input_genelist": "GFRA1",
    "idmap": []
  },
  {
    "user_input_genelist": "LOC105377180",
    "idmap": []
  },
  {
    "user_input_genelist": "NYAP2",
    "idmap": []
  },
  {
    "user_input_genelist": "LOC105377509",
    "idmap": []
  },
  {
    "user_input_genelist": "SEL1L3",
    "idmap": []
  },
  {
    "user_input_genelist": "LINC01102",
    "idmap": []
  },
  {
    "user_input_genelist": "MTCL1",
    "idmap": []
  },
  {
    "user_input_genelist": "FAT3",
    "idmap": []
  },
  {
    "user_input_genelist": "TENM1",
    "idmap": [
      {
        "ensembl_id": "ENSG00000009694",
        "entrez_id": "10178",
        "hgnc_id": "HGNC:8117",
        "hgnc_name": "teneurin transmembrane protein 1",
        "hgnc_symbol": "TENM1",
        "hgnc_synonyms": [
          "TEN-M1",
          "TNM",
          "ODZ1"
        ],
        "user_input_genelist": [
          "TENM1"
        ]
      }
    ]
  },
  {
    "user_input_genelist": "FNIP2",
    "idmap": []
  },
  {
    "user_input_genelist": "HTR1F",
    "idmap": []
  },
  {
    "user_input_genelist": "CCDC85A",
    "idmap": []
  },
  {
    "user_input_genelist": "PARM1",
    "idmap": []
  },
  {
    "user_input_genelist": "MCC",
    "idmap": []
  },
  {
    "user_input_genelist": "SPON1",
    "idmap": []
  },
  {
    "user_input_genelist": "LOC102724623",
    "idmap": []
  },
  {
    "user_input_genelist": "ADGRG6",
    "idmap": []
  },
  {
    "user_input_genelist": "POU6F2",
    "idmap": []
  },
  {
    "user_input_genelist": "CLVS2",
    "idmap": []
  },
  {
    "user_input_genelist": "HS6ST3",
    "idmap": []
  },
  {
    "user_input_genelist": "RNF144A",
    "idmap": []
  },
  {
    "user_input_genelist": "CPNE4",
    "idmap": [
      {
        "ensembl_id": "ENSG00000196353",
        "entrez_id": "131034",
        "hgnc_id": "HGNC:2317",
        "hgnc_name": "copine 4",
        "hgnc_symbol": "CPNE4",
        "hgnc_synonyms": [
          "COPN4",
          "CPN4"
        ],
        "user_input_genelist": [
          "CPNE4"
        ]
      }
    ]
  },
  {
    "user_input_genelist": "SIPA1L2",
    "idmap": [
      {
        "ensembl_id": "ENSG00000116991",
        "entrez_id": "57568",
        "hgnc_id": "HGNC:23800",
        "hgnc_name": "signal induced proliferation associated 1 like 2",
        "hgnc_symbol": "SIPA1L2",
        "hgnc_synonyms": [
          "KIAA1389",
          "SPAR2"
        ],
        "user_input_genelist": [
          "SIPA1L2"
        ]
      }
    ]
  },
  {
    "user_input_genelist": "ARHGAP15",
    "idmap": []
  },
  {
    "user_input_genelist": "LINC00883",
    "idmap": []
  },
  {
    "user_input_genelist": "GABRG3",
    "idmap": [
      {
        "ensembl_id": "ENSG00000182256",
        "entrez_id": "2567",
        "hgnc_id": "HGNC:4088",
        "hgnc_name": "gamma-aminobutyric acid type A receptor subunit gamma3",
        "hgnc_symbol": "GABRG3",
        "hgnc_synonyms": [],
        "user_input_genelist": [
          "GABRG3"
        ]
      }
    ]
  },
  {
    "user_input_genelist": "KIAA1549L",
    "idmap": []
  },
  {
    "user_input_genelist": "NCKAP5",
    "idmap": []
  },
  {
    "user_input_genelist": "PTCHD4",
    "idmap": []
  },
  {
    "user_input_genelist": "PTPRK",
    "idmap": []
  },
  {
    "user_input_genelist": "PIP5K1B",
    "idmap": []
  },
  {
    "user_input_genelist": "SLC2A13",
    "idmap": []
  },
  {
    "user_input_genelist": "CDH10",
    "idmap": [
      {
        "ensembl_id": "ENSG00000040731",
        "entrez_id": "1008",
        "hgnc_id": "HGNC:1749",
        "hgnc_name": "cadherin 10",
        "hgnc_symbol": "CDH10",
        "hgnc_synonyms": [],
        "user_input_genelist": [
          "CDH10"
        ]
      }
    ]
  },
  {
    "user_input_genelist": "FSTL4",
    "idmap": []
  },
  {
    "user_input_genelist": "MGAT5",
    "idmap": []
  },
  {
    "user_input_genelist": "ANXA4",
    "idmap": []
  },
  {
    "user_input_genelist": "NR3C1",
    "idmap": [
      {
        "ensembl_id": "ENSG00000113580",
        "entrez_id": "2908",
        "hgnc_id": "HGNC:7978",
        "hgnc_name": "nuclear receptor subfamily 3 group C member 1",
        "hgnc_symbol": "NR3C1",
        "hgnc_synonyms": [
          "GR",
          "GRL"
        ],
        "user_input_genelist": [
          "NR3C1"
        ]
      }
    ]
  },
  {
    "user_input_genelist": "SCARA3",
    "idmap": []
  },
  {
    "user_input_genelist": "RIT2",
    "idmap": []
  },
  {
    "user_input_genelist": "DCC",
    "idmap": [
      {
        "ensembl_id": "ENSG00000187323",
        "entrez_id": "1630",
        "hgnc_id": "HGNC:2701",
        "hgnc_name": "DCC netrin 1 receptor",
        "hgnc_symbol": "DCC",
        "hgnc_synonyms": [
          "IGDCC1",
          "NTN1R1"
        ],
        "user_input_genelist": [
          "DCC"
        ]
      }
    ]
  },
  {
    "user_input_genelist": "FHIT",
    "idmap": []
  },
  {
    "user_input_genelist": "CFAP299",
    "idmap": []
  },
  {
    "user_input_genelist": "RASGRF2",
    "idmap": [
      {
        "ensembl_id": "ENSG00000113319",
        "entrez_id": "5924",
        "hgnc_id": "HGNC:9876",
        "hgnc_name": "Ras protein specific guanine nucleotide releasing factor 2",
        "hgnc_symbol": "RASGRF2",
        "hgnc_synonyms": [
          "RAS-GRF2"
        ],
        "user_input_genelist": [
          "RASGRF2"
        ]
      }
    ]
  },
  {
    "user_input_genelist": "TENM2",
    "idmap": [
      {
        "ensembl_id": "ENSG00000145934",
        "entrez_id": "57451",
        "hgnc_id": "HGNC:29943",
        "hgnc_name": "teneurin transmembrane protein 2",
        "hgnc_symbol": "TENM2",
        "hgnc_synonyms": [
          "KIAA1127",
          "TEN-M2",
          "TEN2",
          "ODZ2"
        ],
        "user_input_genelist": [
          "TENM2"
        ]
      }
    ]
  },
  {
    "user_input_genelist": "ADAMTSL3",
    "idmap": []
  },
  {
    "user_input_genelist": "SPOCK3",
    "idmap": []
  },
  {
    "user_input_genelist": "GPC6",
    "idmap": [
      {
        "ensembl_id": "ENSG00000183098",
        "entrez_id": "10082",
        "hgnc_id": "HGNC:4454",
        "hgnc_name": "glypican 6",
        "hgnc_symbol": "GPC6",
        "hgnc_synonyms": [],
        "user_input_genelist": [
          "GPC6"
        ]
      }
    ]
  },
  {
    "user_input_genelist": "TRPM3",
    "idmap": []
  },
  {
    "user_input_genelist": "VWC2",
    "idmap": [
      {
        "ensembl_id": "ENSG00000188730",
        "entrez_id": "375567",
        "hgnc_id": "HGNC:30200",
        "hgnc_name": "von Willebrand factor C domain containing 2",
        "hgnc_symbol": "VWC2",
        "hgnc_synonyms": [
          "PSST739",
          "UNQ739"
        ],
        "user_input_genelist": [
          "VWC2"
        ]
      }
    ]
  },
  {
    "user_input_genelist": "ROBO1",
    "idmap": []
  },
  {
    "user_input_genelist": "PDE1A",
    "idmap": []
  }
]