{
  "direct": {
    "hgnc_id": {
      "GO:0045202": [
        "HGNC:3313",
        "HGNC:1749",
        "HGNC:18142",
        "HGNC:8772"
      ],
      "GO:0097060": [],
      "GO:0098793": [
        "HGNC:2309",
        "HGNC:29506",
        "HGNC:18142",
        "HGNC:6267"
      ],
      "GO:0043083": [],
      "GO:0098794": [
        "HGNC:12734",
        "HGNC:2309",
        "HGNC:29506",
        "HGNC:6267",
        "HGNC:17060"
      ],
      "GO:0099544": [],
      "GO:0099243": [],
      "GO:0099699": [
        "HGNC:8661"
      ],
      "GO:0099523": [],
      "GO:0099569": [],
      "GO:0048786": [],
      "GO:0098833": [],
      "GO:0098830": [],
      "GO:0008021": [],
      "GO:0098992": [],
      "GO:0042734": [],
      "SYNGO:presyn_ribosome": [],
      "SYNGO:presyn_er": [],
      "GO:0098965": [],
      "GO:0099524": [
        "HGNC:1462"
      ],
      "GO:0099571": [],
      "GO:0097444": [],
      "GO:0150051": [],
      "GO:0099572": [],
      "GO:0098843": [],
      "GO:0098845": [],
      "GO:0045211": [],
      "SYNGO:postsyn_ribosome": [],
      "SYNGO:postsyn_er": [],
      "GO:0098966": [],
      "GO:0099182": [],
      "GO:0099143": [],
      "GO:0098831": [
        "HGNC:17282",
        "HGNC:17283"
      ],
      "GO:0048787": [],
      "GO:0098835": [],
      "GO:0098954": [],
      "GO:0034592": [],
      "GO:0030672": [
        "HGNC:16704",
        "HGNC:11138"
      ],
      "GO:0099013": [],
      "GO:0099012": [],
      "GO:0099026": [
        "HGNC:2175"
      ],
      "GO:0098888": [],
      "GO:0099056": [
        "HGNC:6250",
        "HGNC:6234",
        "HGNC:6267",
        "HGNC:1390",
        "HGNC:4079",
        "HGNC:10940",
        "HGNC:1951",
        "HGNC:1952"
      ],
      "SYNGO:presyn_er_membrane": [],
      "SYNGO:presyn_ser": [],
      "GO:0099160": [],
      "GO:0098871": [],
      "GO:0150050": [],
      "GO:0099189": [],
      "GO:0098897": [],
      "GO:0099091": [],
      "GO:0099634": [],
      "GO:0014069": [
        "HGNC:2516",
        "HGNC:11187"
      ],
      "GO:0099629": [],
      "GO:0098844": [],
      "GO:0098895": [],
      "GO:0098842": [],
      "GO:0098837": [],
      "GO:0099025": [],
      "GO:0098890": [
        "HGNC:29943"
      ],
      "GO:0099055": [
        "HGNC:1390",
        "HGNC:4079",
        "HGNC:1951",
        "HGNC:20974",
        "HGNC:1391",
        "HGNC:6297"
      ],
      "SYNGO:postsyn_er_membrane": [],
      "SYNGO:postsyn_ser": [],
      "GO:0099029": [
        "HGNC:17941"
      ],
      "GO:0098891": [
        "HGNC:17282"
      ],
      "GO:0099059": [
        "HGNC:1951",
        "HGNC:4076",
        "HGNC:4081",
        "HGNC:4600",
        "HGNC:1391",
        "HGNC:1749",
        "HGNC:29944"
      ],
      "GO:0098894": [],
      "GO:0099067": [],
      "GO:0098993": [
        "HGNC:9778"
      ],
      "GO:0098850": [
        "HGNC:11495"
      ],
      "GO:0030285": [
        "HGNC:25380"
      ],
      "GO:0098674": [],
      "GO:0099066": [],
      "SYNGO:presyn_er_membrane_integral": [],
      "SYNGO:presyn_ser_membrane": [],
      "GO:0099065": [],
      "GO:0098892": [],
      "GO:0099060": [
        "HGNC:4079",
        "HGNC:4076",
        "HGNC:4081",
        "HGNC:1749"
      ],
      "GO:0099092": [],
      "GO:0098839": [],
      "GO:0099164": [],
      "GO:0098999": [],
      "GO:0098896": [],
      "GO:0098944": [],
      "SYNGO:postsyn_er_membrane_integral": [],
      "SYNGO:postsyn_ser_membrane": [],
      "SYNGO:presyn_ser_membrane_integral": [],
      "GO:0099031": [
        "HGNC:17941"
      ],
      "GO:0099147": [
        "HGNC:8772"
      ],
      "GO:0099061": [
        "HGNC:29317",
        "HGNC:9682",
        "HGNC:1952",
        "HGNC:16699",
        "HGNC:17448",
        "HGNC:10250",
        "HGNC:6250"
      ],
      "GO:0098998": [],
      "GO:0099033": [],
      "GO:0099063": [],
      "SYNGO:postsyn_ser_membrane_integral": []
    },
    "hgnc_symbol": {
      "GO:0045202": [
        "ELAVL2",
        "CDH10",
        "DAAM1",
        "PDE10A"
      ],
      "GO:0097060": [],
      "GO:0098793": [
        "CPLX1",
        "SRCIN1",
        "DAAM1",
        "KCNJ6"
      ],
      "GO:0043083": [],
      "GO:0098794": [
        "WASF3",
        "CPLX1",
        "SRCIN1",
        "KCNJ6",
        "KIFAP3"
      ],
      "GO:0099544": [],
      "GO:0099243": [],
      "GO:0099699": [
        "PCDH9"
      ],
      "GO:0099523": [],
      "GO:0099569": [],
      "GO:0048786": [],
      "GO:0098833": [],
      "GO:0098830": [],
      "GO:0008021": [],
      "GO:0098992": [],
      "GO:0042734": [],
      "SYNGO:presyn_ribosome": [],
      "SYNGO:presyn_er": [],
      "GO:0098965": [],
      "GO:0099524": [
        "CAMK2D"
      ],
      "GO:0099571": [],
      "GO:0097444": [],
      "GO:0150051": [],
      "GO:0099572": [],
      "GO:0098843": [],
      "GO:0098845": [],
      "GO:0045211": [],
      "SYNGO:postsyn_ribosome": [],
      "SYNGO:postsyn_er": [],
      "GO:0098966": [],
      "GO:0099182": [],
      "GO:0099143": [],
      "GO:0098831": [
        "RIMS1",
        "RIMS2"
      ],
      "GO:0048787": [],
      "GO:0098835": [],
      "GO:0098954": [],
      "GO:0034592": [],
      "GO:0030672": [
        "SLC17A7",
        "SNCA"
      ],
      "GO:0099013": [],
      "GO:0099012": [],
      "GO:0099026": [
        "CNTN5"
      ],
      "GO:0098888": [],
      "GO:0099056": [
        "KCNH1",
        "KCNC2",
        "KCNJ6",
        "CACNA1C",
        "GABRA5",
        "SLC1A2",
        "CHRM2",
        "CHRM3"
      ],
      "SYNGO:presyn_er_membrane": [],
      "SYNGO:presyn_ser": [],
      "GO:0099160": [],
      "GO:0098871": [],
      "GO:0150050": [],
      "GO:0099189": [],
      "GO:0098897": [],
      "GO:0099091": [],
      "GO:0099634": [],
      "GO:0014069": [
        "CTNND2",
        "SOS1"
      ],
      "GO:0099629": [],
      "GO:0098844": [],
      "GO:0098895": [],
      "GO:0098842": [],
      "GO:0098837": [],
      "GO:0099025": [],
      "GO:0098890": [
        "TENM2"
      ],
      "GO:0099055": [
        "CACNA1C",
        "GABRA5",
        "CHRM2",
        "ADGRL3",
        "CACNA1D",
        "KCNQ3"
      ],
      "SYNGO:postsyn_er_membrane": [],
      "SYNGO:postsyn_ser": [],
      "GO:0099029": [
        "NTM"
      ],
      "GO:0098891": [
        "RIMS1"
      ],
      "GO:0099059": [
        "CHRM2",
        "GABRA2",
        "GABRB1",
        "GRM8",
        "CACNA1D",
        "CDH10",
        "TENM3"
      ],
      "GO:0098894": [],
      "GO:0099067": [],
      "GO:0098993": [
        "RAB3B"
      ],
      "GO:0098850": [
        "SYN2"
      ],
      "GO:0030285": [
        "TMEM163"
      ],
      "GO:0098674": [],
      "GO:0099066": [],
      "SYNGO:presyn_er_membrane_integral": [],
      "SYNGO:presyn_ser_membrane": [],
      "GO:0099065": [],
      "GO:0098892": [],
      "GO:0099060": [
        "GABRA5",
        "GABRA2",
        "GABRB1",
        "CDH10"
      ],
      "GO:0099092": [],
      "GO:0098839": [],
      "GO:0099164": [],
      "GO:0098999": [],
      "GO:0098896": [],
      "GO:0098944": [],
      "SYNGO:postsyn_er_membrane_integral": [],
      "SYNGO:postsyn_ser_membrane": [],
      "SYNGO:presyn_ser_membrane_integral": [],
      "GO:0099031": [
        "NTM"
      ],
      "GO:0099147": [
        "PDE10A"
      ],
      "GO:0099061": [
        "LRRC4C",
        "PTPRT",
        "CHRM3",
        "SORCS3",
        "CLSTN2",
        "ROBO2",
        "KCNH1"
      ],
      "GO:0098998": [],
      "GO:0099033": [],
      "GO:0099063": [],
      "SYNGO:postsyn_ser_membrane_integral": []
    },
    "ensembl_id": {
      "GO:0045202": [
        "ENSG00000107105",
        "ENSG00000040731",
        "ENSG00000100592",
        "ENSG00000112541"
      ],
      "GO:0097060": [],
      "GO:0098793": [
        "ENSG00000168993",
        "ENSG00000277363",
        "ENSG00000100592",
        "ENSG00000157542"
      ],
      "GO:0043083": [],
      "GO:0098794": [
        "ENSG00000132970",
        "ENSG00000168993",
        "ENSG00000277363",
        "ENSG00000157542",
        "ENSG00000075945"
      ],
      "GO:0099544": [],
      "GO:0099243": [],
      "GO:0099699": [
        "ENSG00000184226"
      ],
      "GO:0099523": [],
      "GO:0099569": [],
      "GO:0048786": [],
      "GO:0098833": [],
      "GO:0098830": [],
      "GO:0008021": [],
      "GO:0098992": [],
      "GO:0042734": [],
      "SYNGO:presyn_ribosome": [],
      "SYNGO:presyn_er": [],
      "GO:0098965": [],
      "GO:0099524": [
        "ENSG00000145349"
      ],
      "GO:0099571": [],
      "GO:0097444": [],
      "GO:0150051": [],
      "GO:0099572": [],
      "GO:0098843": [],
      "GO:0098845": [],
      "GO:0045211": [],
      "SYNGO:postsyn_ribosome": [],
      "SYNGO:postsyn_er": [],
      "GO:0098966": [],
      "GO:0099182": [],
      "GO:0099143": [],
      "GO:0098831": [
        "ENSG00000079841",
        "ENSG00000176406"
      ],
      "GO:0048787": [],
      "GO:0098835": [],
      "GO:0098954": [],
      "GO:0034592": [],
      "GO:0030672": [
        "ENSG00000104888",
        "ENSG00000145335"
      ],
      "GO:0099013": [],
      "GO:0099012": [],
      "GO:0099026": [
        "ENSG00000149972"
      ],
      "GO:0098888": [],
      "GO:0099056": [
        "ENSG00000143473",
        "ENSG00000166006",
        "ENSG00000157542",
        "ENSG00000151067",
        "ENSG00000186297",
        "ENSG00000110436",
        "ENSG00000181072",
        "ENSG00000133019"
      ],
      "SYNGO:presyn_er_membrane": [],
      "SYNGO:presyn_ser": [],
      "GO:0099160": [],
      "GO:0098871": [],
      "GO:0150050": [],
      "GO:0099189": [],
      "GO:0098897": [],
      "GO:0099091": [],
      "GO:0099634": [],
      "GO:0014069": [
        "ENSG00000169862",
        "ENSG00000115904"
      ],
      "GO:0099629": [],
      "GO:0098844": [],
      "GO:0098895": [],
      "GO:0098842": [],
      "GO:0098837": [],
      "GO:0099025": [],
      "GO:0098890": [
        "ENSG00000145934"
      ],
      "GO:0099055": [
        "ENSG00000151067",
        "ENSG00000186297",
        "ENSG00000181072",
        "ENSG00000150471",
        "ENSG00000157388",
        "ENSG00000184156"
      ],
      "SYNGO:postsyn_er_membrane": [],
      "SYNGO:postsyn_ser": [],
      "GO:0099029": [
        "ENSG00000182667"
      ],
      "GO:0098891": [
        "ENSG00000079841"
      ],
      "GO:0099059": [
        "ENSG00000181072",
        "ENSG00000151834",
        "ENSG00000163288",
        "ENSG00000179603",
        "ENSG00000157388",
        "ENSG00000040731",
        "ENSG00000218336"
      ],
      "GO:0098894": [],
      "GO:0099067": [],
      "GO:0098993": [
        "ENSG00000169213"
      ],
      "GO:0098850": [
        "ENSG00000157152"
      ],
      "GO:0030285": [
        "ENSG00000152128"
      ],
      "GO:0098674": [],
      "GO:0099066": [],
      "SYNGO:presyn_er_membrane_integral": [],
      "SYNGO:presyn_ser_membrane": [],
      "GO:0099065": [],
      "GO:0098892": [],
      "GO:0099060": [
        "ENSG00000186297",
        "ENSG00000151834",
        "ENSG00000163288",
        "ENSG00000040731"
      ],
      "GO:0099092": [],
      "GO:0098839": [],
      "GO:0099164": [],
      "GO:0098999": [],
      "GO:0098896": [],
      "GO:0098944": [],
      "SYNGO:postsyn_er_membrane_integral": [],
      "SYNGO:postsyn_ser_membrane": [],
      "SYNGO:presyn_ser_membrane_integral": [],
      "GO:0099031": [
        "ENSG00000182667"
      ],
      "GO:0099147": [
        "ENSG00000112541"
      ],
      "GO:0099061": [
        "ENSG00000148948",
        "ENSG00000196090",
        "ENSG00000133019",
        "ENSG00000156395",
        "ENSG00000158258",
        "ENSG00000185008",
        "ENSG00000143473"
      ],
      "GO:0098998": [],
      "GO:0099033": [],
      "GO:0099063": [],
      "SYNGO:postsyn_ser_membrane_integral": []
    },
    "entrez_id": {
      "GO:0045202": [
        "1993",
        "1008",
        "23002",
        "10846"
      ],
      "GO:0097060": [],
      "GO:0098793": [
        "10815",
        "80725",
        "23002",
        "3763"
      ],
      "GO:0043083": [],
      "GO:0098794": [
        "10810",
        "10815",
        "80725",
        "3763",
        "22920"
      ],
      "GO:0099544": [],
      "GO:0099243": [],
      "GO:0099699": [
        "5101"
      ],
      "GO:0099523": [],
      "GO:0099569": [],
      "GO:0048786": [],
      "GO:0098833": [],
      "GO:0098830": [],
      "GO:0008021": [],
      "GO:0098992": [],
      "GO:0042734": [],
      "SYNGO:presyn_ribosome": [],
      "SYNGO:presyn_er": [],
      "GO:0098965": [],
      "GO:0099524": [
        "817"
      ],
      "GO:0099571": [],
      "GO:0097444": [],
      "GO:0150051": [],
      "GO:0099572": [],
      "GO:0098843": [],
      "GO:0098845": [],
      "GO:0045211": [],
      "SYNGO:postsyn_ribosome": [],
      "SYNGO:postsyn_er": [],
      "GO:0098966": [],
      "GO:0099182": [],
      "GO:0099143": [],
      "GO:0098831": [
        "22999",
        "9699"
      ],
      "GO:0048787": [],
      "GO:0098835": [],
      "GO:0098954": [],
      "GO:0034592": [],
      "GO:0030672": [
        "57030",
        "6622"
      ],
      "GO:0099013": [],
      "GO:0099012": [],
      "GO:0099026": [
        "53942"
      ],
      "GO:0098888": [],
      "GO:0099056": [
        "3756",
        "3747",
        "3763",
        "775",
        "2558",
        "6506",
        "1129",
        "1131"
      ],
      "SYNGO:presyn_er_membrane": [],
      "SYNGO:presyn_ser": [],
      "GO:0099160": [],
      "GO:0098871": [],
      "GO:0150050": [],
      "GO:0099189": [],
      "GO:0098897": [],
      "GO:0099091": [],
      "GO:0099634": [],
      "GO:0014069": [
        "1501",
        "6654"
      ],
      "GO:0099629": [],
      "GO:0098844": [],
      "GO:0098895": [],
      "GO:0098842": [],
      "GO:0098837": [],
      "GO:0099025": [],
      "GO:0098890": [
        "57451"
      ],
      "GO:0099055": [
        "775",
        "2558",
        "1129",
        "23284",
        "776",
        "3786"
      ],
      "SYNGO:postsyn_er_membrane": [],
      "SYNGO:postsyn_ser": [],
      "GO:0099029": [
        "50863"
      ],
      "GO:0098891": [
        "22999"
      ],
      "GO:0099059": [
        "1129",
        "2555",
        "2560",
        "2918",
        "776",
        "1008",
        "55714"
      ],
      "GO:0098894": [],
      "GO:0099067": [],
      "GO:0098993": [
        "5865"
      ],
      "GO:0098850": [
        "6854"
      ],
      "GO:0030285": [
        "81615"
      ],
      "GO:0098674": [],
      "GO:0099066": [],
      "SYNGO:presyn_er_membrane_integral": [],
      "SYNGO:presyn_ser_membrane": [],
      "GO:0099065": [],
      "GO:0098892": [],
      "GO:0099060": [
        "2558",
        "2555",
        "2560",
        "1008"
      ],
      "GO:0099092": [],
      "GO:0098839": [],
      "GO:0099164": [],
      "GO:0098999": [],
      "GO:0098896": [],
      "GO:0098944": [],
      "SYNGO:postsyn_er_membrane_integral": [],
      "SYNGO:postsyn_ser_membrane": [],
      "SYNGO:presyn_ser_membrane_integral": [],
      "GO:0099031": [
        "50863"
      ],
      "GO:0099147": [
        "10846"
      ],
      "GO:0099061": [
        "57689",
        "11122",
        "1131",
        "22986",
        "64084",
        "6092",
        "3756"
      ],
      "GO:0098998": [],
      "GO:0099033": [],
      "GO:0099063": [],
      "SYNGO:postsyn_ser_membrane_integral": []
    }
  },
  "aggregate": {
    "hgnc_id": {
      "GO:0045202": [
        "HGNC:3313",
        "HGNC:1749",
        "HGNC:18142",
        "HGNC:8772",
        "HGNC:8661",
        "HGNC:2309",
        "HGNC:29506",
        "HGNC:6267",
        "HGNC:17282",
        "HGNC:17283",
        "HGNC:17941",
        "HGNC:1951",
        "HGNC:4076",
        "HGNC:4081",
        "HGNC:4600",
        "HGNC:1391",
        "HGNC:29944",
        "HGNC:16704",
        "HGNC:11138",
        "HGNC:9778",
        "HGNC:11495",
        "HGNC:25380",
        "HGNC:2175",
        "HGNC:6250",
        "HGNC:6234",
        "HGNC:1390",
        "HGNC:4079",
        "HGNC:10940",
        "HGNC:1952",
        "HGNC:12734",
        "HGNC:17060",
        "HGNC:1462",
        "HGNC:2516",
        "HGNC:11187",
        "HGNC:29317",
        "HGNC:9682",
        "HGNC:16699",
        "HGNC:17448",
        "HGNC:10250",
        "HGNC:29943",
        "HGNC:20974",
        "HGNC:6297"
      ],
      "GO:0097060": [
        "HGNC:8661"
      ],
      "GO:0098793": [
        "HGNC:2309",
        "HGNC:29506",
        "HGNC:18142",
        "HGNC:6267",
        "HGNC:17282",
        "HGNC:17283",
        "HGNC:17941",
        "HGNC:1951",
        "HGNC:4076",
        "HGNC:4081",
        "HGNC:4600",
        "HGNC:1391",
        "HGNC:1749",
        "HGNC:29944",
        "HGNC:16704",
        "HGNC:11138",
        "HGNC:9778",
        "HGNC:11495",
        "HGNC:25380",
        "HGNC:2175",
        "HGNC:6250",
        "HGNC:6234",
        "HGNC:1390",
        "HGNC:4079",
        "HGNC:10940",
        "HGNC:1952"
      ],
      "GO:0043083": [],
      "GO:0098794": [
        "HGNC:12734",
        "HGNC:2309",
        "HGNC:29506",
        "HGNC:6267",
        "HGNC:17060",
        "HGNC:1462",
        "HGNC:4079",
        "HGNC:4076",
        "HGNC:4081",
        "HGNC:1749",
        "HGNC:2516",
        "HGNC:11187",
        "HGNC:17941",
        "HGNC:8772",
        "HGNC:29317",
        "HGNC:9682",
        "HGNC:1952",
        "HGNC:16699",
        "HGNC:17448",
        "HGNC:10250",
        "HGNC:6250",
        "HGNC:29943",
        "HGNC:1390",
        "HGNC:1951",
        "HGNC:20974",
        "HGNC:1391",
        "HGNC:6297"
      ],
      "GO:0099544": [],
      "GO:0099243": [],
      "GO:0099699": [
        "HGNC:8661"
      ],
      "GO:0099523": [],
      "GO:0099569": [],
      "GO:0048786": [
        "HGNC:17282",
        "HGNC:17283",
        "HGNC:17941",
        "HGNC:1951",
        "HGNC:4076",
        "HGNC:4081",
        "HGNC:4600",
        "HGNC:1391",
        "HGNC:1749",
        "HGNC:29944"
      ],
      "GO:0098833": [],
      "GO:0098830": [],
      "GO:0008021": [
        "HGNC:16704",
        "HGNC:11138",
        "HGNC:9778",
        "HGNC:11495",
        "HGNC:25380"
      ],
      "GO:0098992": [],
      "GO:0042734": [
        "HGNC:2175",
        "HGNC:6250",
        "HGNC:6234",
        "HGNC:6267",
        "HGNC:1390",
        "HGNC:4079",
        "HGNC:10940",
        "HGNC:1951",
        "HGNC:1952"
      ],
      "SYNGO:presyn_ribosome": [],
      "SYNGO:presyn_er": [],
      "GO:0098965": [],
      "GO:0099524": [
        "HGNC:1462"
      ],
      "GO:0099571": [],
      "GO:0097444": [],
      "GO:0150051": [],
      "GO:0099572": [
        "HGNC:4079",
        "HGNC:4076",
        "HGNC:4081",
        "HGNC:1749",
        "HGNC:2516",
        "HGNC:11187",
        "HGNC:17941",
        "HGNC:8772",
        "HGNC:29317",
        "HGNC:9682",
        "HGNC:1952",
        "HGNC:16699",
        "HGNC:17448",
        "HGNC:10250",
        "HGNC:6250"
      ],
      "GO:0098843": [],
      "GO:0098845": [],
      "GO:0045211": [
        "HGNC:29943",
        "HGNC:1390",
        "HGNC:4079",
        "HGNC:1951",
        "HGNC:20974",
        "HGNC:1391",
        "HGNC:6297"
      ],
      "SYNGO:postsyn_ribosome": [],
      "SYNGO:postsyn_er": [],
      "GO:0098966": [],
      "GO:0099182": [],
      "GO:0099143": [],
      "GO:0098831": [
        "HGNC:17282",
        "HGNC:17283"
      ],
      "GO:0048787": [
        "HGNC:17941",
        "HGNC:17282",
        "HGNC:1951",
        "HGNC:4076",
        "HGNC:4081",
        "HGNC:4600",
        "HGNC:1391",
        "HGNC:1749",
        "HGNC:29944"
      ],
      "GO:0098835": [],
      "GO:0098954": [],
      "GO:0034592": [],
      "GO:0030672": [
        "HGNC:16704",
        "HGNC:11138",
        "HGNC:9778",
        "HGNC:11495",
        "HGNC:25380"
      ],
      "GO:0099013": [],
      "GO:0099012": [],
      "GO:0099026": [
        "HGNC:2175"
      ],
      "GO:0098888": [],
      "GO:0099056": [
        "HGNC:6250",
        "HGNC:6234",
        "HGNC:6267",
        "HGNC:1390",
        "HGNC:4079",
        "HGNC:10940",
        "HGNC:1951",
        "HGNC:1952"
      ],
      "SYNGO:presyn_er_membrane": [],
      "SYNGO:presyn_ser": [],
      "GO:0099160": [],
      "GO:0098871": [],
      "GO:0150050": [],
      "GO:0099189": [],
      "GO:0098897": [],
      "GO:0099091": [],
      "GO:0099634": [
        "HGNC:4079",
        "HGNC:4076",
        "HGNC:4081",
        "HGNC:1749"
      ],
      "GO:0014069": [
        "HGNC:2516",
        "HGNC:11187",
        "HGNC:17941",
        "HGNC:8772",
        "HGNC:29317",
        "HGNC:9682",
        "HGNC:1952",
        "HGNC:16699",
        "HGNC:17448",
        "HGNC:10250",
        "HGNC:6250"
      ],
      "GO:0099629": [],
      "GO:0098844": [],
      "GO:0098895": [],
      "GO:0098842": [],
      "GO:0098837": [],
      "GO:0099025": [],
      "GO:0098890": [
        "HGNC:29943"
      ],
      "GO:0099055": [
        "HGNC:1390",
        "HGNC:4079",
        "HGNC:1951",
        "HGNC:20974",
        "HGNC:1391",
        "HGNC:6297"
      ],
      "SYNGO:postsyn_er_membrane": [],
      "SYNGO:postsyn_ser": [],
      "GO:0099029": [
        "HGNC:17941"
      ],
      "GO:0098891": [
        "HGNC:17282"
      ],
      "GO:0099059": [
        "HGNC:1951",
        "HGNC:4076",
        "HGNC:4081",
        "HGNC:4600",
        "HGNC:1391",
        "HGNC:1749",
        "HGNC:29944"
      ],
      "GO:0098894": [],
      "GO:0099067": [],
      "GO:0098993": [
        "HGNC:9778"
      ],
      "GO:0098850": [
        "HGNC:11495"
      ],
      "GO:0030285": [
        "HGNC:25380"
      ],
      "GO:0098674": [],
      "GO:0099066": [],
      "SYNGO:presyn_er_membrane_integral": [],
      "SYNGO:presyn_ser_membrane": [],
      "GO:0099065": [],
      "GO:0098892": [],
      "GO:0099060": [
        "HGNC:4079",
        "HGNC:4076",
        "HGNC:4081",
        "HGNC:1749"
      ],
      "GO:0099092": [],
      "GO:0098839": [
        "HGNC:17941",
        "HGNC:8772",
        "HGNC:29317",
        "HGNC:9682",
        "HGNC:1952",
        "HGNC:16699",
        "HGNC:17448",
        "HGNC:10250",
        "HGNC:6250"
      ],
      "GO:0099164": [],
      "GO:0098999": [],
      "GO:0098896": [],
      "GO:0098944": [],
      "SYNGO:postsyn_er_membrane_integral": [],
      "SYNGO:postsyn_ser_membrane": [],
      "SYNGO:presyn_ser_membrane_integral": [],
      "GO:0099031": [
        "HGNC:17941"
      ],
      "GO:0099147": [
        "HGNC:8772"
      ],
      "GO:0099061": [
        "HGNC:29317",
        "HGNC:9682",
        "HGNC:1952",
        "HGNC:16699",
        "HGNC:17448",
        "HGNC:10250",
        "HGNC:6250"
      ],
      "GO:0098998": [],
      "GO:0099033": [],
      "GO:0099063": [],
      "SYNGO:postsyn_ser_membrane_integral": []
    },
    "hgnc_symbol": {
      "GO:0045202": [
        "ELAVL2",
        "CDH10",
        "DAAM1",
        "PDE10A",
        "PCDH9",
        "CPLX1",
        "SRCIN1",
        "KCNJ6",
        "RIMS1",
        "RIMS2",
        "NTM",
        "CHRM2",
        "GABRA2",
        "GABRB1",
        "GRM8",
        "CACNA1D",
        "TENM3",
        "SLC17A7",
        "SNCA",
        "RAB3B",
        "SYN2",
        "TMEM163",
        "CNTN5",
        "KCNH1",
        "KCNC2",
        "CACNA1C",
        "GABRA5",
        "SLC1A2",
        "CHRM3",
        "WASF3",
        "KIFAP3",
        "CAMK2D",
        "CTNND2",
        "SOS1",
        "LRRC4C",
        "PTPRT",
        "SORCS3",
        "CLSTN2",
        "ROBO2",
        "TENM2",
        "ADGRL3",
        "KCNQ3"
      ],
      "GO:0097060": [
        "PCDH9"
      ],
      "GO:0098793": [
        "CPLX1",
        "SRCIN1",
        "DAAM1",
        "KCNJ6",
        "RIMS1",
        "RIMS2",
        "NTM",
        "CHRM2",
        "GABRA2",
        "GABRB1",
        "GRM8",
        "CACNA1D",
        "CDH10",
        "TENM3",
        "SLC17A7",
        "SNCA",
        "RAB3B",
        "SYN2",
        "TMEM163",
        "CNTN5",
        "KCNH1",
        "KCNC2",
        "CACNA1C",
        "GABRA5",
        "SLC1A2",
        "CHRM3"
      ],
      "GO:0043083": [],
      "GO:0098794": [
        "WASF3",
        "CPLX1",
        "SRCIN1",
        "KCNJ6",
        "KIFAP3",
        "CAMK2D",
        "GABRA5",
        "GABRA2",
        "GABRB1",
        "CDH10",
        "CTNND2",
        "SOS1",
        "NTM",
        "PDE10A",
        "LRRC4C",
        "PTPRT",
        "CHRM3",
        "SORCS3",
        "CLSTN2",
        "ROBO2",
        "KCNH1",
        "TENM2",
        "CACNA1C",
        "CHRM2",
        "ADGRL3",
        "CACNA1D",
        "KCNQ3"
      ],
      "GO:0099544": [],
      "GO:0099243": [],
      "GO:0099699": [
        "PCDH9"
      ],
      "GO:0099523": [],
      "GO:0099569": [],
      "GO:0048786": [
        "RIMS1",
        "RIMS2",
        "NTM",
        "CHRM2",
        "GABRA2",
        "GABRB1",
        "GRM8",
        "CACNA1D",
        "CDH10",
        "TENM3"
      ],
      "GO:0098833": [],
      "GO:0098830": [],
      "GO:0008021": [
        "SLC17A7",
        "SNCA",
        "RAB3B",
        "SYN2",
        "TMEM163"
      ],
      "GO:0098992": [],
      "GO:0042734": [
        "CNTN5",
        "KCNH1",
        "KCNC2",
        "KCNJ6",
        "CACNA1C",
        "GABRA5",
        "SLC1A2",
        "CHRM2",
        "CHRM3"
      ],
      "SYNGO:presyn_ribosome": [],
      "SYNGO:presyn_er": [],
      "GO:0098965": [],
      "GO:0099524": [
        "CAMK2D"
      ],
      "GO:0099571": [],
      "GO:0097444": [],
      "GO:0150051": [],
      "GO:0099572": [
        "GABRA5",
        "GABRA2",
        "GABRB1",
        "CDH10",
        "CTNND2",
        "SOS1",
        "NTM",
        "PDE10A",
        "LRRC4C",
        "PTPRT",
        "CHRM3",
        "SORCS3",
        "CLSTN2",
        "ROBO2",
        "KCNH1"
      ],
      "GO:0098843": [],
      "GO:0098845": [],
      "GO:0045211": [
        "TENM2",
        "CACNA1C",
        "GABRA5",
        "CHRM2",
        "ADGRL3",
        "CACNA1D",
        "KCNQ3"
      ],
      "SYNGO:postsyn_ribosome": [],
      "SYNGO:postsyn_er": [],
      "GO:0098966": [],
      "GO:0099182": [],
      "GO:0099143": [],
      "GO:0098831": [
        "RIMS1",
        "RIMS2"
      ],
      "GO:0048787": [
        "NTM",
        "RIMS1",
        "CHRM2",
        "GABRA2",
        "GABRB1",
        "GRM8",
        "CACNA1D",
        "CDH10",
        "TENM3"
      ],
      "GO:0098835": [],
      "GO:0098954": [],
      "GO:0034592": [],
      "GO:0030672": [
        "SLC17A7",
        "SNCA",
        "RAB3B",
        "SYN2",
        "TMEM163"
      ],
      "GO:0099013": [],
      "GO:0099012": [],
      "GO:0099026": [
        "CNTN5"
      ],
      "GO:0098888": [],
      "GO:0099056": [
        "KCNH1",
        "KCNC2",
        "KCNJ6",
        "CACNA1C",
        "GABRA5",
        "SLC1A2",
        "CHRM2",
        "CHRM3"
      ],
      "SYNGO:presyn_er_membrane": [],
      "SYNGO:presyn_ser": [],
      "GO:0099160": [],
      "GO:0098871": [],
      "GO:0150050": [],
      "GO:0099189": [],
      "GO:0098897": [],
      "GO:0099091": [],
      "GO:0099634": [
        "GABRA5",
        "GABRA2",
        "GABRB1",
        "CDH10"
      ],
      "GO:0014069": [
        "CTNND2",
        "SOS1",
        "NTM",
        "PDE10A",
        "LRRC4C",
        "PTPRT",
        "CHRM3",
        "SORCS3",
        "CLSTN2",
        "ROBO2",
        "KCNH1"
      ],
      "GO:0099629": [],
      "GO:0098844": [],
      "GO:0098895": [],
      "GO:0098842": [],
      "GO:0098837": [],
      "GO:0099025": [],
      "GO:0098890": [
        "TENM2"
      ],
      "GO:0099055": [
        "CACNA1C",
        "GABRA5",
        "CHRM2",
        "ADGRL3",
        "CACNA1D",
        "KCNQ3"
      ],
      "SYNGO:postsyn_er_membrane": [],
      "SYNGO:postsyn_ser": [],
      "GO:0099029": [
        "NTM"
      ],
      "GO:0098891": [
        "RIMS1"
      ],
      "GO:0099059": [
        "CHRM2",
        "GABRA2",
        "GABRB1",
        "GRM8",
        "CACNA1D",
        "CDH10",
        "TENM3"
      ],
      "GO:0098894": [],
      "GO:0099067": [],
      "GO:0098993": [
        "RAB3B"
      ],
      "GO:0098850": [
        "SYN2"
      ],
      "GO:0030285": [
        "TMEM163"
      ],
      "GO:0098674": [],
      "GO:0099066": [],
      "SYNGO:presyn_er_membrane_integral": [],
      "SYNGO:presyn_ser_membrane": [],
      "GO:0099065": [],
      "GO:0098892": [],
      "GO:0099060": [
        "GABRA5",
        "GABRA2",
        "GABRB1",
        "CDH10"
      ],
      "GO:0099092": [],
      "GO:0098839": [
        "NTM",
        "PDE10A",
        "LRRC4C",
        "PTPRT",
        "CHRM3",
        "SORCS3",
        "CLSTN2",
        "ROBO2",
        "KCNH1"
      ],
      "GO:0099164": [],
      "GO:0098999": [],
      "GO:0098896": [],
      "GO:0098944": [],
      "SYNGO:postsyn_er_membrane_integral": [],
      "SYNGO:postsyn_ser_membrane": [],
      "SYNGO:presyn_ser_membrane_integral": [],
      "GO:0099031": [
        "NTM"
      ],
      "GO:0099147": [
        "PDE10A"
      ],
      "GO:0099061": [
        "LRRC4C",
        "PTPRT",
        "CHRM3",
        "SORCS3",
        "CLSTN2",
        "ROBO2",
        "KCNH1"
      ],
      "GO:0098998": [],
      "GO:0099033": [],
      "GO:0099063": [],
      "SYNGO:postsyn_ser_membrane_integral": []
    },
    "ensembl_id": {
      "GO:0045202": [
        "ENSG00000107105",
        "ENSG00000040731",
        "ENSG00000100592",
        "ENSG00000112541",
        "ENSG00000184226",
        "ENSG00000168993",
        "ENSG00000277363",
        "ENSG00000157542",
        "ENSG00000079841",
        "ENSG00000176406",
        "ENSG00000182667",
        "ENSG00000181072",
        "ENSG00000151834",
        "ENSG00000163288",
        "ENSG00000179603",
        "ENSG00000157388",
        "ENSG00000218336",
        "ENSG00000104888",
        "ENSG00000145335",
        "ENSG00000169213",
        "ENSG00000157152",
        "ENSG00000152128",
        "ENSG00000149972",
        "ENSG00000143473",
        "ENSG00000166006",
        "ENSG00000151067",
        "ENSG00000186297",
        "ENSG00000110436",
        "ENSG00000133019",
        "ENSG00000132970",
        "ENSG00000075945",
        "ENSG00000145349",
        "ENSG00000169862",
        "ENSG00000115904",
        "ENSG00000148948",
        "ENSG00000196090",
        "ENSG00000156395",
        "ENSG00000158258",
        "ENSG00000185008",
        "ENSG00000145934",
        "ENSG00000150471",
        "ENSG00000184156"
      ],
      "GO:0097060": [
        "ENSG00000184226"
      ],
      "GO:0098793": [
        "ENSG00000168993",
        "ENSG00000277363",
        "ENSG00000100592",
        "ENSG00000157542",
        "ENSG00000079841",
        "ENSG00000176406",
        "ENSG00000182667",
        "ENSG00000181072",
        "ENSG00000151834",
        "ENSG00000163288",
        "ENSG00000179603",
        "ENSG00000157388",
        "ENSG00000040731",
        "ENSG00000218336",
        "ENSG00000104888",
        "ENSG00000145335",
        "ENSG00000169213",
        "ENSG00000157152",
        "ENSG00000152128",
        "ENSG00000149972",
        "ENSG00000143473",
        "ENSG00000166006",
        "ENSG00000151067",
        "ENSG00000186297",
        "ENSG00000110436",
        "ENSG00000133019"
      ],
      "GO:0043083": [],
      "GO:0098794": [
        "ENSG00000132970",
        "ENSG00000168993",
        "ENSG00000277363",
        "ENSG00000157542",
        "ENSG00000075945",
        "ENSG00000145349",
        "ENSG00000186297",
        "ENSG00000151834",
        "ENSG00000163288",
        "ENSG00000040731",
        "ENSG00000169862",
        "ENSG00000115904",
        "ENSG00000182667",
        "ENSG00000112541",
        "ENSG00000148948",
        "ENSG00000196090",
        "ENSG00000133019",
        "ENSG00000156395",
        "ENSG00000158258",
        "ENSG00000185008",
        "ENSG00000143473",
        "ENSG00000145934",
        "ENSG00000151067",
        "ENSG00000181072",
        "ENSG00000150471",
        "ENSG00000157388",
        "ENSG00000184156"
      ],
      "GO:0099544": [],
      "GO:0099243": [],
      "GO:0099699": [
        "ENSG00000184226"
      ],
      "GO:0099523": [],
      "GO:0099569": [],
      "GO:0048786": [
        "ENSG00000079841",
        "ENSG00000176406",
        "ENSG00000182667",
        "ENSG00000181072",
        "ENSG00000151834",
        "ENSG00000163288",
        "ENSG00000179603",
        "ENSG00000157388",
        "ENSG00000040731",
        "ENSG00000218336"
      ],
      "GO:0098833": [],
      "GO:0098830": [],
      "GO:0008021": [
        "ENSG00000104888",
        "ENSG00000145335",
        "ENSG00000169213",
        "ENSG00000157152",
        "ENSG00000152128"
      ],
      "GO:0098992": [],
      "GO:0042734": [
        "ENSG00000149972",
        "ENSG00000143473",
        "ENSG00000166006",
        "ENSG00000157542",
        "ENSG00000151067",
        "ENSG00000186297",
        "ENSG00000110436",
        "ENSG00000181072",
        "ENSG00000133019"
      ],
      "SYNGO:presyn_ribosome": [],
      "SYNGO:presyn_er": [],
      "GO:0098965": [],
      "GO:0099524": [
        "ENSG00000145349"
      ],
      "GO:0099571": [],
      "GO:0097444": [],
      "GO:0150051": [],
      "GO:0099572": [
        "ENSG00000186297",
        "ENSG00000151834",
        "ENSG00000163288",
        "ENSG00000040731",
        "ENSG00000169862",
        "ENSG00000115904",
        "ENSG00000182667",
        "ENSG00000112541",
        "ENSG00000148948",
        "ENSG00000196090",
        "ENSG00000133019",
        "ENSG00000156395",
        "ENSG00000158258",
        "ENSG00000185008",
        "ENSG00000143473"
      ],
      "GO:0098843": [],
      "GO:0098845": [],
      "GO:0045211": [
        "ENSG00000145934",
        "ENSG00000151067",
        "ENSG00000186297",
        "ENSG00000181072",
        "ENSG00000150471",
        "ENSG00000157388",
        "ENSG00000184156"
      ],
      "SYNGO:postsyn_ribosome": [],
      "SYNGO:postsyn_er": [],
      "GO:0098966": [],
      "GO:0099182": [],
      "GO:0099143": [],
      "GO:0098831": [
        "ENSG00000079841",
        "ENSG00000176406"
      ],
      "GO:0048787": [
        "ENSG00000182667",
        "ENSG00000079841",
        "ENSG00000181072",
        "ENSG00000151834",
        "ENSG00000163288",
        "ENSG00000179603",
        "ENSG00000157388",
        "ENSG00000040731",
        "ENSG00000218336"
      ],
      "GO:0098835": [],
      "GO:0098954": [],
      "GO:0034592": [],
      "GO:0030672": [
        "ENSG00000104888",
        "ENSG00000145335",
        "ENSG00000169213",
        "ENSG00000157152",
        "ENSG00000152128"
      ],
      "GO:0099013": [],
      "GO:0099012": [],
      "GO:0099026": [
        "ENSG00000149972"
      ],
      "GO:0098888": [],
      "GO:0099056": [
        "ENSG00000143473",
        "ENSG00000166006",
        "ENSG00000157542",
        "ENSG00000151067",
        "ENSG00000186297",
        "ENSG00000110436",
        "ENSG00000181072",
        "ENSG00000133019"
      ],
      "SYNGO:presyn_er_membrane": [],
      "SYNGO:presyn_ser": [],
      "GO:0099160": [],
      "GO:0098871": [],
      "GO:0150050": [],
      "GO:0099189": [],
      "GO:0098897": [],
      "GO:0099091": [],
      "GO:0099634": [
        "ENSG00000186297",
        "ENSG00000151834",
        "ENSG00000163288",
        "ENSG00000040731"
      ],
      "GO:0014069": [
        "ENSG00000169862",
        "ENSG00000115904",
        "ENSG00000182667",
        "ENSG00000112541",
        "ENSG00000148948",
        "ENSG00000196090",
        "ENSG00000133019",
        "ENSG00000156395",
        "ENSG00000158258",
        "ENSG00000185008",
        "ENSG00000143473"
      ],
      "GO:0099629": [],
      "GO:0098844": [],
      "GO:0098895": [],
      "GO:0098842": [],
      "GO:0098837": [],
      "GO:0099025": [],
      "GO:0098890": [
        "ENSG00000145934"
      ],
      "GO:0099055": [
        "ENSG00000151067",
        "ENSG00000186297",
        "ENSG00000181072",
        "ENSG00000150471",
        "ENSG00000157388",
        "ENSG00000184156"
      ],
      "SYNGO:postsyn_er_membrane": [],
      "SYNGO:postsyn_ser": [],
      "GO:0099029": [
        "ENSG00000182667"
      ],
      "GO:0098891": [
        "ENSG00000079841"
      ],
      "GO:0099059": [
        "ENSG00000181072",
        "ENSG00000151834",
        "ENSG00000163288",
        "ENSG00000179603",
        "ENSG00000157388",
        "ENSG00000040731",
        "ENSG00000218336"
      ],
      "GO:0098894": [],
      "GO:0099067": [],
      "GO:0098993": [
        "ENSG00000169213"
      ],
      "GO:0098850": [
        "ENSG00000157152"
      ],
      "GO:0030285": [
        "ENSG00000152128"
      ],
      "GO:0098674": [],
      "GO:0099066": [],
      "SYNGO:presyn_er_membrane_integral": [],
      "SYNGO:presyn_ser_membrane": [],
      "GO:0099065": [],
      "GO:0098892": [],
      "GO:0099060": [
        "ENSG00000186297",
        "ENSG00000151834",
        "ENSG00000163288",
        "ENSG00000040731"
      ],
      "GO:0099092": [],
      "GO:0098839": [
        "ENSG00000182667",
        "ENSG00000112541",
        "ENSG00000148948",
        "ENSG00000196090",
        "ENSG00000133019",
        "ENSG00000156395",
        "ENSG00000158258",
        "ENSG00000185008",
        "ENSG00000143473"
      ],
      "GO:0099164": [],
      "GO:0098999": [],
      "GO:0098896": [],
      "GO:0098944": [],
      "SYNGO:postsyn_er_membrane_integral": [],
      "SYNGO:postsyn_ser_membrane": [],
      "SYNGO:presyn_ser_membrane_integral": [],
      "GO:0099031": [
        "ENSG00000182667"
      ],
      "GO:0099147": [
        "ENSG00000112541"
      ],
      "GO:0099061": [
        "ENSG00000148948",
        "ENSG00000196090",
        "ENSG00000133019",
        "ENSG00000156395",
        "ENSG00000158258",
        "ENSG00000185008",
        "ENSG00000143473"
      ],
      "GO:0098998": [],
      "GO:0099033": [],
      "GO:0099063": [],
      "SYNGO:postsyn_ser_membrane_integral": []
    },
    "entrez_id": {
      "GO:0045202": [
        "1993",
        "1008",
        "23002",
        "10846",
        "5101",
        "10815",
        "80725",
        "3763",
        "22999",
        "9699",
        "50863",
        "1129",
        "2555",
        "2560",
        "2918",
        "776",
        "55714",
        "57030",
        "6622",
        "5865",
        "6854",
        "81615",
        "53942",
        "3756",
        "3747",
        "775",
        "2558",
        "6506",
        "1131",
        "10810",
        "22920",
        "817",
        "1501",
        "6654",
        "57689",
        "11122",
        "22986",
        "64084",
        "6092",
        "57451",
        "23284",
        "3786"
      ],
      "GO:0097060": [
        "5101"
      ],
      "GO:0098793": [
        "10815",
        "80725",
        "23002",
        "3763",
        "22999",
        "9699",
        "50863",
        "1129",
        "2555",
        "2560",
        "2918",
        "776",
        "1008",
        "55714",
        "57030",
        "6622",
        "5865",
        "6854",
        "81615",
        "53942",
        "3756",
        "3747",
        "775",
        "2558",
        "6506",
        "1131"
      ],
      "GO:0043083": [],
      "GO:0098794": [
        "10810",
        "10815",
        "80725",
        "3763",
        "22920",
        "817",
        "2558",
        "2555",
        "2560",
        "1008",
        "1501",
        "6654",
        "50863",
        "10846",
        "57689",
        "11122",
        "1131",
        "22986",
        "64084",
        "6092",
        "3756",
        "57451",
        "775",
        "1129",
        "23284",
        "776",
        "3786"
      ],
      "GO:0099544": [],
      "GO:0099243": [],
      "GO:0099699": [
        "5101"
      ],
      "GO:0099523": [],
      "GO:0099569": [],
      "GO:0048786": [
        "22999",
        "9699",
        "50863",
        "1129",
        "2555",
        "2560",
        "2918",
        "776",
        "1008",
        "55714"
      ],
      "GO:0098833": [],
      "GO:0098830": [],
      "GO:0008021": [
        "57030",
        "6622",
        "5865",
        "6854",
        "81615"
      ],
      "GO:0098992": [],
      "GO:0042734": [
        "53942",
        "3756",
        "3747",
        "3763",
        "775",
        "2558",
        "6506",
        "1129",
        "1131"
      ],
      "SYNGO:presyn_ribosome": [],
      "SYNGO:presyn_er": [],
      "GO:0098965": [],
      "GO:0099524": [
        "817"
      ],
      "GO:0099571": [],
      "GO:0097444": [],
      "GO:0150051": [],
      "GO:0099572": [
        "2558",
        "2555",
        "2560",
        "1008",
        "1501",
        "6654",
        "50863",
        "10846",
        "57689",
        "11122",
        "1131",
        "22986",
        "64084",
        "6092",
        "3756"
      ],
      "GO:0098843": [],
      "GO:0098845": [],
      "GO:0045211": [
        "57451",
        "775",
        "2558",
        "1129",
        "23284",
        "776",
        "3786"
      ],
      "SYNGO:postsyn_ribosome": [],
      "SYNGO:postsyn_er": [],
      "GO:0098966": [],
      "GO:0099182": [],
      "GO:0099143": [],
      "GO:0098831": [
        "22999",
        "9699"
      ],
      "GO:0048787": [
        "50863",
        "22999",
        "1129",
        "2555",
        "2560",
        "2918",
        "776",
        "1008",
        "55714"
      ],
      "GO:0098835": [],
      "GO:0098954": [],
      "GO:0034592": [],
      "GO:0030672": [
        "57030",
        "6622",
        "5865",
        "6854",
        "81615"
      ],
      "GO:0099013": [],
      "GO:0099012": [],
      "GO:0099026": [
        "53942"
      ],
      "GO:0098888": [],
      "GO:0099056": [
        "3756",
        "3747",
        "3763",
        "775",
        "2558",
        "6506",
        "1129",
        "1131"
      ],
      "SYNGO:presyn_er_membrane": [],
      "SYNGO:presyn_ser": [],
      "GO:0099160": [],
      "GO:0098871": [],
      "GO:0150050": [],
      "GO:0099189": [],
      "GO:0098897": [],
      "GO:0099091": [],
      "GO:0099634": [
        "2558",
        "2555",
        "2560",
        "1008"
      ],
      "GO:0014069": [
        "1501",
        "6654",
        "50863",
        "10846",
        "57689",
        "11122",
        "1131",
        "22986",
        "64084",
        "6092",
        "3756"
      ],
      "GO:0099629": [],
      "GO:0098844": [],
      "GO:0098895": [],
      "GO:0098842": [],
      "GO:0098837": [],
      "GO:0099025": [],
      "GO:0098890": [
        "57451"
      ],
      "GO:0099055": [
        "775",
        "2558",
        "1129",
        "23284",
        "776",
        "3786"
      ],
      "SYNGO:postsyn_er_membrane": [],
      "SYNGO:postsyn_ser": [],
      "GO:0099029": [
        "50863"
      ],
      "GO:0098891": [
        "22999"
      ],
      "GO:0099059": [
        "1129",
        "2555",
        "2560",
        "2918",
        "776",
        "1008",
        "55714"
      ],
      "GO:0098894": [],
      "GO:0099067": [],
      "GO:0098993": [
        "5865"
      ],
      "GO:0098850": [
        "6854"
      ],
      "GO:0030285": [
        "81615"
      ],
      "GO:0098674": [],
      "GO:0099066": [],
      "SYNGO:presyn_er_membrane_integral": [],
      "SYNGO:presyn_ser_membrane": [],
      "GO:0099065": [],
      "GO:0098892": [],
      "GO:0099060": [
        "2558",
        "2555",
        "2560",
        "1008"
      ],
      "GO:0099092": [],
      "GO:0098839": [
        "50863",
        "10846",
        "57689",
        "11122",
        "1131",
        "22986",
        "64084",
        "6092",
        "3756"
      ],
      "GO:0099164": [],
      "GO:0098999": [],
      "GO:0098896": [],
      "GO:0098944": [],
      "SYNGO:postsyn_er_membrane_integral": [],
      "SYNGO:postsyn_ser_membrane": [],
      "SYNGO:presyn_ser_membrane_integral": [],
      "GO:0099031": [
        "50863"
      ],
      "GO:0099147": [
        "10846"
      ],
      "GO:0099061": [
        "57689",
        "11122",
        "1131",
        "22986",
        "64084",
        "6092",
        "3756"
      ],
      "GO:0098998": [],
      "GO:0099033": [],
      "GO:0099063": [],
      "SYNGO:postsyn_ser_membrane_integral": []
    }
  }
}