{
  "direct": {
    "hgnc_id": {
      "SYNGO:synprocess": [],
      "SYNGO:presynprocess": [],
      "SYNGO:postsynprocess": [],
      "GO:0099536": [],
      "GO:0050808": [
        "HGNC:20974"
      ],
      "SYNGO:metabolism": [],
      "SYNGO:transport": [],
      "GO:0099509": [
        "HGNC:6250"
      ],
      "GO:0099505": [],
      "GO:0140238": [],
      "GO:0099504": [
        "HGNC:11495"
      ],
      "GO:0099525": [
        "HGNC:17282"
      ],
      "GO:0001504": [],
      "GO:0098810": [
        "HGNC:10940"
      ],
      "SYNGO:presyn_chaperoneProteinFolding": [],
      "GO:0098928": [],
      "GO:0099566": [],
      "GO:0060078": [],
      "GO:0098962": [],
      "GO:0099072": [
        "HGNC:2516",
        "HGNC:5253"
      ],
      "GO:0140239": [],
      "GO:0150038": [],
      "GO:0098926": [],
      "GO:0099537": [],
      "GO:0099538": [],
      "GO:0099163": [],
      "GO:0099172": [],
      "GO:0099173": [],
      "GO:0099563": [],
      "GO:0050807": [
        "HGNC:20766",
        "HGNC:9682"
      ],
      "GO:0098918": [],
      "GO:0150043": [],
      "GO:0099560": [
        "HGNC:29317",
        "HGNC:1749",
        "HGNC:29944"
      ],
      "GO:0008039": [],
      "GO:0007416": [
        "HGNC:20974"
      ],
      "GO:0098883": [],
      "GO:0060074": [
        "HGNC:10250"
      ],
      "GO:0099558": [],
      "GO:0099187": [],
      "GO:0099188": [],
      "SYNGO:presyn_ATPmetabolic": [],
      "SYNGO:postsyn_ATPmetabolic": [],
      "GO:0099546": [],
      "GO:0099574": [],
      "GO:0099547": [],
      "GO:0042135": [],
      "GO:0140246": [],
      "GO:0042136": [],
      "GO:0140241": [],
      "GO:0140235": [],
      "GO:0008088": [],
      "GO:0099514": [],
      "GO:0099090": [],
      "GO:0099089": [],
      "GO:0099637": [],
      "GO:1905056": [],
      "GO:0099534": [],
      "GO:0099626": [
        "HGNC:1391"
      ],
      "GO:0099507": [
        "HGNC:4076",
        "HGNC:4079",
        "HGNC:4081"
      ],
      "GO:0099508": [
        "HGNC:6250",
        "HGNC:6234",
        "HGNC:6267"
      ],
      "GO:0150047": [
        "HGNC:4081"
      ],
      "GO:0140232": [],
      "GO:0098693": [
        "HGNC:9778"
      ],
      "GO:0097091": [
        "HGNC:11495"
      ],
      "GO:0099532": [],
      "GO:0016079": [
        "HGNC:25636"
      ],
      "GO:0098700": [
        "HGNC:16704"
      ],
      "GO:0099180": [
        "HGNC:25380"
      ],
      "GO:0097401": [],
      "GO:0048488": [
        "HGNC:11138"
      ],
      "GO:0099161": [],
      "GO:0051580": [],
      "GO:0099526": [],
      "GO:1905059": [],
      "GO:0099567": [],
      "GO:1905060": [],
      "GO:0098695": [],
      "GO:0099583": [],
      "GO:0140233": [],
      "GO:1904315": [
        "HGNC:4076",
        "HGNC:4079",
        "HGNC:4081"
      ],
      "GO:1905030": [],
      "GO:0099645": [],
      "GO:0098967": [],
      "GO:0098970": [],
      "GO:0098884": [],
      "GO:0150044": [],
      "GO:0099527": [],
      "GO:0099541": [],
      "GO:0099540": [],
      "GO:0099543": [],
      "GO:0099545": [],
      "GO:0099157": [],
      "GO:0099183": [],
      "GO:0099550": [],
      "GO:0007268": [],
      "GO:0150045": [],
      "GO:0099174": [],
      "GO:0099175": [],
      "GO:0099084": [],
      "GO:0099010": [],
      "GO:0099564": [],
      "GO:1905244": [],
      "GO:0099181": [],
      "GO:0099186": [],
      "GO:0099179": [],
      "GO:0099054": [
        "HGNC:2175"
      ],
      "GO:0051963": [
        "HGNC:29506",
        "HGNC:3313"
      ],
      "GO:0098698": [],
      "GO:0097104": [],
      "GO:1905806": [],
      "GO:0090128": [],
      "GO:0099559": [
        "HGNC:8117",
        "HGNC:29943",
        "HGNC:29944"
      ],
      "GO:0098880": [
        "HGNC:20974"
      ],
      "GO:0099140": [
        "HGNC:18142"
      ],
      "GO:0098974": [
        "HGNC:29506"
      ],
      "GO:0099190": [
        "HGNC:8117",
        "HGNC:29943",
        "HGNC:29944"
      ],
      "SYNGO:presyn_regulationATPmetabolic": [],
      "GO:0099576": [],
      "GO:0099575": [],
      "GO:0099578": [],
      "GO:0099577": [],
      "GO:0140247": [],
      "GO:0140249": [],
      "GO:0140236": [],
      "GO:0140242": [],
      "GO:0098930": [],
      "GO:0098935": [],
      "GO:0099517": [],
      "GO:0099158": [],
      "GO:0098968": [],
      "GO:0098877": [],
      "GO:0098943": [],
      "GO:0016182": [],
      "GO:0016189": [],
      "GO:0099502": [],
      "GO:2000300": [
        "HGNC:6250"
      ],
      "GO:0016081": [
        "HGNC:17282",
        "HGNC:17283"
      ],
      "GO:0031629": [],
      "GO:0016082": [
        "HGNC:17282",
        "HGNC:17283"
      ],
      "GO:0099162": [],
      "GO:1901546": [],
      "GO:1900242": [],
      "GO:0016185": [],
      "GO:0016191": [],
      "GO:0098872": [],
      "GO:0099579": [],
      "GO:0098696": [],
      "GO:0099145": [
        "HGNC:2309"
      ],
      "GO:0150054": [],
      "GO:0099149": [],
      "GO:1905539": [],
      "GO:0099542": [],
      "GO:0099548": [],
      "GO:0098942": [
        "HGNC:29943"
      ],
      "GO:0099557": [],
      "GO:0150035": [],
      "GO:0050804": [
        "HGNC:29317"
      ],
      "GO:0099531": [],
      "GO:0099565": [
        "HGNC:6277"
      ],
      "GO:0099159": [],
      "GO:0098885": [
        "HGNC:12734"
      ],
      "GO:0098987": [],
      "GO:0098882": [
        "HGNC:17282",
        "HGNC:17283"
      ],
      "GO:0098699": [],
      "GO:0098973": [],
      "GO:0099184": [],
      "GO:0098879": [],
      "GO:0098919": [
        "HGNC:2516"
      ],
      "GO:1905606": [],
      "GO:0150052": [],
      "GO:0099150": [],
      "GO:0097107": [],
      "GO:0099562": [],
      "GO:0140251": [],
      "GO:0140252": [],
      "GO:0140245": [],
      "GO:0008089": [],
      "GO:0099088": [],
      "GO:0098937": [],
      "GO:0098939": [],
      "GO:0098961": [],
      "GO:0098934": [],
      "GO:0048490": [],
      "GO:0098969": [],
      "GO:0099639": [],
      "GO:0150037": [
        "HGNC:17282",
        "HGNC:17283"
      ],
      "GO:0099148": [],
      "GO:0031630": [
        "HGNC:2309"
      ],
      "GO:0010807": [],
      "GO:0098694": [],
      "GO:0098921": [],
      "GO:0099553": [],
      "GO:0099555": [],
      "GO:0099171": [
        "HGNC:1951",
        "HGNC:4600"
      ],
      "GO:0099170": [
        "HGNC:16699"
      ],
      "GO:1905274": [],
      "GO:0099151": [],
      "GO:0099641": [],
      "GO:0140231": [],
      "GO:0098971": [
        "HGNC:17060"
      ],
      "GO:0098963": [],
      "GO:1903742": [],
      "GO:0098887": [],
      "GO:0099178": [],
      "GO:0150036": [],
      "GO:0098925": [],
      "GO:0098964": [],
      "GO:0099152": []
    },
    "hgnc_symbol": {
      "SYNGO:synprocess": [],
      "SYNGO:presynprocess": [],
      "SYNGO:postsynprocess": [],
      "GO:0099536": [],
      "GO:0050808": [
        "ADGRL3"
      ],
      "SYNGO:metabolism": [],
      "SYNGO:transport": [],
      "GO:0099509": [
        "KCNH1"
      ],
      "GO:0099505": [],
      "GO:0140238": [],
      "GO:0099504": [
        "SYN2"
      ],
      "GO:0099525": [
        "RIMS1"
      ],
      "GO:0001504": [],
      "GO:0098810": [
        "SLC1A2"
      ],
      "SYNGO:presyn_chaperoneProteinFolding": [],
      "GO:0098928": [],
      "GO:0099566": [],
      "GO:0060078": [],
      "GO:0098962": [],
      "GO:0099072": [
        "CTNND2",
        "HSP90AA1"
      ],
      "GO:0140239": [],
      "GO:0150038": [],
      "GO:0098926": [],
      "GO:0099537": [],
      "GO:0099538": [],
      "GO:0099163": [],
      "GO:0099172": [],
      "GO:0099173": [],
      "GO:0099563": [],
      "GO:0050807": [
        "TUBA1A",
        "PTPRT"
      ],
      "GO:0098918": [],
      "GO:0150043": [],
      "GO:0099560": [
        "LRRC4C",
        "CDH10",
        "TENM3"
      ],
      "GO:0008039": [],
      "GO:0007416": [
        "ADGRL3"
      ],
      "GO:0098883": [],
      "GO:0060074": [
        "ROBO2"
      ],
      "GO:0099558": [],
      "GO:0099187": [],
      "GO:0099188": [],
      "SYNGO:presyn_ATPmetabolic": [],
      "SYNGO:postsyn_ATPmetabolic": [],
      "GO:0099546": [],
      "GO:0099574": [],
      "GO:0099547": [],
      "GO:0042135": [],
      "GO:0140246": [],
      "GO:0042136": [],
      "GO:0140241": [],
      "GO:0140235": [],
      "GO:0008088": [],
      "GO:0099514": [],
      "GO:0099090": [],
      "GO:0099089": [],
      "GO:0099637": [],
      "GO:1905056": [],
      "GO:0099534": [],
      "GO:0099626": [
        "CACNA1D"
      ],
      "GO:0099507": [
        "GABRA2",
        "GABRA5",
        "GABRB1"
      ],
      "GO:0099508": [
        "KCNH1",
        "KCNC2",
        "KCNJ6"
      ],
      "GO:0150047": [
        "GABRB1"
      ],
      "GO:0140232": [],
      "GO:0098693": [
        "RAB3B"
      ],
      "GO:0097091": [
        "SYN2"
      ],
      "GO:0099532": [],
      "GO:0016079": [
        "MCTP2"
      ],
      "GO:0098700": [
        "SLC17A7"
      ],
      "GO:0099180": [
        "TMEM163"
      ],
      "GO:0097401": [],
      "GO:0048488": [
        "SNCA"
      ],
      "GO:0099161": [],
      "GO:0051580": [],
      "GO:0099526": [],
      "GO:1905059": [],
      "GO:0099567": [],
      "GO:1905060": [],
      "GO:0098695": [],
      "GO:0099583": [],
      "GO:0140233": [],
      "GO:1904315": [
        "GABRA2",
        "GABRA5",
        "GABRB1"
      ],
      "GO:1905030": [],
      "GO:0099645": [],
      "GO:0098967": [],
      "GO:0098970": [],
      "GO:0098884": [],
      "GO:0150044": [],
      "GO:0099527": [],
      "GO:0099541": [],
      "GO:0099540": [],
      "GO:0099543": [],
      "GO:0099545": [],
      "GO:0099157": [],
      "GO:0099183": [],
      "GO:0099550": [],
      "GO:0007268": [],
      "GO:0150045": [],
      "GO:0099174": [],
      "GO:0099175": [],
      "GO:0099084": [],
      "GO:0099010": [],
      "GO:0099564": [],
      "GO:1905244": [],
      "GO:0099181": [],
      "GO:0099186": [],
      "GO:0099179": [],
      "GO:0099054": [
        "CNTN5"
      ],
      "GO:0051963": [
        "SRCIN1",
        "ELAVL2"
      ],
      "GO:0098698": [],
      "GO:0097104": [],
      "GO:1905806": [],
      "GO:0090128": [],
      "GO:0099559": [
        "TENM1",
        "TENM2",
        "TENM3"
      ],
      "GO:0098880": [
        "ADGRL3"
      ],
      "GO:0099140": [
        "DAAM1"
      ],
      "GO:0098974": [
        "SRCIN1"
      ],
      "GO:0099190": [
        "TENM1",
        "TENM2",
        "TENM3"
      ],
      "SYNGO:presyn_regulationATPmetabolic": [],
      "GO:0099576": [],
      "GO:0099575": [],
      "GO:0099578": [],
      "GO:0099577": [],
      "GO:0140247": [],
      "GO:0140249": [],
      "GO:0140236": [],
      "GO:0140242": [],
      "GO:0098930": [],
      "GO:0098935": [],
      "GO:0099517": [],
      "GO:0099158": [],
      "GO:0098968": [],
      "GO:0098877": [],
      "GO:0098943": [],
      "GO:0016182": [],
      "GO:0016189": [],
      "GO:0099502": [],
      "GO:2000300": [
        "KCNH1"
      ],
      "GO:0016081": [
        "RIMS1",
        "RIMS2"
      ],
      "GO:0031629": [],
      "GO:0016082": [
        "RIMS1",
        "RIMS2"
      ],
      "GO:0099162": [],
      "GO:1901546": [],
      "GO:1900242": [],
      "GO:0016185": [],
      "GO:0016191": [],
      "GO:0098872": [],
      "GO:0099579": [],
      "GO:0098696": [],
      "GO:0099145": [
        "CPLX1"
      ],
      "GO:0150054": [],
      "GO:0099149": [],
      "GO:1905539": [],
      "GO:0099542": [],
      "GO:0099548": [],
      "GO:0098942": [
        "TENM2"
      ],
      "GO:0099557": [],
      "GO:0150035": [],
      "GO:0050804": [
        "LRRC4C"
      ],
      "GO:0099531": [],
      "GO:0099565": [
        "KCNK2"
      ],
      "GO:0099159": [],
      "GO:0098885": [
        "WASF3"
      ],
      "GO:0098987": [],
      "GO:0098882": [
        "RIMS1",
        "RIMS2"
      ],
      "GO:0098699": [],
      "GO:0098973": [],
      "GO:0099184": [],
      "GO:0098879": [],
      "GO:0098919": [
        "CTNND2"
      ],
      "GO:1905606": [],
      "GO:0150052": [],
      "GO:0099150": [],
      "GO:0097107": [],
      "GO:0099562": [],
      "GO:0140251": [],
      "GO:0140252": [],
      "GO:0140245": [],
      "GO:0008089": [],
      "GO:0099088": [],
      "GO:0098937": [],
      "GO:0098939": [],
      "GO:0098961": [],
      "GO:0098934": [],
      "GO:0048490": [],
      "GO:0098969": [],
      "GO:0099639": [],
      "GO:0150037": [
        "RIMS1",
        "RIMS2"
      ],
      "GO:0099148": [],
      "GO:0031630": [
        "CPLX1"
      ],
      "GO:0010807": [],
      "GO:0098694": [],
      "GO:0098921": [],
      "GO:0099553": [],
      "GO:0099555": [],
      "GO:0099171": [
        "CHRM2",
        "GRM8"
      ],
      "GO:0099170": [
        "SORCS3"
      ],
      "GO:1905274": [],
      "GO:0099151": [],
      "GO:0099641": [],
      "GO:0140231": [],
      "GO:0098971": [
        "KIFAP3"
      ],
      "GO:0098963": [],
      "GO:1903742": [],
      "GO:0098887": [],
      "GO:0099178": [],
      "GO:0150036": [],
      "GO:0098925": [],
      "GO:0098964": [],
      "GO:0099152": []
    },
    "ensembl_id": {
      "SYNGO:synprocess": [],
      "SYNGO:presynprocess": [],
      "SYNGO:postsynprocess": [],
      "GO:0099536": [],
      "GO:0050808": [
        "ENSG00000150471"
      ],
      "SYNGO:metabolism": [],
      "SYNGO:transport": [],
      "GO:0099509": [
        "ENSG00000143473"
      ],
      "GO:0099505": [],
      "GO:0140238": [],
      "GO:0099504": [
        "ENSG00000157152"
      ],
      "GO:0099525": [
        "ENSG00000079841"
      ],
      "GO:0001504": [],
      "GO:0098810": [
        "ENSG00000110436"
      ],
      "SYNGO:presyn_chaperoneProteinFolding": [],
      "GO:0098928": [],
      "GO:0099566": [],
      "GO:0060078": [],
      "GO:0098962": [],
      "GO:0099072": [
        "ENSG00000169862",
        "ENSG00000080824"
      ],
      "GO:0140239": [],
      "GO:0150038": [],
      "GO:0098926": [],
      "GO:0099537": [],
      "GO:0099538": [],
      "GO:0099163": [],
      "GO:0099172": [],
      "GO:0099173": [],
      "GO:0099563": [],
      "GO:0050807": [
        "ENSG00000167552",
        "ENSG00000196090"
      ],
      "GO:0098918": [],
      "GO:0150043": [],
      "GO:0099560": [
        "ENSG00000148948",
        "ENSG00000040731",
        "ENSG00000218336"
      ],
      "GO:0008039": [],
      "GO:0007416": [
        "ENSG00000150471"
      ],
      "GO:0098883": [],
      "GO:0060074": [
        "ENSG00000185008"
      ],
      "GO:0099558": [],
      "GO:0099187": [],
      "GO:0099188": [],
      "SYNGO:presyn_ATPmetabolic": [],
      "SYNGO:postsyn_ATPmetabolic": [],
      "GO:0099546": [],
      "GO:0099574": [],
      "GO:0099547": [],
      "GO:0042135": [],
      "GO:0140246": [],
      "GO:0042136": [],
      "GO:0140241": [],
      "GO:0140235": [],
      "GO:0008088": [],
      "GO:0099514": [],
      "GO:0099090": [],
      "GO:0099089": [],
      "GO:0099637": [],
      "GO:1905056": [],
      "GO:0099534": [],
      "GO:0099626": [
        "ENSG00000157388"
      ],
      "GO:0099507": [
        "ENSG00000151834",
        "ENSG00000186297",
        "ENSG00000163288"
      ],
      "GO:0099508": [
        "ENSG00000143473",
        "ENSG00000166006",
        "ENSG00000157542"
      ],
      "GO:0150047": [
        "ENSG00000163288"
      ],
      "GO:0140232": [],
      "GO:0098693": [
        "ENSG00000169213"
      ],
      "GO:0097091": [
        "ENSG00000157152"
      ],
      "GO:0099532": [],
      "GO:0016079": [
        "ENSG00000140563"
      ],
      "GO:0098700": [
        "ENSG00000104888"
      ],
      "GO:0099180": [
        "ENSG00000152128"
      ],
      "GO:0097401": [],
      "GO:0048488": [
        "ENSG00000145335"
      ],
      "GO:0099161": [],
      "GO:0051580": [],
      "GO:0099526": [],
      "GO:1905059": [],
      "GO:0099567": [],
      "GO:1905060": [],
      "GO:0098695": [],
      "GO:0099583": [],
      "GO:0140233": [],
      "GO:1904315": [
        "ENSG00000151834",
        "ENSG00000186297",
        "ENSG00000163288"
      ],
      "GO:1905030": [],
      "GO:0099645": [],
      "GO:0098967": [],
      "GO:0098970": [],
      "GO:0098884": [],
      "GO:0150044": [],
      "GO:0099527": [],
      "GO:0099541": [],
      "GO:0099540": [],
      "GO:0099543": [],
      "GO:0099545": [],
      "GO:0099157": [],
      "GO:0099183": [],
      "GO:0099550": [],
      "GO:0007268": [],
      "GO:0150045": [],
      "GO:0099174": [],
      "GO:0099175": [],
      "GO:0099084": [],
      "GO:0099010": [],
      "GO:0099564": [],
      "GO:1905244": [],
      "GO:0099181": [],
      "GO:0099186": [],
      "GO:0099179": [],
      "GO:0099054": [
        "ENSG00000149972"
      ],
      "GO:0051963": [
        "ENSG00000277363",
        "ENSG00000107105"
      ],
      "GO:0098698": [],
      "GO:0097104": [],
      "GO:1905806": [],
      "GO:0090128": [],
      "GO:0099559": [
        "ENSG00000009694",
        "ENSG00000145934",
        "ENSG00000218336"
      ],
      "GO:0098880": [
        "ENSG00000150471"
      ],
      "GO:0099140": [
        "ENSG00000100592"
      ],
      "GO:0098974": [
        "ENSG00000277363"
      ],
      "GO:0099190": [
        "ENSG00000009694",
        "ENSG00000145934",
        "ENSG00000218336"
      ],
      "SYNGO:presyn_regulationATPmetabolic": [],
      "GO:0099576": [],
      "GO:0099575": [],
      "GO:0099578": [],
      "GO:0099577": [],
      "GO:0140247": [],
      "GO:0140249": [],
      "GO:0140236": [],
      "GO:0140242": [],
      "GO:0098930": [],
      "GO:0098935": [],
      "GO:0099517": [],
      "GO:0099158": [],
      "GO:0098968": [],
      "GO:0098877": [],
      "GO:0098943": [],
      "GO:0016182": [],
      "GO:0016189": [],
      "GO:0099502": [],
      "GO:2000300": [
        "ENSG00000143473"
      ],
      "GO:0016081": [
        "ENSG00000079841",
        "ENSG00000176406"
      ],
      "GO:0031629": [],
      "GO:0016082": [
        "ENSG00000079841",
        "ENSG00000176406"
      ],
      "GO:0099162": [],
      "GO:1901546": [],
      "GO:1900242": [],
      "GO:0016185": [],
      "GO:0016191": [],
      "GO:0098872": [],
      "GO:0099579": [],
      "GO:0098696": [],
      "GO:0099145": [
        "ENSG00000168993"
      ],
      "GO:0150054": [],
      "GO:0099149": [],
      "GO:1905539": [],
      "GO:0099542": [],
      "GO:0099548": [],
      "GO:0098942": [
        "ENSG00000145934"
      ],
      "GO:0099557": [],
      "GO:0150035": [],
      "GO:0050804": [
        "ENSG00000148948"
      ],
      "GO:0099531": [],
      "GO:0099565": [
        "ENSG00000082482"
      ],
      "GO:0099159": [],
      "GO:0098885": [
        "ENSG00000132970"
      ],
      "GO:0098987": [],
      "GO:0098882": [
        "ENSG00000079841",
        "ENSG00000176406"
      ],
      "GO:0098699": [],
      "GO:0098973": [],
      "GO:0099184": [],
      "GO:0098879": [],
      "GO:0098919": [
        "ENSG00000169862"
      ],
      "GO:1905606": [],
      "GO:0150052": [],
      "GO:0099150": [],
      "GO:0097107": [],
      "GO:0099562": [],
      "GO:0140251": [],
      "GO:0140252": [],
      "GO:0140245": [],
      "GO:0008089": [],
      "GO:0099088": [],
      "GO:0098937": [],
      "GO:0098939": [],
      "GO:0098961": [],
      "GO:0098934": [],
      "GO:0048490": [],
      "GO:0098969": [],
      "GO:0099639": [],
      "GO:0150037": [
        "ENSG00000079841",
        "ENSG00000176406"
      ],
      "GO:0099148": [],
      "GO:0031630": [
        "ENSG00000168993"
      ],
      "GO:0010807": [],
      "GO:0098694": [],
      "GO:0098921": [],
      "GO:0099553": [],
      "GO:0099555": [],
      "GO:0099171": [
        "ENSG00000181072",
        "ENSG00000179603"
      ],
      "GO:0099170": [
        "ENSG00000156395"
      ],
      "GO:1905274": [],
      "GO:0099151": [],
      "GO:0099641": [],
      "GO:0140231": [],
      "GO:0098971": [
        "ENSG00000075945"
      ],
      "GO:0098963": [],
      "GO:1903742": [],
      "GO:0098887": [],
      "GO:0099178": [],
      "GO:0150036": [],
      "GO:0098925": [],
      "GO:0098964": [],
      "GO:0099152": []
    },
    "entrez_id": {
      "SYNGO:synprocess": [],
      "SYNGO:presynprocess": [],
      "SYNGO:postsynprocess": [],
      "GO:0099536": [],
      "GO:0050808": [
        "23284"
      ],
      "SYNGO:metabolism": [],
      "SYNGO:transport": [],
      "GO:0099509": [
        "3756"
      ],
      "GO:0099505": [],
      "GO:0140238": [],
      "GO:0099504": [
        "6854"
      ],
      "GO:0099525": [
        "22999"
      ],
      "GO:0001504": [],
      "GO:0098810": [
        "6506"
      ],
      "SYNGO:presyn_chaperoneProteinFolding": [],
      "GO:0098928": [],
      "GO:0099566": [],
      "GO:0060078": [],
      "GO:0098962": [],
      "GO:0099072": [
        "1501",
        "3320"
      ],
      "GO:0140239": [],
      "GO:0150038": [],
      "GO:0098926": [],
      "GO:0099537": [],
      "GO:0099538": [],
      "GO:0099163": [],
      "GO:0099172": [],
      "GO:0099173": [],
      "GO:0099563": [],
      "GO:0050807": [
        "7846",
        "11122"
      ],
      "GO:0098918": [],
      "GO:0150043": [],
      "GO:0099560": [
        "57689",
        "1008",
        "55714"
      ],
      "GO:0008039": [],
      "GO:0007416": [
        "23284"
      ],
      "GO:0098883": [],
      "GO:0060074": [
        "6092"
      ],
      "GO:0099558": [],
      "GO:0099187": [],
      "GO:0099188": [],
      "SYNGO:presyn_ATPmetabolic": [],
      "SYNGO:postsyn_ATPmetabolic": [],
      "GO:0099546": [],
      "GO:0099574": [],
      "GO:0099547": [],
      "GO:0042135": [],
      "GO:0140246": [],
      "GO:0042136": [],
      "GO:0140241": [],
      "GO:0140235": [],
      "GO:0008088": [],
      "GO:0099514": [],
      "GO:0099090": [],
      "GO:0099089": [],
      "GO:0099637": [],
      "GO:1905056": [],
      "GO:0099534": [],
      "GO:0099626": [
        "776"
      ],
      "GO:0099507": [
        "2555",
        "2558",
        "2560"
      ],
      "GO:0099508": [
        "3756",
        "3747",
        "3763"
      ],
      "GO:0150047": [
        "2560"
      ],
      "GO:0140232": [],
      "GO:0098693": [
        "5865"
      ],
      "GO:0097091": [
        "6854"
      ],
      "GO:0099532": [],
      "GO:0016079": [
        "55784"
      ],
      "GO:0098700": [
        "57030"
      ],
      "GO:0099180": [
        "81615"
      ],
      "GO:0097401": [],
      "GO:0048488": [
        "6622"
      ],
      "GO:0099161": [],
      "GO:0051580": [],
      "GO:0099526": [],
      "GO:1905059": [],
      "GO:0099567": [],
      "GO:1905060": [],
      "GO:0098695": [],
      "GO:0099583": [],
      "GO:0140233": [],
      "GO:1904315": [
        "2555",
        "2558",
        "2560"
      ],
      "GO:1905030": [],
      "GO:0099645": [],
      "GO:0098967": [],
      "GO:0098970": [],
      "GO:0098884": [],
      "GO:0150044": [],
      "GO:0099527": [],
      "GO:0099541": [],
      "GO:0099540": [],
      "GO:0099543": [],
      "GO:0099545": [],
      "GO:0099157": [],
      "GO:0099183": [],
      "GO:0099550": [],
      "GO:0007268": [],
      "GO:0150045": [],
      "GO:0099174": [],
      "GO:0099175": [],
      "GO:0099084": [],
      "GO:0099010": [],
      "GO:0099564": [],
      "GO:1905244": [],
      "GO:0099181": [],
      "GO:0099186": [],
      "GO:0099179": [],
      "GO:0099054": [
        "53942"
      ],
      "GO:0051963": [
        "80725",
        "1993"
      ],
      "GO:0098698": [],
      "GO:0097104": [],
      "GO:1905806": [],
      "GO:0090128": [],
      "GO:0099559": [
        "10178",
        "57451",
        "55714"
      ],
      "GO:0098880": [
        "23284"
      ],
      "GO:0099140": [
        "23002"
      ],
      "GO:0098974": [
        "80725"
      ],
      "GO:0099190": [
        "10178",
        "57451",
        "55714"
      ],
      "SYNGO:presyn_regulationATPmetabolic": [],
      "GO:0099576": [],
      "GO:0099575": [],
      "GO:0099578": [],
      "GO:0099577": [],
      "GO:0140247": [],
      "GO:0140249": [],
      "GO:0140236": [],
      "GO:0140242": [],
      "GO:0098930": [],
      "GO:0098935": [],
      "GO:0099517": [],
      "GO:0099158": [],
      "GO:0098968": [],
      "GO:0098877": [],
      "GO:0098943": [],
      "GO:0016182": [],
      "GO:0016189": [],
      "GO:0099502": [],
      "GO:2000300": [
        "3756"
      ],
      "GO:0016081": [
        "22999",
        "9699"
      ],
      "GO:0031629": [],
      "GO:0016082": [
        "22999",
        "9699"
      ],
      "GO:0099162": [],
      "GO:1901546": [],
      "GO:1900242": [],
      "GO:0016185": [],
      "GO:0016191": [],
      "GO:0098872": [],
      "GO:0099579": [],
      "GO:0098696": [],
      "GO:0099145": [
        "10815"
      ],
      "GO:0150054": [],
      "GO:0099149": [],
      "GO:1905539": [],
      "GO:0099542": [],
      "GO:0099548": [],
      "GO:0098942": [
        "57451"
      ],
      "GO:0099557": [],
      "GO:0150035": [],
      "GO:0050804": [
        "57689"
      ],
      "GO:0099531": [],
      "GO:0099565": [
        "3776"
      ],
      "GO:0099159": [],
      "GO:0098885": [
        "10810"
      ],
      "GO:0098987": [],
      "GO:0098882": [
        "22999",
        "9699"
      ],
      "GO:0098699": [],
      "GO:0098973": [],
      "GO:0099184": [],
      "GO:0098879": [],
      "GO:0098919": [
        "1501"
      ],
      "GO:1905606": [],
      "GO:0150052": [],
      "GO:0099150": [],
      "GO:0097107": [],
      "GO:0099562": [],
      "GO:0140251": [],
      "GO:0140252": [],
      "GO:0140245": [],
      "GO:0008089": [],
      "GO:0099088": [],
      "GO:0098937": [],
      "GO:0098939": [],
      "GO:0098961": [],
      "GO:0098934": [],
      "GO:0048490": [],
      "GO:0098969": [],
      "GO:0099639": [],
      "GO:0150037": [
        "22999",
        "9699"
      ],
      "GO:0099148": [],
      "GO:0031630": [
        "10815"
      ],
      "GO:0010807": [],
      "GO:0098694": [],
      "GO:0098921": [],
      "GO:0099553": [],
      "GO:0099555": [],
      "GO:0099171": [
        "1129",
        "2918"
      ],
      "GO:0099170": [
        "22986"
      ],
      "GO:1905274": [],
      "GO:0099151": [],
      "GO:0099641": [],
      "GO:0140231": [],
      "GO:0098971": [
        "22920"
      ],
      "GO:0098963": [],
      "GO:1903742": [],
      "GO:0098887": [],
      "GO:0099178": [],
      "GO:0150036": [],
      "GO:0098925": [],
      "GO:0098964": [],
      "GO:0099152": []
    }
  },
  "aggregate": {
    "hgnc_id": {
      "SYNGO:synprocess": [
        "HGNC:6250",
        "HGNC:1391",
        "HGNC:4076",
        "HGNC:4079",
        "HGNC:4081",
        "HGNC:6234",
        "HGNC:6267",
        "HGNC:11495",
        "HGNC:9778",
        "HGNC:25636",
        "HGNC:17282",
        "HGNC:17283",
        "HGNC:2309",
        "HGNC:16704",
        "HGNC:25380",
        "HGNC:11138",
        "HGNC:10940",
        "HGNC:2516",
        "HGNC:5253",
        "HGNC:29943",
        "HGNC:29317",
        "HGNC:1951",
        "HGNC:4600",
        "HGNC:6277",
        "HGNC:16699",
        "HGNC:20974",
        "HGNC:12734",
        "HGNC:20766",
        "HGNC:9682",
        "HGNC:1749",
        "HGNC:29944",
        "HGNC:2175",
        "HGNC:29506",
        "HGNC:3313",
        "HGNC:10250",
        "HGNC:8117",
        "HGNC:18142",
        "HGNC:17060"
      ],
      "SYNGO:presynprocess": [
        "HGNC:6250",
        "HGNC:1391",
        "HGNC:4076",
        "HGNC:4079",
        "HGNC:4081",
        "HGNC:6234",
        "HGNC:6267",
        "HGNC:11495",
        "HGNC:9778",
        "HGNC:25636",
        "HGNC:17282",
        "HGNC:17283",
        "HGNC:2309",
        "HGNC:16704",
        "HGNC:25380",
        "HGNC:11138",
        "HGNC:10940"
      ],
      "SYNGO:postsynprocess": [
        "HGNC:4076",
        "HGNC:4079",
        "HGNC:4081",
        "HGNC:2516",
        "HGNC:5253",
        "HGNC:2309"
      ],
      "GO:0099536": [
        "HGNC:29943",
        "HGNC:29317",
        "HGNC:1951",
        "HGNC:4600",
        "HGNC:6277",
        "HGNC:16699"
      ],
      "GO:0050808": [
        "HGNC:20974",
        "HGNC:12734",
        "HGNC:20766",
        "HGNC:9682",
        "HGNC:17282",
        "HGNC:17283",
        "HGNC:2516",
        "HGNC:29317",
        "HGNC:1749",
        "HGNC:29944",
        "HGNC:2175",
        "HGNC:29506",
        "HGNC:3313",
        "HGNC:10250",
        "HGNC:8117",
        "HGNC:29943",
        "HGNC:18142"
      ],
      "SYNGO:metabolism": [],
      "SYNGO:transport": [
        "HGNC:17060"
      ],
      "GO:0099509": [
        "HGNC:6250",
        "HGNC:1391"
      ],
      "GO:0099505": [
        "HGNC:4076",
        "HGNC:4079",
        "HGNC:4081",
        "HGNC:6250",
        "HGNC:6234",
        "HGNC:6267"
      ],
      "GO:0140238": [],
      "GO:0099504": [
        "HGNC:11495",
        "HGNC:9778",
        "HGNC:25636",
        "HGNC:17282",
        "HGNC:17283",
        "HGNC:6250",
        "HGNC:2309",
        "HGNC:16704",
        "HGNC:25380",
        "HGNC:11138"
      ],
      "GO:0099525": [
        "HGNC:17282"
      ],
      "GO:0001504": [],
      "GO:0098810": [
        "HGNC:10940"
      ],
      "SYNGO:presyn_chaperoneProteinFolding": [],
      "GO:0098928": [],
      "GO:0099566": [],
      "GO:0060078": [
        "HGNC:4076",
        "HGNC:4079",
        "HGNC:4081"
      ],
      "GO:0098962": [],
      "GO:0099072": [
        "HGNC:2516",
        "HGNC:5253",
        "HGNC:2309"
      ],
      "GO:0140239": [],
      "GO:0150038": [],
      "GO:0098926": [],
      "GO:0099537": [
        "HGNC:29943",
        "HGNC:29317",
        "HGNC:1951",
        "HGNC:4600",
        "HGNC:6277",
        "HGNC:16699"
      ],
      "GO:0099538": [],
      "GO:0099163": [],
      "GO:0099172": [],
      "GO:0099173": [],
      "GO:0099563": [
        "HGNC:12734"
      ],
      "GO:0050807": [
        "HGNC:20766",
        "HGNC:9682"
      ],
      "GO:0098918": [
        "HGNC:17282",
        "HGNC:17283",
        "HGNC:2516"
      ],
      "GO:0150043": [],
      "GO:0099560": [
        "HGNC:29317",
        "HGNC:1749",
        "HGNC:29944"
      ],
      "GO:0008039": [],
      "GO:0007416": [
        "HGNC:20974",
        "HGNC:2175",
        "HGNC:29506",
        "HGNC:3313"
      ],
      "GO:0098883": [],
      "GO:0060074": [
        "HGNC:10250"
      ],
      "GO:0099558": [
        "HGNC:8117",
        "HGNC:29943",
        "HGNC:29944",
        "HGNC:20974"
      ],
      "GO:0099187": [
        "HGNC:18142"
      ],
      "GO:0099188": [
        "HGNC:29506",
        "HGNC:8117",
        "HGNC:29943",
        "HGNC:29944"
      ],
      "SYNGO:presyn_ATPmetabolic": [],
      "SYNGO:postsyn_ATPmetabolic": [],
      "GO:0099546": [],
      "GO:0099574": [],
      "GO:0099547": [],
      "GO:0042135": [],
      "GO:0140246": [],
      "GO:0042136": [],
      "GO:0140241": [],
      "GO:0140235": [],
      "GO:0008088": [
        "HGNC:17060"
      ],
      "GO:0099514": [],
      "GO:0099090": [],
      "GO:0099089": [],
      "GO:0099637": [],
      "GO:1905056": [],
      "GO:0099534": [],
      "GO:0099626": [
        "HGNC:1391"
      ],
      "GO:0099507": [
        "HGNC:4076",
        "HGNC:4079",
        "HGNC:4081"
      ],
      "GO:0099508": [
        "HGNC:6250",
        "HGNC:6234",
        "HGNC:6267"
      ],
      "GO:0150047": [
        "HGNC:4081"
      ],
      "GO:0140232": [],
      "GO:0098693": [
        "HGNC:9778"
      ],
      "GO:0097091": [
        "HGNC:11495"
      ],
      "GO:0099532": [],
      "GO:0016079": [
        "HGNC:25636",
        "HGNC:17282",
        "HGNC:17283",
        "HGNC:6250",
        "HGNC:2309"
      ],
      "GO:0098700": [
        "HGNC:16704"
      ],
      "GO:0099180": [
        "HGNC:25380"
      ],
      "GO:0097401": [],
      "GO:0048488": [
        "HGNC:11138"
      ],
      "GO:0099161": [],
      "GO:0051580": [],
      "GO:0099526": [],
      "GO:1905059": [],
      "GO:0099567": [],
      "GO:1905060": [],
      "GO:0098695": [],
      "GO:0099583": [],
      "GO:0140233": [],
      "GO:1904315": [
        "HGNC:4076",
        "HGNC:4079",
        "HGNC:4081"
      ],
      "GO:1905030": [],
      "GO:0099645": [],
      "GO:0098967": [
        "HGNC:2309"
      ],
      "GO:0098970": [],
      "GO:0098884": [],
      "GO:0150044": [],
      "GO:0099527": [],
      "GO:0099541": [],
      "GO:0099540": [],
      "GO:0099543": [],
      "GO:0099545": [
        "HGNC:29943"
      ],
      "GO:0099157": [],
      "GO:0099183": [],
      "GO:0099550": [],
      "GO:0007268": [
        "HGNC:29317",
        "HGNC:1951",
        "HGNC:4600",
        "HGNC:6277",
        "HGNC:16699"
      ],
      "GO:0150045": [],
      "GO:0099174": [],
      "GO:0099175": [],
      "GO:0099084": [],
      "GO:0099010": [
        "HGNC:12734"
      ],
      "GO:0099564": [],
      "GO:1905244": [],
      "GO:0099181": [
        "HGNC:17282",
        "HGNC:17283"
      ],
      "GO:0099186": [
        "HGNC:2516"
      ],
      "GO:0099179": [],
      "GO:0099054": [
        "HGNC:2175"
      ],
      "GO:0051963": [
        "HGNC:29506",
        "HGNC:3313"
      ],
      "GO:0098698": [],
      "GO:0097104": [],
      "GO:1905806": [],
      "GO:0090128": [],
      "GO:0099559": [
        "HGNC:8117",
        "HGNC:29943",
        "HGNC:29944"
      ],
      "GO:0098880": [
        "HGNC:20974"
      ],
      "GO:0099140": [
        "HGNC:18142"
      ],
      "GO:0098974": [
        "HGNC:29506"
      ],
      "GO:0099190": [
        "HGNC:8117",
        "HGNC:29943",
        "HGNC:29944"
      ],
      "SYNGO:presyn_regulationATPmetabolic": [],
      "GO:0099576": [],
      "GO:0099575": [],
      "GO:0099578": [],
      "GO:0099577": [],
      "GO:0140247": [],
      "GO:0140249": [],
      "GO:0140236": [],
      "GO:0140242": [],
      "GO:0098930": [],
      "GO:0098935": [
        "HGNC:17060"
      ],
      "GO:0099517": [],
      "GO:0099158": [],
      "GO:0098968": [],
      "GO:0098877": [],
      "GO:0098943": [],
      "GO:0016182": [],
      "GO:0016189": [],
      "GO:0099502": [
        "HGNC:17282",
        "HGNC:17283"
      ],
      "GO:2000300": [
        "HGNC:6250"
      ],
      "GO:0016081": [
        "HGNC:17282",
        "HGNC:17283"
      ],
      "GO:0031629": [
        "HGNC:2309"
      ],
      "GO:0016082": [
        "HGNC:17282",
        "HGNC:17283"
      ],
      "GO:0099162": [],
      "GO:1901546": [],
      "GO:1900242": [],
      "GO:0016185": [],
      "GO:0016191": [],
      "GO:0098872": [],
      "GO:0099579": [],
      "GO:0098696": [],
      "GO:0099145": [
        "HGNC:2309"
      ],
      "GO:0150054": [],
      "GO:0099149": [],
      "GO:1905539": [],
      "GO:0099542": [],
      "GO:0099548": [],
      "GO:0098942": [
        "HGNC:29943"
      ],
      "GO:0099557": [],
      "GO:0150035": [],
      "GO:0050804": [
        "HGNC:29317"
      ],
      "GO:0099531": [
        "HGNC:1951",
        "HGNC:4600"
      ],
      "GO:0099565": [
        "HGNC:6277",
        "HGNC:16699"
      ],
      "GO:0099159": [],
      "GO:0098885": [
        "HGNC:12734"
      ],
      "GO:0098987": [],
      "GO:0098882": [
        "HGNC:17282",
        "HGNC:17283"
      ],
      "GO:0098699": [],
      "GO:0098973": [],
      "GO:0099184": [],
      "GO:0098879": [],
      "GO:0098919": [
        "HGNC:2516"
      ],
      "GO:1905606": [],
      "GO:0150052": [],
      "GO:0099150": [],
      "GO:0097107": [],
      "GO:0099562": [],
      "GO:0140251": [],
      "GO:0140252": [],
      "GO:0140245": [],
      "GO:0008089": [],
      "GO:0099088": [],
      "GO:0098937": [
        "HGNC:17060"
      ],
      "GO:0098939": [],
      "GO:0098961": [],
      "GO:0098934": [],
      "GO:0048490": [],
      "GO:0098969": [],
      "GO:0099639": [],
      "GO:0150037": [
        "HGNC:17282",
        "HGNC:17283"
      ],
      "GO:0099148": [],
      "GO:0031630": [
        "HGNC:2309"
      ],
      "GO:0010807": [],
      "GO:0098694": [],
      "GO:0098921": [],
      "GO:0099553": [],
      "GO:0099555": [],
      "GO:0099171": [
        "HGNC:1951",
        "HGNC:4600"
      ],
      "GO:0099170": [
        "HGNC:16699"
      ],
      "GO:1905274": [],
      "GO:0099151": [],
      "GO:0099641": [],
      "GO:0140231": [],
      "GO:0098971": [
        "HGNC:17060"
      ],
      "GO:0098963": [],
      "GO:1903742": [],
      "GO:0098887": [],
      "GO:0099178": [],
      "GO:0150036": [],
      "GO:0098925": [],
      "GO:0098964": [],
      "GO:0099152": []
    },
    "hgnc_symbol": {
      "SYNGO:synprocess": [
        "KCNH1",
        "CACNA1D",
        "GABRA2",
        "GABRA5",
        "GABRB1",
        "KCNC2",
        "KCNJ6",
        "SYN2",
        "RAB3B",
        "MCTP2",
        "RIMS1",
        "RIMS2",
        "CPLX1",
        "SLC17A7",
        "TMEM163",
        "SNCA",
        "SLC1A2",
        "CTNND2",
        "HSP90AA1",
        "TENM2",
        "LRRC4C",
        "CHRM2",
        "GRM8",
        "KCNK2",
        "SORCS3",
        "ADGRL3",
        "WASF3",
        "TUBA1A",
        "PTPRT",
        "CDH10",
        "TENM3",
        "CNTN5",
        "SRCIN1",
        "ELAVL2",
        "ROBO2",
        "TENM1",
        "DAAM1",
        "KIFAP3"
      ],
      "SYNGO:presynprocess": [
        "KCNH1",
        "CACNA1D",
        "GABRA2",
        "GABRA5",
        "GABRB1",
        "KCNC2",
        "KCNJ6",
        "SYN2",
        "RAB3B",
        "MCTP2",
        "RIMS1",
        "RIMS2",
        "CPLX1",
        "SLC17A7",
        "TMEM163",
        "SNCA",
        "SLC1A2"
      ],
      "SYNGO:postsynprocess": [
        "GABRA2",
        "GABRA5",
        "GABRB1",
        "CTNND2",
        "HSP90AA1",
        "CPLX1"
      ],
      "GO:0099536": [
        "TENM2",
        "LRRC4C",
        "CHRM2",
        "GRM8",
        "KCNK2",
        "SORCS3"
      ],
      "GO:0050808": [
        "ADGRL3",
        "WASF3",
        "TUBA1A",
        "PTPRT",
        "RIMS1",
        "RIMS2",
        "CTNND2",
        "LRRC4C",
        "CDH10",
        "TENM3",
        "CNTN5",
        "SRCIN1",
        "ELAVL2",
        "ROBO2",
        "TENM1",
        "TENM2",
        "DAAM1"
      ],
      "SYNGO:metabolism": [],
      "SYNGO:transport": [
        "KIFAP3"
      ],
      "GO:0099509": [
        "KCNH1",
        "CACNA1D"
      ],
      "GO:0099505": [
        "GABRA2",
        "GABRA5",
        "GABRB1",
        "KCNH1",
        "KCNC2",
        "KCNJ6"
      ],
      "GO:0140238": [],
      "GO:0099504": [
        "SYN2",
        "RAB3B",
        "MCTP2",
        "RIMS1",
        "RIMS2",
        "KCNH1",
        "CPLX1",
        "SLC17A7",
        "TMEM163",
        "SNCA"
      ],
      "GO:0099525": [
        "RIMS1"
      ],
      "GO:0001504": [],
      "GO:0098810": [
        "SLC1A2"
      ],
      "SYNGO:presyn_chaperoneProteinFolding": [],
      "GO:0098928": [],
      "GO:0099566": [],
      "GO:0060078": [
        "GABRA2",
        "GABRA5",
        "GABRB1"
      ],
      "GO:0098962": [],
      "GO:0099072": [
        "CTNND2",
        "HSP90AA1",
        "CPLX1"
      ],
      "GO:0140239": [],
      "GO:0150038": [],
      "GO:0098926": [],
      "GO:0099537": [
        "TENM2",
        "LRRC4C",
        "CHRM2",
        "GRM8",
        "KCNK2",
        "SORCS3"
      ],
      "GO:0099538": [],
      "GO:0099163": [],
      "GO:0099172": [],
      "GO:0099173": [],
      "GO:0099563": [
        "WASF3"
      ],
      "GO:0050807": [
        "TUBA1A",
        "PTPRT"
      ],
      "GO:0098918": [
        "RIMS1",
        "RIMS2",
        "CTNND2"
      ],
      "GO:0150043": [],
      "GO:0099560": [
        "LRRC4C",
        "CDH10",
        "TENM3"
      ],
      "GO:0008039": [],
      "GO:0007416": [
        "ADGRL3",
        "CNTN5",
        "SRCIN1",
        "ELAVL2"
      ],
      "GO:0098883": [],
      "GO:0060074": [
        "ROBO2"
      ],
      "GO:0099558": [
        "TENM1",
        "TENM2",
        "TENM3",
        "ADGRL3"
      ],
      "GO:0099187": [
        "DAAM1"
      ],
      "GO:0099188": [
        "SRCIN1",
        "TENM1",
        "TENM2",
        "TENM3"
      ],
      "SYNGO:presyn_ATPmetabolic": [],
      "SYNGO:postsyn_ATPmetabolic": [],
      "GO:0099546": [],
      "GO:0099574": [],
      "GO:0099547": [],
      "GO:0042135": [],
      "GO:0140246": [],
      "GO:0042136": [],
      "GO:0140241": [],
      "GO:0140235": [],
      "GO:0008088": [
        "KIFAP3"
      ],
      "GO:0099514": [],
      "GO:0099090": [],
      "GO:0099089": [],
      "GO:0099637": [],
      "GO:1905056": [],
      "GO:0099534": [],
      "GO:0099626": [
        "CACNA1D"
      ],
      "GO:0099507": [
        "GABRA2",
        "GABRA5",
        "GABRB1"
      ],
      "GO:0099508": [
        "KCNH1",
        "KCNC2",
        "KCNJ6"
      ],
      "GO:0150047": [
        "GABRB1"
      ],
      "GO:0140232": [],
      "GO:0098693": [
        "RAB3B"
      ],
      "GO:0097091": [
        "SYN2"
      ],
      "GO:0099532": [],
      "GO:0016079": [
        "MCTP2",
        "RIMS1",
        "RIMS2",
        "KCNH1",
        "CPLX1"
      ],
      "GO:0098700": [
        "SLC17A7"
      ],
      "GO:0099180": [
        "TMEM163"
      ],
      "GO:0097401": [],
      "GO:0048488": [
        "SNCA"
      ],
      "GO:0099161": [],
      "GO:0051580": [],
      "GO:0099526": [],
      "GO:1905059": [],
      "GO:0099567": [],
      "GO:1905060": [],
      "GO:0098695": [],
      "GO:0099583": [],
      "GO:0140233": [],
      "GO:1904315": [
        "GABRA2",
        "GABRA5",
        "GABRB1"
      ],
      "GO:1905030": [],
      "GO:0099645": [],
      "GO:0098967": [
        "CPLX1"
      ],
      "GO:0098970": [],
      "GO:0098884": [],
      "GO:0150044": [],
      "GO:0099527": [],
      "GO:0099541": [],
      "GO:0099540": [],
      "GO:0099543": [],
      "GO:0099545": [
        "TENM2"
      ],
      "GO:0099157": [],
      "GO:0099183": [],
      "GO:0099550": [],
      "GO:0007268": [
        "LRRC4C",
        "CHRM2",
        "GRM8",
        "KCNK2",
        "SORCS3"
      ],
      "GO:0150045": [],
      "GO:0099174": [],
      "GO:0099175": [],
      "GO:0099084": [],
      "GO:0099010": [
        "WASF3"
      ],
      "GO:0099564": [],
      "GO:1905244": [],
      "GO:0099181": [
        "RIMS1",
        "RIMS2"
      ],
      "GO:0099186": [
        "CTNND2"
      ],
      "GO:0099179": [],
      "GO:0099054": [
        "CNTN5"
      ],
      "GO:0051963": [
        "SRCIN1",
        "ELAVL2"
      ],
      "GO:0098698": [],
      "GO:0097104": [],
      "GO:1905806": [],
      "GO:0090128": [],
      "GO:0099559": [
        "TENM1",
        "TENM2",
        "TENM3"
      ],
      "GO:0098880": [
        "ADGRL3"
      ],
      "GO:0099140": [
        "DAAM1"
      ],
      "GO:0098974": [
        "SRCIN1"
      ],
      "GO:0099190": [
        "TENM1",
        "TENM2",
        "TENM3"
      ],
      "SYNGO:presyn_regulationATPmetabolic": [],
      "GO:0099576": [],
      "GO:0099575": [],
      "GO:0099578": [],
      "GO:0099577": [],
      "GO:0140247": [],
      "GO:0140249": [],
      "GO:0140236": [],
      "GO:0140242": [],
      "GO:0098930": [],
      "GO:0098935": [
        "KIFAP3"
      ],
      "GO:0099517": [],
      "GO:0099158": [],
      "GO:0098968": [],
      "GO:0098877": [],
      "GO:0098943": [],
      "GO:0016182": [],
      "GO:0016189": [],
      "GO:0099502": [
        "RIMS1",
        "RIMS2"
      ],
      "GO:2000300": [
        "KCNH1"
      ],
      "GO:0016081": [
        "RIMS1",
        "RIMS2"
      ],
      "GO:0031629": [
        "CPLX1"
      ],
      "GO:0016082": [
        "RIMS1",
        "RIMS2"
      ],
      "GO:0099162": [],
      "GO:1901546": [],
      "GO:1900242": [],
      "GO:0016185": [],
      "GO:0016191": [],
      "GO:0098872": [],
      "GO:0099579": [],
      "GO:0098696": [],
      "GO:0099145": [
        "CPLX1"
      ],
      "GO:0150054": [],
      "GO:0099149": [],
      "GO:1905539": [],
      "GO:0099542": [],
      "GO:0099548": [],
      "GO:0098942": [
        "TENM2"
      ],
      "GO:0099557": [],
      "GO:0150035": [],
      "GO:0050804": [
        "LRRC4C"
      ],
      "GO:0099531": [
        "CHRM2",
        "GRM8"
      ],
      "GO:0099565": [
        "KCNK2",
        "SORCS3"
      ],
      "GO:0099159": [],
      "GO:0098885": [
        "WASF3"
      ],
      "GO:0098987": [],
      "GO:0098882": [
        "RIMS1",
        "RIMS2"
      ],
      "GO:0098699": [],
      "GO:0098973": [],
      "GO:0099184": [],
      "GO:0098879": [],
      "GO:0098919": [
        "CTNND2"
      ],
      "GO:1905606": [],
      "GO:0150052": [],
      "GO:0099150": [],
      "GO:0097107": [],
      "GO:0099562": [],
      "GO:0140251": [],
      "GO:0140252": [],
      "GO:0140245": [],
      "GO:0008089": [],
      "GO:0099088": [],
      "GO:0098937": [
        "KIFAP3"
      ],
      "GO:0098939": [],
      "GO:0098961": [],
      "GO:0098934": [],
      "GO:0048490": [],
      "GO:0098969": [],
      "GO:0099639": [],
      "GO:0150037": [
        "RIMS1",
        "RIMS2"
      ],
      "GO:0099148": [],
      "GO:0031630": [
        "CPLX1"
      ],
      "GO:0010807": [],
      "GO:0098694": [],
      "GO:0098921": [],
      "GO:0099553": [],
      "GO:0099555": [],
      "GO:0099171": [
        "CHRM2",
        "GRM8"
      ],
      "GO:0099170": [
        "SORCS3"
      ],
      "GO:1905274": [],
      "GO:0099151": [],
      "GO:0099641": [],
      "GO:0140231": [],
      "GO:0098971": [
        "KIFAP3"
      ],
      "GO:0098963": [],
      "GO:1903742": [],
      "GO:0098887": [],
      "GO:0099178": [],
      "GO:0150036": [],
      "GO:0098925": [],
      "GO:0098964": [],
      "GO:0099152": []
    },
    "ensembl_id": {
      "SYNGO:synprocess": [
        "ENSG00000143473",
        "ENSG00000157388",
        "ENSG00000151834",
        "ENSG00000186297",
        "ENSG00000163288",
        "ENSG00000166006",
        "ENSG00000157542",
        "ENSG00000157152",
        "ENSG00000169213",
        "ENSG00000140563",
        "ENSG00000079841",
        "ENSG00000176406",
        "ENSG00000168993",
        "ENSG00000104888",
        "ENSG00000152128",
        "ENSG00000145335",
        "ENSG00000110436",
        "ENSG00000169862",
        "ENSG00000080824",
        "ENSG00000145934",
        "ENSG00000148948",
        "ENSG00000181072",
        "ENSG00000179603",
        "ENSG00000082482",
        "ENSG00000156395",
        "ENSG00000150471",
        "ENSG00000132970",
        "ENSG00000167552",
        "ENSG00000196090",
        "ENSG00000040731",
        "ENSG00000218336",
        "ENSG00000149972",
        "ENSG00000277363",
        "ENSG00000107105",
        "ENSG00000185008",
        "ENSG00000009694",
        "ENSG00000100592",
        "ENSG00000075945"
      ],
      "SYNGO:presynprocess": [
        "ENSG00000143473",
        "ENSG00000157388",
        "ENSG00000151834",
        "ENSG00000186297",
        "ENSG00000163288",
        "ENSG00000166006",
        "ENSG00000157542",
        "ENSG00000157152",
        "ENSG00000169213",
        "ENSG00000140563",
        "ENSG00000079841",
        "ENSG00000176406",
        "ENSG00000168993",
        "ENSG00000104888",
        "ENSG00000152128",
        "ENSG00000145335",
        "ENSG00000110436"
      ],
      "SYNGO:postsynprocess": [
        "ENSG00000151834",
        "ENSG00000186297",
        "ENSG00000163288",
        "ENSG00000169862",
        "ENSG00000080824",
        "ENSG00000168993"
      ],
      "GO:0099536": [
        "ENSG00000145934",
        "ENSG00000148948",
        "ENSG00000181072",
        "ENSG00000179603",
        "ENSG00000082482",
        "ENSG00000156395"
      ],
      "GO:0050808": [
        "ENSG00000150471",
        "ENSG00000132970",
        "ENSG00000167552",
        "ENSG00000196090",
        "ENSG00000079841",
        "ENSG00000176406",
        "ENSG00000169862",
        "ENSG00000148948",
        "ENSG00000040731",
        "ENSG00000218336",
        "ENSG00000149972",
        "ENSG00000277363",
        "ENSG00000107105",
        "ENSG00000185008",
        "ENSG00000009694",
        "ENSG00000145934",
        "ENSG00000100592"
      ],
      "SYNGO:metabolism": [],
      "SYNGO:transport": [
        "ENSG00000075945"
      ],
      "GO:0099509": [
        "ENSG00000143473",
        "ENSG00000157388"
      ],
      "GO:0099505": [
        "ENSG00000151834",
        "ENSG00000186297",
        "ENSG00000163288",
        "ENSG00000143473",
        "ENSG00000166006",
        "ENSG00000157542"
      ],
      "GO:0140238": [],
      "GO:0099504": [
        "ENSG00000157152",
        "ENSG00000169213",
        "ENSG00000140563",
        "ENSG00000079841",
        "ENSG00000176406",
        "ENSG00000143473",
        "ENSG00000168993",
        "ENSG00000104888",
        "ENSG00000152128",
        "ENSG00000145335"
      ],
      "GO:0099525": [
        "ENSG00000079841"
      ],
      "GO:0001504": [],
      "GO:0098810": [
        "ENSG00000110436"
      ],
      "SYNGO:presyn_chaperoneProteinFolding": [],
      "GO:0098928": [],
      "GO:0099566": [],
      "GO:0060078": [
        "ENSG00000151834",
        "ENSG00000186297",
        "ENSG00000163288"
      ],
      "GO:0098962": [],
      "GO:0099072": [
        "ENSG00000169862",
        "ENSG00000080824",
        "ENSG00000168993"
      ],
      "GO:0140239": [],
      "GO:0150038": [],
      "GO:0098926": [],
      "GO:0099537": [
        "ENSG00000145934",
        "ENSG00000148948",
        "ENSG00000181072",
        "ENSG00000179603",
        "ENSG00000082482",
        "ENSG00000156395"
      ],
      "GO:0099538": [],
      "GO:0099163": [],
      "GO:0099172": [],
      "GO:0099173": [],
      "GO:0099563": [
        "ENSG00000132970"
      ],
      "GO:0050807": [
        "ENSG00000167552",
        "ENSG00000196090"
      ],
      "GO:0098918": [
        "ENSG00000079841",
        "ENSG00000176406",
        "ENSG00000169862"
      ],
      "GO:0150043": [],
      "GO:0099560": [
        "ENSG00000148948",
        "ENSG00000040731",
        "ENSG00000218336"
      ],
      "GO:0008039": [],
      "GO:0007416": [
        "ENSG00000150471",
        "ENSG00000149972",
        "ENSG00000277363",
        "ENSG00000107105"
      ],
      "GO:0098883": [],
      "GO:0060074": [
        "ENSG00000185008"
      ],
      "GO:0099558": [
        "ENSG00000009694",
        "ENSG00000145934",
        "ENSG00000218336",
        "ENSG00000150471"
      ],
      "GO:0099187": [
        "ENSG00000100592"
      ],
      "GO:0099188": [
        "ENSG00000277363",
        "ENSG00000009694",
        "ENSG00000145934",
        "ENSG00000218336"
      ],
      "SYNGO:presyn_ATPmetabolic": [],
      "SYNGO:postsyn_ATPmetabolic": [],
      "GO:0099546": [],
      "GO:0099574": [],
      "GO:0099547": [],
      "GO:0042135": [],
      "GO:0140246": [],
      "GO:0042136": [],
      "GO:0140241": [],
      "GO:0140235": [],
      "GO:0008088": [
        "ENSG00000075945"
      ],
      "GO:0099514": [],
      "GO:0099090": [],
      "GO:0099089": [],
      "GO:0099637": [],
      "GO:1905056": [],
      "GO:0099534": [],
      "GO:0099626": [
        "ENSG00000157388"
      ],
      "GO:0099507": [
        "ENSG00000151834",
        "ENSG00000186297",
        "ENSG00000163288"
      ],
      "GO:0099508": [
        "ENSG00000143473",
        "ENSG00000166006",
        "ENSG00000157542"
      ],
      "GO:0150047": [
        "ENSG00000163288"
      ],
      "GO:0140232": [],
      "GO:0098693": [
        "ENSG00000169213"
      ],
      "GO:0097091": [
        "ENSG00000157152"
      ],
      "GO:0099532": [],
      "GO:0016079": [
        "ENSG00000140563",
        "ENSG00000079841",
        "ENSG00000176406",
        "ENSG00000143473",
        "ENSG00000168993"
      ],
      "GO:0098700": [
        "ENSG00000104888"
      ],
      "GO:0099180": [
        "ENSG00000152128"
      ],
      "GO:0097401": [],
      "GO:0048488": [
        "ENSG00000145335"
      ],
      "GO:0099161": [],
      "GO:0051580": [],
      "GO:0099526": [],
      "GO:1905059": [],
      "GO:0099567": [],
      "GO:1905060": [],
      "GO:0098695": [],
      "GO:0099583": [],
      "GO:0140233": [],
      "GO:1904315": [
        "ENSG00000151834",
        "ENSG00000186297",
        "ENSG00000163288"
      ],
      "GO:1905030": [],
      "GO:0099645": [],
      "GO:0098967": [
        "ENSG00000168993"
      ],
      "GO:0098970": [],
      "GO:0098884": [],
      "GO:0150044": [],
      "GO:0099527": [],
      "GO:0099541": [],
      "GO:0099540": [],
      "GO:0099543": [],
      "GO:0099545": [
        "ENSG00000145934"
      ],
      "GO:0099157": [],
      "GO:0099183": [],
      "GO:0099550": [],
      "GO:0007268": [
        "ENSG00000148948",
        "ENSG00000181072",
        "ENSG00000179603",
        "ENSG00000082482",
        "ENSG00000156395"
      ],
      "GO:0150045": [],
      "GO:0099174": [],
      "GO:0099175": [],
      "GO:0099084": [],
      "GO:0099010": [
        "ENSG00000132970"
      ],
      "GO:0099564": [],
      "GO:1905244": [],
      "GO:0099181": [
        "ENSG00000079841",
        "ENSG00000176406"
      ],
      "GO:0099186": [
        "ENSG00000169862"
      ],
      "GO:0099179": [],
      "GO:0099054": [
        "ENSG00000149972"
      ],
      "GO:0051963": [
        "ENSG00000277363",
        "ENSG00000107105"
      ],
      "GO:0098698": [],
      "GO:0097104": [],
      "GO:1905806": [],
      "GO:0090128": [],
      "GO:0099559": [
        "ENSG00000009694",
        "ENSG00000145934",
        "ENSG00000218336"
      ],
      "GO:0098880": [
        "ENSG00000150471"
      ],
      "GO:0099140": [
        "ENSG00000100592"
      ],
      "GO:0098974": [
        "ENSG00000277363"
      ],
      "GO:0099190": [
        "ENSG00000009694",
        "ENSG00000145934",
        "ENSG00000218336"
      ],
      "SYNGO:presyn_regulationATPmetabolic": [],
      "GO:0099576": [],
      "GO:0099575": [],
      "GO:0099578": [],
      "GO:0099577": [],
      "GO:0140247": [],
      "GO:0140249": [],
      "GO:0140236": [],
      "GO:0140242": [],
      "GO:0098930": [],
      "GO:0098935": [
        "ENSG00000075945"
      ],
      "GO:0099517": [],
      "GO:0099158": [],
      "GO:0098968": [],
      "GO:0098877": [],
      "GO:0098943": [],
      "GO:0016182": [],
      "GO:0016189": [],
      "GO:0099502": [
        "ENSG00000079841",
        "ENSG00000176406"
      ],
      "GO:2000300": [
        "ENSG00000143473"
      ],
      "GO:0016081": [
        "ENSG00000079841",
        "ENSG00000176406"
      ],
      "GO:0031629": [
        "ENSG00000168993"
      ],
      "GO:0016082": [
        "ENSG00000079841",
        "ENSG00000176406"
      ],
      "GO:0099162": [],
      "GO:1901546": [],
      "GO:1900242": [],
      "GO:0016185": [],
      "GO:0016191": [],
      "GO:0098872": [],
      "GO:0099579": [],
      "GO:0098696": [],
      "GO:0099145": [
        "ENSG00000168993"
      ],
      "GO:0150054": [],
      "GO:0099149": [],
      "GO:1905539": [],
      "GO:0099542": [],
      "GO:0099548": [],
      "GO:0098942": [
        "ENSG00000145934"
      ],
      "GO:0099557": [],
      "GO:0150035": [],
      "GO:0050804": [
        "ENSG00000148948"
      ],
      "GO:0099531": [
        "ENSG00000181072",
        "ENSG00000179603"
      ],
      "GO:0099565": [
        "ENSG00000082482",
        "ENSG00000156395"
      ],
      "GO:0099159": [],
      "GO:0098885": [
        "ENSG00000132970"
      ],
      "GO:0098987": [],
      "GO:0098882": [
        "ENSG00000079841",
        "ENSG00000176406"
      ],
      "GO:0098699": [],
      "GO:0098973": [],
      "GO:0099184": [],
      "GO:0098879": [],
      "GO:0098919": [
        "ENSG00000169862"
      ],
      "GO:1905606": [],
      "GO:0150052": [],
      "GO:0099150": [],
      "GO:0097107": [],
      "GO:0099562": [],
      "GO:0140251": [],
      "GO:0140252": [],
      "GO:0140245": [],
      "GO:0008089": [],
      "GO:0099088": [],
      "GO:0098937": [
        "ENSG00000075945"
      ],
      "GO:0098939": [],
      "GO:0098961": [],
      "GO:0098934": [],
      "GO:0048490": [],
      "GO:0098969": [],
      "GO:0099639": [],
      "GO:0150037": [
        "ENSG00000079841",
        "ENSG00000176406"
      ],
      "GO:0099148": [],
      "GO:0031630": [
        "ENSG00000168993"
      ],
      "GO:0010807": [],
      "GO:0098694": [],
      "GO:0098921": [],
      "GO:0099553": [],
      "GO:0099555": [],
      "GO:0099171": [
        "ENSG00000181072",
        "ENSG00000179603"
      ],
      "GO:0099170": [
        "ENSG00000156395"
      ],
      "GO:1905274": [],
      "GO:0099151": [],
      "GO:0099641": [],
      "GO:0140231": [],
      "GO:0098971": [
        "ENSG00000075945"
      ],
      "GO:0098963": [],
      "GO:1903742": [],
      "GO:0098887": [],
      "GO:0099178": [],
      "GO:0150036": [],
      "GO:0098925": [],
      "GO:0098964": [],
      "GO:0099152": []
    },
    "entrez_id": {
      "SYNGO:synprocess": [
        "3756",
        "776",
        "2555",
        "2558",
        "2560",
        "3747",
        "3763",
        "6854",
        "5865",
        "55784",
        "22999",
        "9699",
        "10815",
        "57030",
        "81615",
        "6622",
        "6506",
        "1501",
        "3320",
        "57451",
        "57689",
        "1129",
        "2918",
        "3776",
        "22986",
        "23284",
        "10810",
        "7846",
        "11122",
        "1008",
        "55714",
        "53942",
        "80725",
        "1993",
        "6092",
        "10178",
        "23002",
        "22920"
      ],
      "SYNGO:presynprocess": [
        "3756",
        "776",
        "2555",
        "2558",
        "2560",
        "3747",
        "3763",
        "6854",
        "5865",
        "55784",
        "22999",
        "9699",
        "10815",
        "57030",
        "81615",
        "6622",
        "6506"
      ],
      "SYNGO:postsynprocess": [
        "2555",
        "2558",
        "2560",
        "1501",
        "3320",
        "10815"
      ],
      "GO:0099536": [
        "57451",
        "57689",
        "1129",
        "2918",
        "3776",
        "22986"
      ],
      "GO:0050808": [
        "23284",
        "10810",
        "7846",
        "11122",
        "22999",
        "9699",
        "1501",
        "57689",
        "1008",
        "55714",
        "53942",
        "80725",
        "1993",
        "6092",
        "10178",
        "57451",
        "23002"
      ],
      "SYNGO:metabolism": [],
      "SYNGO:transport": [
        "22920"
      ],
      "GO:0099509": [
        "3756",
        "776"
      ],
      "GO:0099505": [
        "2555",
        "2558",
        "2560",
        "3756",
        "3747",
        "3763"
      ],
      "GO:0140238": [],
      "GO:0099504": [
        "6854",
        "5865",
        "55784",
        "22999",
        "9699",
        "3756",
        "10815",
        "57030",
        "81615",
        "6622"
      ],
      "GO:0099525": [
        "22999"
      ],
      "GO:0001504": [],
      "GO:0098810": [
        "6506"
      ],
      "SYNGO:presyn_chaperoneProteinFolding": [],
      "GO:0098928": [],
      "GO:0099566": [],
      "GO:0060078": [
        "2555",
        "2558",
        "2560"
      ],
      "GO:0098962": [],
      "GO:0099072": [
        "1501",
        "3320",
        "10815"
      ],
      "GO:0140239": [],
      "GO:0150038": [],
      "GO:0098926": [],
      "GO:0099537": [
        "57451",
        "57689",
        "1129",
        "2918",
        "3776",
        "22986"
      ],
      "GO:0099538": [],
      "GO:0099163": [],
      "GO:0099172": [],
      "GO:0099173": [],
      "GO:0099563": [
        "10810"
      ],
      "GO:0050807": [
        "7846",
        "11122"
      ],
      "GO:0098918": [
        "22999",
        "9699",
        "1501"
      ],
      "GO:0150043": [],
      "GO:0099560": [
        "57689",
        "1008",
        "55714"
      ],
      "GO:0008039": [],
      "GO:0007416": [
        "23284",
        "53942",
        "80725",
        "1993"
      ],
      "GO:0098883": [],
      "GO:0060074": [
        "6092"
      ],
      "GO:0099558": [
        "10178",
        "57451",
        "55714",
        "23284"
      ],
      "GO:0099187": [
        "23002"
      ],
      "GO:0099188": [
        "80725",
        "10178",
        "57451",
        "55714"
      ],
      "SYNGO:presyn_ATPmetabolic": [],
      "SYNGO:postsyn_ATPmetabolic": [],
      "GO:0099546": [],
      "GO:0099574": [],
      "GO:0099547": [],
      "GO:0042135": [],
      "GO:0140246": [],
      "GO:0042136": [],
      "GO:0140241": [],
      "GO:0140235": [],
      "GO:0008088": [
        "22920"
      ],
      "GO:0099514": [],
      "GO:0099090": [],
      "GO:0099089": [],
      "GO:0099637": [],
      "GO:1905056": [],
      "GO:0099534": [],
      "GO:0099626": [
        "776"
      ],
      "GO:0099507": [
        "2555",
        "2558",
        "2560"
      ],
      "GO:0099508": [
        "3756",
        "3747",
        "3763"
      ],
      "GO:0150047": [
        "2560"
      ],
      "GO:0140232": [],
      "GO:0098693": [
        "5865"
      ],
      "GO:0097091": [
        "6854"
      ],
      "GO:0099532": [],
      "GO:0016079": [
        "55784",
        "22999",
        "9699",
        "3756",
        "10815"
      ],
      "GO:0098700": [
        "57030"
      ],
      "GO:0099180": [
        "81615"
      ],
      "GO:0097401": [],
      "GO:0048488": [
        "6622"
      ],
      "GO:0099161": [],
      "GO:0051580": [],
      "GO:0099526": [],
      "GO:1905059": [],
      "GO:0099567": [],
      "GO:1905060": [],
      "GO:0098695": [],
      "GO:0099583": [],
      "GO:0140233": [],
      "GO:1904315": [
        "2555",
        "2558",
        "2560"
      ],
      "GO:1905030": [],
      "GO:0099645": [],
      "GO:0098967": [
        "10815"
      ],
      "GO:0098970": [],
      "GO:0098884": [],
      "GO:0150044": [],
      "GO:0099527": [],
      "GO:0099541": [],
      "GO:0099540": [],
      "GO:0099543": [],
      "GO:0099545": [
        "57451"
      ],
      "GO:0099157": [],
      "GO:0099183": [],
      "GO:0099550": [],
      "GO:0007268": [
        "57689",
        "1129",
        "2918",
        "3776",
        "22986"
      ],
      "GO:0150045": [],
      "GO:0099174": [],
      "GO:0099175": [],
      "GO:0099084": [],
      "GO:0099010": [
        "10810"
      ],
      "GO:0099564": [],
      "GO:1905244": [],
      "GO:0099181": [
        "22999",
        "9699"
      ],
      "GO:0099186": [
        "1501"
      ],
      "GO:0099179": [],
      "GO:0099054": [
        "53942"
      ],
      "GO:0051963": [
        "80725",
        "1993"
      ],
      "GO:0098698": [],
      "GO:0097104": [],
      "GO:1905806": [],
      "GO:0090128": [],
      "GO:0099559": [
        "10178",
        "57451",
        "55714"
      ],
      "GO:0098880": [
        "23284"
      ],
      "GO:0099140": [
        "23002"
      ],
      "GO:0098974": [
        "80725"
      ],
      "GO:0099190": [
        "10178",
        "57451",
        "55714"
      ],
      "SYNGO:presyn_regulationATPmetabolic": [],
      "GO:0099576": [],
      "GO:0099575": [],
      "GO:0099578": [],
      "GO:0099577": [],
      "GO:0140247": [],
      "GO:0140249": [],
      "GO:0140236": [],
      "GO:0140242": [],
      "GO:0098930": [],
      "GO:0098935": [
        "22920"
      ],
      "GO:0099517": [],
      "GO:0099158": [],
      "GO:0098968": [],
      "GO:0098877": [],
      "GO:0098943": [],
      "GO:0016182": [],
      "GO:0016189": [],
      "GO:0099502": [
        "22999",
        "9699"
      ],
      "GO:2000300": [
        "3756"
      ],
      "GO:0016081": [
        "22999",
        "9699"
      ],
      "GO:0031629": [
        "10815"
      ],
      "GO:0016082": [
        "22999",
        "9699"
      ],
      "GO:0099162": [],
      "GO:1901546": [],
      "GO:1900242": [],
      "GO:0016185": [],
      "GO:0016191": [],
      "GO:0098872": [],
      "GO:0099579": [],
      "GO:0098696": [],
      "GO:0099145": [
        "10815"
      ],
      "GO:0150054": [],
      "GO:0099149": [],
      "GO:1905539": [],
      "GO:0099542": [],
      "GO:0099548": [],
      "GO:0098942": [
        "57451"
      ],
      "GO:0099557": [],
      "GO:0150035": [],
      "GO:0050804": [
        "57689"
      ],
      "GO:0099531": [
        "1129",
        "2918"
      ],
      "GO:0099565": [
        "3776",
        "22986"
      ],
      "GO:0099159": [],
      "GO:0098885": [
        "10810"
      ],
      "GO:0098987": [],
      "GO:0098882": [
        "22999",
        "9699"
      ],
      "GO:0098699": [],
      "GO:0098973": [],
      "GO:0099184": [],
      "GO:0098879": [],
      "GO:0098919": [
        "1501"
      ],
      "GO:1905606": [],
      "GO:0150052": [],
      "GO:0099150": [],
      "GO:0097107": [],
      "GO:0099562": [],
      "GO:0140251": [],
      "GO:0140252": [],
      "GO:0140245": [],
      "GO:0008089": [],
      "GO:0099088": [],
      "GO:0098937": [
        "22920"
      ],
      "GO:0098939": [],
      "GO:0098961": [],
      "GO:0098934": [],
      "GO:0048490": [],
      "GO:0098969": [],
      "GO:0099639": [],
      "GO:0150037": [
        "22999",
        "9699"
      ],
      "GO:0099148": [],
      "GO:0031630": [
        "10815"
      ],
      "GO:0010807": [],
      "GO:0098694": [],
      "GO:0098921": [],
      "GO:0099553": [],
      "GO:0099555": [],
      "GO:0099171": [
        "1129",
        "2918"
      ],
      "GO:0099170": [
        "22986"
      ],
      "GO:1905274": [],
      "GO:0099151": [],
      "GO:0099641": [],
      "GO:0140231": [],
      "GO:0098971": [
        "22920"
      ],
      "GO:0098963": [],
      "GO:1903742": [],
      "GO:0098887": [],
      "GO:0099178": [],
      "GO:0150036": [],
      "GO:0098925": [],
      "GO:0098964": [],
      "GO:0099152": []
    }
  }
}