[
  {
    "user_input_genelist": "KCNC2",
    "idmap": [
      {
        "ensembl_id": "ENSG00000166006",
        "entrez_id": "3747",
        "hgnc_id": "HGNC:6234",
        "hgnc_name": "potassium voltage-gated channel subfamily C member 2",
        "hgnc_symbol": "KCNC2",
        "hgnc_synonyms": [
          "KV3.2"
        ],
        "user_input_genelist": [
          "KCNC2"
        ]
      }
    ]
  },
  {
    "user_input_genelist": "TSHZ2",
    "idmap": []
  },
  {
    "user_input_genelist": "LOC101927439",
    "idmap": []
  },
  {
    "user_input_genelist": "LOC105377183",
    "idmap": []
  },
  {
    "user_input_genelist": "MYOF",
    "idmap": []
  },
  {
    "user_input_genelist": "KCNK2",
    "idmap": [
      {
        "ensembl_id": "ENSG00000082482",
        "entrez_id": "3776",
        "hgnc_id": "HGNC:6277",
        "hgnc_name": "potassium two pore domain channel subfamily K member 2",
        "hgnc_symbol": "KCNK2",
        "hgnc_synonyms": [
          "K2P2.1",
          "TREK-1"
        ],
        "user_input_genelist": [
          "KCNK2"
        ]
      }
    ]
  },
  {
    "user_input_genelist": "CCBE1",
    "idmap": []
  },
  {
    "user_input_genelist": "CHRM2",
    "idmap": [
      {
        "ensembl_id": "ENSG00000181072",
        "entrez_id": "1129",
        "hgnc_id": "HGNC:1951",
        "hgnc_name": "cholinergic receptor muscarinic 2",
        "hgnc_symbol": "CHRM2",
        "hgnc_synonyms": [],
        "user_input_genelist": [
          "CHRM2"
        ]
      }
    ]
  },
  {
    "user_input_genelist": "LOC105374392",
    "idmap": []
  },
  {
    "user_input_genelist": "GABRA5",
    "idmap": [
      {
        "ensembl_id": "ENSG00000186297",
        "entrez_id": "2558",
        "hgnc_id": "HGNC:4079",
        "hgnc_name": "gamma-aminobutyric acid type A receptor subunit alpha5",
        "hgnc_symbol": "GABRA5",
        "hgnc_synonyms": [],
        "user_input_genelist": [
          "GABRA5"
        ]
      }
    ]
  },
  {
    "user_input_genelist": "LOC101928923",
    "idmap": []
  },
  {
    "user_input_genelist": "CTNND2",
    "idmap": [
      {
        "ensembl_id": "ENSG00000169862",
        "entrez_id": "1501",
        "hgnc_id": "HGNC:2516",
        "hgnc_name": "catenin delta 2",
        "hgnc_symbol": "CTNND2",
        "hgnc_synonyms": [
          "NPRAP",
          "GT24"
        ],
        "user_input_genelist": [
          "CTNND2"
        ]
      }
    ]
  },
  {
    "user_input_genelist": "CNTN3",
    "idmap": []
  },
  {
    "user_input_genelist": "NREP",
    "idmap": []
  },
  {
    "user_input_genelist": "HS3ST2",
    "idmap": []
  },
  {
    "user_input_genelist": "SEMA3D",
    "idmap": []
  },
  {
    "user_input_genelist": "NTM",
    "idmap": [
      {
        "ensembl_id": "ENSG00000182667",
        "entrez_id": "50863",
        "hgnc_id": "HGNC:17941",
        "hgnc_name": "neurotrimin",
        "hgnc_symbol": "NTM",
        "hgnc_synonyms": [
          "NTRI",
          "IGLON2",
          "CEPU-1"
        ],
        "user_input_genelist": [
          "NTM"
        ]
      }
    ]
  },
  {
    "user_input_genelist": "OR1J2",
    "idmap": []
  },
  {
    "user_input_genelist": "PID1",
    "idmap": []
  },
  {
    "user_input_genelist": "ENTREP2",
    "idmap": []
  },
  {
    "user_input_genelist": "SCN9A",
    "idmap": []
  },
  {
    "user_input_genelist": "DSEL",
    "idmap": []
  },
  {
    "user_input_genelist": "LOC643542",
    "idmap": []
  },
  {
    "user_input_genelist": "SEMA4A",
    "idmap": []
  },
  {
    "user_input_genelist": "HS6ST3",
    "idmap": []
  },
  {
    "user_input_genelist": "PLXDC2",
    "idmap": []
  },
  {
    "user_input_genelist": "ELAVL2",
    "idmap": [
      {
        "ensembl_id": "ENSG00000107105",
        "entrez_id": "1993",
        "hgnc_id": "HGNC:3313",
        "hgnc_name": "ELAV like RNA binding protein 2",
        "hgnc_symbol": "ELAVL2",
        "hgnc_synonyms": [
          "HUB",
          "HEL-N1"
        ],
        "user_input_genelist": [
          "ELAVL2"
        ]
      }
    ]
  },
  {
    "user_input_genelist": "CDK8",
    "idmap": []
  },
  {
    "user_input_genelist": "FNBP1L",
    "idmap": []
  },
  {
    "user_input_genelist": "LOC401134",
    "idmap": []
  },
  {
    "user_input_genelist": "ARHGAP6",
    "idmap": []
  },
  {
    "user_input_genelist": "LHFPL2",
    "idmap": []
  },
  {
    "user_input_genelist": "UBE2Q2P1",
    "idmap": []
  },
  {
    "user_input_genelist": "KCNH1",
    "idmap": [
      {
        "ensembl_id": "ENSG00000143473",
        "entrez_id": "3756",
        "hgnc_id": "HGNC:6250",
        "hgnc_name": "potassium voltage-gated channel subfamily H member 1",
        "hgnc_symbol": "KCNH1",
        "hgnc_synonyms": [
          "KV10.1",
          "EAG",
          "H-EAG",
          "EAG1",
          "HEAG",
          "K(V)10.1"
        ],
        "user_input_genelist": [
          "KCNH1"
        ]
      }
    ]
  },
  {
    "user_input_genelist": "CDH7",
    "idmap": []
  },
  {
    "user_input_genelist": "ARL15",
    "idmap": []
  },
  {
    "user_input_genelist": "RBM20",
    "idmap": []
  },
  {
    "user_input_genelist": "DNER",
    "idmap": []
  },
  {
    "user_input_genelist": "LOC101929563",
    "idmap": []
  },
  {
    "user_input_genelist": "KCNT2",
    "idmap": []
  },
  {
    "user_input_genelist": "CNTN5",
    "idmap": [
      {
        "ensembl_id": "ENSG00000149972",
        "entrez_id": "53942",
        "hgnc_id": "HGNC:2175",
        "hgnc_name": "contactin 5",
        "hgnc_symbol": "CNTN5",
        "hgnc_synonyms": [
          "NB-2",
          "HNB-2"
        ],
        "user_input_genelist": [
          "CNTN5"
        ]
      }
    ]
  },
  {
    "user_input_genelist": "AUTS2",
    "idmap": []
  },
  {
    "user_input_genelist": "ZNF385D",
    "idmap": []
  },
  {
    "user_input_genelist": "SPHKAP",
    "idmap": []
  },
  {
    "user_input_genelist": "RGS6",
    "idmap": []
  },
  {
    "user_input_genelist": "GALNT13",
    "idmap": []
  },
  {
    "user_input_genelist": "MEF2A",
    "idmap": []
  },
  {
    "user_input_genelist": "PLXNA2",
    "idmap": []
  },
  {
    "user_input_genelist": "KIAA1217",
    "idmap": []
  },
  {
    "user_input_genelist": "WASF3",
    "idmap": [
      {
        "ensembl_id": "ENSG00000132970",
        "entrez_id": "10810",
        "hgnc_id": "HGNC:12734",
        "hgnc_name": "WASP family member 3",
        "hgnc_symbol": "WASF3",
        "hgnc_synonyms": [
          "WAVE3",
          "KIAA0900"
        ],
        "user_input_genelist": [
          "WASF3"
        ]
      }
    ]
  },
  {
    "user_input_genelist": "UTRN",
    "idmap": []
  },
  {
    "user_input_genelist": "TENM2",
    "idmap": [
      {
        "ensembl_id": "ENSG00000145934",
        "entrez_id": "57451",
        "hgnc_id": "HGNC:29943",
        "hgnc_name": "teneurin transmembrane protein 2",
        "hgnc_symbol": "TENM2",
        "hgnc_synonyms": [
          "KIAA1127",
          "TEN-M2",
          "TEN2",
          "ODZ2"
        ],
        "user_input_genelist": [
          "TENM2"
        ]
      }
    ]
  },
  {
    "user_input_genelist": "TMTC1",
    "idmap": []
  },
  {
    "user_input_genelist": "BICD1",
    "idmap": []
  },
  {
    "user_input_genelist": "ADD3",
    "idmap": []
  },
  {
    "user_input_genelist": "LINC01322",
    "idmap": []
  },
  {
    "user_input_genelist": "PFKP",
    "idmap": []
  },
  {
    "user_input_genelist": "KCNG2",
    "idmap": []
  },
  {
    "user_input_genelist": "LMO3",
    "idmap": []
  },
  {
    "user_input_genelist": "CHSY3",
    "idmap": []
  },
  {
    "user_input_genelist": "DAAM1",
    "idmap": [
      {
        "ensembl_id": "ENSG00000100592",
        "entrez_id": "23002",
        "hgnc_id": "HGNC:18142",
        "hgnc_name": "dishevelled associated activator of morphogenesis 1",
        "hgnc_symbol": "DAAM1",
        "hgnc_synonyms": [
          "KIAA0666"
        ],
        "user_input_genelist": [
          "DAAM1"
        ]
      }
    ]
  },
  {
    "user_input_genelist": "SH3BP5",
    "idmap": []
  },
  {
    "user_input_genelist": "CLSTN2",
    "idmap": [
      {
        "ensembl_id": "ENSG00000158258",
        "entrez_id": "64084",
        "hgnc_id": "HGNC:17448",
        "hgnc_name": "calsyntenin 2",
        "hgnc_symbol": "CLSTN2",
        "hgnc_synonyms": [
          "CSTN2",
          "CS2",
          "FLJ39113",
          "CDHR13"
        ],
        "user_input_genelist": [
          "CLSTN2"
        ]
      }
    ]
  },
  {
    "user_input_genelist": "DSCAM",
    "idmap": []
  },
  {
    "user_input_genelist": "MCTP2",
    "idmap": [
      {
        "ensembl_id": "ENSG00000140563",
        "entrez_id": "55784",
        "hgnc_id": "HGNC:25636",
        "hgnc_name": "multiple C2 and transmembrane domain containing 2",
        "hgnc_symbol": "MCTP2",
        "hgnc_synonyms": [
          "FLJ11175",
          "FLJ33303"
        ],
        "user_input_genelist": [
          "MCTP2"
        ]
      }
    ]
  },
  {
    "user_input_genelist": "DENND11",
    "idmap": []
  },
  {
    "user_input_genelist": "CPLX1",
    "idmap": [
      {
        "ensembl_id": "ENSG00000168993",
        "entrez_id": "10815",
        "hgnc_id": "HGNC:2309",
        "hgnc_name": "complexin 1",
        "hgnc_symbol": "CPLX1",
        "hgnc_synonyms": [
          "CPX-I"
        ],
        "user_input_genelist": [
          "CPLX1"
        ]
      }
    ]
  },
  {
    "user_input_genelist": "SOS1",
    "idmap": [
      {
        "ensembl_id": "ENSG00000115904",
        "entrez_id": "6654",
        "hgnc_id": "HGNC:11187",
        "hgnc_name": "SOS Ras/Rac guanine nucleotide exchange factor 1",
        "hgnc_symbol": "SOS1",
        "hgnc_synonyms": [
          "GINGF"
        ],
        "user_input_genelist": [
          "SOS1"
        ]
      }
    ]
  },
  {
    "user_input_genelist": "NPIPB4",
    "idmap": []
  },
  {
    "user_input_genelist": "PDE4B",
    "idmap": []
  },
  {
    "user_input_genelist": "RIMS2",
    "idmap": [
      {
        "ensembl_id": "ENSG00000176406",
        "entrez_id": "9699",
        "hgnc_id": "HGNC:17283",
        "hgnc_name": "regulating synaptic membrane exocytosis 2",
        "hgnc_symbol": "RIMS2",
        "hgnc_synonyms": [
          "KIAA0751",
          "RIM2",
          "OBOE",
          "RAB3IP3"
        ],
        "user_input_genelist": [
          "RIMS2"
        ]
      }
    ]
  },
  {
    "user_input_genelist": "LHFPL6",
    "idmap": []
  },
  {
    "user_input_genelist": "GUCY1A2",
    "idmap": []
  },
  {
    "user_input_genelist": "LOC100132891",
    "idmap": []
  },
  {
    "user_input_genelist": "TENM1",
    "idmap": [
      {
        "ensembl_id": "ENSG00000009694",
        "entrez_id": "10178",
        "hgnc_id": "HGNC:8117",
        "hgnc_name": "teneurin transmembrane protein 1",
        "hgnc_symbol": "TENM1",
        "hgnc_synonyms": [
          "TEN-M1",
          "TNM",
          "ODZ1"
        ],
        "user_input_genelist": [
          "TENM1"
        ]
      }
    ]
  },
  {
    "user_input_genelist": "SLC35F3",
    "idmap": []
  },
  {
    "user_input_genelist": "CELF4",
    "idmap": []
  },
  {
    "user_input_genelist": "PTPRR",
    "idmap": []
  },
  {
    "user_input_genelist": "RAB3B",
    "idmap": [
      {
        "ensembl_id": "ENSG00000169213",
        "entrez_id": "5865",
        "hgnc_id": "HGNC:9778",
        "hgnc_name": "RAB3B, member RAS oncogene family",
        "hgnc_symbol": "RAB3B",
        "hgnc_synonyms": [],
        "user_input_genelist": [
          "RAB3B"
        ]
      }
    ]
  },
  {
    "user_input_genelist": "CACNA1D",
    "idmap": [
      {
        "ensembl_id": "ENSG00000157388",
        "entrez_id": "776",
        "hgnc_id": "HGNC:1391",
        "hgnc_name": "calcium voltage-gated channel subunit alpha1 D",
        "hgnc_symbol": "CACNA1D",
        "hgnc_synonyms": [
          "CAV1.3",
          "CACH3",
          "CACN4",
          "CCHL1A2",
          "CACNL1A2"
        ],
        "user_input_genelist": [
          "CACNA1D"
        ]
      }
    ]
  },
  {
    "user_input_genelist": "LMCD1-AS1",
    "idmap": []
  },
  {
    "user_input_genelist": "PLOD2",
    "idmap": []
  },
  {
    "user_input_genelist": "SORCS3",
    "idmap": [
      {
        "ensembl_id": "ENSG00000156395",
        "entrez_id": "22986",
        "hgnc_id": "HGNC:16699",
        "hgnc_name": "sortilin related VPS10 domain containing receptor 3",
        "hgnc_symbol": "SORCS3",
        "hgnc_synonyms": [
          "KIAA1059",
          "SORCS"
        ],
        "user_input_genelist": [
          "SORCS3"
        ]
      }
    ]
  },
  {
    "user_input_genelist": "CDK14",
    "idmap": []
  },
  {
    "user_input_genelist": "SULF1",
    "idmap": []
  },
  {
    "user_input_genelist": "TUBB2A",
    "idmap": []
  },
  {
    "user_input_genelist": "CALN1",
    "idmap": []
  },
  {
    "user_input_genelist": "ANKRD6",
    "idmap": []
  },
  {
    "user_input_genelist": "SH3RF3",
    "idmap": []
  },
  {
    "user_input_genelist": "STMN2",
    "idmap": []
  },
  {
    "user_input_genelist": "SRCIN1",
    "idmap": [
      {
        "ensembl_id": "ENSG00000277363",
        "entrez_id": "80725",
        "hgnc_id": "HGNC:29506",
        "hgnc_name": "SRC kinase signaling inhibitor 1",
        "hgnc_symbol": "SRCIN1",
        "hgnc_synonyms": [
          "SNIP",
          "P140CAP",
          "KIAA1684"
        ],
        "user_input_genelist": [
          "SRCIN1"
        ]
      }
    ]
  },
  {
    "user_input_genelist": "NAV3",
    "idmap": []
  },
  {
    "user_input_genelist": "ASTN2",
    "idmap": []
  },
  {
    "user_input_genelist": "ARID1B",
    "idmap": []
  },
  {
    "user_input_genelist": "CRYM",
    "idmap": []
  },
  {
    "user_input_genelist": "GABRA2",
    "idmap": [
      {
        "ensembl_id": "ENSG00000151834",
        "entrez_id": "2555",
        "hgnc_id": "HGNC:4076",
        "hgnc_name": "gamma-aminobutyric acid type A receptor subunit alpha2",
        "hgnc_symbol": "GABRA2",
        "hgnc_synonyms": [],
        "user_input_genelist": [
          "GABRA2"
        ]
      }
    ]
  },
  {
    "user_input_genelist": "ENC1",
    "idmap": []
  },
  {
    "user_input_genelist": "SLC17A7",
    "idmap": [
      {
        "ensembl_id": "ENSG00000104888",
        "entrez_id": "57030",
        "hgnc_id": "HGNC:16704",
        "hgnc_name": "solute carrier family 17 member 7",
        "hgnc_symbol": "SLC17A7",
        "hgnc_synonyms": [
          "BNPI",
          "VGLUT1"
        ],
        "user_input_genelist": [
          "SLC17A7"
        ]
      }
    ]
  },
  {
    "user_input_genelist": "SYN2",
    "idmap": [
      {
        "ensembl_id": "ENSG00000157152",
        "entrez_id": "6854",
        "hgnc_id": "HGNC:11495",
        "hgnc_name": "synapsin II",
        "hgnc_symbol": "SYN2",
        "hgnc_synonyms": [
          "SYNII",
          "SYNIIA",
          "SYNIIB"
        ],
        "user_input_genelist": [
          "SYN2"
        ]
      }
    ]
  },
  {
    "user_input_genelist": "RAPGEF1",
    "idmap": []
  },
  {
    "user_input_genelist": "FCHSD2",
    "idmap": []
  },
  {
    "user_input_genelist": "CACNA1C",
    "idmap": [
      {
        "ensembl_id": "ENSG00000151067",
        "entrez_id": "775",
        "hgnc_id": "HGNC:1390",
        "hgnc_name": "calcium voltage-gated channel subunit alpha1 C",
        "hgnc_symbol": "CACNA1C",
        "hgnc_synonyms": [
          "CAV1.2",
          "CACH2",
          "CACN2",
          "LQT8",
          "CCHL1A1",
          "CACNL1A1",
          "CACNA1C-IT2"
        ],
        "user_input_genelist": [
          "CACNA1C"
        ]
      }
    ]
  },
  {
    "user_input_genelist": "PRKG1",
    "idmap": []
  },
  {
    "user_input_genelist": "WBSCR17",
    "idmap": []
  },
  {
    "user_input_genelist": "HSP90AA1",
    "idmap": [
      {
        "ensembl_id": "ENSG00000080824",
        "entrez_id": "3320",
        "hgnc_id": "HGNC:5253",
        "hgnc_name": "heat shock protein 90 alpha family class A member 1",
        "hgnc_symbol": "HSP90AA1",
        "hgnc_synonyms": [
          "HSP89",
          "HSP90",
          "FLJ31884",
          "HSP90N",
          "HSPC1"
        ],
        "user_input_genelist": [
          "HSP90AA1"
        ]
      }
    ]
  },
  {
    "user_input_genelist": "KCNQ3",
    "idmap": [
      {
        "ensembl_id": "ENSG00000184156",
        "entrez_id": "3786",
        "hgnc_id": "HGNC:6297",
        "hgnc_name": "potassium voltage-gated channel subfamily Q member 3",
        "hgnc_symbol": "KCNQ3",
        "hgnc_synonyms": [
          "KV7.3",
          "EBN2"
        ],
        "user_input_genelist": [
          "KCNQ3"
        ]
      }
    ]
  },
  {
    "user_input_genelist": "TUBA1A",
    "idmap": [
      {
        "ensembl_id": "ENSG00000167552",
        "entrez_id": "7846",
        "hgnc_id": "HGNC:20766",
        "hgnc_name": "tubulin alpha 1a",
        "hgnc_symbol": "TUBA1A",
        "hgnc_synonyms": [
          "TUBA3",
          "B-ALPHA-1",
          "FLJ25113"
        ],
        "user_input_genelist": [
          "TUBA1A"
        ]
      }
    ]
  },
  {
    "user_input_genelist": "PGM2L1",
    "idmap": []
  },
  {
    "user_input_genelist": "RIMS1",
    "idmap": [
      {
        "ensembl_id": "ENSG00000079841",
        "entrez_id": "22999",
        "hgnc_id": "HGNC:17282",
        "hgnc_name": "regulating synaptic membrane exocytosis 1",
        "hgnc_symbol": "RIMS1",
        "hgnc_synonyms": [
          "KIAA0340",
          "RIM1",
          "RAB3IP2",
          "CORD7"
        ],
        "user_input_genelist": [
          "RIMS1"
        ]
      }
    ]
  },
  {
    "user_input_genelist": "EFHD2",
    "idmap": []
  },
  {
    "user_input_genelist": "PTPRB",
    "idmap": []
  },
  {
    "user_input_genelist": "DPP10",
    "idmap": []
  },
  {
    "user_input_genelist": "ANKRD30BL",
    "idmap": []
  },
  {
    "user_input_genelist": "PCDH9",
    "idmap": [
      {
        "ensembl_id": "ENSG00000184226",
        "entrez_id": "5101",
        "hgnc_id": "HGNC:8661",
        "hgnc_name": "protocadherin 9",
        "hgnc_symbol": "PCDH9",
        "hgnc_synonyms": [],
        "user_input_genelist": [
          "PCDH9"
        ]
      }
    ]
  },
  {
    "user_input_genelist": "AOPEP",
    "idmap": []
  },
  {
    "user_input_genelist": "GRM8",
    "idmap": [
      {
        "ensembl_id": "ENSG00000179603",
        "entrez_id": "2918",
        "hgnc_id": "HGNC:4600",
        "hgnc_name": "glutamate metabotropic receptor 8",
        "hgnc_symbol": "GRM8",
        "hgnc_synonyms": [
          "GLUR8",
          "GPRC1H",
          "MGLU8",
          "MGLUR8"
        ],
        "user_input_genelist": [
          "GRM8"
        ]
      }
    ]
  },
  {
    "user_input_genelist": "LRRC4C",
    "idmap": [
      {
        "ensembl_id": "ENSG00000148948",
        "entrez_id": "57689",
        "hgnc_id": "HGNC:29317",
        "hgnc_name": "leucine rich repeat containing 4C",
        "hgnc_symbol": "LRRC4C",
        "hgnc_synonyms": [
          "KIAA1580",
          "NGL-1"
        ],
        "user_input_genelist": [
          "LRRC4C"
        ]
      }
    ]
  },
  {
    "user_input_genelist": "TENM3",
    "idmap": [
      {
        "ensembl_id": "ENSG00000218336",
        "entrez_id": "55714",
        "hgnc_id": "HGNC:29944",
        "hgnc_name": "teneurin transmembrane protein 3",
        "hgnc_symbol": "TENM3",
        "hgnc_synonyms": [
          "TEN-M3",
          "KIAA1455",
          "TEN3"
        ],
        "user_input_genelist": [
          "TENM3"
        ]
      }
    ]
  },
  {
    "user_input_genelist": "ADGRL3",
    "idmap": [
      {
        "ensembl_id": "ENSG00000150471",
        "entrez_id": "23284",
        "hgnc_id": "HGNC:20974",
        "hgnc_name": "adhesion G protein-coupled receptor L3",
        "hgnc_symbol": "ADGRL3",
        "hgnc_synonyms": [
          "KIAA0768",
          "LEC3",
          "LPHN3"
        ],
        "user_input_genelist": [
          "ADGRL3"
        ]
      }
    ]
  },
  {
    "user_input_genelist": "CAMK2D",
    "idmap": [
      {
        "ensembl_id": "ENSG00000145349",
        "entrez_id": "817",
        "hgnc_id": "HGNC:1462",
        "hgnc_name": "calcium/calmodulin dependent protein kinase II delta",
        "hgnc_symbol": "CAMK2D",
        "hgnc_synonyms": [
          "CAMKD"
        ],
        "user_input_genelist": [
          "CAMK2D"
        ]
      }
    ]
  },
  {
    "user_input_genelist": "PTPRT",
    "idmap": [
      {
        "ensembl_id": "ENSG00000196090",
        "entrez_id": "11122",
        "hgnc_id": "HGNC:9682",
        "hgnc_name": "protein tyrosine phosphatase receptor type T",
        "hgnc_symbol": "PTPRT",
        "hgnc_synonyms": [
          "RPTPRHO",
          "KIAA0283"
        ],
        "user_input_genelist": [
          "PTPRT"
        ]
      }
    ]
  },
  {
    "user_input_genelist": "PAM",
    "idmap": []
  },
  {
    "user_input_genelist": "LARGE",
    "idmap": []
  },
  {
    "user_input_genelist": "MACROD2",
    "idmap": []
  },
  {
    "user_input_genelist": "KAZN",
    "idmap": []
  },
  {
    "user_input_genelist": "NFASC",
    "idmap": []
  },
  {
    "user_input_genelist": "NKAIN2",
    "idmap": []
  },
  {
    "user_input_genelist": "PTCHD1-AS",
    "idmap": []
  },
  {
    "user_input_genelist": "RUNX1T1",
    "idmap": []
  },
  {
    "user_input_genelist": "TUBA1B",
    "idmap": []
  },
  {
    "user_input_genelist": "KIFAP3",
    "idmap": [
      {
        "ensembl_id": "ENSG00000075945",
        "entrez_id": "22920",
        "hgnc_id": "HGNC:17060",
        "hgnc_name": "kinesin associated protein 3",
        "hgnc_symbol": "KIFAP3",
        "hgnc_synonyms": [
          "KAP3",
          "FLA3"
        ],
        "user_input_genelist": [
          "KIFAP3"
        ]
      }
    ]
  },
  {
    "user_input_genelist": "GABRB1",
    "idmap": [
      {
        "ensembl_id": "ENSG00000163288",
        "entrez_id": "2560",
        "hgnc_id": "HGNC:4081",
        "hgnc_name": "gamma-aminobutyric acid type A receptor subunit beta1",
        "hgnc_symbol": "GABRB1",
        "hgnc_synonyms": [],
        "user_input_genelist": [
          "GABRB1"
        ]
      }
    ]
  },
  {
    "user_input_genelist": "KCNB2",
    "idmap": []
  },
  {
    "user_input_genelist": "SLC1A2",
    "idmap": [
      {
        "ensembl_id": "ENSG00000110436",
        "entrez_id": "6506",
        "hgnc_id": "HGNC:10940",
        "hgnc_name": "solute carrier family 1 member 2",
        "hgnc_symbol": "SLC1A2",
        "hgnc_synonyms": [
          "GLT-1",
          "GLT1",
          "EAAT2",
          "HBGT"
        ],
        "user_input_genelist": [
          "SLC1A2"
        ]
      }
    ]
  },
  {
    "user_input_genelist": "SNCA",
    "idmap": [
      {
        "ensembl_id": "ENSG00000145335",
        "entrez_id": "6622",
        "hgnc_id": "HGNC:11138",
        "hgnc_name": "synuclein alpha",
        "hgnc_symbol": "SNCA",
        "hgnc_synonyms": [
          "NACP",
          "PARK1",
          "PARK4"
        ],
        "user_input_genelist": [
          "SNCA"
        ]
      }
    ]
  },
  {
    "user_input_genelist": "PRR16",
    "idmap": []
  },
  {
    "user_input_genelist": "FBXL2",
    "idmap": []
  },
  {
    "user_input_genelist": "FUT8",
    "idmap": []
  },
  {
    "user_input_genelist": "TMEM163",
    "idmap": [
      {
        "ensembl_id": "ENSG00000152128",
        "entrez_id": "81615",
        "hgnc_id": "HGNC:25380",
        "hgnc_name": "transmembrane protein 163",
        "hgnc_symbol": "TMEM163",
        "hgnc_synonyms": [
          "DKFZP566N034",
          "SV31",
          "SLC30A11"
        ],
        "user_input_genelist": [
          "TMEM163"
        ]
      }
    ]
  },
  {
    "user_input_genelist": "KLHL5",
    "idmap": []
  },
  {
    "user_input_genelist": "UNC5C",
    "idmap": []
  },
  {
    "user_input_genelist": "KCNJ6",
    "idmap": [
      {
        "ensembl_id": "ENSG00000157542",
        "entrez_id": "3763",
        "hgnc_id": "HGNC:6267",
        "hgnc_name": "potassium inwardly rectifying channel subfamily J member 6",
        "hgnc_symbol": "KCNJ6",
        "hgnc_synonyms": [
          "KIR3.2",
          "GIRK2",
          "KATP2",
          "BIR1",
          "HIGIRK2",
          "KCNJ7"
        ],
        "user_input_genelist": [
          "KCNJ6"
        ]
      }
    ]
  },
  {
    "user_input_genelist": "ZFPM2",
    "idmap": []
  },
  {
    "user_input_genelist": "FAM135B",
    "idmap": []
  },
  {
    "user_input_genelist": "FTH1",
    "idmap": []
  },
  {
    "user_input_genelist": "SEMA5A",
    "idmap": []
  },
  {
    "user_input_genelist": "FSTL5",
    "idmap": []
  },
  {
    "user_input_genelist": "LOC101928278",
    "idmap": []
  },
  {
    "user_input_genelist": "CHRM3",
    "idmap": [
      {
        "ensembl_id": "ENSG00000133019",
        "entrez_id": "1131",
        "hgnc_id": "HGNC:1952",
        "hgnc_name": "cholinergic receptor muscarinic 3",
        "hgnc_symbol": "CHRM3",
        "hgnc_synonyms": [
          "M3ACHR"
        ],
        "user_input_genelist": [
          "CHRM3"
        ]
      }
    ]
  },
  {
    "user_input_genelist": "MIR137HG",
    "idmap": []
  },
  {
    "user_input_genelist": "OSBPL3",
    "idmap": []
  },
  {
    "user_input_genelist": "DPYD",
    "idmap": []
  },
  {
    "user_input_genelist": "PDE10A",
    "idmap": [
      {
        "ensembl_id": "ENSG00000112541",
        "entrez_id": "10846",
        "hgnc_id": "HGNC:8772",
        "hgnc_name": "phosphodiesterase 10A",
        "hgnc_symbol": "PDE10A",
        "hgnc_synonyms": [],
        "user_input_genelist": [
          "PDE10A"
        ]
      }
    ]
  },
  {
    "user_input_genelist": "CNTN4",
    "idmap": []
  },
  {
    "user_input_genelist": "SNTG1",
    "idmap": []
  },
  {
    "user_input_genelist": "CDH10",
    "idmap": [
      {
        "ensembl_id": "ENSG00000040731",
        "entrez_id": "1008",
        "hgnc_id": "HGNC:1749",
        "hgnc_name": "cadherin 10",
        "hgnc_symbol": "CDH10",
        "hgnc_synonyms": [],
        "user_input_genelist": [
          "CDH10"
        ]
      }
    ]
  },
  {
    "user_input_genelist": "ROBO2",
    "idmap": [
      {
        "ensembl_id": "ENSG00000185008",
        "entrez_id": "6092",
        "hgnc_id": "HGNC:10250",
        "hgnc_name": "roundabout guidance receptor 2",
        "hgnc_symbol": "ROBO2",
        "hgnc_synonyms": [
          "KIAA1568"
        ],
        "user_input_genelist": [
          "ROBO2"
        ]
      }
    ]
  },
  {
    "user_input_genelist": "MGAT4C",
    "idmap": []
  }
]