{
  "direct": {
    "hgnc_id": {
      "GO:0045202": [
        "HGNC:29647",
        "HGNC:1768"
      ],
      "GO:0097060": [],
      "GO:0098793": [
        "HGNC:11504",
        "HGNC:2176",
        "HGNC:8032",
        "HGNC:10976"
      ],
      "GO:0043083": [
        "HGNC:6482",
        "HGNC:1544"
      ],
      "GO:0098794": [
        "HGNC:8032",
        "HGNC:7997",
        "HGNC:2928",
        "HGNC:10976"
      ],
      "GO:0099544": [],
      "GO:0099243": [],
      "GO:0099699": [],
      "GO:0099523": [
        "HGNC:9393",
        "HGNC:9395"
      ],
      "GO:0099569": [],
      "GO:0048786": [],
      "GO:0098833": [],
      "GO:0098830": [],
      "GO:0008021": [],
      "GO:0098992": [
        "HGNC:1033"
      ],
      "GO:0042734": [],
      "SYNGO:presyn_ribosome": [],
      "SYNGO:presyn_er": [],
      "GO:0098965": [],
      "GO:0099524": [
        "HGNC:17512",
        "HGNC:15917"
      ],
      "GO:0099571": [],
      "GO:0097444": [],
      "GO:0150051": [],
      "GO:0099572": [
        "HGNC:2928"
      ],
      "GO:0098843": [],
      "GO:0098845": [],
      "GO:0045211": [
        "HGNC:8032"
      ],
      "SYNGO:postsyn_ribosome": [],
      "SYNGO:postsyn_er": [],
      "GO:0098966": [],
      "GO:0099182": [],
      "GO:0099143": [],
      "GO:0098831": [
        "HGNC:2510"
      ],
      "GO:0048787": [],
      "GO:0098835": [],
      "GO:0098954": [],
      "GO:0034592": [],
      "GO:0030672": [],
      "GO:0099013": [],
      "GO:0099012": [],
      "GO:0099026": [
        "HGNC:2176"
      ],
      "GO:0098888": [
        "HGNC:2510"
      ],
      "GO:0099056": [
        "HGNC:4582",
        "HGNC:1768",
        "HGNC:10585"
      ],
      "SYNGO:presyn_er_membrane": [],
      "SYNGO:presyn_ser": [],
      "GO:0099160": [],
      "GO:0098871": [],
      "GO:0150050": [],
      "GO:0099189": [],
      "GO:0098897": [],
      "GO:0099091": [],
      "GO:0099634": [],
      "GO:0014069": [
        "HGNC:17512",
        "HGNC:8659"
      ],
      "GO:0099629": [],
      "GO:0098844": [],
      "GO:0098895": [],
      "GO:0098842": [],
      "GO:0098837": [],
      "GO:0099025": [],
      "GO:0098890": [
        "HGNC:2510"
      ],
      "GO:0099055": [
        "HGNC:8004",
        "HGNC:11068",
        "HGNC:1768",
        "HGNC:4582",
        "HGNC:18582",
        "HGNC:6238"
      ],
      "SYNGO:postsyn_er_membrane": [],
      "SYNGO:postsyn_ser": [],
      "GO:0099029": [
        "HGNC:17941"
      ],
      "GO:0098891": [],
      "GO:0099059": [
        "HGNC:7997"
      ],
      "GO:0098894": [],
      "GO:0099067": [],
      "GO:0098993": [],
      "GO:0098850": [],
      "GO:0030285": [
        "HGNC:30670"
      ],
      "GO:0098674": [],
      "GO:0099066": [],
      "SYNGO:presyn_er_membrane_integral": [],
      "SYNGO:presyn_ser_membrane": [],
      "GO:0099065": [],
      "GO:0098892": [],
      "GO:0099060": [
        "HGNC:4087",
        "HGNC:6238"
      ],
      "GO:0099092": [
        "HGNC:1384",
        "HGNC:2510"
      ],
      "GO:0098839": [],
      "GO:0099164": [],
      "GO:0098999": [],
      "GO:0098896": [],
      "GO:0098944": [],
      "SYNGO:postsyn_er_membrane_integral": [],
      "SYNGO:postsyn_ser_membrane": [],
      "SYNGO:presyn_ser_membrane_integral": [
        "HGNC:6180"
      ],
      "GO:0099031": [
        "HGNC:17941"
      ],
      "GO:0099147": [],
      "GO:0099061": [
        "HGNC:29317",
        "HGNC:16699",
        "HGNC:7997"
      ],
      "GO:0098998": [],
      "GO:0099033": [],
      "GO:0099063": [],
      "SYNGO:postsyn_ser_membrane_integral": [
        "HGNC:6180"
      ]
    },
    "hgnc_symbol": {
      "GO:0045202": [
        "MAGI3",
        "CDH9"
      ],
      "GO:0097060": [],
      "GO:0098793": [
        "SYNJ2",
        "CNTN6",
        "NTRK2",
        "SLC24A2"
      ],
      "GO:0043083": [
        "LAMA2",
        "CBLN2"
      ],
      "GO:0098794": [
        "NTRK2",
        "NRG1",
        "DMD",
        "SLC24A2"
      ],
      "GO:0099544": [],
      "GO:0099243": [],
      "GO:0099699": [],
      "GO:0099523": [
        "PRKCA",
        "PRKCB"
      ],
      "GO:0099569": [],
      "GO:0048786": [],
      "GO:0098833": [],
      "GO:0098830": [],
      "GO:0008021": [],
      "GO:0098992": [
        "BDNF"
      ],
      "GO:0042734": [],
      "SYNGO:presyn_ribosome": [],
      "SYNGO:presyn_er": [],
      "GO:0098965": [],
      "GO:0099524": [
        "HOMER1",
        "PLCB1"
      ],
      "GO:0099571": [],
      "GO:0097444": [],
      "GO:0150051": [],
      "GO:0099572": [
        "DMD"
      ],
      "GO:0098843": [],
      "GO:0098845": [],
      "GO:0045211": [
        "NTRK2"
      ],
      "SYNGO:postsyn_ribosome": [],
      "SYNGO:postsyn_er": [],
      "GO:0098966": [],
      "GO:0099182": [],
      "GO:0099143": [],
      "GO:0098831": [
        "CTNNA2"
      ],
      "GO:0048787": [],
      "GO:0098835": [],
      "GO:0098954": [],
      "GO:0034592": [],
      "GO:0030672": [],
      "GO:0099013": [],
      "GO:0099012": [],
      "GO:0099026": [
        "CNTN6"
      ],
      "GO:0098888": [
        "CTNNA2"
      ],
      "GO:0099056": [
        "GRIK4",
        "CDH9",
        "SCN1A"
      ],
      "SYNGO:presyn_er_membrane": [],
      "SYNGO:presyn_ser": [],
      "GO:0099160": [],
      "GO:0098871": [],
      "GO:0150050": [],
      "GO:0099189": [],
      "GO:0098897": [],
      "GO:0099091": [],
      "GO:0099634": [],
      "GO:0014069": [
        "HOMER1",
        "PCDH7"
      ],
      "GO:0099629": [],
      "GO:0098844": [],
      "GO:0098895": [],
      "GO:0098842": [],
      "GO:0098837": [],
      "GO:0099025": [],
      "GO:0098890": [
        "CTNNA2"
      ],
      "GO:0099055": [
        "NRP1",
        "SLC8A1",
        "CDH9",
        "GRIK4",
        "ADGRL2",
        "KCND2"
      ],
      "SYNGO:postsyn_er_membrane": [],
      "SYNGO:postsyn_ser": [],
      "GO:0099029": [
        "NTM"
      ],
      "GO:0098891": [],
      "GO:0099059": [
        "NRG1"
      ],
      "GO:0098894": [],
      "GO:0099067": [],
      "GO:0098993": [],
      "GO:0098850": [],
      "GO:0030285": [
        "SV2C"
      ],
      "GO:0098674": [],
      "GO:0099066": [],
      "SYNGO:presyn_er_membrane_integral": [],
      "SYNGO:presyn_ser_membrane": [],
      "GO:0099065": [],
      "GO:0098892": [],
      "GO:0099060": [
        "GABRG2",
        "KCND2"
      ],
      "GO:0099092": [
        "CABP1",
        "CTNNA2"
      ],
      "GO:0098839": [],
      "GO:0099164": [],
      "GO:0098999": [],
      "GO:0098896": [],
      "GO:0098944": [],
      "SYNGO:postsyn_er_membrane_integral": [],
      "SYNGO:postsyn_ser_membrane": [],
      "SYNGO:presyn_ser_membrane_integral": [
        "ITPR1"
      ],
      "GO:0099031": [
        "NTM"
      ],
      "GO:0099147": [],
      "GO:0099061": [
        "LRRC4C",
        "SORCS3",
        "NRG1"
      ],
      "GO:0098998": [],
      "GO:0099033": [],
      "GO:0099063": [],
      "SYNGO:postsyn_ser_membrane_integral": [
        "ITPR1"
      ]
    },
    "ensembl_id": {
      "GO:0045202": [
        "ENSG00000081026",
        "ENSG00000113100"
      ],
      "GO:0097060": [],
      "GO:0098793": [
        "ENSG00000078269",
        "ENSG00000134115",
        "ENSG00000148053",
        "ENSG00000155886"
      ],
      "GO:0043083": [
        "ENSG00000196569",
        "ENSG00000141668"
      ],
      "GO:0098794": [
        "ENSG00000148053",
        "ENSG00000157168",
        "ENSG00000198947",
        "ENSG00000155886"
      ],
      "GO:0099544": [],
      "GO:0099243": [],
      "GO:0099699": [],
      "GO:0099523": [
        "ENSG00000154229",
        "ENSG00000166501"
      ],
      "GO:0099569": [],
      "GO:0048786": [],
      "GO:0098833": [],
      "GO:0098830": [],
      "GO:0008021": [],
      "GO:0098992": [
        "ENSG00000176697"
      ],
      "GO:0042734": [],
      "SYNGO:presyn_ribosome": [],
      "SYNGO:presyn_er": [],
      "GO:0098965": [],
      "GO:0099524": [
        "ENSG00000152413",
        "ENSG00000182621"
      ],
      "GO:0099571": [],
      "GO:0097444": [],
      "GO:0150051": [],
      "GO:0099572": [
        "ENSG00000198947"
      ],
      "GO:0098843": [],
      "GO:0098845": [],
      "GO:0045211": [
        "ENSG00000148053"
      ],
      "SYNGO:postsyn_ribosome": [],
      "SYNGO:postsyn_er": [],
      "GO:0098966": [],
      "GO:0099182": [],
      "GO:0099143": [],
      "GO:0098831": [
        "ENSG00000066032"
      ],
      "GO:0048787": [],
      "GO:0098835": [],
      "GO:0098954": [],
      "GO:0034592": [],
      "GO:0030672": [],
      "GO:0099013": [],
      "GO:0099012": [],
      "GO:0099026": [
        "ENSG00000134115"
      ],
      "GO:0098888": [
        "ENSG00000066032"
      ],
      "GO:0099056": [
        "ENSG00000149403",
        "ENSG00000113100",
        "ENSG00000144285"
      ],
      "SYNGO:presyn_er_membrane": [],
      "SYNGO:presyn_ser": [],
      "GO:0099160": [],
      "GO:0098871": [],
      "GO:0150050": [],
      "GO:0099189": [],
      "GO:0098897": [],
      "GO:0099091": [],
      "GO:0099634": [],
      "GO:0014069": [
        "ENSG00000152413",
        "ENSG00000169851"
      ],
      "GO:0099629": [],
      "GO:0098844": [],
      "GO:0098895": [],
      "GO:0098842": [],
      "GO:0098837": [],
      "GO:0099025": [],
      "GO:0098890": [
        "ENSG00000066032"
      ],
      "GO:0099055": [
        "ENSG00000099250",
        "ENSG00000183023",
        "ENSG00000113100",
        "ENSG00000149403",
        "ENSG00000117114",
        "ENSG00000184408"
      ],
      "SYNGO:postsyn_er_membrane": [],
      "SYNGO:postsyn_ser": [],
      "GO:0099029": [
        "ENSG00000182667"
      ],
      "GO:0098891": [],
      "GO:0099059": [
        "ENSG00000157168"
      ],
      "GO:0098894": [],
      "GO:0099067": [],
      "GO:0098993": [],
      "GO:0098850": [],
      "GO:0030285": [
        "ENSG00000122012"
      ],
      "GO:0098674": [],
      "GO:0099066": [],
      "SYNGO:presyn_er_membrane_integral": [],
      "SYNGO:presyn_ser_membrane": [],
      "GO:0099065": [],
      "GO:0098892": [],
      "GO:0099060": [
        "ENSG00000113327",
        "ENSG00000184408"
      ],
      "GO:0099092": [
        "ENSG00000157782",
        "ENSG00000066032"
      ],
      "GO:0098839": [],
      "GO:0099164": [],
      "GO:0098999": [],
      "GO:0098896": [],
      "GO:0098944": [],
      "SYNGO:postsyn_er_membrane_integral": [],
      "SYNGO:postsyn_ser_membrane": [],
      "SYNGO:presyn_ser_membrane_integral": [
        "ENSG00000150995"
      ],
      "GO:0099031": [
        "ENSG00000182667"
      ],
      "GO:0099147": [],
      "GO:0099061": [
        "ENSG00000148948",
        "ENSG00000156395",
        "ENSG00000157168"
      ],
      "GO:0098998": [],
      "GO:0099033": [],
      "GO:0099063": [],
      "SYNGO:postsyn_ser_membrane_integral": [
        "ENSG00000150995"
      ]
    },
    "entrez_id": {
      "GO:0045202": [
        "260425",
        "1007"
      ],
      "GO:0097060": [],
      "GO:0098793": [
        "8871",
        "27255",
        "4915",
        "25769"
      ],
      "GO:0043083": [
        "3908",
        "147381"
      ],
      "GO:0098794": [
        "4915",
        "3084",
        "1756",
        "25769"
      ],
      "GO:0099544": [],
      "GO:0099243": [],
      "GO:0099699": [],
      "GO:0099523": [
        "5578",
        "5579"
      ],
      "GO:0099569": [],
      "GO:0048786": [],
      "GO:0098833": [],
      "GO:0098830": [],
      "GO:0008021": [],
      "GO:0098992": [
        "627"
      ],
      "GO:0042734": [],
      "SYNGO:presyn_ribosome": [],
      "SYNGO:presyn_er": [],
      "GO:0098965": [],
      "GO:0099524": [
        "9456",
        "23236"
      ],
      "GO:0099571": [],
      "GO:0097444": [],
      "GO:0150051": [],
      "GO:0099572": [
        "1756"
      ],
      "GO:0098843": [],
      "GO:0098845": [],
      "GO:0045211": [
        "4915"
      ],
      "SYNGO:postsyn_ribosome": [],
      "SYNGO:postsyn_er": [],
      "GO:0098966": [],
      "GO:0099182": [],
      "GO:0099143": [],
      "GO:0098831": [
        "1496"
      ],
      "GO:0048787": [],
      "GO:0098835": [],
      "GO:0098954": [],
      "GO:0034592": [],
      "GO:0030672": [],
      "GO:0099013": [],
      "GO:0099012": [],
      "GO:0099026": [
        "27255"
      ],
      "GO:0098888": [
        "1496"
      ],
      "GO:0099056": [
        "2900",
        "1007",
        "6323"
      ],
      "SYNGO:presyn_er_membrane": [],
      "SYNGO:presyn_ser": [],
      "GO:0099160": [],
      "GO:0098871": [],
      "GO:0150050": [],
      "GO:0099189": [],
      "GO:0098897": [],
      "GO:0099091": [],
      "GO:0099634": [],
      "GO:0014069": [
        "9456",
        "5099"
      ],
      "GO:0099629": [],
      "GO:0098844": [],
      "GO:0098895": [],
      "GO:0098842": [],
      "GO:0098837": [],
      "GO:0099025": [],
      "GO:0098890": [
        "1496"
      ],
      "GO:0099055": [
        "8829",
        "6546",
        "1007",
        "2900",
        "23266",
        "3751"
      ],
      "SYNGO:postsyn_er_membrane": [],
      "SYNGO:postsyn_ser": [],
      "GO:0099029": [
        "50863"
      ],
      "GO:0098891": [],
      "GO:0099059": [
        "3084"
      ],
      "GO:0098894": [],
      "GO:0099067": [],
      "GO:0098993": [],
      "GO:0098850": [],
      "GO:0030285": [
        "22987"
      ],
      "GO:0098674": [],
      "GO:0099066": [],
      "SYNGO:presyn_er_membrane_integral": [],
      "SYNGO:presyn_ser_membrane": [],
      "GO:0099065": [],
      "GO:0098892": [],
      "GO:0099060": [
        "2566",
        "3751"
      ],
      "GO:0099092": [
        "9478",
        "1496"
      ],
      "GO:0098839": [],
      "GO:0099164": [],
      "GO:0098999": [],
      "GO:0098896": [],
      "GO:0098944": [],
      "SYNGO:postsyn_er_membrane_integral": [],
      "SYNGO:postsyn_ser_membrane": [],
      "SYNGO:presyn_ser_membrane_integral": [
        "3708"
      ],
      "GO:0099031": [
        "50863"
      ],
      "GO:0099147": [],
      "GO:0099061": [
        "57689",
        "22986",
        "3084"
      ],
      "GO:0098998": [],
      "GO:0099033": [],
      "GO:0099063": [],
      "SYNGO:postsyn_ser_membrane_integral": [
        "3708"
      ]
    }
  },
  "aggregate": {
    "hgnc_id": {
      "GO:0045202": [
        "HGNC:29647",
        "HGNC:1768",
        "HGNC:11504",
        "HGNC:2176",
        "HGNC:8032",
        "HGNC:10976",
        "HGNC:9393",
        "HGNC:9395",
        "HGNC:2510",
        "HGNC:17941",
        "HGNC:7997",
        "HGNC:30670",
        "HGNC:1033",
        "HGNC:4582",
        "HGNC:10585",
        "HGNC:6180",
        "HGNC:6482",
        "HGNC:1544",
        "HGNC:2928",
        "HGNC:17512",
        "HGNC:15917",
        "HGNC:4087",
        "HGNC:6238",
        "HGNC:8659",
        "HGNC:1384",
        "HGNC:29317",
        "HGNC:16699",
        "HGNC:8004",
        "HGNC:11068",
        "HGNC:18582"
      ],
      "GO:0097060": [],
      "GO:0098793": [
        "HGNC:11504",
        "HGNC:2176",
        "HGNC:8032",
        "HGNC:10976",
        "HGNC:9393",
        "HGNC:9395",
        "HGNC:2510",
        "HGNC:17941",
        "HGNC:7997",
        "HGNC:30670",
        "HGNC:1033",
        "HGNC:4582",
        "HGNC:1768",
        "HGNC:10585",
        "HGNC:6180"
      ],
      "GO:0043083": [
        "HGNC:6482",
        "HGNC:1544"
      ],
      "GO:0098794": [
        "HGNC:8032",
        "HGNC:7997",
        "HGNC:2928",
        "HGNC:10976",
        "HGNC:17512",
        "HGNC:15917",
        "HGNC:4087",
        "HGNC:6238",
        "HGNC:8659",
        "HGNC:1384",
        "HGNC:2510",
        "HGNC:17941",
        "HGNC:29317",
        "HGNC:16699",
        "HGNC:8004",
        "HGNC:11068",
        "HGNC:1768",
        "HGNC:4582",
        "HGNC:18582",
        "HGNC:6180"
      ],
      "GO:0099544": [],
      "GO:0099243": [],
      "GO:0099699": [],
      "GO:0099523": [
        "HGNC:9393",
        "HGNC:9395"
      ],
      "GO:0099569": [],
      "GO:0048786": [
        "HGNC:2510",
        "HGNC:17941",
        "HGNC:7997"
      ],
      "GO:0098833": [],
      "GO:0098830": [],
      "GO:0008021": [
        "HGNC:30670"
      ],
      "GO:0098992": [
        "HGNC:1033"
      ],
      "GO:0042734": [
        "HGNC:2176",
        "HGNC:2510",
        "HGNC:4582",
        "HGNC:1768",
        "HGNC:10585"
      ],
      "SYNGO:presyn_ribosome": [],
      "SYNGO:presyn_er": [
        "HGNC:6180"
      ],
      "GO:0098965": [],
      "GO:0099524": [
        "HGNC:17512",
        "HGNC:15917"
      ],
      "GO:0099571": [],
      "GO:0097444": [],
      "GO:0150051": [],
      "GO:0099572": [
        "HGNC:2928",
        "HGNC:4087",
        "HGNC:6238",
        "HGNC:17512",
        "HGNC:8659",
        "HGNC:1384",
        "HGNC:2510",
        "HGNC:17941",
        "HGNC:29317",
        "HGNC:16699",
        "HGNC:7997"
      ],
      "GO:0098843": [],
      "GO:0098845": [],
      "GO:0045211": [
        "HGNC:8032",
        "HGNC:2510",
        "HGNC:8004",
        "HGNC:11068",
        "HGNC:1768",
        "HGNC:4582",
        "HGNC:18582",
        "HGNC:6238"
      ],
      "SYNGO:postsyn_ribosome": [],
      "SYNGO:postsyn_er": [
        "HGNC:6180"
      ],
      "GO:0098966": [],
      "GO:0099182": [],
      "GO:0099143": [],
      "GO:0098831": [
        "HGNC:2510"
      ],
      "GO:0048787": [
        "HGNC:17941",
        "HGNC:7997"
      ],
      "GO:0098835": [],
      "GO:0098954": [],
      "GO:0034592": [],
      "GO:0030672": [
        "HGNC:30670"
      ],
      "GO:0099013": [],
      "GO:0099012": [],
      "GO:0099026": [
        "HGNC:2176"
      ],
      "GO:0098888": [
        "HGNC:2510"
      ],
      "GO:0099056": [
        "HGNC:4582",
        "HGNC:1768",
        "HGNC:10585"
      ],
      "SYNGO:presyn_er_membrane": [],
      "SYNGO:presyn_ser": [
        "HGNC:6180"
      ],
      "GO:0099160": [],
      "GO:0098871": [],
      "GO:0150050": [],
      "GO:0099189": [],
      "GO:0098897": [],
      "GO:0099091": [],
      "GO:0099634": [
        "HGNC:4087",
        "HGNC:6238"
      ],
      "GO:0014069": [
        "HGNC:17512",
        "HGNC:8659",
        "HGNC:1384",
        "HGNC:2510",
        "HGNC:17941",
        "HGNC:29317",
        "HGNC:16699",
        "HGNC:7997"
      ],
      "GO:0099629": [],
      "GO:0098844": [],
      "GO:0098895": [],
      "GO:0098842": [],
      "GO:0098837": [],
      "GO:0099025": [],
      "GO:0098890": [
        "HGNC:2510"
      ],
      "GO:0099055": [
        "HGNC:8004",
        "HGNC:11068",
        "HGNC:1768",
        "HGNC:4582",
        "HGNC:18582",
        "HGNC:6238"
      ],
      "SYNGO:postsyn_er_membrane": [],
      "SYNGO:postsyn_ser": [
        "HGNC:6180"
      ],
      "GO:0099029": [
        "HGNC:17941"
      ],
      "GO:0098891": [],
      "GO:0099059": [
        "HGNC:7997"
      ],
      "GO:0098894": [],
      "GO:0099067": [],
      "GO:0098993": [],
      "GO:0098850": [],
      "GO:0030285": [
        "HGNC:30670"
      ],
      "GO:0098674": [],
      "GO:0099066": [],
      "SYNGO:presyn_er_membrane_integral": [],
      "SYNGO:presyn_ser_membrane": [
        "HGNC:6180"
      ],
      "GO:0099065": [],
      "GO:0098892": [],
      "GO:0099060": [
        "HGNC:4087",
        "HGNC:6238"
      ],
      "GO:0099092": [
        "HGNC:1384",
        "HGNC:2510"
      ],
      "GO:0098839": [
        "HGNC:17941",
        "HGNC:29317",
        "HGNC:16699",
        "HGNC:7997"
      ],
      "GO:0099164": [],
      "GO:0098999": [],
      "GO:0098896": [],
      "GO:0098944": [],
      "SYNGO:postsyn_er_membrane_integral": [],
      "SYNGO:postsyn_ser_membrane": [
        "HGNC:6180"
      ],
      "SYNGO:presyn_ser_membrane_integral": [
        "HGNC:6180"
      ],
      "GO:0099031": [
        "HGNC:17941"
      ],
      "GO:0099147": [],
      "GO:0099061": [
        "HGNC:29317",
        "HGNC:16699",
        "HGNC:7997"
      ],
      "GO:0098998": [],
      "GO:0099033": [],
      "GO:0099063": [],
      "SYNGO:postsyn_ser_membrane_integral": [
        "HGNC:6180"
      ]
    },
    "hgnc_symbol": {
      "GO:0045202": [
        "MAGI3",
        "CDH9",
        "SYNJ2",
        "CNTN6",
        "NTRK2",
        "SLC24A2",
        "PRKCA",
        "PRKCB",
        "CTNNA2",
        "NTM",
        "NRG1",
        "SV2C",
        "BDNF",
        "GRIK4",
        "SCN1A",
        "ITPR1",
        "LAMA2",
        "CBLN2",
        "DMD",
        "HOMER1",
        "PLCB1",
        "GABRG2",
        "KCND2",
        "PCDH7",
        "CABP1",
        "LRRC4C",
        "SORCS3",
        "NRP1",
        "SLC8A1",
        "ADGRL2"
      ],
      "GO:0097060": [],
      "GO:0098793": [
        "SYNJ2",
        "CNTN6",
        "NTRK2",
        "SLC24A2",
        "PRKCA",
        "PRKCB",
        "CTNNA2",
        "NTM",
        "NRG1",
        "SV2C",
        "BDNF",
        "GRIK4",
        "CDH9",
        "SCN1A",
        "ITPR1"
      ],
      "GO:0043083": [
        "LAMA2",
        "CBLN2"
      ],
      "GO:0098794": [
        "NTRK2",
        "NRG1",
        "DMD",
        "SLC24A2",
        "HOMER1",
        "PLCB1",
        "GABRG2",
        "KCND2",
        "PCDH7",
        "CABP1",
        "CTNNA2",
        "NTM",
        "LRRC4C",
        "SORCS3",
        "NRP1",
        "SLC8A1",
        "CDH9",
        "GRIK4",
        "ADGRL2",
        "ITPR1"
      ],
      "GO:0099544": [],
      "GO:0099243": [],
      "GO:0099699": [],
      "GO:0099523": [
        "PRKCA",
        "PRKCB"
      ],
      "GO:0099569": [],
      "GO:0048786": [
        "CTNNA2",
        "NTM",
        "NRG1"
      ],
      "GO:0098833": [],
      "GO:0098830": [],
      "GO:0008021": [
        "SV2C"
      ],
      "GO:0098992": [
        "BDNF"
      ],
      "GO:0042734": [
        "CNTN6",
        "CTNNA2",
        "GRIK4",
        "CDH9",
        "SCN1A"
      ],
      "SYNGO:presyn_ribosome": [],
      "SYNGO:presyn_er": [
        "ITPR1"
      ],
      "GO:0098965": [],
      "GO:0099524": [
        "HOMER1",
        "PLCB1"
      ],
      "GO:0099571": [],
      "GO:0097444": [],
      "GO:0150051": [],
      "GO:0099572": [
        "DMD",
        "GABRG2",
        "KCND2",
        "HOMER1",
        "PCDH7",
        "CABP1",
        "CTNNA2",
        "NTM",
        "LRRC4C",
        "SORCS3",
        "NRG1"
      ],
      "GO:0098843": [],
      "GO:0098845": [],
      "GO:0045211": [
        "NTRK2",
        "CTNNA2",
        "NRP1",
        "SLC8A1",
        "CDH9",
        "GRIK4",
        "ADGRL2",
        "KCND2"
      ],
      "SYNGO:postsyn_ribosome": [],
      "SYNGO:postsyn_er": [
        "ITPR1"
      ],
      "GO:0098966": [],
      "GO:0099182": [],
      "GO:0099143": [],
      "GO:0098831": [
        "CTNNA2"
      ],
      "GO:0048787": [
        "NTM",
        "NRG1"
      ],
      "GO:0098835": [],
      "GO:0098954": [],
      "GO:0034592": [],
      "GO:0030672": [
        "SV2C"
      ],
      "GO:0099013": [],
      "GO:0099012": [],
      "GO:0099026": [
        "CNTN6"
      ],
      "GO:0098888": [
        "CTNNA2"
      ],
      "GO:0099056": [
        "GRIK4",
        "CDH9",
        "SCN1A"
      ],
      "SYNGO:presyn_er_membrane": [],
      "SYNGO:presyn_ser": [
        "ITPR1"
      ],
      "GO:0099160": [],
      "GO:0098871": [],
      "GO:0150050": [],
      "GO:0099189": [],
      "GO:0098897": [],
      "GO:0099091": [],
      "GO:0099634": [
        "GABRG2",
        "KCND2"
      ],
      "GO:0014069": [
        "HOMER1",
        "PCDH7",
        "CABP1",
        "CTNNA2",
        "NTM",
        "LRRC4C",
        "SORCS3",
        "NRG1"
      ],
      "GO:0099629": [],
      "GO:0098844": [],
      "GO:0098895": [],
      "GO:0098842": [],
      "GO:0098837": [],
      "GO:0099025": [],
      "GO:0098890": [
        "CTNNA2"
      ],
      "GO:0099055": [
        "NRP1",
        "SLC8A1",
        "CDH9",
        "GRIK4",
        "ADGRL2",
        "KCND2"
      ],
      "SYNGO:postsyn_er_membrane": [],
      "SYNGO:postsyn_ser": [
        "ITPR1"
      ],
      "GO:0099029": [
        "NTM"
      ],
      "GO:0098891": [],
      "GO:0099059": [
        "NRG1"
      ],
      "GO:0098894": [],
      "GO:0099067": [],
      "GO:0098993": [],
      "GO:0098850": [],
      "GO:0030285": [
        "SV2C"
      ],
      "GO:0098674": [],
      "GO:0099066": [],
      "SYNGO:presyn_er_membrane_integral": [],
      "SYNGO:presyn_ser_membrane": [
        "ITPR1"
      ],
      "GO:0099065": [],
      "GO:0098892": [],
      "GO:0099060": [
        "GABRG2",
        "KCND2"
      ],
      "GO:0099092": [
        "CABP1",
        "CTNNA2"
      ],
      "GO:0098839": [
        "NTM",
        "LRRC4C",
        "SORCS3",
        "NRG1"
      ],
      "GO:0099164": [],
      "GO:0098999": [],
      "GO:0098896": [],
      "GO:0098944": [],
      "SYNGO:postsyn_er_membrane_integral": [],
      "SYNGO:postsyn_ser_membrane": [
        "ITPR1"
      ],
      "SYNGO:presyn_ser_membrane_integral": [
        "ITPR1"
      ],
      "GO:0099031": [
        "NTM"
      ],
      "GO:0099147": [],
      "GO:0099061": [
        "LRRC4C",
        "SORCS3",
        "NRG1"
      ],
      "GO:0098998": [],
      "GO:0099033": [],
      "GO:0099063": [],
      "SYNGO:postsyn_ser_membrane_integral": [
        "ITPR1"
      ]
    },
    "ensembl_id": {
      "GO:0045202": [
        "ENSG00000081026",
        "ENSG00000113100",
        "ENSG00000078269",
        "ENSG00000134115",
        "ENSG00000148053",
        "ENSG00000155886",
        "ENSG00000154229",
        "ENSG00000166501",
        "ENSG00000066032",
        "ENSG00000182667",
        "ENSG00000157168",
        "ENSG00000122012",
        "ENSG00000176697",
        "ENSG00000149403",
        "ENSG00000144285",
        "ENSG00000150995",
        "ENSG00000196569",
        "ENSG00000141668",
        "ENSG00000198947",
        "ENSG00000152413",
        "ENSG00000182621",
        "ENSG00000113327",
        "ENSG00000184408",
        "ENSG00000169851",
        "ENSG00000157782",
        "ENSG00000148948",
        "ENSG00000156395",
        "ENSG00000099250",
        "ENSG00000183023",
        "ENSG00000117114"
      ],
      "GO:0097060": [],
      "GO:0098793": [
        "ENSG00000078269",
        "ENSG00000134115",
        "ENSG00000148053",
        "ENSG00000155886",
        "ENSG00000154229",
        "ENSG00000166501",
        "ENSG00000066032",
        "ENSG00000182667",
        "ENSG00000157168",
        "ENSG00000122012",
        "ENSG00000176697",
        "ENSG00000149403",
        "ENSG00000113100",
        "ENSG00000144285",
        "ENSG00000150995"
      ],
      "GO:0043083": [
        "ENSG00000196569",
        "ENSG00000141668"
      ],
      "GO:0098794": [
        "ENSG00000148053",
        "ENSG00000157168",
        "ENSG00000198947",
        "ENSG00000155886",
        "ENSG00000152413",
        "ENSG00000182621",
        "ENSG00000113327",
        "ENSG00000184408",
        "ENSG00000169851",
        "ENSG00000157782",
        "ENSG00000066032",
        "ENSG00000182667",
        "ENSG00000148948",
        "ENSG00000156395",
        "ENSG00000099250",
        "ENSG00000183023",
        "ENSG00000113100",
        "ENSG00000149403",
        "ENSG00000117114",
        "ENSG00000150995"
      ],
      "GO:0099544": [],
      "GO:0099243": [],
      "GO:0099699": [],
      "GO:0099523": [
        "ENSG00000154229",
        "ENSG00000166501"
      ],
      "GO:0099569": [],
      "GO:0048786": [
        "ENSG00000066032",
        "ENSG00000182667",
        "ENSG00000157168"
      ],
      "GO:0098833": [],
      "GO:0098830": [],
      "GO:0008021": [
        "ENSG00000122012"
      ],
      "GO:0098992": [
        "ENSG00000176697"
      ],
      "GO:0042734": [
        "ENSG00000134115",
        "ENSG00000066032",
        "ENSG00000149403",
        "ENSG00000113100",
        "ENSG00000144285"
      ],
      "SYNGO:presyn_ribosome": [],
      "SYNGO:presyn_er": [
        "ENSG00000150995"
      ],
      "GO:0098965": [],
      "GO:0099524": [
        "ENSG00000152413",
        "ENSG00000182621"
      ],
      "GO:0099571": [],
      "GO:0097444": [],
      "GO:0150051": [],
      "GO:0099572": [
        "ENSG00000198947",
        "ENSG00000113327",
        "ENSG00000184408",
        "ENSG00000152413",
        "ENSG00000169851",
        "ENSG00000157782",
        "ENSG00000066032",
        "ENSG00000182667",
        "ENSG00000148948",
        "ENSG00000156395",
        "ENSG00000157168"
      ],
      "GO:0098843": [],
      "GO:0098845": [],
      "GO:0045211": [
        "ENSG00000148053",
        "ENSG00000066032",
        "ENSG00000099250",
        "ENSG00000183023",
        "ENSG00000113100",
        "ENSG00000149403",
        "ENSG00000117114",
        "ENSG00000184408"
      ],
      "SYNGO:postsyn_ribosome": [],
      "SYNGO:postsyn_er": [
        "ENSG00000150995"
      ],
      "GO:0098966": [],
      "GO:0099182": [],
      "GO:0099143": [],
      "GO:0098831": [
        "ENSG00000066032"
      ],
      "GO:0048787": [
        "ENSG00000182667",
        "ENSG00000157168"
      ],
      "GO:0098835": [],
      "GO:0098954": [],
      "GO:0034592": [],
      "GO:0030672": [
        "ENSG00000122012"
      ],
      "GO:0099013": [],
      "GO:0099012": [],
      "GO:0099026": [
        "ENSG00000134115"
      ],
      "GO:0098888": [
        "ENSG00000066032"
      ],
      "GO:0099056": [
        "ENSG00000149403",
        "ENSG00000113100",
        "ENSG00000144285"
      ],
      "SYNGO:presyn_er_membrane": [],
      "SYNGO:presyn_ser": [
        "ENSG00000150995"
      ],
      "GO:0099160": [],
      "GO:0098871": [],
      "GO:0150050": [],
      "GO:0099189": [],
      "GO:0098897": [],
      "GO:0099091": [],
      "GO:0099634": [
        "ENSG00000113327",
        "ENSG00000184408"
      ],
      "GO:0014069": [
        "ENSG00000152413",
        "ENSG00000169851",
        "ENSG00000157782",
        "ENSG00000066032",
        "ENSG00000182667",
        "ENSG00000148948",
        "ENSG00000156395",
        "ENSG00000157168"
      ],
      "GO:0099629": [],
      "GO:0098844": [],
      "GO:0098895": [],
      "GO:0098842": [],
      "GO:0098837": [],
      "GO:0099025": [],
      "GO:0098890": [
        "ENSG00000066032"
      ],
      "GO:0099055": [
        "ENSG00000099250",
        "ENSG00000183023",
        "ENSG00000113100",
        "ENSG00000149403",
        "ENSG00000117114",
        "ENSG00000184408"
      ],
      "SYNGO:postsyn_er_membrane": [],
      "SYNGO:postsyn_ser": [
        "ENSG00000150995"
      ],
      "GO:0099029": [
        "ENSG00000182667"
      ],
      "GO:0098891": [],
      "GO:0099059": [
        "ENSG00000157168"
      ],
      "GO:0098894": [],
      "GO:0099067": [],
      "GO:0098993": [],
      "GO:0098850": [],
      "GO:0030285": [
        "ENSG00000122012"
      ],
      "GO:0098674": [],
      "GO:0099066": [],
      "SYNGO:presyn_er_membrane_integral": [],
      "SYNGO:presyn_ser_membrane": [
        "ENSG00000150995"
      ],
      "GO:0099065": [],
      "GO:0098892": [],
      "GO:0099060": [
        "ENSG00000113327",
        "ENSG00000184408"
      ],
      "GO:0099092": [
        "ENSG00000157782",
        "ENSG00000066032"
      ],
      "GO:0098839": [
        "ENSG00000182667",
        "ENSG00000148948",
        "ENSG00000156395",
        "ENSG00000157168"
      ],
      "GO:0099164": [],
      "GO:0098999": [],
      "GO:0098896": [],
      "GO:0098944": [],
      "SYNGO:postsyn_er_membrane_integral": [],
      "SYNGO:postsyn_ser_membrane": [
        "ENSG00000150995"
      ],
      "SYNGO:presyn_ser_membrane_integral": [
        "ENSG00000150995"
      ],
      "GO:0099031": [
        "ENSG00000182667"
      ],
      "GO:0099147": [],
      "GO:0099061": [
        "ENSG00000148948",
        "ENSG00000156395",
        "ENSG00000157168"
      ],
      "GO:0098998": [],
      "GO:0099033": [],
      "GO:0099063": [],
      "SYNGO:postsyn_ser_membrane_integral": [
        "ENSG00000150995"
      ]
    },
    "entrez_id": {
      "GO:0045202": [
        "260425",
        "1007",
        "8871",
        "27255",
        "4915",
        "25769",
        "5578",
        "5579",
        "1496",
        "50863",
        "3084",
        "22987",
        "627",
        "2900",
        "6323",
        "3708",
        "3908",
        "147381",
        "1756",
        "9456",
        "23236",
        "2566",
        "3751",
        "5099",
        "9478",
        "57689",
        "22986",
        "8829",
        "6546",
        "23266"
      ],
      "GO:0097060": [],
      "GO:0098793": [
        "8871",
        "27255",
        "4915",
        "25769",
        "5578",
        "5579",
        "1496",
        "50863",
        "3084",
        "22987",
        "627",
        "2900",
        "1007",
        "6323",
        "3708"
      ],
      "GO:0043083": [
        "3908",
        "147381"
      ],
      "GO:0098794": [
        "4915",
        "3084",
        "1756",
        "25769",
        "9456",
        "23236",
        "2566",
        "3751",
        "5099",
        "9478",
        "1496",
        "50863",
        "57689",
        "22986",
        "8829",
        "6546",
        "1007",
        "2900",
        "23266",
        "3708"
      ],
      "GO:0099544": [],
      "GO:0099243": [],
      "GO:0099699": [],
      "GO:0099523": [
        "5578",
        "5579"
      ],
      "GO:0099569": [],
      "GO:0048786": [
        "1496",
        "50863",
        "3084"
      ],
      "GO:0098833": [],
      "GO:0098830": [],
      "GO:0008021": [
        "22987"
      ],
      "GO:0098992": [
        "627"
      ],
      "GO:0042734": [
        "27255",
        "1496",
        "2900",
        "1007",
        "6323"
      ],
      "SYNGO:presyn_ribosome": [],
      "SYNGO:presyn_er": [
        "3708"
      ],
      "GO:0098965": [],
      "GO:0099524": [
        "9456",
        "23236"
      ],
      "GO:0099571": [],
      "GO:0097444": [],
      "GO:0150051": [],
      "GO:0099572": [
        "1756",
        "2566",
        "3751",
        "9456",
        "5099",
        "9478",
        "1496",
        "50863",
        "57689",
        "22986",
        "3084"
      ],
      "GO:0098843": [],
      "GO:0098845": [],
      "GO:0045211": [
        "4915",
        "1496",
        "8829",
        "6546",
        "1007",
        "2900",
        "23266",
        "3751"
      ],
      "SYNGO:postsyn_ribosome": [],
      "SYNGO:postsyn_er": [
        "3708"
      ],
      "GO:0098966": [],
      "GO:0099182": [],
      "GO:0099143": [],
      "GO:0098831": [
        "1496"
      ],
      "GO:0048787": [
        "50863",
        "3084"
      ],
      "GO:0098835": [],
      "GO:0098954": [],
      "GO:0034592": [],
      "GO:0030672": [
        "22987"
      ],
      "GO:0099013": [],
      "GO:0099012": [],
      "GO:0099026": [
        "27255"
      ],
      "GO:0098888": [
        "1496"
      ],
      "GO:0099056": [
        "2900",
        "1007",
        "6323"
      ],
      "SYNGO:presyn_er_membrane": [],
      "SYNGO:presyn_ser": [
        "3708"
      ],
      "GO:0099160": [],
      "GO:0098871": [],
      "GO:0150050": [],
      "GO:0099189": [],
      "GO:0098897": [],
      "GO:0099091": [],
      "GO:0099634": [
        "2566",
        "3751"
      ],
      "GO:0014069": [
        "9456",
        "5099",
        "9478",
        "1496",
        "50863",
        "57689",
        "22986",
        "3084"
      ],
      "GO:0099629": [],
      "GO:0098844": [],
      "GO:0098895": [],
      "GO:0098842": [],
      "GO:0098837": [],
      "GO:0099025": [],
      "GO:0098890": [
        "1496"
      ],
      "GO:0099055": [
        "8829",
        "6546",
        "1007",
        "2900",
        "23266",
        "3751"
      ],
      "SYNGO:postsyn_er_membrane": [],
      "SYNGO:postsyn_ser": [
        "3708"
      ],
      "GO:0099029": [
        "50863"
      ],
      "GO:0098891": [],
      "GO:0099059": [
        "3084"
      ],
      "GO:0098894": [],
      "GO:0099067": [],
      "GO:0098993": [],
      "GO:0098850": [],
      "GO:0030285": [
        "22987"
      ],
      "GO:0098674": [],
      "GO:0099066": [],
      "SYNGO:presyn_er_membrane_integral": [],
      "SYNGO:presyn_ser_membrane": [
        "3708"
      ],
      "GO:0099065": [],
      "GO:0098892": [],
      "GO:0099060": [
        "2566",
        "3751"
      ],
      "GO:0099092": [
        "9478",
        "1496"
      ],
      "GO:0098839": [
        "50863",
        "57689",
        "22986",
        "3084"
      ],
      "GO:0099164": [],
      "GO:0098999": [],
      "GO:0098896": [],
      "GO:0098944": [],
      "SYNGO:postsyn_er_membrane_integral": [],
      "SYNGO:postsyn_ser_membrane": [
        "3708"
      ],
      "SYNGO:presyn_ser_membrane_integral": [
        "3708"
      ],
      "GO:0099031": [
        "50863"
      ],
      "GO:0099147": [],
      "GO:0099061": [
        "57689",
        "22986",
        "3084"
      ],
      "GO:0098998": [],
      "GO:0099033": [],
      "GO:0099063": [],
      "SYNGO:postsyn_ser_membrane_integral": [
        "3708"
      ]
    }
  }
}