[
  {
    "user_input_genelist": "LOC105370307",
    "idmap": []
  },
  {
    "user_input_genelist": "BDNF",
    "idmap": [
      {
        "ensembl_id": "ENSG00000176697",
        "entrez_id": "627",
        "hgnc_id": "HGNC:1033",
        "hgnc_name": "brain derived neurotrophic factor",
        "hgnc_symbol": "BDNF",
        "hgnc_synonyms": [],
        "user_input_genelist": [
          "BDNF"
        ]
      }
    ]
  },
  {
    "user_input_genelist": "NKAIN3",
    "idmap": []
  },
  {
    "user_input_genelist": "LOC105379003",
    "idmap": []
  },
  {
    "user_input_genelist": "SORCS3",
    "idmap": [
      {
        "ensembl_id": "ENSG00000156395",
        "entrez_id": "22986",
        "hgnc_id": "HGNC:16699",
        "hgnc_name": "sortilin related VPS10 domain containing receptor 3",
        "hgnc_symbol": "SORCS3",
        "hgnc_synonyms": [
          "KIAA1059",
          "SORCS"
        ],
        "user_input_genelist": [
          "SORCS3"
        ]
      }
    ]
  },
  {
    "user_input_genelist": "ADGRL2",
    "idmap": [
      {
        "ensembl_id": "ENSG00000117114",
        "entrez_id": "23266",
        "hgnc_id": "HGNC:18582",
        "hgnc_name": "adhesion G protein-coupled receptor L2",
        "hgnc_symbol": "ADGRL2",
        "hgnc_synonyms": [
          "KIAA0786",
          "LEC1",
          "CIRL2",
          "LPHH1",
          "LPHN2"
        ],
        "user_input_genelist": [
          "ADGRL2"
        ]
      }
    ]
  },
  {
    "user_input_genelist": "PCDH11Y",
    "idmap": []
  },
  {
    "user_input_genelist": "SV2C",
    "idmap": [
      {
        "ensembl_id": "ENSG00000122012",
        "entrez_id": "22987",
        "hgnc_id": "HGNC:30670",
        "hgnc_name": "synaptic vesicle glycoprotein 2C",
        "hgnc_symbol": "SV2C",
        "hgnc_synonyms": [
          "SLC22B3"
        ],
        "user_input_genelist": [
          "SV2C"
        ]
      }
    ]
  },
  {
    "user_input_genelist": "BMPR1B",
    "idmap": []
  },
  {
    "user_input_genelist": "CBLN2",
    "idmap": [
      {
        "ensembl_id": "ENSG00000141668",
        "entrez_id": "147381",
        "hgnc_id": "HGNC:1544",
        "hgnc_name": "cerebellin 2 precursor",
        "hgnc_symbol": "CBLN2",
        "hgnc_synonyms": [],
        "user_input_genelist": [
          "CBLN2"
        ]
      }
    ]
  },
  {
    "user_input_genelist": "LOC105378837",
    "idmap": []
  },
  {
    "user_input_genelist": "LRP1B",
    "idmap": []
  },
  {
    "user_input_genelist": "SLC24A2",
    "idmap": [
      {
        "ensembl_id": "ENSG00000155886",
        "entrez_id": "25769",
        "hgnc_id": "HGNC:10976",
        "hgnc_name": "solute carrier family 24 member 2",
        "hgnc_symbol": "SLC24A2",
        "hgnc_synonyms": [
          "NCKX2"
        ],
        "user_input_genelist": [
          "SLC24A2"
        ]
      }
    ]
  },
  {
    "user_input_genelist": "ZNF385D",
    "idmap": []
  },
  {
    "user_input_genelist": "SERPINE2",
    "idmap": []
  },
  {
    "user_input_genelist": "PSME4",
    "idmap": []
  },
  {
    "user_input_genelist": "ANO4",
    "idmap": []
  },
  {
    "user_input_genelist": "SLC8A1",
    "idmap": [
      {
        "ensembl_id": "ENSG00000183023",
        "entrez_id": "6546",
        "hgnc_id": "HGNC:11068",
        "hgnc_name": "solute carrier family 8 member A1",
        "hgnc_symbol": "SLC8A1",
        "hgnc_synonyms": [
          "NCX1"
        ],
        "user_input_genelist": [
          "SLC8A1"
        ]
      }
    ]
  },
  {
    "user_input_genelist": "PRKCA",
    "idmap": [
      {
        "ensembl_id": "ENSG00000154229",
        "entrez_id": "5578",
        "hgnc_id": "HGNC:9393",
        "hgnc_name": "protein kinase C alpha",
        "hgnc_symbol": "PRKCA",
        "hgnc_synonyms": [
          "PKCA",
          "PKCA"
        ],
        "user_input_genelist": [
          "PRKCA"
        ]
      }
    ]
  },
  {
    "user_input_genelist": "COL24A1",
    "idmap": []
  },
  {
    "user_input_genelist": "STXBP5-AS1",
    "idmap": []
  },
  {
    "user_input_genelist": "CDC14B",
    "idmap": []
  },
  {
    "user_input_genelist": "NTRK2",
    "idmap": [
      {
        "ensembl_id": "ENSG00000148053",
        "entrez_id": "4915",
        "hgnc_id": "HGNC:8032",
        "hgnc_name": "neurotrophic receptor tyrosine kinase 2",
        "hgnc_symbol": "NTRK2",
        "hgnc_synonyms": [
          "TRKB"
        ],
        "user_input_genelist": [
          "NTRK2"
        ]
      }
    ]
  },
  {
    "user_input_genelist": "EML6",
    "idmap": []
  },
  {
    "user_input_genelist": "LOC105378031",
    "idmap": []
  },
  {
    "user_input_genelist": "PAM",
    "idmap": []
  },
  {
    "user_input_genelist": "HIVEP2",
    "idmap": []
  },
  {
    "user_input_genelist": "VPS8",
    "idmap": []
  },
  {
    "user_input_genelist": "NOX4",
    "idmap": []
  },
  {
    "user_input_genelist": "ACVR1C",
    "idmap": []
  },
  {
    "user_input_genelist": "BMERB1",
    "idmap": []
  },
  {
    "user_input_genelist": "PRKCB",
    "idmap": [
      {
        "ensembl_id": "ENSG00000166501",
        "entrez_id": "5579",
        "hgnc_id": "HGNC:9395",
        "hgnc_name": "protein kinase C beta",
        "hgnc_symbol": "PRKCB",
        "hgnc_synonyms": [
          "PKCB",
          "PRKCB2",
          "PKCB",
          "PRKCB1"
        ],
        "user_input_genelist": [
          "PRKCB"
        ]
      }
    ]
  },
  {
    "user_input_genelist": "MIR31HG",
    "idmap": []
  },
  {
    "user_input_genelist": "CTNNA2",
    "idmap": [
      {
        "ensembl_id": "ENSG00000066032",
        "entrez_id": "1496",
        "hgnc_id": "HGNC:2510",
        "hgnc_name": "catenin alpha 2",
        "hgnc_symbol": "CTNNA2",
        "hgnc_synonyms": [
          "CAP-R",
          "CT114"
        ],
        "user_input_genelist": [
          "CTNNA2"
        ]
      }
    ]
  },
  {
    "user_input_genelist": "HHAT",
    "idmap": []
  },
  {
    "user_input_genelist": "PRKD1",
    "idmap": []
  },
  {
    "user_input_genelist": "PPARGC1A",
    "idmap": []
  },
  {
    "user_input_genelist": "SLC35F3",
    "idmap": []
  },
  {
    "user_input_genelist": "SORCS1",
    "idmap": []
  },
  {
    "user_input_genelist": "ARFGEF3",
    "idmap": []
  },
  {
    "user_input_genelist": "NELL1",
    "idmap": []
  },
  {
    "user_input_genelist": "CCSER1",
    "idmap": []
  },
  {
    "user_input_genelist": "CDH20",
    "idmap": []
  },
  {
    "user_input_genelist": "CABP1",
    "idmap": [
      {
        "ensembl_id": "ENSG00000157782",
        "entrez_id": "9478",
        "hgnc_id": "HGNC:1384",
        "hgnc_name": "calcium binding protein 1",
        "hgnc_symbol": "CABP1",
        "hgnc_synonyms": [],
        "user_input_genelist": [
          "CABP1"
        ]
      }
    ]
  },
  {
    "user_input_genelist": "ADGRV1",
    "idmap": []
  },
  {
    "user_input_genelist": "KIAA1217",
    "idmap": []
  },
  {
    "user_input_genelist": "GABRG2",
    "idmap": [
      {
        "ensembl_id": "ENSG00000113327",
        "entrez_id": "2566",
        "hgnc_id": "HGNC:4087",
        "hgnc_name": "gamma-aminobutyric acid type A receptor subunit gamma2",
        "hgnc_symbol": "GABRG2",
        "hgnc_synonyms": [],
        "user_input_genelist": [
          "GABRG2"
        ]
      }
    ]
  },
  {
    "user_input_genelist": "PDE7B",
    "idmap": []
  },
  {
    "user_input_genelist": "AHI1",
    "idmap": []
  },
  {
    "user_input_genelist": "SIK3",
    "idmap": []
  },
  {
    "user_input_genelist": "PLXNA4",
    "idmap": [
      {
        "ensembl_id": "ENSG00000221866",
        "entrez_id": "91584",
        "hgnc_id": "HGNC:9102",
        "hgnc_name": "plexin A4",
        "hgnc_symbol": "PLXNA4",
        "hgnc_synonyms": [
          "KIAA1550",
          "DKFZP434G0625PRO34003",
          "FAYV2820",
          "PLXNA4A",
          "PLXNA4B"
        ],
        "user_input_genelist": [
          "PLXNA4"
        ]
      }
    ]
  },
  {
    "user_input_genelist": "LOC101929201",
    "idmap": []
  },
  {
    "user_input_genelist": "LOC100507562",
    "idmap": []
  },
  {
    "user_input_genelist": "CNTN6",
    "idmap": [
      {
        "ensembl_id": "ENSG00000134115",
        "entrez_id": "27255",
        "hgnc_id": "HGNC:2176",
        "hgnc_name": "contactin 6",
        "hgnc_symbol": "CNTN6",
        "hgnc_synonyms": [
          "NB-3"
        ],
        "user_input_genelist": [
          "CNTN6"
        ]
      }
    ]
  },
  {
    "user_input_genelist": "SIK2",
    "idmap": []
  },
  {
    "user_input_genelist": "MBNL1",
    "idmap": []
  },
  {
    "user_input_genelist": "ZNF804A",
    "idmap": []
  },
  {
    "user_input_genelist": "CACNB2",
    "idmap": [
      {
        "ensembl_id": "ENSG00000165995",
        "entrez_id": "783",
        "hgnc_id": "HGNC:1402",
        "hgnc_name": "calcium voltage-gated channel auxiliary subunit beta 2",
        "hgnc_symbol": "CACNB2",
        "hgnc_synonyms": [
          "MYSB",
          "CACNLB2"
        ],
        "user_input_genelist": [
          "CACNB2"
        ]
      }
    ]
  },
  {
    "user_input_genelist": "HOMER1",
    "idmap": [
      {
        "ensembl_id": "ENSG00000152413",
        "entrez_id": "9456",
        "hgnc_id": "HGNC:17512",
        "hgnc_name": "homer scaffold protein 1",
        "hgnc_symbol": "HOMER1",
        "hgnc_synonyms": [
          "VES-1",
          "SYN47",
          "HOMER-1B"
        ],
        "user_input_genelist": [
          "HOMER1"
        ]
      }
    ]
  },
  {
    "user_input_genelist": "BRINP3",
    "idmap": []
  },
  {
    "user_input_genelist": "PEX5L",
    "idmap": []
  },
  {
    "user_input_genelist": "HSD17B12",
    "idmap": []
  },
  {
    "user_input_genelist": "SYNJ2",
    "idmap": [
      {
        "ensembl_id": "ENSG00000078269",
        "entrez_id": "8871",
        "hgnc_id": "HGNC:11504",
        "hgnc_name": "synaptojanin 2",
        "hgnc_symbol": "SYNJ2",
        "hgnc_synonyms": [
          "INPP5H"
        ],
        "user_input_genelist": [
          "SYNJ2"
        ]
      }
    ]
  },
  {
    "user_input_genelist": "VGLL4",
    "idmap": []
  },
  {
    "user_input_genelist": "SORBS1",
    "idmap": []
  },
  {
    "user_input_genelist": "PLCB1",
    "idmap": [
      {
        "ensembl_id": "ENSG00000182621",
        "entrez_id": "23236",
        "hgnc_id": "HGNC:15917",
        "hgnc_name": "phospholipase C beta 1",
        "hgnc_symbol": "PLCB1",
        "hgnc_synonyms": [
          "KIAA0581",
          "PLC-I",
          "PLC154"
        ],
        "user_input_genelist": [
          "PLCB1"
        ]
      }
    ]
  },
  {
    "user_input_genelist": "DTNA",
    "idmap": []
  },
  {
    "user_input_genelist": "SHC3",
    "idmap": []
  },
  {
    "user_input_genelist": "TRPS1",
    "idmap": []
  },
  {
    "user_input_genelist": "MEIS2",
    "idmap": []
  },
  {
    "user_input_genelist": "PTPRE",
    "idmap": []
  },
  {
    "user_input_genelist": "TMTC1",
    "idmap": []
  },
  {
    "user_input_genelist": "NRP1",
    "idmap": [
      {
        "ensembl_id": "ENSG00000099250",
        "entrez_id": "8829",
        "hgnc_id": "HGNC:8004",
        "hgnc_name": "neuropilin 1",
        "hgnc_symbol": "NRP1",
        "hgnc_synonyms": [
          "VEGF165R",
          "CD304"
        ],
        "user_input_genelist": [
          "NRP1"
        ]
      }
    ]
  },
  {
    "user_input_genelist": "ITPR1",
    "idmap": [
      {
        "ensembl_id": "ENSG00000150995",
        "entrez_id": "3708",
        "hgnc_id": "HGNC:6180",
        "hgnc_name": "inositol 1,4,5-trisphosphate receptor type 1",
        "hgnc_symbol": "ITPR1",
        "hgnc_synonyms": [
          "INSP3R1",
          "IP3R1",
          "ACV",
          "PPP1R94",
          "SCA15",
          "SCA16",
          "SCA29"
        ],
        "user_input_genelist": [
          "ITPR1"
        ]
      }
    ]
  },
  {
    "user_input_genelist": "FSTL4",
    "idmap": []
  },
  {
    "user_input_genelist": "MAML2",
    "idmap": []
  },
  {
    "user_input_genelist": "DSCAML1",
    "idmap": []
  },
  {
    "user_input_genelist": "PCDH7",
    "idmap": [
      {
        "ensembl_id": "ENSG00000169851",
        "entrez_id": "5099",
        "hgnc_id": "HGNC:8659",
        "hgnc_name": "protocadherin 7",
        "hgnc_symbol": "PCDH7",
        "hgnc_synonyms": [
          "BH-PCDH",
          "PPP1R120"
        ],
        "user_input_genelist": [
          "PCDH7"
        ]
      }
    ]
  },
  {
    "user_input_genelist": "TESPA1",
    "idmap": []
  },
  {
    "user_input_genelist": "GRIK4",
    "idmap": [
      {
        "ensembl_id": "ENSG00000149403",
        "entrez_id": "2900",
        "hgnc_id": "HGNC:4582",
        "hgnc_name": "glutamate ionotropic receptor kainate type subunit 4",
        "hgnc_symbol": "GRIK4",
        "hgnc_synonyms": [
          "GLUK4",
          "KA1",
          "GRIK"
        ],
        "user_input_genelist": [
          "GRIK4"
        ]
      }
    ]
  },
  {
    "user_input_genelist": "LOC101928964",
    "idmap": []
  },
  {
    "user_input_genelist": "MAGI3",
    "idmap": [
      {
        "ensembl_id": "ENSG00000081026",
        "entrez_id": "260425",
        "hgnc_id": "HGNC:29647",
        "hgnc_name": "membrane associated guanylate kinase, WW and PDZ domain containing 3",
        "hgnc_symbol": "MAGI3",
        "hgnc_synonyms": [
          "MAGI-3"
        ],
        "user_input_genelist": [
          "MAGI3"
        ]
      }
    ]
  },
  {
    "user_input_genelist": "PCSK2",
    "idmap": []
  },
  {
    "user_input_genelist": "FAM135B",
    "idmap": []
  },
  {
    "user_input_genelist": "DLC1",
    "idmap": []
  },
  {
    "user_input_genelist": "KAZN",
    "idmap": []
  },
  {
    "user_input_genelist": "DMD",
    "idmap": [
      {
        "ensembl_id": "ENSG00000198947",
        "entrez_id": "1756",
        "hgnc_id": "HGNC:2928",
        "hgnc_name": "dystrophin",
        "hgnc_symbol": "DMD",
        "hgnc_synonyms": [
          "DXS142",
          "DXS164",
          "DXS206",
          "DXS230",
          "DXS239",
          "DXS268",
          "DXS269",
          "DXS270",
          "DXS272",
          "MRX85"
        ],
        "user_input_genelist": [
          "DMD"
        ]
      }
    ]
  },
  {
    "user_input_genelist": "LOC105378030",
    "idmap": []
  },
  {
    "user_input_genelist": "NTM",
    "idmap": [
      {
        "ensembl_id": "ENSG00000182667",
        "entrez_id": "50863",
        "hgnc_id": "HGNC:17941",
        "hgnc_name": "neurotrimin",
        "hgnc_symbol": "NTM",
        "hgnc_synonyms": [
          "NTRI",
          "IGLON2",
          "CEPU-1"
        ],
        "user_input_genelist": [
          "NTM"
        ]
      }
    ]
  },
  {
    "user_input_genelist": "ESRRG",
    "idmap": []
  },
  {
    "user_input_genelist": "KCND2",
    "idmap": [
      {
        "ensembl_id": "ENSG00000184408",
        "entrez_id": "3751",
        "hgnc_id": "HGNC:6238",
        "hgnc_name": "potassium voltage-gated channel subfamily D member 2",
        "hgnc_symbol": "KCND2",
        "hgnc_synonyms": [
          "KV4.2",
          "RK5",
          "KIAA1044"
        ],
        "user_input_genelist": [
          "KCND2"
        ]
      }
    ]
  },
  {
    "user_input_genelist": "VSNL1",
    "idmap": []
  },
  {
    "user_input_genelist": "CDH18",
    "idmap": []
  },
  {
    "user_input_genelist": "SPOCK3",
    "idmap": []
  },
  {
    "user_input_genelist": "SCN1A",
    "idmap": [
      {
        "ensembl_id": "ENSG00000144285",
        "entrez_id": "6323",
        "hgnc_id": "HGNC:10585",
        "hgnc_name": "sodium voltage-gated channel alpha subunit 1",
        "hgnc_symbol": "SCN1A",
        "hgnc_synonyms": [
          "NAV1.1",
          "GEFSP2",
          "SMEI",
          "SCN1",
          "FEB3"
        ],
        "user_input_genelist": [
          "SCN1A"
        ]
      }
    ]
  },
  {
    "user_input_genelist": "CDH9",
    "idmap": [
      {
        "ensembl_id": "ENSG00000113100",
        "entrez_id": "1007",
        "hgnc_id": "HGNC:1768",
        "hgnc_name": "cadherin 9",
        "hgnc_symbol": "CDH9",
        "hgnc_synonyms": [],
        "user_input_genelist": [
          "CDH9"
        ]
      }
    ]
  },
  {
    "user_input_genelist": "SDK1",
    "idmap": []
  },
  {
    "user_input_genelist": "CNTN4",
    "idmap": []
  },
  {
    "user_input_genelist": "NRG1",
    "idmap": [
      {
        "ensembl_id": "ENSG00000157168",
        "entrez_id": "3084",
        "hgnc_id": "HGNC:7997",
        "hgnc_name": "neuregulin 1",
        "hgnc_symbol": "NRG1",
        "hgnc_synonyms": [
          "NDF",
          "GGF",
          "NRG1-IT2"
        ],
        "user_input_genelist": [
          "NRG1"
        ]
      }
    ]
  },
  {
    "user_input_genelist": "MGAT4C",
    "idmap": []
  },
  {
    "user_input_genelist": "ZNF804B",
    "idmap": []
  },
  {
    "user_input_genelist": "RIT2",
    "idmap": []
  },
  {
    "user_input_genelist": "LOC105373893",
    "idmap": []
  },
  {
    "user_input_genelist": "LAMA2",
    "idmap": [
      {
        "ensembl_id": "ENSG00000196569",
        "entrez_id": "3908",
        "hgnc_id": "HGNC:6482",
        "hgnc_name": "laminin subunit alpha 2",
        "hgnc_symbol": "LAMA2",
        "hgnc_synonyms": [
          "LAMM"
        ],
        "user_input_genelist": [
          "LAMA2"
        ]
      }
    ]
  },
  {
    "user_input_genelist": "LOC105378334",
    "idmap": []
  },
  {
    "user_input_genelist": "LRRC4C",
    "idmap": [
      {
        "ensembl_id": "ENSG00000148948",
        "entrez_id": "57689",
        "hgnc_id": "HGNC:29317",
        "hgnc_name": "leucine rich repeat containing 4C",
        "hgnc_symbol": "LRRC4C",
        "hgnc_synonyms": [
          "KIAA1580",
          "NGL-1"
        ],
        "user_input_genelist": [
          "LRRC4C"
        ]
      }
    ]
  },
  {
    "user_input_genelist": "SGCZ",
    "idmap": []
  }
]