{
  "direct": {
    "hgnc_id": {
      "SYNGO:synprocess": [],
      "SYNGO:presynprocess": [],
      "SYNGO:postsynprocess": [],
      "GO:0099536": [],
      "GO:0050808": [],
      "SYNGO:metabolism": [],
      "SYNGO:transport": [],
      "GO:0099509": [
        "HGNC:6250"
      ],
      "GO:0099505": [],
      "GO:0140238": [],
      "GO:0099504": [
        "HGNC:11495"
      ],
      "GO:0099525": [
        "HGNC:17282",
        "HGNC:29125",
        "HGNC:11444"
      ],
      "GO:0001504": [],
      "GO:0098810": [
        "HGNC:10940"
      ],
      "SYNGO:presyn_chaperoneProteinFolding": [],
      "GO:0098928": [
        "HGNC:23800"
      ],
      "GO:0099566": [],
      "GO:0060078": [],
      "GO:0098962": [
        "HGNC:7953"
      ],
      "GO:0099072": [
        "HGNC:8010",
        "HGNC:2516",
        "HGNC:5253",
        "HGNC:13830"
      ],
      "GO:0140239": [],
      "GO:0150038": [
        "HGNC:18638"
      ],
      "GO:0098926": [],
      "GO:0099537": [
        "HGNC:8010"
      ],
      "GO:0099538": [
        "HGNC:12684"
      ],
      "GO:0099163": [],
      "GO:0099172": [],
      "GO:0099173": [
        "HGNC:8004"
      ],
      "GO:0099563": [],
      "GO:0050807": [
        "HGNC:20766",
        "HGNC:20778"
      ],
      "GO:0098918": [],
      "GO:0150043": [],
      "GO:0099560": [
        "HGNC:5951",
        "HGNC:3225",
        "HGNC:7997",
        "HGNC:1765"
      ],
      "GO:0008039": [],
      "GO:0007416": [
        "HGNC:5951"
      ],
      "GO:0098883": [
        "HGNC:3388"
      ],
      "GO:0060074": [
        "HGNC:10250"
      ],
      "GO:0099558": [],
      "GO:0099187": [],
      "GO:0099188": [],
      "SYNGO:presyn_ATPmetabolic": [],
      "SYNGO:postsyn_ATPmetabolic": [
        "HGNC:4141"
      ],
      "GO:0099546": [],
      "GO:0099574": [],
      "GO:0099547": [],
      "GO:0042135": [],
      "GO:0140246": [],
      "GO:0042136": [],
      "GO:0140241": [],
      "GO:0140235": [],
      "GO:0008088": [],
      "GO:0099514": [],
      "GO:0099090": [],
      "GO:0099089": [],
      "GO:0099637": [],
      "GO:1905056": [],
      "GO:0099534": [],
      "GO:0099626": [],
      "GO:0099507": [
        "HGNC:4582",
        "HGNC:4076",
        "HGNC:4081"
      ],
      "GO:0099508": [
        "HGNC:6250"
      ],
      "GO:0150047": [
        "HGNC:4081"
      ],
      "GO:0140232": [],
      "GO:0098693": [
        "HGNC:9778"
      ],
      "GO:0097091": [
        "HGNC:11495"
      ],
      "GO:0099532": [],
      "GO:0016079": [
        "HGNC:12643",
        "HGNC:23149"
      ],
      "GO:0098700": [],
      "GO:0099180": [
        "HGNC:25380"
      ],
      "GO:0097401": [],
      "GO:0048488": [
        "HGNC:2092",
        "HGNC:29125",
        "HGNC:11138",
        "HGNC:11504"
      ],
      "GO:0099161": [],
      "GO:0051580": [],
      "GO:0099526": [],
      "GO:1905059": [],
      "GO:0099567": [],
      "GO:1905060": [],
      "GO:0098695": [],
      "GO:0099583": [],
      "GO:0140233": [],
      "GO:1904315": [
        "HGNC:4076",
        "HGNC:4081"
      ],
      "GO:1905030": [
        "HGNC:6272"
      ],
      "GO:0099645": [
        "HGNC:7953",
        "HGNC:8010"
      ],
      "GO:0098967": [
        "HGNC:12643"
      ],
      "GO:0098970": [],
      "GO:0098884": [],
      "GO:0150044": [],
      "GO:0099527": [
        "HGNC:7997"
      ],
      "GO:0099541": [],
      "GO:0099540": [],
      "GO:0099543": [],
      "GO:0099545": [],
      "GO:0099157": [],
      "GO:0099183": [],
      "GO:0099550": [
        "HGNC:1544",
        "HGNC:8010"
      ],
      "GO:0007268": [],
      "GO:0150045": [],
      "GO:0099174": [],
      "GO:0099175": [],
      "GO:0099084": [],
      "GO:0099010": [],
      "GO:0099564": [],
      "GO:1905244": [],
      "GO:0099181": [],
      "GO:0099186": [
        "HGNC:29125"
      ],
      "GO:0099179": [],
      "GO:0099054": [
        "HGNC:2175",
        "HGNC:5951"
      ],
      "GO:0051963": [
        "HGNC:29506",
        "HGNC:3313"
      ],
      "GO:0098698": [],
      "GO:0097104": [],
      "GO:1905806": [
        "HGNC:3388"
      ],
      "GO:0090128": [
        "HGNC:7739"
      ],
      "GO:0099559": [
        "HGNC:8117"
      ],
      "GO:0098880": [
        "HGNC:5951"
      ],
      "GO:0099140": [
        "HGNC:18142"
      ],
      "GO:0098974": [
        "HGNC:20284",
        "HGNC:29506"
      ],
      "GO:0099190": [
        "HGNC:8117"
      ],
      "SYNGO:presyn_regulationATPmetabolic": [],
      "GO:0099576": [],
      "GO:0099575": [],
      "GO:0099578": [],
      "GO:0099577": [],
      "GO:0140247": [],
      "GO:0140249": [],
      "GO:0140236": [],
      "GO:0140242": [],
      "GO:0098930": [],
      "GO:0098935": [],
      "GO:0099517": [],
      "GO:0099158": [],
      "GO:0098968": [],
      "GO:0098877": [],
      "GO:0098943": [],
      "GO:0016182": [],
      "GO:0016189": [],
      "GO:0099502": [],
      "GO:2000300": [
        "HGNC:6250"
      ],
      "GO:0016081": [
        "HGNC:17282",
        "HGNC:17283",
        "HGNC:12643"
      ],
      "GO:0031629": [],
      "GO:0016082": [
        "HGNC:17282",
        "HGNC:11444",
        "HGNC:17283"
      ],
      "GO:0099162": [
        "HGNC:4141"
      ],
      "GO:1901546": [],
      "GO:1900242": [],
      "GO:0016185": [],
      "GO:0016191": [],
      "GO:0098872": [],
      "GO:0099579": [],
      "GO:0098696": [
        "HGNC:4454"
      ],
      "GO:0099145": [],
      "GO:0150054": [],
      "GO:0099149": [
        "HGNC:7997"
      ],
      "GO:1905539": [],
      "GO:0099542": [],
      "GO:0099548": [],
      "GO:0098942": [
        "HGNC:5951"
      ],
      "GO:0099557": [],
      "GO:0150035": [],
      "GO:0050804": [
        "HGNC:239",
        "HGNC:1750",
        "HGNC:12684"
      ],
      "GO:0099531": [],
      "GO:0099565": [
        "HGNC:6277",
        "HGNC:33859"
      ],
      "GO:0099159": [],
      "GO:0098885": [],
      "GO:0098987": [],
      "GO:0098882": [
        "HGNC:17282",
        "HGNC:17283"
      ],
      "GO:0098699": [],
      "GO:0098973": [],
      "GO:0099184": [
        "HGNC:7739"
      ],
      "GO:0098879": [],
      "GO:0098919": [
        "HGNC:2516"
      ],
      "GO:1905606": [
        "HGNC:7997"
      ],
      "GO:0150052": [
        "HGNC:6896",
        "HGNC:8659",
        "HGNC:5299"
      ],
      "GO:0099150": [
        "HGNC:4140"
      ],
      "GO:0097107": [
        "HGNC:8010"
      ],
      "GO:0099562": [],
      "GO:0140251": [],
      "GO:0140252": [],
      "GO:0140245": [
        "HGNC:3315"
      ],
      "GO:0008089": [
        "HGNC:19349"
      ],
      "GO:0099088": [],
      "GO:0098937": [],
      "GO:0098939": [],
      "GO:0098961": [],
      "GO:0098934": [],
      "GO:0048490": [],
      "GO:0098969": [],
      "GO:0099639": [],
      "GO:0150037": [
        "HGNC:17282",
        "HGNC:17283"
      ],
      "GO:0099148": [],
      "GO:0031630": [],
      "GO:0010807": [],
      "GO:0098694": [],
      "GO:0098921": [],
      "GO:0099553": [],
      "GO:0099555": [],
      "GO:0099171": [
        "HGNC:578",
        "HGNC:8010",
        "HGNC:1951"
      ],
      "GO:0099170": [
        "HGNC:16699",
        "HGNC:7739"
      ],
      "GO:1905274": [],
      "GO:0099151": [
        "HGNC:20284"
      ],
      "GO:0099641": [],
      "GO:0140231": [],
      "GO:0098971": [
        "HGNC:17060"
      ],
      "GO:0098963": [],
      "GO:1903742": [],
      "GO:0098887": [
        "HGNC:18708"
      ],
      "GO:0099178": [],
      "GO:0150036": [],
      "GO:0098925": [],
      "GO:0098964": [],
      "GO:0099152": []
    },
    "hgnc_symbol": {
      "SYNGO:synprocess": [],
      "SYNGO:presynprocess": [],
      "SYNGO:postsynprocess": [],
      "GO:0099536": [],
      "GO:0050808": [],
      "SYNGO:metabolism": [],
      "SYNGO:transport": [],
      "GO:0099509": [
        "KCNH1"
      ],
      "GO:0099505": [],
      "GO:0140238": [],
      "GO:0099504": [
        "SYN2"
      ],
      "GO:0099525": [
        "RIMS1",
        "DNM3",
        "STXBP1"
      ],
      "GO:0001504": [],
      "GO:0098810": [
        "SLC1A2"
      ],
      "SYNGO:presyn_chaperoneProteinFolding": [],
      "GO:0098928": [
        "SIPA1L2"
      ],
      "GO:0099566": [],
      "GO:0060078": [],
      "GO:0098962": [
        "NPTX2"
      ],
      "GO:0099072": [
        "NRXN3",
        "CTNND2",
        "HSP90AA1",
        "CNTNAP2"
      ],
      "GO:0140239": [],
      "GO:0150038": [
        "SYT6"
      ],
      "GO:0098926": [],
      "GO:0099537": [
        "NRXN3"
      ],
      "GO:0099538": [
        "VGF"
      ],
      "GO:0099163": [],
      "GO:0099172": [],
      "GO:0099173": [
        "NRP1"
      ],
      "GO:0099563": [],
      "GO:0050807": [
        "TUBA1A",
        "TUBB"
      ],
      "GO:0098918": [],
      "GO:0150043": [],
      "GO:0099560": [
        "CADM1",
        "EFNA5",
        "NRG1",
        "CDH6"
      ],
      "GO:0008039": [],
      "GO:0007416": [
        "CADM1"
      ],
      "GO:0098883": [
        "EPHA4"
      ],
      "GO:0060074": [
        "ROBO2"
      ],
      "GO:0099558": [],
      "GO:0099187": [],
      "GO:0099188": [],
      "SYNGO:presyn_ATPmetabolic": [],
      "SYNGO:postsyn_ATPmetabolic": [
        "GAPDH"
      ],
      "GO:0099546": [],
      "GO:0099574": [],
      "GO:0099547": [],
      "GO:0042135": [],
      "GO:0140246": [],
      "GO:0042136": [],
      "GO:0140241": [],
      "GO:0140235": [],
      "GO:0008088": [],
      "GO:0099514": [],
      "GO:0099090": [],
      "GO:0099089": [],
      "GO:0099637": [],
      "GO:1905056": [],
      "GO:0099534": [],
      "GO:0099626": [],
      "GO:0099507": [
        "GRIK4",
        "GABRA2",
        "GABRB1"
      ],
      "GO:0099508": [
        "KCNH1"
      ],
      "GO:0150047": [
        "GABRB1"
      ],
      "GO:0140232": [],
      "GO:0098693": [
        "RAB3B"
      ],
      "GO:0097091": [
        "SYN2"
      ],
      "GO:0099532": [],
      "GO:0016079": [
        "VAMP2",
        "UNC13C"
      ],
      "GO:0098700": [],
      "GO:0099180": [
        "TMEM163"
      ],
      "GO:0097401": [],
      "GO:0048488": [
        "CLTC",
        "DNM3",
        "SNCA",
        "SYNJ2"
      ],
      "GO:0099161": [],
      "GO:0051580": [],
      "GO:0099526": [],
      "GO:1905059": [],
      "GO:0099567": [],
      "GO:1905060": [],
      "GO:0098695": [],
      "GO:0099583": [],
      "GO:0140233": [],
      "GO:1904315": [
        "GABRA2",
        "GABRB1"
      ],
      "GO:1905030": [
        "KCNK1"
      ],
      "GO:0099645": [
        "NPTX2",
        "NRXN3"
      ],
      "GO:0098967": [
        "VAMP2"
      ],
      "GO:0098970": [],
      "GO:0098884": [],
      "GO:0150044": [],
      "GO:0099527": [
        "NRG1"
      ],
      "GO:0099541": [],
      "GO:0099540": [],
      "GO:0099543": [],
      "GO:0099545": [],
      "GO:0099157": [],
      "GO:0099183": [],
      "GO:0099550": [
        "CBLN2",
        "NRXN3"
      ],
      "GO:0007268": [],
      "GO:0150045": [],
      "GO:0099174": [],
      "GO:0099175": [],
      "GO:0099084": [],
      "GO:0099010": [],
      "GO:0099564": [],
      "GO:1905244": [],
      "GO:0099181": [],
      "GO:0099186": [
        "DNM3"
      ],
      "GO:0099179": [],
      "GO:0099054": [
        "CNTN5",
        "CADM1"
      ],
      "GO:0051963": [
        "SRCIN1",
        "ELAVL2"
      ],
      "GO:0098698": [],
      "GO:0097104": [],
      "GO:1905806": [
        "EPHA4"
      ],
      "GO:0090128": [
        "NEFL"
      ],
      "GO:0099559": [
        "TENM1"
      ],
      "GO:0098880": [
        "CADM1"
      ],
      "GO:0099140": [
        "DAAM1"
      ],
      "GO:0098974": [
        "SIPA1L1",
        "SRCIN1"
      ],
      "GO:0099190": [
        "TENM1"
      ],
      "SYNGO:presyn_regulationATPmetabolic": [],
      "GO:0099576": [],
      "GO:0099575": [],
      "GO:0099578": [],
      "GO:0099577": [],
      "GO:0140247": [],
      "GO:0140249": [],
      "GO:0140236": [],
      "GO:0140242": [],
      "GO:0098930": [],
      "GO:0098935": [],
      "GO:0099517": [],
      "GO:0099158": [],
      "GO:0098968": [],
      "GO:0098877": [],
      "GO:0098943": [],
      "GO:0016182": [],
      "GO:0016189": [],
      "GO:0099502": [],
      "GO:2000300": [
        "KCNH1"
      ],
      "GO:0016081": [
        "RIMS1",
        "RIMS2",
        "VAMP2"
      ],
      "GO:0031629": [],
      "GO:0016082": [
        "RIMS1",
        "STXBP1",
        "RIMS2"
      ],
      "GO:0099162": [
        "GAPDH"
      ],
      "GO:1901546": [],
      "GO:1900242": [],
      "GO:0016185": [],
      "GO:0016191": [],
      "GO:0098872": [],
      "GO:0099579": [],
      "GO:0098696": [
        "GPC6"
      ],
      "GO:0099145": [],
      "GO:0150054": [],
      "GO:0099149": [
        "NRG1"
      ],
      "GO:1905539": [],
      "GO:0099542": [],
      "GO:0099548": [],
      "GO:0098942": [
        "CADM1"
      ],
      "GO:0099557": [],
      "GO:0150035": [],
      "GO:0050804": [
        "ADCY8",
        "CDH11",
        "VGF"
      ],
      "GO:0099531": [],
      "GO:0099565": [
        "KCNK2",
        "INSYN2A"
      ],
      "GO:0099159": [],
      "GO:0098885": [],
      "GO:0098987": [],
      "GO:0098882": [
        "RIMS1",
        "RIMS2"
      ],
      "GO:0098699": [],
      "GO:0098973": [],
      "GO:0099184": [
        "NEFL"
      ],
      "GO:0098879": [],
      "GO:0098919": [
        "CTNND2"
      ],
      "GO:1905606": [
        "NRG1"
      ],
      "GO:0150052": [
        "MARK1",
        "PCDH7",
        "HTR4"
      ],
      "GO:0099150": [
        "GAP43"
      ],
      "GO:0097107": [
        "NRXN3"
      ],
      "GO:0099562": [],
      "GO:0140251": [],
      "GO:0140252": [],
      "GO:0140245": [
        "ELAVL4"
      ],
      "GO:0008089": [
        "KIF21A"
      ],
      "GO:0099088": [],
      "GO:0098937": [],
      "GO:0098939": [],
      "GO:0098961": [],
      "GO:0098934": [],
      "GO:0048490": [],
      "GO:0098969": [],
      "GO:0099639": [],
      "GO:0150037": [
        "RIMS1",
        "RIMS2"
      ],
      "GO:0099148": [],
      "GO:0031630": [],
      "GO:0010807": [],
      "GO:0098694": [],
      "GO:0098921": [],
      "GO:0099553": [],
      "GO:0099555": [],
      "GO:0099171": [
        "APBA1",
        "NRXN3",
        "CHRM2"
      ],
      "GO:0099170": [
        "SORCS3",
        "NEFL"
      ],
      "GO:1905274": [],
      "GO:0099151": [
        "SIPA1L1"
      ],
      "GO:0099641": [],
      "GO:0140231": [],
      "GO:0098971": [
        "KIFAP3"
      ],
      "GO:0098963": [],
      "GO:1903742": [],
      "GO:0098887": [
        "GRIP1"
      ],
      "GO:0099178": [],
      "GO:0150036": [],
      "GO:0098925": [],
      "GO:0098964": [],
      "GO:0099152": []
    },
    "ensembl_id": {
      "SYNGO:synprocess": [],
      "SYNGO:presynprocess": [],
      "SYNGO:postsynprocess": [],
      "GO:0099536": [],
      "GO:0050808": [],
      "SYNGO:metabolism": [],
      "SYNGO:transport": [],
      "GO:0099509": [
        "ENSG00000143473"
      ],
      "GO:0099505": [],
      "GO:0140238": [],
      "GO:0099504": [
        "ENSG00000157152"
      ],
      "GO:0099525": [
        "ENSG00000079841",
        "ENSG00000197959",
        "ENSG00000136854"
      ],
      "GO:0001504": [],
      "GO:0098810": [
        "ENSG00000110436"
      ],
      "SYNGO:presyn_chaperoneProteinFolding": [],
      "GO:0098928": [
        "ENSG00000116991"
      ],
      "GO:0099566": [],
      "GO:0060078": [],
      "GO:0098962": [
        "ENSG00000106236"
      ],
      "GO:0099072": [
        "ENSG00000021645",
        "ENSG00000169862",
        "ENSG00000080824",
        "ENSG00000174469"
      ],
      "GO:0140239": [],
      "GO:0150038": [
        "ENSG00000134207"
      ],
      "GO:0098926": [],
      "GO:0099537": [
        "ENSG00000021645"
      ],
      "GO:0099538": [
        "ENSG00000128564"
      ],
      "GO:0099163": [],
      "GO:0099172": [],
      "GO:0099173": [
        "ENSG00000099250"
      ],
      "GO:0099563": [],
      "GO:0050807": [
        "ENSG00000167552",
        "ENSG00000196230"
      ],
      "GO:0098918": [],
      "GO:0150043": [],
      "GO:0099560": [
        "ENSG00000182985",
        "ENSG00000184349",
        "ENSG00000157168",
        "ENSG00000113361"
      ],
      "GO:0008039": [],
      "GO:0007416": [
        "ENSG00000182985"
      ],
      "GO:0098883": [
        "ENSG00000116106"
      ],
      "GO:0060074": [
        "ENSG00000185008"
      ],
      "GO:0099558": [],
      "GO:0099187": [],
      "GO:0099188": [],
      "SYNGO:presyn_ATPmetabolic": [],
      "SYNGO:postsyn_ATPmetabolic": [
        "ENSG00000111640"
      ],
      "GO:0099546": [],
      "GO:0099574": [],
      "GO:0099547": [],
      "GO:0042135": [],
      "GO:0140246": [],
      "GO:0042136": [],
      "GO:0140241": [],
      "GO:0140235": [],
      "GO:0008088": [],
      "GO:0099514": [],
      "GO:0099090": [],
      "GO:0099089": [],
      "GO:0099637": [],
      "GO:1905056": [],
      "GO:0099534": [],
      "GO:0099626": [],
      "GO:0099507": [
        "ENSG00000149403",
        "ENSG00000151834",
        "ENSG00000163288"
      ],
      "GO:0099508": [
        "ENSG00000143473"
      ],
      "GO:0150047": [
        "ENSG00000163288"
      ],
      "GO:0140232": [],
      "GO:0098693": [
        "ENSG00000169213"
      ],
      "GO:0097091": [
        "ENSG00000157152"
      ],
      "GO:0099532": [],
      "GO:0016079": [
        "ENSG00000220205",
        "ENSG00000137766"
      ],
      "GO:0098700": [],
      "GO:0099180": [
        "ENSG00000152128"
      ],
      "GO:0097401": [],
      "GO:0048488": [
        "ENSG00000141367",
        "ENSG00000197959",
        "ENSG00000145335",
        "ENSG00000078269"
      ],
      "GO:0099161": [],
      "GO:0051580": [],
      "GO:0099526": [],
      "GO:1905059": [],
      "GO:0099567": [],
      "GO:1905060": [],
      "GO:0098695": [],
      "GO:0099583": [],
      "GO:0140233": [],
      "GO:1904315": [
        "ENSG00000151834",
        "ENSG00000163288"
      ],
      "GO:1905030": [
        "ENSG00000135750"
      ],
      "GO:0099645": [
        "ENSG00000106236",
        "ENSG00000021645"
      ],
      "GO:0098967": [
        "ENSG00000220205"
      ],
      "GO:0098970": [],
      "GO:0098884": [],
      "GO:0150044": [],
      "GO:0099527": [
        "ENSG00000157168"
      ],
      "GO:0099541": [],
      "GO:0099540": [],
      "GO:0099543": [],
      "GO:0099545": [],
      "GO:0099157": [],
      "GO:0099183": [],
      "GO:0099550": [
        "ENSG00000141668",
        "ENSG00000021645"
      ],
      "GO:0007268": [],
      "GO:0150045": [],
      "GO:0099174": [],
      "GO:0099175": [],
      "GO:0099084": [],
      "GO:0099010": [],
      "GO:0099564": [],
      "GO:1905244": [],
      "GO:0099181": [],
      "GO:0099186": [
        "ENSG00000197959"
      ],
      "GO:0099179": [],
      "GO:0099054": [
        "ENSG00000149972",
        "ENSG00000182985"
      ],
      "GO:0051963": [
        "ENSG00000277363",
        "ENSG00000107105"
      ],
      "GO:0098698": [],
      "GO:0097104": [],
      "GO:1905806": [
        "ENSG00000116106"
      ],
      "GO:0090128": [
        "ENSG00000277586"
      ],
      "GO:0099559": [
        "ENSG00000009694"
      ],
      "GO:0098880": [
        "ENSG00000182985"
      ],
      "GO:0099140": [
        "ENSG00000100592"
      ],
      "GO:0098974": [
        "ENSG00000197555",
        "ENSG00000277363"
      ],
      "GO:0099190": [
        "ENSG00000009694"
      ],
      "SYNGO:presyn_regulationATPmetabolic": [],
      "GO:0099576": [],
      "GO:0099575": [],
      "GO:0099578": [],
      "GO:0099577": [],
      "GO:0140247": [],
      "GO:0140249": [],
      "GO:0140236": [],
      "GO:0140242": [],
      "GO:0098930": [],
      "GO:0098935": [],
      "GO:0099517": [],
      "GO:0099158": [],
      "GO:0098968": [],
      "GO:0098877": [],
      "GO:0098943": [],
      "GO:0016182": [],
      "GO:0016189": [],
      "GO:0099502": [],
      "GO:2000300": [
        "ENSG00000143473"
      ],
      "GO:0016081": [
        "ENSG00000079841",
        "ENSG00000176406",
        "ENSG00000220205"
      ],
      "GO:0031629": [],
      "GO:0016082": [
        "ENSG00000079841",
        "ENSG00000136854",
        "ENSG00000176406"
      ],
      "GO:0099162": [
        "ENSG00000111640"
      ],
      "GO:1901546": [],
      "GO:1900242": [],
      "GO:0016185": [],
      "GO:0016191": [],
      "GO:0098872": [],
      "GO:0099579": [],
      "GO:0098696": [
        "ENSG00000183098"
      ],
      "GO:0099145": [],
      "GO:0150054": [],
      "GO:0099149": [
        "ENSG00000157168"
      ],
      "GO:1905539": [],
      "GO:0099542": [],
      "GO:0099548": [],
      "GO:0098942": [
        "ENSG00000182985"
      ],
      "GO:0099557": [],
      "GO:0150035": [],
      "GO:0050804": [
        "ENSG00000155897",
        "ENSG00000140937",
        "ENSG00000128564"
      ],
      "GO:0099531": [],
      "GO:0099565": [
        "ENSG00000082482",
        "ENSG00000188916"
      ],
      "GO:0099159": [],
      "GO:0098885": [],
      "GO:0098987": [],
      "GO:0098882": [
        "ENSG00000079841",
        "ENSG00000176406"
      ],
      "GO:0098699": [],
      "GO:0098973": [],
      "GO:0099184": [
        "ENSG00000277586"
      ],
      "GO:0098879": [],
      "GO:0098919": [
        "ENSG00000169862"
      ],
      "GO:1905606": [
        "ENSG00000157168"
      ],
      "GO:0150052": [
        "ENSG00000116141",
        "ENSG00000169851",
        "ENSG00000164270"
      ],
      "GO:0099150": [
        "ENSG00000172020"
      ],
      "GO:0097107": [
        "ENSG00000021645"
      ],
      "GO:0099562": [],
      "GO:0140251": [],
      "GO:0140252": [],
      "GO:0140245": [
        "ENSG00000162374"
      ],
      "GO:0008089": [
        "ENSG00000139116"
      ],
      "GO:0099088": [],
      "GO:0098937": [],
      "GO:0098939": [],
      "GO:0098961": [],
      "GO:0098934": [],
      "GO:0048490": [],
      "GO:0098969": [],
      "GO:0099639": [],
      "GO:0150037": [
        "ENSG00000079841",
        "ENSG00000176406"
      ],
      "GO:0099148": [],
      "GO:0031630": [],
      "GO:0010807": [],
      "GO:0098694": [],
      "GO:0098921": [],
      "GO:0099553": [],
      "GO:0099555": [],
      "GO:0099171": [
        "ENSG00000107282",
        "ENSG00000021645",
        "ENSG00000181072"
      ],
      "GO:0099170": [
        "ENSG00000156395",
        "ENSG00000277586"
      ],
      "GO:1905274": [],
      "GO:0099151": [
        "ENSG00000197555"
      ],
      "GO:0099641": [],
      "GO:0140231": [],
      "GO:0098971": [
        "ENSG00000075945"
      ],
      "GO:0098963": [],
      "GO:1903742": [],
      "GO:0098887": [
        "ENSG00000155974"
      ],
      "GO:0099178": [],
      "GO:0150036": [],
      "GO:0098925": [],
      "GO:0098964": [],
      "GO:0099152": []
    },
    "entrez_id": {
      "SYNGO:synprocess": [],
      "SYNGO:presynprocess": [],
      "SYNGO:postsynprocess": [],
      "GO:0099536": [],
      "GO:0050808": [],
      "SYNGO:metabolism": [],
      "SYNGO:transport": [],
      "GO:0099509": [
        "3756"
      ],
      "GO:0099505": [],
      "GO:0140238": [],
      "GO:0099504": [
        "6854"
      ],
      "GO:0099525": [
        "22999",
        "26052",
        "6812"
      ],
      "GO:0001504": [],
      "GO:0098810": [
        "6506"
      ],
      "SYNGO:presyn_chaperoneProteinFolding": [],
      "GO:0098928": [
        "57568"
      ],
      "GO:0099566": [],
      "GO:0060078": [],
      "GO:0098962": [
        "4885"
      ],
      "GO:0099072": [
        "9369",
        "1501",
        "3320",
        "26047"
      ],
      "GO:0140239": [],
      "GO:0150038": [
        "148281"
      ],
      "GO:0098926": [],
      "GO:0099537": [
        "9369"
      ],
      "GO:0099538": [
        "7425"
      ],
      "GO:0099163": [],
      "GO:0099172": [],
      "GO:0099173": [
        "8829"
      ],
      "GO:0099563": [],
      "GO:0050807": [
        "7846",
        "203068"
      ],
      "GO:0098918": [],
      "GO:0150043": [],
      "GO:0099560": [
        "23705",
        "1946",
        "3084",
        "1004"
      ],
      "GO:0008039": [],
      "GO:0007416": [
        "23705"
      ],
      "GO:0098883": [
        "2043"
      ],
      "GO:0060074": [
        "6092"
      ],
      "GO:0099558": [],
      "GO:0099187": [],
      "GO:0099188": [],
      "SYNGO:presyn_ATPmetabolic": [],
      "SYNGO:postsyn_ATPmetabolic": [
        "2597"
      ],
      "GO:0099546": [],
      "GO:0099574": [],
      "GO:0099547": [],
      "GO:0042135": [],
      "GO:0140246": [],
      "GO:0042136": [],
      "GO:0140241": [],
      "GO:0140235": [],
      "GO:0008088": [],
      "GO:0099514": [],
      "GO:0099090": [],
      "GO:0099089": [],
      "GO:0099637": [],
      "GO:1905056": [],
      "GO:0099534": [],
      "GO:0099626": [],
      "GO:0099507": [
        "2900",
        "2555",
        "2560"
      ],
      "GO:0099508": [
        "3756"
      ],
      "GO:0150047": [
        "2560"
      ],
      "GO:0140232": [],
      "GO:0098693": [
        "5865"
      ],
      "GO:0097091": [
        "6854"
      ],
      "GO:0099532": [],
      "GO:0016079": [
        "6844",
        "440279"
      ],
      "GO:0098700": [],
      "GO:0099180": [
        "81615"
      ],
      "GO:0097401": [],
      "GO:0048488": [
        "1213",
        "26052",
        "6622",
        "8871"
      ],
      "GO:0099161": [],
      "GO:0051580": [],
      "GO:0099526": [],
      "GO:1905059": [],
      "GO:0099567": [],
      "GO:1905060": [],
      "GO:0098695": [],
      "GO:0099583": [],
      "GO:0140233": [],
      "GO:1904315": [
        "2555",
        "2560"
      ],
      "GO:1905030": [
        "3775"
      ],
      "GO:0099645": [
        "4885",
        "9369"
      ],
      "GO:0098967": [
        "6844"
      ],
      "GO:0098970": [],
      "GO:0098884": [],
      "GO:0150044": [],
      "GO:0099527": [
        "3084"
      ],
      "GO:0099541": [],
      "GO:0099540": [],
      "GO:0099543": [],
      "GO:0099545": [],
      "GO:0099157": [],
      "GO:0099183": [],
      "GO:0099550": [
        "147381",
        "9369"
      ],
      "GO:0007268": [],
      "GO:0150045": [],
      "GO:0099174": [],
      "GO:0099175": [],
      "GO:0099084": [],
      "GO:0099010": [],
      "GO:0099564": [],
      "GO:1905244": [],
      "GO:0099181": [],
      "GO:0099186": [
        "26052"
      ],
      "GO:0099179": [],
      "GO:0099054": [
        "53942",
        "23705"
      ],
      "GO:0051963": [
        "80725",
        "1993"
      ],
      "GO:0098698": [],
      "GO:0097104": [],
      "GO:1905806": [
        "2043"
      ],
      "GO:0090128": [
        "4747"
      ],
      "GO:0099559": [
        "10178"
      ],
      "GO:0098880": [
        "23705"
      ],
      "GO:0099140": [
        "23002"
      ],
      "GO:0098974": [
        "26037",
        "80725"
      ],
      "GO:0099190": [
        "10178"
      ],
      "SYNGO:presyn_regulationATPmetabolic": [],
      "GO:0099576": [],
      "GO:0099575": [],
      "GO:0099578": [],
      "GO:0099577": [],
      "GO:0140247": [],
      "GO:0140249": [],
      "GO:0140236": [],
      "GO:0140242": [],
      "GO:0098930": [],
      "GO:0098935": [],
      "GO:0099517": [],
      "GO:0099158": [],
      "GO:0098968": [],
      "GO:0098877": [],
      "GO:0098943": [],
      "GO:0016182": [],
      "GO:0016189": [],
      "GO:0099502": [],
      "GO:2000300": [
        "3756"
      ],
      "GO:0016081": [
        "22999",
        "9699",
        "6844"
      ],
      "GO:0031629": [],
      "GO:0016082": [
        "22999",
        "6812",
        "9699"
      ],
      "GO:0099162": [
        "2597"
      ],
      "GO:1901546": [],
      "GO:1900242": [],
      "GO:0016185": [],
      "GO:0016191": [],
      "GO:0098872": [],
      "GO:0099579": [],
      "GO:0098696": [
        "10082"
      ],
      "GO:0099145": [],
      "GO:0150054": [],
      "GO:0099149": [
        "3084"
      ],
      "GO:1905539": [],
      "GO:0099542": [],
      "GO:0099548": [],
      "GO:0098942": [
        "23705"
      ],
      "GO:0099557": [],
      "GO:0150035": [],
      "GO:0050804": [
        "114",
        "1009",
        "7425"
      ],
      "GO:0099531": [],
      "GO:0099565": [
        "3776",
        "642938"
      ],
      "GO:0099159": [],
      "GO:0098885": [],
      "GO:0098987": [],
      "GO:0098882": [
        "22999",
        "9699"
      ],
      "GO:0098699": [],
      "GO:0098973": [],
      "GO:0099184": [
        "4747"
      ],
      "GO:0098879": [],
      "GO:0098919": [
        "1501"
      ],
      "GO:1905606": [
        "3084"
      ],
      "GO:0150052": [
        "4139",
        "5099",
        "3360"
      ],
      "GO:0099150": [
        "2596"
      ],
      "GO:0097107": [
        "9369"
      ],
      "GO:0099562": [],
      "GO:0140251": [],
      "GO:0140252": [],
      "GO:0140245": [
        "1996"
      ],
      "GO:0008089": [
        "55605"
      ],
      "GO:0099088": [],
      "GO:0098937": [],
      "GO:0098939": [],
      "GO:0098961": [],
      "GO:0098934": [],
      "GO:0048490": [],
      "GO:0098969": [],
      "GO:0099639": [],
      "GO:0150037": [
        "22999",
        "9699"
      ],
      "GO:0099148": [],
      "GO:0031630": [],
      "GO:0010807": [],
      "GO:0098694": [],
      "GO:0098921": [],
      "GO:0099553": [],
      "GO:0099555": [],
      "GO:0099171": [
        "320",
        "9369",
        "1129"
      ],
      "GO:0099170": [
        "22986",
        "4747"
      ],
      "GO:1905274": [],
      "GO:0099151": [
        "26037"
      ],
      "GO:0099641": [],
      "GO:0140231": [],
      "GO:0098971": [
        "22920"
      ],
      "GO:0098963": [],
      "GO:1903742": [],
      "GO:0098887": [
        "23426"
      ],
      "GO:0099178": [],
      "GO:0150036": [],
      "GO:0098925": [],
      "GO:0098964": [],
      "GO:0099152": []
    }
  },
  "aggregate": {
    "hgnc_id": {
      "SYNGO:synprocess": [
        "HGNC:6250",
        "HGNC:4582",
        "HGNC:4076",
        "HGNC:4081",
        "HGNC:11495",
        "HGNC:9778",
        "HGNC:12643",
        "HGNC:23149",
        "HGNC:17282",
        "HGNC:17283",
        "HGNC:11444",
        "HGNC:4141",
        "HGNC:25380",
        "HGNC:2092",
        "HGNC:29125",
        "HGNC:11138",
        "HGNC:11504",
        "HGNC:10940",
        "HGNC:23800",
        "HGNC:6272",
        "HGNC:7953",
        "HGNC:8010",
        "HGNC:2516",
        "HGNC:5253",
        "HGNC:13830",
        "HGNC:4454",
        "HGNC:7997",
        "HGNC:18638",
        "HGNC:5951",
        "HGNC:1544",
        "HGNC:239",
        "HGNC:1750",
        "HGNC:12684",
        "HGNC:578",
        "HGNC:1951",
        "HGNC:6277",
        "HGNC:33859",
        "HGNC:16699",
        "HGNC:7739",
        "HGNC:8004",
        "HGNC:20766",
        "HGNC:20778",
        "HGNC:3225",
        "HGNC:1765",
        "HGNC:2175",
        "HGNC:29506",
        "HGNC:3313",
        "HGNC:6896",
        "HGNC:8659",
        "HGNC:5299",
        "HGNC:4140",
        "HGNC:20284",
        "HGNC:3388",
        "HGNC:10250",
        "HGNC:8117",
        "HGNC:18142",
        "HGNC:3315",
        "HGNC:19349",
        "HGNC:17060",
        "HGNC:18708"
      ],
      "SYNGO:presynprocess": [
        "HGNC:6250",
        "HGNC:4582",
        "HGNC:4076",
        "HGNC:4081",
        "HGNC:11495",
        "HGNC:9778",
        "HGNC:12643",
        "HGNC:23149",
        "HGNC:17282",
        "HGNC:17283",
        "HGNC:11444",
        "HGNC:4141",
        "HGNC:25380",
        "HGNC:2092",
        "HGNC:29125",
        "HGNC:11138",
        "HGNC:11504",
        "HGNC:10940",
        "HGNC:23800"
      ],
      "SYNGO:postsynprocess": [
        "HGNC:4076",
        "HGNC:4081",
        "HGNC:6272",
        "HGNC:7953",
        "HGNC:8010",
        "HGNC:2516",
        "HGNC:5253",
        "HGNC:13830",
        "HGNC:4454",
        "HGNC:12643",
        "HGNC:7997",
        "HGNC:18638"
      ],
      "GO:0099536": [
        "HGNC:8010",
        "HGNC:5951",
        "HGNC:1544",
        "HGNC:239",
        "HGNC:1750",
        "HGNC:12684",
        "HGNC:578",
        "HGNC:1951",
        "HGNC:6277",
        "HGNC:33859",
        "HGNC:16699",
        "HGNC:7739"
      ],
      "GO:0050808": [
        "HGNC:8004",
        "HGNC:20766",
        "HGNC:20778",
        "HGNC:17282",
        "HGNC:17283",
        "HGNC:29125",
        "HGNC:7739",
        "HGNC:2516",
        "HGNC:5951",
        "HGNC:3225",
        "HGNC:7997",
        "HGNC:1765",
        "HGNC:2175",
        "HGNC:29506",
        "HGNC:3313",
        "HGNC:6896",
        "HGNC:8659",
        "HGNC:5299",
        "HGNC:4140",
        "HGNC:8010",
        "HGNC:20284",
        "HGNC:3388",
        "HGNC:10250",
        "HGNC:8117",
        "HGNC:18142"
      ],
      "SYNGO:metabolism": [
        "HGNC:4141",
        "HGNC:3315"
      ],
      "SYNGO:transport": [
        "HGNC:19349",
        "HGNC:17060",
        "HGNC:18708"
      ],
      "GO:0099509": [
        "HGNC:6250"
      ],
      "GO:0099505": [
        "HGNC:4582",
        "HGNC:4076",
        "HGNC:4081",
        "HGNC:6250"
      ],
      "GO:0140238": [],
      "GO:0099504": [
        "HGNC:11495",
        "HGNC:9778",
        "HGNC:12643",
        "HGNC:23149",
        "HGNC:17282",
        "HGNC:17283",
        "HGNC:6250",
        "HGNC:11444",
        "HGNC:4141",
        "HGNC:25380",
        "HGNC:2092",
        "HGNC:29125",
        "HGNC:11138",
        "HGNC:11504"
      ],
      "GO:0099525": [
        "HGNC:17282",
        "HGNC:29125",
        "HGNC:11444"
      ],
      "GO:0001504": [],
      "GO:0098810": [
        "HGNC:10940"
      ],
      "SYNGO:presyn_chaperoneProteinFolding": [],
      "GO:0098928": [
        "HGNC:23800"
      ],
      "GO:0099566": [],
      "GO:0060078": [
        "HGNC:4076",
        "HGNC:4081",
        "HGNC:6272"
      ],
      "GO:0098962": [
        "HGNC:7953"
      ],
      "GO:0099072": [
        "HGNC:8010",
        "HGNC:2516",
        "HGNC:5253",
        "HGNC:13830",
        "HGNC:7953",
        "HGNC:4454",
        "HGNC:12643",
        "HGNC:7997"
      ],
      "GO:0140239": [],
      "GO:0150038": [
        "HGNC:18638"
      ],
      "GO:0098926": [
        "HGNC:7997"
      ],
      "GO:0099537": [
        "HGNC:8010",
        "HGNC:5951",
        "HGNC:1544",
        "HGNC:239",
        "HGNC:1750",
        "HGNC:12684",
        "HGNC:578",
        "HGNC:1951",
        "HGNC:6277",
        "HGNC:33859",
        "HGNC:16699",
        "HGNC:7739"
      ],
      "GO:0099538": [
        "HGNC:12684"
      ],
      "GO:0099163": [],
      "GO:0099172": [],
      "GO:0099173": [
        "HGNC:8004"
      ],
      "GO:0099563": [],
      "GO:0050807": [
        "HGNC:20766",
        "HGNC:20778"
      ],
      "GO:0098918": [
        "HGNC:17282",
        "HGNC:17283",
        "HGNC:29125",
        "HGNC:7739",
        "HGNC:2516"
      ],
      "GO:0150043": [],
      "GO:0099560": [
        "HGNC:5951",
        "HGNC:3225",
        "HGNC:7997",
        "HGNC:1765"
      ],
      "GO:0008039": [],
      "GO:0007416": [
        "HGNC:5951",
        "HGNC:2175",
        "HGNC:29506",
        "HGNC:3313",
        "HGNC:7997",
        "HGNC:6896",
        "HGNC:8659",
        "HGNC:5299",
        "HGNC:4140",
        "HGNC:8010",
        "HGNC:20284"
      ],
      "GO:0098883": [
        "HGNC:3388"
      ],
      "GO:0060074": [
        "HGNC:10250",
        "HGNC:7739"
      ],
      "GO:0099558": [
        "HGNC:8117",
        "HGNC:5951"
      ],
      "GO:0099187": [
        "HGNC:18142"
      ],
      "GO:0099188": [
        "HGNC:20284",
        "HGNC:29506",
        "HGNC:8117"
      ],
      "SYNGO:presyn_ATPmetabolic": [],
      "SYNGO:postsyn_ATPmetabolic": [
        "HGNC:4141"
      ],
      "GO:0099546": [],
      "GO:0099574": [],
      "GO:0099547": [],
      "GO:0042135": [],
      "GO:0140246": [],
      "GO:0042136": [],
      "GO:0140241": [
        "HGNC:3315"
      ],
      "GO:0140235": [],
      "GO:0008088": [
        "HGNC:19349",
        "HGNC:17060"
      ],
      "GO:0099514": [],
      "GO:0099090": [],
      "GO:0099089": [],
      "GO:0099637": [
        "HGNC:18708"
      ],
      "GO:1905056": [],
      "GO:0099534": [],
      "GO:0099626": [],
      "GO:0099507": [
        "HGNC:4582",
        "HGNC:4076",
        "HGNC:4081"
      ],
      "GO:0099508": [
        "HGNC:6250"
      ],
      "GO:0150047": [
        "HGNC:4081"
      ],
      "GO:0140232": [],
      "GO:0098693": [
        "HGNC:9778"
      ],
      "GO:0097091": [
        "HGNC:11495"
      ],
      "GO:0099532": [],
      "GO:0016079": [
        "HGNC:12643",
        "HGNC:23149",
        "HGNC:17282",
        "HGNC:17283",
        "HGNC:6250",
        "HGNC:11444"
      ],
      "GO:0098700": [
        "HGNC:4141"
      ],
      "GO:0099180": [
        "HGNC:25380"
      ],
      "GO:0097401": [],
      "GO:0048488": [
        "HGNC:2092",
        "HGNC:29125",
        "HGNC:11138",
        "HGNC:11504"
      ],
      "GO:0099161": [],
      "GO:0051580": [],
      "GO:0099526": [],
      "GO:1905059": [],
      "GO:0099567": [],
      "GO:1905060": [],
      "GO:0098695": [],
      "GO:0099583": [],
      "GO:0140233": [],
      "GO:1904315": [
        "HGNC:4076",
        "HGNC:4081"
      ],
      "GO:1905030": [
        "HGNC:6272"
      ],
      "GO:0099645": [
        "HGNC:7953",
        "HGNC:8010",
        "HGNC:4454"
      ],
      "GO:0098967": [
        "HGNC:12643"
      ],
      "GO:0098970": [],
      "GO:0098884": [
        "HGNC:7997"
      ],
      "GO:0150044": [],
      "GO:0099527": [
        "HGNC:7997"
      ],
      "GO:0099541": [],
      "GO:0099540": [],
      "GO:0099543": [],
      "GO:0099545": [
        "HGNC:5951"
      ],
      "GO:0099157": [],
      "GO:0099183": [],
      "GO:0099550": [
        "HGNC:1544",
        "HGNC:8010"
      ],
      "GO:0007268": [
        "HGNC:239",
        "HGNC:1750",
        "HGNC:12684",
        "HGNC:578",
        "HGNC:8010",
        "HGNC:1951",
        "HGNC:6277",
        "HGNC:33859",
        "HGNC:16699",
        "HGNC:7739"
      ],
      "GO:0150045": [],
      "GO:0099174": [],
      "GO:0099175": [],
      "GO:0099084": [],
      "GO:0099010": [],
      "GO:0099564": [],
      "GO:1905244": [],
      "GO:0099181": [
        "HGNC:17282",
        "HGNC:17283"
      ],
      "GO:0099186": [
        "HGNC:29125",
        "HGNC:7739",
        "HGNC:2516"
      ],
      "GO:0099179": [],
      "GO:0099054": [
        "HGNC:2175",
        "HGNC:5951"
      ],
      "GO:0051963": [
        "HGNC:29506",
        "HGNC:3313",
        "HGNC:7997",
        "HGNC:6896",
        "HGNC:8659",
        "HGNC:5299"
      ],
      "GO:0098698": [
        "HGNC:4140",
        "HGNC:8010",
        "HGNC:20284"
      ],
      "GO:0097104": [],
      "GO:1905806": [
        "HGNC:3388"
      ],
      "GO:0090128": [
        "HGNC:7739"
      ],
      "GO:0099559": [
        "HGNC:8117"
      ],
      "GO:0098880": [
        "HGNC:5951"
      ],
      "GO:0099140": [
        "HGNC:18142"
      ],
      "GO:0098974": [
        "HGNC:20284",
        "HGNC:29506"
      ],
      "GO:0099190": [
        "HGNC:8117"
      ],
      "SYNGO:presyn_regulationATPmetabolic": [],
      "GO:0099576": [],
      "GO:0099575": [],
      "GO:0099578": [],
      "GO:0099577": [],
      "GO:0140247": [],
      "GO:0140249": [],
      "GO:0140236": [],
      "GO:0140242": [
        "HGNC:3315"
      ],
      "GO:0098930": [
        "HGNC:19349"
      ],
      "GO:0098935": [
        "HGNC:17060"
      ],
      "GO:0099517": [],
      "GO:0099158": [],
      "GO:0098968": [],
      "GO:0098877": [
        "HGNC:18708"
      ],
      "GO:0098943": [],
      "GO:0016182": [],
      "GO:0016189": [],
      "GO:0099502": [
        "HGNC:17282",
        "HGNC:17283"
      ],
      "GO:2000300": [
        "HGNC:6250"
      ],
      "GO:0016081": [
        "HGNC:17282",
        "HGNC:17283",
        "HGNC:12643"
      ],
      "GO:0031629": [],
      "GO:0016082": [
        "HGNC:17282",
        "HGNC:11444",
        "HGNC:17283"
      ],
      "GO:0099162": [
        "HGNC:4141"
      ],
      "GO:1901546": [],
      "GO:1900242": [],
      "GO:0016185": [],
      "GO:0016191": [],
      "GO:0098872": [],
      "GO:0099579": [],
      "GO:0098696": [
        "HGNC:4454"
      ],
      "GO:0099145": [],
      "GO:0150054": [],
      "GO:0099149": [
        "HGNC:7997"
      ],
      "GO:1905539": [],
      "GO:0099542": [],
      "GO:0099548": [],
      "GO:0098942": [
        "HGNC:5951"
      ],
      "GO:0099557": [],
      "GO:0150035": [],
      "GO:0050804": [
        "HGNC:239",
        "HGNC:1750",
        "HGNC:12684"
      ],
      "GO:0099531": [
        "HGNC:578",
        "HGNC:8010",
        "HGNC:1951"
      ],
      "GO:0099565": [
        "HGNC:6277",
        "HGNC:33859",
        "HGNC:16699",
        "HGNC:7739"
      ],
      "GO:0099159": [],
      "GO:0098885": [],
      "GO:0098987": [],
      "GO:0098882": [
        "HGNC:17282",
        "HGNC:17283"
      ],
      "GO:0098699": [],
      "GO:0098973": [],
      "GO:0099184": [
        "HGNC:7739"
      ],
      "GO:0098879": [],
      "GO:0098919": [
        "HGNC:2516"
      ],
      "GO:1905606": [
        "HGNC:7997"
      ],
      "GO:0150052": [
        "HGNC:6896",
        "HGNC:8659",
        "HGNC:5299"
      ],
      "GO:0099150": [
        "HGNC:4140"
      ],
      "GO:0097107": [
        "HGNC:8010",
        "HGNC:20284"
      ],
      "GO:0099562": [],
      "GO:0140251": [],
      "GO:0140252": [],
      "GO:0140245": [
        "HGNC:3315"
      ],
      "GO:0008089": [
        "HGNC:19349"
      ],
      "GO:0099088": [],
      "GO:0098937": [
        "HGNC:17060"
      ],
      "GO:0098939": [],
      "GO:0098961": [],
      "GO:0098934": [],
      "GO:0048490": [],
      "GO:0098969": [],
      "GO:0099639": [
        "HGNC:18708"
      ],
      "GO:0150037": [
        "HGNC:17282",
        "HGNC:17283"
      ],
      "GO:0099148": [],
      "GO:0031630": [],
      "GO:0010807": [],
      "GO:0098694": [],
      "GO:0098921": [],
      "GO:0099553": [],
      "GO:0099555": [],
      "GO:0099171": [
        "HGNC:578",
        "HGNC:8010",
        "HGNC:1951"
      ],
      "GO:0099170": [
        "HGNC:16699",
        "HGNC:7739"
      ],
      "GO:1905274": [],
      "GO:0099151": [
        "HGNC:20284"
      ],
      "GO:0099641": [],
      "GO:0140231": [],
      "GO:0098971": [
        "HGNC:17060"
      ],
      "GO:0098963": [],
      "GO:1903742": [],
      "GO:0098887": [
        "HGNC:18708"
      ],
      "GO:0099178": [],
      "GO:0150036": [],
      "GO:0098925": [],
      "GO:0098964": [],
      "GO:0099152": []
    },
    "hgnc_symbol": {
      "SYNGO:synprocess": [
        "KCNH1",
        "GRIK4",
        "GABRA2",
        "GABRB1",
        "SYN2",
        "RAB3B",
        "VAMP2",
        "UNC13C",
        "RIMS1",
        "RIMS2",
        "STXBP1",
        "GAPDH",
        "TMEM163",
        "CLTC",
        "DNM3",
        "SNCA",
        "SYNJ2",
        "SLC1A2",
        "SIPA1L2",
        "KCNK1",
        "NPTX2",
        "NRXN3",
        "CTNND2",
        "HSP90AA1",
        "CNTNAP2",
        "GPC6",
        "NRG1",
        "SYT6",
        "CADM1",
        "CBLN2",
        "ADCY8",
        "CDH11",
        "VGF",
        "APBA1",
        "CHRM2",
        "KCNK2",
        "INSYN2A",
        "SORCS3",
        "NEFL",
        "NRP1",
        "TUBA1A",
        "TUBB",
        "EFNA5",
        "CDH6",
        "CNTN5",
        "SRCIN1",
        "ELAVL2",
        "MARK1",
        "PCDH7",
        "HTR4",
        "GAP43",
        "SIPA1L1",
        "EPHA4",
        "ROBO2",
        "TENM1",
        "DAAM1",
        "ELAVL4",
        "KIF21A",
        "KIFAP3",
        "GRIP1"
      ],
      "SYNGO:presynprocess": [
        "KCNH1",
        "GRIK4",
        "GABRA2",
        "GABRB1",
        "SYN2",
        "RAB3B",
        "VAMP2",
        "UNC13C",
        "RIMS1",
        "RIMS2",
        "STXBP1",
        "GAPDH",
        "TMEM163",
        "CLTC",
        "DNM3",
        "SNCA",
        "SYNJ2",
        "SLC1A2",
        "SIPA1L2"
      ],
      "SYNGO:postsynprocess": [
        "GABRA2",
        "GABRB1",
        "KCNK1",
        "NPTX2",
        "NRXN3",
        "CTNND2",
        "HSP90AA1",
        "CNTNAP2",
        "GPC6",
        "VAMP2",
        "NRG1",
        "SYT6"
      ],
      "GO:0099536": [
        "NRXN3",
        "CADM1",
        "CBLN2",
        "ADCY8",
        "CDH11",
        "VGF",
        "APBA1",
        "CHRM2",
        "KCNK2",
        "INSYN2A",
        "SORCS3",
        "NEFL"
      ],
      "GO:0050808": [
        "NRP1",
        "TUBA1A",
        "TUBB",
        "RIMS1",
        "RIMS2",
        "DNM3",
        "NEFL",
        "CTNND2",
        "CADM1",
        "EFNA5",
        "NRG1",
        "CDH6",
        "CNTN5",
        "SRCIN1",
        "ELAVL2",
        "MARK1",
        "PCDH7",
        "HTR4",
        "GAP43",
        "NRXN3",
        "SIPA1L1",
        "EPHA4",
        "ROBO2",
        "TENM1",
        "DAAM1"
      ],
      "SYNGO:metabolism": [
        "GAPDH",
        "ELAVL4"
      ],
      "SYNGO:transport": [
        "KIF21A",
        "KIFAP3",
        "GRIP1"
      ],
      "GO:0099509": [
        "KCNH1"
      ],
      "GO:0099505": [
        "GRIK4",
        "GABRA2",
        "GABRB1",
        "KCNH1"
      ],
      "GO:0140238": [],
      "GO:0099504": [
        "SYN2",
        "RAB3B",
        "VAMP2",
        "UNC13C",
        "RIMS1",
        "RIMS2",
        "KCNH1",
        "STXBP1",
        "GAPDH",
        "TMEM163",
        "CLTC",
        "DNM3",
        "SNCA",
        "SYNJ2"
      ],
      "GO:0099525": [
        "RIMS1",
        "DNM3",
        "STXBP1"
      ],
      "GO:0001504": [],
      "GO:0098810": [
        "SLC1A2"
      ],
      "SYNGO:presyn_chaperoneProteinFolding": [],
      "GO:0098928": [
        "SIPA1L2"
      ],
      "GO:0099566": [],
      "GO:0060078": [
        "GABRA2",
        "GABRB1",
        "KCNK1"
      ],
      "GO:0098962": [
        "NPTX2"
      ],
      "GO:0099072": [
        "NRXN3",
        "CTNND2",
        "HSP90AA1",
        "CNTNAP2",
        "NPTX2",
        "GPC6",
        "VAMP2",
        "NRG1"
      ],
      "GO:0140239": [],
      "GO:0150038": [
        "SYT6"
      ],
      "GO:0098926": [
        "NRG1"
      ],
      "GO:0099537": [
        "NRXN3",
        "CADM1",
        "CBLN2",
        "ADCY8",
        "CDH11",
        "VGF",
        "APBA1",
        "CHRM2",
        "KCNK2",
        "INSYN2A",
        "SORCS3",
        "NEFL"
      ],
      "GO:0099538": [
        "VGF"
      ],
      "GO:0099163": [],
      "GO:0099172": [],
      "GO:0099173": [
        "NRP1"
      ],
      "GO:0099563": [],
      "GO:0050807": [
        "TUBA1A",
        "TUBB"
      ],
      "GO:0098918": [
        "RIMS1",
        "RIMS2",
        "DNM3",
        "NEFL",
        "CTNND2"
      ],
      "GO:0150043": [],
      "GO:0099560": [
        "CADM1",
        "EFNA5",
        "NRG1",
        "CDH6"
      ],
      "GO:0008039": [],
      "GO:0007416": [
        "CADM1",
        "CNTN5",
        "SRCIN1",
        "ELAVL2",
        "NRG1",
        "MARK1",
        "PCDH7",
        "HTR4",
        "GAP43",
        "NRXN3",
        "SIPA1L1"
      ],
      "GO:0098883": [
        "EPHA4"
      ],
      "GO:0060074": [
        "ROBO2",
        "NEFL"
      ],
      "GO:0099558": [
        "TENM1",
        "CADM1"
      ],
      "GO:0099187": [
        "DAAM1"
      ],
      "GO:0099188": [
        "SIPA1L1",
        "SRCIN1",
        "TENM1"
      ],
      "SYNGO:presyn_ATPmetabolic": [],
      "SYNGO:postsyn_ATPmetabolic": [
        "GAPDH"
      ],
      "GO:0099546": [],
      "GO:0099574": [],
      "GO:0099547": [],
      "GO:0042135": [],
      "GO:0140246": [],
      "GO:0042136": [],
      "GO:0140241": [
        "ELAVL4"
      ],
      "GO:0140235": [],
      "GO:0008088": [
        "KIF21A",
        "KIFAP3"
      ],
      "GO:0099514": [],
      "GO:0099090": [],
      "GO:0099089": [],
      "GO:0099637": [
        "GRIP1"
      ],
      "GO:1905056": [],
      "GO:0099534": [],
      "GO:0099626": [],
      "GO:0099507": [
        "GRIK4",
        "GABRA2",
        "GABRB1"
      ],
      "GO:0099508": [
        "KCNH1"
      ],
      "GO:0150047": [
        "GABRB1"
      ],
      "GO:0140232": [],
      "GO:0098693": [
        "RAB3B"
      ],
      "GO:0097091": [
        "SYN2"
      ],
      "GO:0099532": [],
      "GO:0016079": [
        "VAMP2",
        "UNC13C",
        "RIMS1",
        "RIMS2",
        "KCNH1",
        "STXBP1"
      ],
      "GO:0098700": [
        "GAPDH"
      ],
      "GO:0099180": [
        "TMEM163"
      ],
      "GO:0097401": [],
      "GO:0048488": [
        "CLTC",
        "DNM3",
        "SNCA",
        "SYNJ2"
      ],
      "GO:0099161": [],
      "GO:0051580": [],
      "GO:0099526": [],
      "GO:1905059": [],
      "GO:0099567": [],
      "GO:1905060": [],
      "GO:0098695": [],
      "GO:0099583": [],
      "GO:0140233": [],
      "GO:1904315": [
        "GABRA2",
        "GABRB1"
      ],
      "GO:1905030": [
        "KCNK1"
      ],
      "GO:0099645": [
        "NPTX2",
        "NRXN3",
        "GPC6"
      ],
      "GO:0098967": [
        "VAMP2"
      ],
      "GO:0098970": [],
      "GO:0098884": [
        "NRG1"
      ],
      "GO:0150044": [],
      "GO:0099527": [
        "NRG1"
      ],
      "GO:0099541": [],
      "GO:0099540": [],
      "GO:0099543": [],
      "GO:0099545": [
        "CADM1"
      ],
      "GO:0099157": [],
      "GO:0099183": [],
      "GO:0099550": [
        "CBLN2",
        "NRXN3"
      ],
      "GO:0007268": [
        "ADCY8",
        "CDH11",
        "VGF",
        "APBA1",
        "NRXN3",
        "CHRM2",
        "KCNK2",
        "INSYN2A",
        "SORCS3",
        "NEFL"
      ],
      "GO:0150045": [],
      "GO:0099174": [],
      "GO:0099175": [],
      "GO:0099084": [],
      "GO:0099010": [],
      "GO:0099564": [],
      "GO:1905244": [],
      "GO:0099181": [
        "RIMS1",
        "RIMS2"
      ],
      "GO:0099186": [
        "DNM3",
        "NEFL",
        "CTNND2"
      ],
      "GO:0099179": [],
      "GO:0099054": [
        "CNTN5",
        "CADM1"
      ],
      "GO:0051963": [
        "SRCIN1",
        "ELAVL2",
        "NRG1",
        "MARK1",
        "PCDH7",
        "HTR4"
      ],
      "GO:0098698": [
        "GAP43",
        "NRXN3",
        "SIPA1L1"
      ],
      "GO:0097104": [],
      "GO:1905806": [
        "EPHA4"
      ],
      "GO:0090128": [
        "NEFL"
      ],
      "GO:0099559": [
        "TENM1"
      ],
      "GO:0098880": [
        "CADM1"
      ],
      "GO:0099140": [
        "DAAM1"
      ],
      "GO:0098974": [
        "SIPA1L1",
        "SRCIN1"
      ],
      "GO:0099190": [
        "TENM1"
      ],
      "SYNGO:presyn_regulationATPmetabolic": [],
      "GO:0099576": [],
      "GO:0099575": [],
      "GO:0099578": [],
      "GO:0099577": [],
      "GO:0140247": [],
      "GO:0140249": [],
      "GO:0140236": [],
      "GO:0140242": [
        "ELAVL4"
      ],
      "GO:0098930": [
        "KIF21A"
      ],
      "GO:0098935": [
        "KIFAP3"
      ],
      "GO:0099517": [],
      "GO:0099158": [],
      "GO:0098968": [],
      "GO:0098877": [
        "GRIP1"
      ],
      "GO:0098943": [],
      "GO:0016182": [],
      "GO:0016189": [],
      "GO:0099502": [
        "RIMS1",
        "RIMS2"
      ],
      "GO:2000300": [
        "KCNH1"
      ],
      "GO:0016081": [
        "RIMS1",
        "RIMS2",
        "VAMP2"
      ],
      "GO:0031629": [],
      "GO:0016082": [
        "RIMS1",
        "STXBP1",
        "RIMS2"
      ],
      "GO:0099162": [
        "GAPDH"
      ],
      "GO:1901546": [],
      "GO:1900242": [],
      "GO:0016185": [],
      "GO:0016191": [],
      "GO:0098872": [],
      "GO:0099579": [],
      "GO:0098696": [
        "GPC6"
      ],
      "GO:0099145": [],
      "GO:0150054": [],
      "GO:0099149": [
        "NRG1"
      ],
      "GO:1905539": [],
      "GO:0099542": [],
      "GO:0099548": [],
      "GO:0098942": [
        "CADM1"
      ],
      "GO:0099557": [],
      "GO:0150035": [],
      "GO:0050804": [
        "ADCY8",
        "CDH11",
        "VGF"
      ],
      "GO:0099531": [
        "APBA1",
        "NRXN3",
        "CHRM2"
      ],
      "GO:0099565": [
        "KCNK2",
        "INSYN2A",
        "SORCS3",
        "NEFL"
      ],
      "GO:0099159": [],
      "GO:0098885": [],
      "GO:0098987": [],
      "GO:0098882": [
        "RIMS1",
        "RIMS2"
      ],
      "GO:0098699": [],
      "GO:0098973": [],
      "GO:0099184": [
        "NEFL"
      ],
      "GO:0098879": [],
      "GO:0098919": [
        "CTNND2"
      ],
      "GO:1905606": [
        "NRG1"
      ],
      "GO:0150052": [
        "MARK1",
        "PCDH7",
        "HTR4"
      ],
      "GO:0099150": [
        "GAP43"
      ],
      "GO:0097107": [
        "NRXN3",
        "SIPA1L1"
      ],
      "GO:0099562": [],
      "GO:0140251": [],
      "GO:0140252": [],
      "GO:0140245": [
        "ELAVL4"
      ],
      "GO:0008089": [
        "KIF21A"
      ],
      "GO:0099088": [],
      "GO:0098937": [
        "KIFAP3"
      ],
      "GO:0098939": [],
      "GO:0098961": [],
      "GO:0098934": [],
      "GO:0048490": [],
      "GO:0098969": [],
      "GO:0099639": [
        "GRIP1"
      ],
      "GO:0150037": [
        "RIMS1",
        "RIMS2"
      ],
      "GO:0099148": [],
      "GO:0031630": [],
      "GO:0010807": [],
      "GO:0098694": [],
      "GO:0098921": [],
      "GO:0099553": [],
      "GO:0099555": [],
      "GO:0099171": [
        "APBA1",
        "NRXN3",
        "CHRM2"
      ],
      "GO:0099170": [
        "SORCS3",
        "NEFL"
      ],
      "GO:1905274": [],
      "GO:0099151": [
        "SIPA1L1"
      ],
      "GO:0099641": [],
      "GO:0140231": [],
      "GO:0098971": [
        "KIFAP3"
      ],
      "GO:0098963": [],
      "GO:1903742": [],
      "GO:0098887": [
        "GRIP1"
      ],
      "GO:0099178": [],
      "GO:0150036": [],
      "GO:0098925": [],
      "GO:0098964": [],
      "GO:0099152": []
    },
    "ensembl_id": {
      "SYNGO:synprocess": [
        "ENSG00000143473",
        "ENSG00000149403",
        "ENSG00000151834",
        "ENSG00000163288",
        "ENSG00000157152",
        "ENSG00000169213",
        "ENSG00000220205",
        "ENSG00000137766",
        "ENSG00000079841",
        "ENSG00000176406",
        "ENSG00000136854",
        "ENSG00000111640",
        "ENSG00000152128",
        "ENSG00000141367",
        "ENSG00000197959",
        "ENSG00000145335",
        "ENSG00000078269",
        "ENSG00000110436",
        "ENSG00000116991",
        "ENSG00000135750",
        "ENSG00000106236",
        "ENSG00000021645",
        "ENSG00000169862",
        "ENSG00000080824",
        "ENSG00000174469",
        "ENSG00000183098",
        "ENSG00000157168",
        "ENSG00000134207",
        "ENSG00000182985",
        "ENSG00000141668",
        "ENSG00000155897",
        "ENSG00000140937",
        "ENSG00000128564",
        "ENSG00000107282",
        "ENSG00000181072",
        "ENSG00000082482",
        "ENSG00000188916",
        "ENSG00000156395",
        "ENSG00000277586",
        "ENSG00000099250",
        "ENSG00000167552",
        "ENSG00000196230",
        "ENSG00000184349",
        "ENSG00000113361",
        "ENSG00000149972",
        "ENSG00000277363",
        "ENSG00000107105",
        "ENSG00000116141",
        "ENSG00000169851",
        "ENSG00000164270",
        "ENSG00000172020",
        "ENSG00000197555",
        "ENSG00000116106",
        "ENSG00000185008",
        "ENSG00000009694",
        "ENSG00000100592",
        "ENSG00000162374",
        "ENSG00000139116",
        "ENSG00000075945",
        "ENSG00000155974"
      ],
      "SYNGO:presynprocess": [
        "ENSG00000143473",
        "ENSG00000149403",
        "ENSG00000151834",
        "ENSG00000163288",
        "ENSG00000157152",
        "ENSG00000169213",
        "ENSG00000220205",
        "ENSG00000137766",
        "ENSG00000079841",
        "ENSG00000176406",
        "ENSG00000136854",
        "ENSG00000111640",
        "ENSG00000152128",
        "ENSG00000141367",
        "ENSG00000197959",
        "ENSG00000145335",
        "ENSG00000078269",
        "ENSG00000110436",
        "ENSG00000116991"
      ],
      "SYNGO:postsynprocess": [
        "ENSG00000151834",
        "ENSG00000163288",
        "ENSG00000135750",
        "ENSG00000106236",
        "ENSG00000021645",
        "ENSG00000169862",
        "ENSG00000080824",
        "ENSG00000174469",
        "ENSG00000183098",
        "ENSG00000220205",
        "ENSG00000157168",
        "ENSG00000134207"
      ],
      "GO:0099536": [
        "ENSG00000021645",
        "ENSG00000182985",
        "ENSG00000141668",
        "ENSG00000155897",
        "ENSG00000140937",
        "ENSG00000128564",
        "ENSG00000107282",
        "ENSG00000181072",
        "ENSG00000082482",
        "ENSG00000188916",
        "ENSG00000156395",
        "ENSG00000277586"
      ],
      "GO:0050808": [
        "ENSG00000099250",
        "ENSG00000167552",
        "ENSG00000196230",
        "ENSG00000079841",
        "ENSG00000176406",
        "ENSG00000197959",
        "ENSG00000277586",
        "ENSG00000169862",
        "ENSG00000182985",
        "ENSG00000184349",
        "ENSG00000157168",
        "ENSG00000113361",
        "ENSG00000149972",
        "ENSG00000277363",
        "ENSG00000107105",
        "ENSG00000116141",
        "ENSG00000169851",
        "ENSG00000164270",
        "ENSG00000172020",
        "ENSG00000021645",
        "ENSG00000197555",
        "ENSG00000116106",
        "ENSG00000185008",
        "ENSG00000009694",
        "ENSG00000100592"
      ],
      "SYNGO:metabolism": [
        "ENSG00000111640",
        "ENSG00000162374"
      ],
      "SYNGO:transport": [
        "ENSG00000139116",
        "ENSG00000075945",
        "ENSG00000155974"
      ],
      "GO:0099509": [
        "ENSG00000143473"
      ],
      "GO:0099505": [
        "ENSG00000149403",
        "ENSG00000151834",
        "ENSG00000163288",
        "ENSG00000143473"
      ],
      "GO:0140238": [],
      "GO:0099504": [
        "ENSG00000157152",
        "ENSG00000169213",
        "ENSG00000220205",
        "ENSG00000137766",
        "ENSG00000079841",
        "ENSG00000176406",
        "ENSG00000143473",
        "ENSG00000136854",
        "ENSG00000111640",
        "ENSG00000152128",
        "ENSG00000141367",
        "ENSG00000197959",
        "ENSG00000145335",
        "ENSG00000078269"
      ],
      "GO:0099525": [
        "ENSG00000079841",
        "ENSG00000197959",
        "ENSG00000136854"
      ],
      "GO:0001504": [],
      "GO:0098810": [
        "ENSG00000110436"
      ],
      "SYNGO:presyn_chaperoneProteinFolding": [],
      "GO:0098928": [
        "ENSG00000116991"
      ],
      "GO:0099566": [],
      "GO:0060078": [
        "ENSG00000151834",
        "ENSG00000163288",
        "ENSG00000135750"
      ],
      "GO:0098962": [
        "ENSG00000106236"
      ],
      "GO:0099072": [
        "ENSG00000021645",
        "ENSG00000169862",
        "ENSG00000080824",
        "ENSG00000174469",
        "ENSG00000106236",
        "ENSG00000183098",
        "ENSG00000220205",
        "ENSG00000157168"
      ],
      "GO:0140239": [],
      "GO:0150038": [
        "ENSG00000134207"
      ],
      "GO:0098926": [
        "ENSG00000157168"
      ],
      "GO:0099537": [
        "ENSG00000021645",
        "ENSG00000182985",
        "ENSG00000141668",
        "ENSG00000155897",
        "ENSG00000140937",
        "ENSG00000128564",
        "ENSG00000107282",
        "ENSG00000181072",
        "ENSG00000082482",
        "ENSG00000188916",
        "ENSG00000156395",
        "ENSG00000277586"
      ],
      "GO:0099538": [
        "ENSG00000128564"
      ],
      "GO:0099163": [],
      "GO:0099172": [],
      "GO:0099173": [
        "ENSG00000099250"
      ],
      "GO:0099563": [],
      "GO:0050807": [
        "ENSG00000167552",
        "ENSG00000196230"
      ],
      "GO:0098918": [
        "ENSG00000079841",
        "ENSG00000176406",
        "ENSG00000197959",
        "ENSG00000277586",
        "ENSG00000169862"
      ],
      "GO:0150043": [],
      "GO:0099560": [
        "ENSG00000182985",
        "ENSG00000184349",
        "ENSG00000157168",
        "ENSG00000113361"
      ],
      "GO:0008039": [],
      "GO:0007416": [
        "ENSG00000182985",
        "ENSG00000149972",
        "ENSG00000277363",
        "ENSG00000107105",
        "ENSG00000157168",
        "ENSG00000116141",
        "ENSG00000169851",
        "ENSG00000164270",
        "ENSG00000172020",
        "ENSG00000021645",
        "ENSG00000197555"
      ],
      "GO:0098883": [
        "ENSG00000116106"
      ],
      "GO:0060074": [
        "ENSG00000185008",
        "ENSG00000277586"
      ],
      "GO:0099558": [
        "ENSG00000009694",
        "ENSG00000182985"
      ],
      "GO:0099187": [
        "ENSG00000100592"
      ],
      "GO:0099188": [
        "ENSG00000197555",
        "ENSG00000277363",
        "ENSG00000009694"
      ],
      "SYNGO:presyn_ATPmetabolic": [],
      "SYNGO:postsyn_ATPmetabolic": [
        "ENSG00000111640"
      ],
      "GO:0099546": [],
      "GO:0099574": [],
      "GO:0099547": [],
      "GO:0042135": [],
      "GO:0140246": [],
      "GO:0042136": [],
      "GO:0140241": [
        "ENSG00000162374"
      ],
      "GO:0140235": [],
      "GO:0008088": [
        "ENSG00000139116",
        "ENSG00000075945"
      ],
      "GO:0099514": [],
      "GO:0099090": [],
      "GO:0099089": [],
      "GO:0099637": [
        "ENSG00000155974"
      ],
      "GO:1905056": [],
      "GO:0099534": [],
      "GO:0099626": [],
      "GO:0099507": [
        "ENSG00000149403",
        "ENSG00000151834",
        "ENSG00000163288"
      ],
      "GO:0099508": [
        "ENSG00000143473"
      ],
      "GO:0150047": [
        "ENSG00000163288"
      ],
      "GO:0140232": [],
      "GO:0098693": [
        "ENSG00000169213"
      ],
      "GO:0097091": [
        "ENSG00000157152"
      ],
      "GO:0099532": [],
      "GO:0016079": [
        "ENSG00000220205",
        "ENSG00000137766",
        "ENSG00000079841",
        "ENSG00000176406",
        "ENSG00000143473",
        "ENSG00000136854"
      ],
      "GO:0098700": [
        "ENSG00000111640"
      ],
      "GO:0099180": [
        "ENSG00000152128"
      ],
      "GO:0097401": [],
      "GO:0048488": [
        "ENSG00000141367",
        "ENSG00000197959",
        "ENSG00000145335",
        "ENSG00000078269"
      ],
      "GO:0099161": [],
      "GO:0051580": [],
      "GO:0099526": [],
      "GO:1905059": [],
      "GO:0099567": [],
      "GO:1905060": [],
      "GO:0098695": [],
      "GO:0099583": [],
      "GO:0140233": [],
      "GO:1904315": [
        "ENSG00000151834",
        "ENSG00000163288"
      ],
      "GO:1905030": [
        "ENSG00000135750"
      ],
      "GO:0099645": [
        "ENSG00000106236",
        "ENSG00000021645",
        "ENSG00000183098"
      ],
      "GO:0098967": [
        "ENSG00000220205"
      ],
      "GO:0098970": [],
      "GO:0098884": [
        "ENSG00000157168"
      ],
      "GO:0150044": [],
      "GO:0099527": [
        "ENSG00000157168"
      ],
      "GO:0099541": [],
      "GO:0099540": [],
      "GO:0099543": [],
      "GO:0099545": [
        "ENSG00000182985"
      ],
      "GO:0099157": [],
      "GO:0099183": [],
      "GO:0099550": [
        "ENSG00000141668",
        "ENSG00000021645"
      ],
      "GO:0007268": [
        "ENSG00000155897",
        "ENSG00000140937",
        "ENSG00000128564",
        "ENSG00000107282",
        "ENSG00000021645",
        "ENSG00000181072",
        "ENSG00000082482",
        "ENSG00000188916",
        "ENSG00000156395",
        "ENSG00000277586"
      ],
      "GO:0150045": [],
      "GO:0099174": [],
      "GO:0099175": [],
      "GO:0099084": [],
      "GO:0099010": [],
      "GO:0099564": [],
      "GO:1905244": [],
      "GO:0099181": [
        "ENSG00000079841",
        "ENSG00000176406"
      ],
      "GO:0099186": [
        "ENSG00000197959",
        "ENSG00000277586",
        "ENSG00000169862"
      ],
      "GO:0099179": [],
      "GO:0099054": [
        "ENSG00000149972",
        "ENSG00000182985"
      ],
      "GO:0051963": [
        "ENSG00000277363",
        "ENSG00000107105",
        "ENSG00000157168",
        "ENSG00000116141",
        "ENSG00000169851",
        "ENSG00000164270"
      ],
      "GO:0098698": [
        "ENSG00000172020",
        "ENSG00000021645",
        "ENSG00000197555"
      ],
      "GO:0097104": [],
      "GO:1905806": [
        "ENSG00000116106"
      ],
      "GO:0090128": [
        "ENSG00000277586"
      ],
      "GO:0099559": [
        "ENSG00000009694"
      ],
      "GO:0098880": [
        "ENSG00000182985"
      ],
      "GO:0099140": [
        "ENSG00000100592"
      ],
      "GO:0098974": [
        "ENSG00000197555",
        "ENSG00000277363"
      ],
      "GO:0099190": [
        "ENSG00000009694"
      ],
      "SYNGO:presyn_regulationATPmetabolic": [],
      "GO:0099576": [],
      "GO:0099575": [],
      "GO:0099578": [],
      "GO:0099577": [],
      "GO:0140247": [],
      "GO:0140249": [],
      "GO:0140236": [],
      "GO:0140242": [
        "ENSG00000162374"
      ],
      "GO:0098930": [
        "ENSG00000139116"
      ],
      "GO:0098935": [
        "ENSG00000075945"
      ],
      "GO:0099517": [],
      "GO:0099158": [],
      "GO:0098968": [],
      "GO:0098877": [
        "ENSG00000155974"
      ],
      "GO:0098943": [],
      "GO:0016182": [],
      "GO:0016189": [],
      "GO:0099502": [
        "ENSG00000079841",
        "ENSG00000176406"
      ],
      "GO:2000300": [
        "ENSG00000143473"
      ],
      "GO:0016081": [
        "ENSG00000079841",
        "ENSG00000176406",
        "ENSG00000220205"
      ],
      "GO:0031629": [],
      "GO:0016082": [
        "ENSG00000079841",
        "ENSG00000136854",
        "ENSG00000176406"
      ],
      "GO:0099162": [
        "ENSG00000111640"
      ],
      "GO:1901546": [],
      "GO:1900242": [],
      "GO:0016185": [],
      "GO:0016191": [],
      "GO:0098872": [],
      "GO:0099579": [],
      "GO:0098696": [
        "ENSG00000183098"
      ],
      "GO:0099145": [],
      "GO:0150054": [],
      "GO:0099149": [
        "ENSG00000157168"
      ],
      "GO:1905539": [],
      "GO:0099542": [],
      "GO:0099548": [],
      "GO:0098942": [
        "ENSG00000182985"
      ],
      "GO:0099557": [],
      "GO:0150035": [],
      "GO:0050804": [
        "ENSG00000155897",
        "ENSG00000140937",
        "ENSG00000128564"
      ],
      "GO:0099531": [
        "ENSG00000107282",
        "ENSG00000021645",
        "ENSG00000181072"
      ],
      "GO:0099565": [
        "ENSG00000082482",
        "ENSG00000188916",
        "ENSG00000156395",
        "ENSG00000277586"
      ],
      "GO:0099159": [],
      "GO:0098885": [],
      "GO:0098987": [],
      "GO:0098882": [
        "ENSG00000079841",
        "ENSG00000176406"
      ],
      "GO:0098699": [],
      "GO:0098973": [],
      "GO:0099184": [
        "ENSG00000277586"
      ],
      "GO:0098879": [],
      "GO:0098919": [
        "ENSG00000169862"
      ],
      "GO:1905606": [
        "ENSG00000157168"
      ],
      "GO:0150052": [
        "ENSG00000116141",
        "ENSG00000169851",
        "ENSG00000164270"
      ],
      "GO:0099150": [
        "ENSG00000172020"
      ],
      "GO:0097107": [
        "ENSG00000021645",
        "ENSG00000197555"
      ],
      "GO:0099562": [],
      "GO:0140251": [],
      "GO:0140252": [],
      "GO:0140245": [
        "ENSG00000162374"
      ],
      "GO:0008089": [
        "ENSG00000139116"
      ],
      "GO:0099088": [],
      "GO:0098937": [
        "ENSG00000075945"
      ],
      "GO:0098939": [],
      "GO:0098961": [],
      "GO:0098934": [],
      "GO:0048490": [],
      "GO:0098969": [],
      "GO:0099639": [
        "ENSG00000155974"
      ],
      "GO:0150037": [
        "ENSG00000079841",
        "ENSG00000176406"
      ],
      "GO:0099148": [],
      "GO:0031630": [],
      "GO:0010807": [],
      "GO:0098694": [],
      "GO:0098921": [],
      "GO:0099553": [],
      "GO:0099555": [],
      "GO:0099171": [
        "ENSG00000107282",
        "ENSG00000021645",
        "ENSG00000181072"
      ],
      "GO:0099170": [
        "ENSG00000156395",
        "ENSG00000277586"
      ],
      "GO:1905274": [],
      "GO:0099151": [
        "ENSG00000197555"
      ],
      "GO:0099641": [],
      "GO:0140231": [],
      "GO:0098971": [
        "ENSG00000075945"
      ],
      "GO:0098963": [],
      "GO:1903742": [],
      "GO:0098887": [
        "ENSG00000155974"
      ],
      "GO:0099178": [],
      "GO:0150036": [],
      "GO:0098925": [],
      "GO:0098964": [],
      "GO:0099152": []
    },
    "entrez_id": {
      "SYNGO:synprocess": [
        "3756",
        "2900",
        "2555",
        "2560",
        "6854",
        "5865",
        "6844",
        "440279",
        "22999",
        "9699",
        "6812",
        "2597",
        "81615",
        "1213",
        "26052",
        "6622",
        "8871",
        "6506",
        "57568",
        "3775",
        "4885",
        "9369",
        "1501",
        "3320",
        "26047",
        "10082",
        "3084",
        "148281",
        "23705",
        "147381",
        "114",
        "1009",
        "7425",
        "320",
        "1129",
        "3776",
        "642938",
        "22986",
        "4747",
        "8829",
        "7846",
        "203068",
        "1946",
        "1004",
        "53942",
        "80725",
        "1993",
        "4139",
        "5099",
        "3360",
        "2596",
        "26037",
        "2043",
        "6092",
        "10178",
        "23002",
        "1996",
        "55605",
        "22920",
        "23426"
      ],
      "SYNGO:presynprocess": [
        "3756",
        "2900",
        "2555",
        "2560",
        "6854",
        "5865",
        "6844",
        "440279",
        "22999",
        "9699",
        "6812",
        "2597",
        "81615",
        "1213",
        "26052",
        "6622",
        "8871",
        "6506",
        "57568"
      ],
      "SYNGO:postsynprocess": [
        "2555",
        "2560",
        "3775",
        "4885",
        "9369",
        "1501",
        "3320",
        "26047",
        "10082",
        "6844",
        "3084",
        "148281"
      ],
      "GO:0099536": [
        "9369",
        "23705",
        "147381",
        "114",
        "1009",
        "7425",
        "320",
        "1129",
        "3776",
        "642938",
        "22986",
        "4747"
      ],
      "GO:0050808": [
        "8829",
        "7846",
        "203068",
        "22999",
        "9699",
        "26052",
        "4747",
        "1501",
        "23705",
        "1946",
        "3084",
        "1004",
        "53942",
        "80725",
        "1993",
        "4139",
        "5099",
        "3360",
        "2596",
        "9369",
        "26037",
        "2043",
        "6092",
        "10178",
        "23002"
      ],
      "SYNGO:metabolism": [
        "2597",
        "1996"
      ],
      "SYNGO:transport": [
        "55605",
        "22920",
        "23426"
      ],
      "GO:0099509": [
        "3756"
      ],
      "GO:0099505": [
        "2900",
        "2555",
        "2560",
        "3756"
      ],
      "GO:0140238": [],
      "GO:0099504": [
        "6854",
        "5865",
        "6844",
        "440279",
        "22999",
        "9699",
        "3756",
        "6812",
        "2597",
        "81615",
        "1213",
        "26052",
        "6622",
        "8871"
      ],
      "GO:0099525": [
        "22999",
        "26052",
        "6812"
      ],
      "GO:0001504": [],
      "GO:0098810": [
        "6506"
      ],
      "SYNGO:presyn_chaperoneProteinFolding": [],
      "GO:0098928": [
        "57568"
      ],
      "GO:0099566": [],
      "GO:0060078": [
        "2555",
        "2560",
        "3775"
      ],
      "GO:0098962": [
        "4885"
      ],
      "GO:0099072": [
        "9369",
        "1501",
        "3320",
        "26047",
        "4885",
        "10082",
        "6844",
        "3084"
      ],
      "GO:0140239": [],
      "GO:0150038": [
        "148281"
      ],
      "GO:0098926": [
        "3084"
      ],
      "GO:0099537": [
        "9369",
        "23705",
        "147381",
        "114",
        "1009",
        "7425",
        "320",
        "1129",
        "3776",
        "642938",
        "22986",
        "4747"
      ],
      "GO:0099538": [
        "7425"
      ],
      "GO:0099163": [],
      "GO:0099172": [],
      "GO:0099173": [
        "8829"
      ],
      "GO:0099563": [],
      "GO:0050807": [
        "7846",
        "203068"
      ],
      "GO:0098918": [
        "22999",
        "9699",
        "26052",
        "4747",
        "1501"
      ],
      "GO:0150043": [],
      "GO:0099560": [
        "23705",
        "1946",
        "3084",
        "1004"
      ],
      "GO:0008039": [],
      "GO:0007416": [
        "23705",
        "53942",
        "80725",
        "1993",
        "3084",
        "4139",
        "5099",
        "3360",
        "2596",
        "9369",
        "26037"
      ],
      "GO:0098883": [
        "2043"
      ],
      "GO:0060074": [
        "6092",
        "4747"
      ],
      "GO:0099558": [
        "10178",
        "23705"
      ],
      "GO:0099187": [
        "23002"
      ],
      "GO:0099188": [
        "26037",
        "80725",
        "10178"
      ],
      "SYNGO:presyn_ATPmetabolic": [],
      "SYNGO:postsyn_ATPmetabolic": [
        "2597"
      ],
      "GO:0099546": [],
      "GO:0099574": [],
      "GO:0099547": [],
      "GO:0042135": [],
      "GO:0140246": [],
      "GO:0042136": [],
      "GO:0140241": [
        "1996"
      ],
      "GO:0140235": [],
      "GO:0008088": [
        "55605",
        "22920"
      ],
      "GO:0099514": [],
      "GO:0099090": [],
      "GO:0099089": [],
      "GO:0099637": [
        "23426"
      ],
      "GO:1905056": [],
      "GO:0099534": [],
      "GO:0099626": [],
      "GO:0099507": [
        "2900",
        "2555",
        "2560"
      ],
      "GO:0099508": [
        "3756"
      ],
      "GO:0150047": [
        "2560"
      ],
      "GO:0140232": [],
      "GO:0098693": [
        "5865"
      ],
      "GO:0097091": [
        "6854"
      ],
      "GO:0099532": [],
      "GO:0016079": [
        "6844",
        "440279",
        "22999",
        "9699",
        "3756",
        "6812"
      ],
      "GO:0098700": [
        "2597"
      ],
      "GO:0099180": [
        "81615"
      ],
      "GO:0097401": [],
      "GO:0048488": [
        "1213",
        "26052",
        "6622",
        "8871"
      ],
      "GO:0099161": [],
      "GO:0051580": [],
      "GO:0099526": [],
      "GO:1905059": [],
      "GO:0099567": [],
      "GO:1905060": [],
      "GO:0098695": [],
      "GO:0099583": [],
      "GO:0140233": [],
      "GO:1904315": [
        "2555",
        "2560"
      ],
      "GO:1905030": [
        "3775"
      ],
      "GO:0099645": [
        "4885",
        "9369",
        "10082"
      ],
      "GO:0098967": [
        "6844"
      ],
      "GO:0098970": [],
      "GO:0098884": [
        "3084"
      ],
      "GO:0150044": [],
      "GO:0099527": [
        "3084"
      ],
      "GO:0099541": [],
      "GO:0099540": [],
      "GO:0099543": [],
      "GO:0099545": [
        "23705"
      ],
      "GO:0099157": [],
      "GO:0099183": [],
      "GO:0099550": [
        "147381",
        "9369"
      ],
      "GO:0007268": [
        "114",
        "1009",
        "7425",
        "320",
        "9369",
        "1129",
        "3776",
        "642938",
        "22986",
        "4747"
      ],
      "GO:0150045": [],
      "GO:0099174": [],
      "GO:0099175": [],
      "GO:0099084": [],
      "GO:0099010": [],
      "GO:0099564": [],
      "GO:1905244": [],
      "GO:0099181": [
        "22999",
        "9699"
      ],
      "GO:0099186": [
        "26052",
        "4747",
        "1501"
      ],
      "GO:0099179": [],
      "GO:0099054": [
        "53942",
        "23705"
      ],
      "GO:0051963": [
        "80725",
        "1993",
        "3084",
        "4139",
        "5099",
        "3360"
      ],
      "GO:0098698": [
        "2596",
        "9369",
        "26037"
      ],
      "GO:0097104": [],
      "GO:1905806": [
        "2043"
      ],
      "GO:0090128": [
        "4747"
      ],
      "GO:0099559": [
        "10178"
      ],
      "GO:0098880": [
        "23705"
      ],
      "GO:0099140": [
        "23002"
      ],
      "GO:0098974": [
        "26037",
        "80725"
      ],
      "GO:0099190": [
        "10178"
      ],
      "SYNGO:presyn_regulationATPmetabolic": [],
      "GO:0099576": [],
      "GO:0099575": [],
      "GO:0099578": [],
      "GO:0099577": [],
      "GO:0140247": [],
      "GO:0140249": [],
      "GO:0140236": [],
      "GO:0140242": [
        "1996"
      ],
      "GO:0098930": [
        "55605"
      ],
      "GO:0098935": [
        "22920"
      ],
      "GO:0099517": [],
      "GO:0099158": [],
      "GO:0098968": [],
      "GO:0098877": [
        "23426"
      ],
      "GO:0098943": [],
      "GO:0016182": [],
      "GO:0016189": [],
      "GO:0099502": [
        "22999",
        "9699"
      ],
      "GO:2000300": [
        "3756"
      ],
      "GO:0016081": [
        "22999",
        "9699",
        "6844"
      ],
      "GO:0031629": [],
      "GO:0016082": [
        "22999",
        "6812",
        "9699"
      ],
      "GO:0099162": [
        "2597"
      ],
      "GO:1901546": [],
      "GO:1900242": [],
      "GO:0016185": [],
      "GO:0016191": [],
      "GO:0098872": [],
      "GO:0099579": [],
      "GO:0098696": [
        "10082"
      ],
      "GO:0099145": [],
      "GO:0150054": [],
      "GO:0099149": [
        "3084"
      ],
      "GO:1905539": [],
      "GO:0099542": [],
      "GO:0099548": [],
      "GO:0098942": [
        "23705"
      ],
      "GO:0099557": [],
      "GO:0150035": [],
      "GO:0050804": [
        "114",
        "1009",
        "7425"
      ],
      "GO:0099531": [
        "320",
        "9369",
        "1129"
      ],
      "GO:0099565": [
        "3776",
        "642938",
        "22986",
        "4747"
      ],
      "GO:0099159": [],
      "GO:0098885": [],
      "GO:0098987": [],
      "GO:0098882": [
        "22999",
        "9699"
      ],
      "GO:0098699": [],
      "GO:0098973": [],
      "GO:0099184": [
        "4747"
      ],
      "GO:0098879": [],
      "GO:0098919": [
        "1501"
      ],
      "GO:1905606": [
        "3084"
      ],
      "GO:0150052": [
        "4139",
        "5099",
        "3360"
      ],
      "GO:0099150": [
        "2596"
      ],
      "GO:0097107": [
        "9369",
        "26037"
      ],
      "GO:0099562": [],
      "GO:0140251": [],
      "GO:0140252": [],
      "GO:0140245": [
        "1996"
      ],
      "GO:0008089": [
        "55605"
      ],
      "GO:0099088": [],
      "GO:0098937": [
        "22920"
      ],
      "GO:0098939": [],
      "GO:0098961": [],
      "GO:0098934": [],
      "GO:0048490": [],
      "GO:0098969": [],
      "GO:0099639": [
        "23426"
      ],
      "GO:0150037": [
        "22999",
        "9699"
      ],
      "GO:0099148": [],
      "GO:0031630": [],
      "GO:0010807": [],
      "GO:0098694": [],
      "GO:0098921": [],
      "GO:0099553": [],
      "GO:0099555": [],
      "GO:0099171": [
        "320",
        "9369",
        "1129"
      ],
      "GO:0099170": [
        "22986",
        "4747"
      ],
      "GO:1905274": [],
      "GO:0099151": [
        "26037"
      ],
      "GO:0099641": [],
      "GO:0140231": [],
      "GO:0098971": [
        "22920"
      ],
      "GO:0098963": [],
      "GO:1903742": [],
      "GO:0098887": [
        "23426"
      ],
      "GO:0099178": [],
      "GO:0150036": [],
      "GO:0098925": [],
      "GO:0098964": [],
      "GO:0099152": []
    }
  }
}