{
  "direct": {
    "hgnc_id": {
      "GO:0045202": [
        "HGNC:3313",
        "HGNC:31822",
        "HGNC:9303",
        "HGNC:12684",
        "HGNC:4454",
        "HGNC:1750",
        "HGNC:1765",
        "HGNC:18142",
        "HGNC:7953",
        "HGNC:29868"
      ],
      "GO:0097060": [],
      "GO:0098793": [
        "HGNC:23149",
        "HGNC:946",
        "HGNC:11504",
        "HGNC:29125",
        "HGNC:2176",
        "HGNC:4140",
        "HGNC:23800",
        "HGNC:29506",
        "HGNC:18142",
        "HGNC:4388",
        "HGNC:7953",
        "HGNC:19349"
      ],
      "GO:0043083": [
        "HGNC:7953",
        "HGNC:1544"
      ],
      "GO:0098794": [
        "HGNC:18708",
        "HGNC:20284",
        "HGNC:7997",
        "HGNC:29506",
        "HGNC:4388",
        "HGNC:6896",
        "HGNC:17060",
        "HGNC:4212",
        "HGNC:5299"
      ],
      "GO:0099544": [],
      "GO:0099243": [],
      "GO:0099699": [
        "HGNC:18638",
        "HGNC:11007",
        "HGNC:7657"
      ],
      "GO:0099523": [
        "HGNC:11444",
        "HGNC:4212"
      ],
      "GO:0099569": [],
      "GO:0048786": [],
      "GO:0098833": [],
      "GO:0098830": [],
      "GO:0008021": [
        "HGNC:8820"
      ],
      "GO:0098992": [
        "HGNC:8820"
      ],
      "GO:0042734": [],
      "SYNGO:presyn_ribosome": [],
      "SYNGO:presyn_er": [],
      "GO:0098965": [],
      "GO:0099524": [
        "HGNC:12643",
        "HGNC:4212"
      ],
      "GO:0099571": [],
      "GO:0097444": [],
      "GO:0150051": [],
      "GO:0099572": [
        "HGNC:33859"
      ],
      "GO:0098843": [
        "HGNC:2092"
      ],
      "GO:0098845": [],
      "GO:0045211": [],
      "SYNGO:postsyn_ribosome": [],
      "SYNGO:postsyn_er": [],
      "GO:0098966": [],
      "GO:0099182": [
        "HGNC:7739"
      ],
      "GO:0099143": [],
      "GO:0098831": [
        "HGNC:17282",
        "HGNC:17283",
        "HGNC:11444"
      ],
      "GO:0048787": [
        "HGNC:578"
      ],
      "GO:0098835": [
        "HGNC:2092"
      ],
      "GO:0098954": [],
      "GO:0034592": [],
      "GO:0030672": [
        "HGNC:11138"
      ],
      "GO:0099013": [
        "HGNC:8820"
      ],
      "GO:0099012": [],
      "GO:0099026": [
        "HGNC:2176",
        "HGNC:2175"
      ],
      "GO:0098888": [
        "HGNC:11444"
      ],
      "GO:0099056": [
        "HGNC:6250",
        "HGNC:3388",
        "HGNC:5951",
        "HGNC:239",
        "HGNC:4582",
        "HGNC:10940",
        "HGNC:1951",
        "HGNC:13830"
      ],
      "SYNGO:presyn_er_membrane": [],
      "SYNGO:presyn_ser": [],
      "GO:0099160": [
        "HGNC:7739"
      ],
      "GO:0098871": [],
      "GO:0150050": [],
      "GO:0099189": [],
      "GO:0098897": [],
      "GO:0099091": [],
      "GO:0099634": [],
      "GO:0014069": [
        "HGNC:2516",
        "HGNC:18708",
        "HGNC:12643",
        "HGNC:8659",
        "HGNC:11187",
        "HGNC:11251",
        "HGNC:78"
      ],
      "GO:0099629": [],
      "GO:0098844": [
        "HGNC:29125"
      ],
      "GO:0098895": [],
      "GO:0098842": [],
      "GO:0098837": [],
      "GO:0099025": [],
      "GO:0098890": [],
      "GO:0099055": [
        "HGNC:5951",
        "HGNC:3388",
        "HGNC:8004",
        "HGNC:4582",
        "HGNC:1951",
        "HGNC:6297"
      ],
      "SYNGO:postsyn_er_membrane": [],
      "SYNGO:postsyn_ser": [],
      "GO:0099029": [],
      "GO:0098891": [
        "HGNC:17282"
      ],
      "GO:0099059": [
        "HGNC:1951",
        "HGNC:4076",
        "HGNC:4081",
        "HGNC:7997",
        "HGNC:8010"
      ],
      "GO:0098894": [],
      "GO:0099067": [],
      "GO:0098993": [
        "HGNC:9778"
      ],
      "GO:0098850": [
        "HGNC:2092",
        "HGNC:11495",
        "HGNC:4141"
      ],
      "GO:0030285": [
        "HGNC:12643",
        "HGNC:25380"
      ],
      "GO:0098674": [],
      "GO:0099066": [],
      "SYNGO:presyn_er_membrane_integral": [],
      "SYNGO:presyn_ser_membrane": [],
      "GO:0099065": [],
      "GO:0098892": [
        "HGNC:7953"
      ],
      "GO:0099060": [
        "HGNC:4076",
        "HGNC:4081"
      ],
      "GO:0099092": [
        "HGNC:4141",
        "HGNC:23800"
      ],
      "GO:0098839": [],
      "GO:0099164": [],
      "GO:0098999": [],
      "GO:0098896": [],
      "GO:0098944": [],
      "SYNGO:postsyn_er_membrane_integral": [],
      "SYNGO:postsyn_ser_membrane": [],
      "SYNGO:presyn_ser_membrane_integral": [],
      "GO:0099031": [],
      "GO:0099147": [],
      "GO:0099061": [
        "HGNC:16699",
        "HGNC:7997",
        "HGNC:10250",
        "HGNC:6250"
      ],
      "GO:0098998": [],
      "GO:0099033": [],
      "GO:0099063": [],
      "SYNGO:postsyn_ser_membrane_integral": []
    },
    "hgnc_symbol": {
      "GO:0045202": [
        "ELAVL2",
        "PLCXD3",
        "PPP2R1B",
        "VGF",
        "GPC6",
        "CDH11",
        "CDH6",
        "DAAM1",
        "NPTX2",
        "TAGLN3"
      ],
      "GO:0097060": [],
      "GO:0098793": [
        "UNC13C",
        "MAGI1",
        "SYNJ2",
        "DNM3",
        "CNTN6",
        "GAP43",
        "SIPA1L2",
        "SRCIN1",
        "DAAM1",
        "GNAL",
        "NPTX2",
        "KIF21A"
      ],
      "GO:0043083": [
        "NPTX2",
        "CBLN2"
      ],
      "GO:0098794": [
        "GRIP1",
        "SIPA1L1",
        "NRG1",
        "SRCIN1",
        "GNAL",
        "MARK1",
        "KIFAP3",
        "GDA",
        "HTR4"
      ],
      "GO:0099544": [],
      "GO:0099243": [],
      "GO:0099699": [
        "SYT6",
        "SLC2A3",
        "NCAM2"
      ],
      "GO:0099523": [
        "STXBP1",
        "GDA"
      ],
      "GO:0099569": [],
      "GO:0048786": [],
      "GO:0098833": [],
      "GO:0098830": [],
      "GO:0008021": [
        "PDYN"
      ],
      "GO:0098992": [
        "PDYN"
      ],
      "GO:0042734": [],
      "SYNGO:presyn_ribosome": [],
      "SYNGO:presyn_er": [],
      "GO:0098965": [],
      "GO:0099524": [
        "VAMP2",
        "GDA"
      ],
      "GO:0099571": [],
      "GO:0097444": [],
      "GO:0150051": [],
      "GO:0099572": [
        "INSYN2A"
      ],
      "GO:0098843": [
        "CLTC"
      ],
      "GO:0098845": [],
      "GO:0045211": [],
      "SYNGO:postsyn_ribosome": [],
      "SYNGO:postsyn_er": [],
      "GO:0098966": [],
      "GO:0099182": [
        "NEFL"
      ],
      "GO:0099143": [],
      "GO:0098831": [
        "RIMS1",
        "RIMS2",
        "STXBP1"
      ],
      "GO:0048787": [
        "APBA1"
      ],
      "GO:0098835": [
        "CLTC"
      ],
      "GO:0098954": [],
      "GO:0034592": [],
      "GO:0030672": [
        "SNCA"
      ],
      "GO:0099013": [
        "PDYN"
      ],
      "GO:0099012": [],
      "GO:0099026": [
        "CNTN6",
        "CNTN5"
      ],
      "GO:0098888": [
        "STXBP1"
      ],
      "GO:0099056": [
        "KCNH1",
        "EPHA4",
        "CADM1",
        "ADCY8",
        "GRIK4",
        "SLC1A2",
        "CHRM2",
        "CNTNAP2"
      ],
      "SYNGO:presyn_er_membrane": [],
      "SYNGO:presyn_ser": [],
      "GO:0099160": [
        "NEFL"
      ],
      "GO:0098871": [],
      "GO:0150050": [],
      "GO:0099189": [],
      "GO:0098897": [],
      "GO:0099091": [],
      "GO:0099634": [],
      "GO:0014069": [
        "CTNND2",
        "GRIP1",
        "VAMP2",
        "PCDH7",
        "SOS1",
        "SPOCK1",
        "ABLIM1"
      ],
      "GO:0099629": [],
      "GO:0098844": [
        "DNM3"
      ],
      "GO:0098895": [],
      "GO:0098842": [],
      "GO:0098837": [],
      "GO:0099025": [],
      "GO:0098890": [],
      "GO:0099055": [
        "CADM1",
        "EPHA4",
        "NRP1",
        "GRIK4",
        "CHRM2",
        "KCNQ3"
      ],
      "SYNGO:postsyn_er_membrane": [],
      "SYNGO:postsyn_ser": [],
      "GO:0099029": [],
      "GO:0098891": [
        "RIMS1"
      ],
      "GO:0099059": [
        "CHRM2",
        "GABRA2",
        "GABRB1",
        "NRG1",
        "NRXN3"
      ],
      "GO:0098894": [],
      "GO:0099067": [],
      "GO:0098993": [
        "RAB3B"
      ],
      "GO:0098850": [
        "CLTC",
        "SYN2",
        "GAPDH"
      ],
      "GO:0030285": [
        "VAMP2",
        "TMEM163"
      ],
      "GO:0098674": [],
      "GO:0099066": [],
      "SYNGO:presyn_er_membrane_integral": [],
      "SYNGO:presyn_ser_membrane": [],
      "GO:0099065": [],
      "GO:0098892": [
        "NPTX2"
      ],
      "GO:0099060": [
        "GABRA2",
        "GABRB1"
      ],
      "GO:0099092": [
        "GAPDH",
        "SIPA1L2"
      ],
      "GO:0098839": [],
      "GO:0099164": [],
      "GO:0098999": [],
      "GO:0098896": [],
      "GO:0098944": [],
      "SYNGO:postsyn_er_membrane_integral": [],
      "SYNGO:postsyn_ser_membrane": [],
      "SYNGO:presyn_ser_membrane_integral": [],
      "GO:0099031": [],
      "GO:0099147": [],
      "GO:0099061": [
        "SORCS3",
        "NRG1",
        "ROBO2",
        "KCNH1"
      ],
      "GO:0098998": [],
      "GO:0099033": [],
      "GO:0099063": [],
      "SYNGO:postsyn_ser_membrane_integral": []
    },
    "ensembl_id": {
      "GO:0045202": [
        "ENSG00000107105",
        "ENSG00000182836",
        "ENSG00000137713",
        "ENSG00000128564",
        "ENSG00000183098",
        "ENSG00000140937",
        "ENSG00000113361",
        "ENSG00000100592",
        "ENSG00000106236",
        "ENSG00000144834"
      ],
      "GO:0097060": [],
      "GO:0098793": [
        "ENSG00000137766",
        "ENSG00000151276",
        "ENSG00000078269",
        "ENSG00000197959",
        "ENSG00000134115",
        "ENSG00000172020",
        "ENSG00000116991",
        "ENSG00000277363",
        "ENSG00000100592",
        "ENSG00000141404",
        "ENSG00000106236",
        "ENSG00000139116"
      ],
      "GO:0043083": [
        "ENSG00000106236",
        "ENSG00000141668"
      ],
      "GO:0098794": [
        "ENSG00000155974",
        "ENSG00000197555",
        "ENSG00000157168",
        "ENSG00000277363",
        "ENSG00000141404",
        "ENSG00000116141",
        "ENSG00000075945",
        "ENSG00000119125",
        "ENSG00000164270"
      ],
      "GO:0099544": [],
      "GO:0099243": [],
      "GO:0099699": [
        "ENSG00000134207",
        "ENSG00000059804",
        "ENSG00000154654"
      ],
      "GO:0099523": [
        "ENSG00000136854",
        "ENSG00000119125"
      ],
      "GO:0099569": [],
      "GO:0048786": [],
      "GO:0098833": [],
      "GO:0098830": [],
      "GO:0008021": [
        "ENSG00000101327"
      ],
      "GO:0098992": [
        "ENSG00000101327"
      ],
      "GO:0042734": [],
      "SYNGO:presyn_ribosome": [],
      "SYNGO:presyn_er": [],
      "GO:0098965": [],
      "GO:0099524": [
        "ENSG00000220205",
        "ENSG00000119125"
      ],
      "GO:0099571": [],
      "GO:0097444": [],
      "GO:0150051": [],
      "GO:0099572": [
        "ENSG00000188916"
      ],
      "GO:0098843": [
        "ENSG00000141367"
      ],
      "GO:0098845": [],
      "GO:0045211": [],
      "SYNGO:postsyn_ribosome": [],
      "SYNGO:postsyn_er": [],
      "GO:0098966": [],
      "GO:0099182": [
        "ENSG00000277586"
      ],
      "GO:0099143": [],
      "GO:0098831": [
        "ENSG00000079841",
        "ENSG00000176406",
        "ENSG00000136854"
      ],
      "GO:0048787": [
        "ENSG00000107282"
      ],
      "GO:0098835": [
        "ENSG00000141367"
      ],
      "GO:0098954": [],
      "GO:0034592": [],
      "GO:0030672": [
        "ENSG00000145335"
      ],
      "GO:0099013": [
        "ENSG00000101327"
      ],
      "GO:0099012": [],
      "GO:0099026": [
        "ENSG00000134115",
        "ENSG00000149972"
      ],
      "GO:0098888": [
        "ENSG00000136854"
      ],
      "GO:0099056": [
        "ENSG00000143473",
        "ENSG00000116106",
        "ENSG00000182985",
        "ENSG00000155897",
        "ENSG00000149403",
        "ENSG00000110436",
        "ENSG00000181072",
        "ENSG00000174469"
      ],
      "SYNGO:presyn_er_membrane": [],
      "SYNGO:presyn_ser": [],
      "GO:0099160": [
        "ENSG00000277586"
      ],
      "GO:0098871": [],
      "GO:0150050": [],
      "GO:0099189": [],
      "GO:0098897": [],
      "GO:0099091": [],
      "GO:0099634": [],
      "GO:0014069": [
        "ENSG00000169862",
        "ENSG00000155974",
        "ENSG00000220205",
        "ENSG00000169851",
        "ENSG00000115904",
        "ENSG00000152377",
        "ENSG00000099204"
      ],
      "GO:0099629": [],
      "GO:0098844": [
        "ENSG00000197959"
      ],
      "GO:0098895": [],
      "GO:0098842": [],
      "GO:0098837": [],
      "GO:0099025": [],
      "GO:0098890": [],
      "GO:0099055": [
        "ENSG00000182985",
        "ENSG00000116106",
        "ENSG00000099250",
        "ENSG00000149403",
        "ENSG00000181072",
        "ENSG00000184156"
      ],
      "SYNGO:postsyn_er_membrane": [],
      "SYNGO:postsyn_ser": [],
      "GO:0099029": [],
      "GO:0098891": [
        "ENSG00000079841"
      ],
      "GO:0099059": [
        "ENSG00000181072",
        "ENSG00000151834",
        "ENSG00000163288",
        "ENSG00000157168",
        "ENSG00000021645"
      ],
      "GO:0098894": [],
      "GO:0099067": [],
      "GO:0098993": [
        "ENSG00000169213"
      ],
      "GO:0098850": [
        "ENSG00000141367",
        "ENSG00000157152",
        "ENSG00000111640"
      ],
      "GO:0030285": [
        "ENSG00000220205",
        "ENSG00000152128"
      ],
      "GO:0098674": [],
      "GO:0099066": [],
      "SYNGO:presyn_er_membrane_integral": [],
      "SYNGO:presyn_ser_membrane": [],
      "GO:0099065": [],
      "GO:0098892": [
        "ENSG00000106236"
      ],
      "GO:0099060": [
        "ENSG00000151834",
        "ENSG00000163288"
      ],
      "GO:0099092": [
        "ENSG00000111640",
        "ENSG00000116991"
      ],
      "GO:0098839": [],
      "GO:0099164": [],
      "GO:0098999": [],
      "GO:0098896": [],
      "GO:0098944": [],
      "SYNGO:postsyn_er_membrane_integral": [],
      "SYNGO:postsyn_ser_membrane": [],
      "SYNGO:presyn_ser_membrane_integral": [],
      "GO:0099031": [],
      "GO:0099147": [],
      "GO:0099061": [
        "ENSG00000156395",
        "ENSG00000157168",
        "ENSG00000185008",
        "ENSG00000143473"
      ],
      "GO:0098998": [],
      "GO:0099033": [],
      "GO:0099063": [],
      "SYNGO:postsyn_ser_membrane_integral": []
    },
    "entrez_id": {
      "GO:0045202": [
        "1993",
        "345557",
        "5519",
        "7425",
        "10082",
        "1009",
        "1004",
        "23002",
        "4885",
        "29114"
      ],
      "GO:0097060": [],
      "GO:0098793": [
        "440279",
        "9223",
        "8871",
        "26052",
        "27255",
        "2596",
        "57568",
        "80725",
        "23002",
        "2774",
        "4885",
        "55605"
      ],
      "GO:0043083": [
        "4885",
        "147381"
      ],
      "GO:0098794": [
        "23426",
        "26037",
        "3084",
        "80725",
        "2774",
        "4139",
        "22920",
        "9615",
        "3360"
      ],
      "GO:0099544": [],
      "GO:0099243": [],
      "GO:0099699": [
        "148281",
        "6515",
        "4685"
      ],
      "GO:0099523": [
        "6812",
        "9615"
      ],
      "GO:0099569": [],
      "GO:0048786": [],
      "GO:0098833": [],
      "GO:0098830": [],
      "GO:0008021": [
        "5173"
      ],
      "GO:0098992": [
        "5173"
      ],
      "GO:0042734": [],
      "SYNGO:presyn_ribosome": [],
      "SYNGO:presyn_er": [],
      "GO:0098965": [],
      "GO:0099524": [
        "6844",
        "9615"
      ],
      "GO:0099571": [],
      "GO:0097444": [],
      "GO:0150051": [],
      "GO:0099572": [
        "642938"
      ],
      "GO:0098843": [
        "1213"
      ],
      "GO:0098845": [],
      "GO:0045211": [],
      "SYNGO:postsyn_ribosome": [],
      "SYNGO:postsyn_er": [],
      "GO:0098966": [],
      "GO:0099182": [
        "4747"
      ],
      "GO:0099143": [],
      "GO:0098831": [
        "22999",
        "9699",
        "6812"
      ],
      "GO:0048787": [
        "320"
      ],
      "GO:0098835": [
        "1213"
      ],
      "GO:0098954": [],
      "GO:0034592": [],
      "GO:0030672": [
        "6622"
      ],
      "GO:0099013": [
        "5173"
      ],
      "GO:0099012": [],
      "GO:0099026": [
        "27255",
        "53942"
      ],
      "GO:0098888": [
        "6812"
      ],
      "GO:0099056": [
        "3756",
        "2043",
        "23705",
        "114",
        "2900",
        "6506",
        "1129",
        "26047"
      ],
      "SYNGO:presyn_er_membrane": [],
      "SYNGO:presyn_ser": [],
      "GO:0099160": [
        "4747"
      ],
      "GO:0098871": [],
      "GO:0150050": [],
      "GO:0099189": [],
      "GO:0098897": [],
      "GO:0099091": [],
      "GO:0099634": [],
      "GO:0014069": [
        "1501",
        "23426",
        "6844",
        "5099",
        "6654",
        "6695",
        "3983"
      ],
      "GO:0099629": [],
      "GO:0098844": [
        "26052"
      ],
      "GO:0098895": [],
      "GO:0098842": [],
      "GO:0098837": [],
      "GO:0099025": [],
      "GO:0098890": [],
      "GO:0099055": [
        "23705",
        "2043",
        "8829",
        "2900",
        "1129",
        "3786"
      ],
      "SYNGO:postsyn_er_membrane": [],
      "SYNGO:postsyn_ser": [],
      "GO:0099029": [],
      "GO:0098891": [
        "22999"
      ],
      "GO:0099059": [
        "1129",
        "2555",
        "2560",
        "3084",
        "9369"
      ],
      "GO:0098894": [],
      "GO:0099067": [],
      "GO:0098993": [
        "5865"
      ],
      "GO:0098850": [
        "1213",
        "6854",
        "2597"
      ],
      "GO:0030285": [
        "6844",
        "81615"
      ],
      "GO:0098674": [],
      "GO:0099066": [],
      "SYNGO:presyn_er_membrane_integral": [],
      "SYNGO:presyn_ser_membrane": [],
      "GO:0099065": [],
      "GO:0098892": [
        "4885"
      ],
      "GO:0099060": [
        "2555",
        "2560"
      ],
      "GO:0099092": [
        "2597",
        "57568"
      ],
      "GO:0098839": [],
      "GO:0099164": [],
      "GO:0098999": [],
      "GO:0098896": [],
      "GO:0098944": [],
      "SYNGO:postsyn_er_membrane_integral": [],
      "SYNGO:postsyn_ser_membrane": [],
      "SYNGO:presyn_ser_membrane_integral": [],
      "GO:0099031": [],
      "GO:0099147": [],
      "GO:0099061": [
        "22986",
        "3084",
        "6092",
        "3756"
      ],
      "GO:0098998": [],
      "GO:0099033": [],
      "GO:0099063": [],
      "SYNGO:postsyn_ser_membrane_integral": []
    }
  },
  "aggregate": {
    "hgnc_id": {
      "GO:0045202": [
        "HGNC:3313",
        "HGNC:31822",
        "HGNC:9303",
        "HGNC:12684",
        "HGNC:4454",
        "HGNC:1750",
        "HGNC:1765",
        "HGNC:18142",
        "HGNC:7953",
        "HGNC:29868",
        "HGNC:18638",
        "HGNC:11007",
        "HGNC:7657",
        "HGNC:23149",
        "HGNC:946",
        "HGNC:11504",
        "HGNC:29125",
        "HGNC:2176",
        "HGNC:4140",
        "HGNC:23800",
        "HGNC:29506",
        "HGNC:4388",
        "HGNC:19349",
        "HGNC:11444",
        "HGNC:4212",
        "HGNC:7739",
        "HGNC:17282",
        "HGNC:17283",
        "HGNC:578",
        "HGNC:1951",
        "HGNC:4076",
        "HGNC:4081",
        "HGNC:7997",
        "HGNC:8010",
        "HGNC:2092",
        "HGNC:8820",
        "HGNC:11138",
        "HGNC:9778",
        "HGNC:11495",
        "HGNC:4141",
        "HGNC:12643",
        "HGNC:25380",
        "HGNC:2175",
        "HGNC:6250",
        "HGNC:3388",
        "HGNC:5951",
        "HGNC:239",
        "HGNC:4582",
        "HGNC:10940",
        "HGNC:13830",
        "HGNC:1544",
        "HGNC:18708",
        "HGNC:20284",
        "HGNC:6896",
        "HGNC:17060",
        "HGNC:5299",
        "HGNC:33859",
        "HGNC:2516",
        "HGNC:8659",
        "HGNC:11187",
        "HGNC:11251",
        "HGNC:78",
        "HGNC:16699",
        "HGNC:10250",
        "HGNC:8004",
        "HGNC:6297"
      ],
      "GO:0097060": [
        "HGNC:18638",
        "HGNC:11007",
        "HGNC:7657"
      ],
      "GO:0098793": [
        "HGNC:23149",
        "HGNC:946",
        "HGNC:11504",
        "HGNC:29125",
        "HGNC:2176",
        "HGNC:4140",
        "HGNC:23800",
        "HGNC:29506",
        "HGNC:18142",
        "HGNC:4388",
        "HGNC:7953",
        "HGNC:19349",
        "HGNC:11444",
        "HGNC:4212",
        "HGNC:7739",
        "HGNC:17282",
        "HGNC:17283",
        "HGNC:578",
        "HGNC:1951",
        "HGNC:4076",
        "HGNC:4081",
        "HGNC:7997",
        "HGNC:8010",
        "HGNC:2092",
        "HGNC:8820",
        "HGNC:11138",
        "HGNC:9778",
        "HGNC:11495",
        "HGNC:4141",
        "HGNC:12643",
        "HGNC:25380",
        "HGNC:2175",
        "HGNC:6250",
        "HGNC:3388",
        "HGNC:5951",
        "HGNC:239",
        "HGNC:4582",
        "HGNC:10940",
        "HGNC:13830"
      ],
      "GO:0043083": [
        "HGNC:7953",
        "HGNC:1544"
      ],
      "GO:0098794": [
        "HGNC:18708",
        "HGNC:20284",
        "HGNC:7997",
        "HGNC:29506",
        "HGNC:4388",
        "HGNC:6896",
        "HGNC:17060",
        "HGNC:4212",
        "HGNC:5299",
        "HGNC:12643",
        "HGNC:7739",
        "HGNC:33859",
        "HGNC:7953",
        "HGNC:4076",
        "HGNC:4081",
        "HGNC:2516",
        "HGNC:8659",
        "HGNC:11187",
        "HGNC:11251",
        "HGNC:78",
        "HGNC:4141",
        "HGNC:23800",
        "HGNC:16699",
        "HGNC:10250",
        "HGNC:6250",
        "HGNC:2092",
        "HGNC:29125",
        "HGNC:5951",
        "HGNC:3388",
        "HGNC:8004",
        "HGNC:4582",
        "HGNC:1951",
        "HGNC:6297"
      ],
      "GO:0099544": [],
      "GO:0099243": [],
      "GO:0099699": [
        "HGNC:18638",
        "HGNC:11007",
        "HGNC:7657"
      ],
      "GO:0099523": [
        "HGNC:11444",
        "HGNC:4212"
      ],
      "GO:0099569": [
        "HGNC:7739"
      ],
      "GO:0048786": [
        "HGNC:17282",
        "HGNC:17283",
        "HGNC:11444",
        "HGNC:578",
        "HGNC:1951",
        "HGNC:4076",
        "HGNC:4081",
        "HGNC:7997",
        "HGNC:8010"
      ],
      "GO:0098833": [
        "HGNC:2092"
      ],
      "GO:0098830": [],
      "GO:0008021": [
        "HGNC:8820",
        "HGNC:11138",
        "HGNC:9778",
        "HGNC:2092",
        "HGNC:11495",
        "HGNC:4141",
        "HGNC:12643",
        "HGNC:25380"
      ],
      "GO:0098992": [
        "HGNC:8820"
      ],
      "GO:0042734": [
        "HGNC:2176",
        "HGNC:2175",
        "HGNC:11444",
        "HGNC:6250",
        "HGNC:3388",
        "HGNC:5951",
        "HGNC:239",
        "HGNC:4582",
        "HGNC:10940",
        "HGNC:1951",
        "HGNC:13830"
      ],
      "SYNGO:presyn_ribosome": [],
      "SYNGO:presyn_er": [],
      "GO:0098965": [],
      "GO:0099524": [
        "HGNC:12643",
        "HGNC:4212"
      ],
      "GO:0099571": [
        "HGNC:7739"
      ],
      "GO:0097444": [],
      "GO:0150051": [],
      "GO:0099572": [
        "HGNC:33859",
        "HGNC:7953",
        "HGNC:4076",
        "HGNC:4081",
        "HGNC:2516",
        "HGNC:18708",
        "HGNC:12643",
        "HGNC:8659",
        "HGNC:11187",
        "HGNC:11251",
        "HGNC:78",
        "HGNC:4141",
        "HGNC:23800",
        "HGNC:16699",
        "HGNC:7997",
        "HGNC:10250",
        "HGNC:6250"
      ],
      "GO:0098843": [
        "HGNC:2092",
        "HGNC:29125"
      ],
      "GO:0098845": [],
      "GO:0045211": [
        "HGNC:5951",
        "HGNC:3388",
        "HGNC:8004",
        "HGNC:4582",
        "HGNC:1951",
        "HGNC:6297"
      ],
      "SYNGO:postsyn_ribosome": [],
      "SYNGO:postsyn_er": [],
      "GO:0098966": [],
      "GO:0099182": [
        "HGNC:7739"
      ],
      "GO:0099143": [],
      "GO:0098831": [
        "HGNC:17282",
        "HGNC:17283",
        "HGNC:11444"
      ],
      "GO:0048787": [
        "HGNC:578",
        "HGNC:17282",
        "HGNC:1951",
        "HGNC:4076",
        "HGNC:4081",
        "HGNC:7997",
        "HGNC:8010"
      ],
      "GO:0098835": [
        "HGNC:2092"
      ],
      "GO:0098954": [],
      "GO:0034592": [],
      "GO:0030672": [
        "HGNC:11138",
        "HGNC:9778",
        "HGNC:2092",
        "HGNC:11495",
        "HGNC:4141",
        "HGNC:12643",
        "HGNC:25380"
      ],
      "GO:0099013": [
        "HGNC:8820"
      ],
      "GO:0099012": [],
      "GO:0099026": [
        "HGNC:2176",
        "HGNC:2175"
      ],
      "GO:0098888": [
        "HGNC:11444"
      ],
      "GO:0099056": [
        "HGNC:6250",
        "HGNC:3388",
        "HGNC:5951",
        "HGNC:239",
        "HGNC:4582",
        "HGNC:10940",
        "HGNC:1951",
        "HGNC:13830"
      ],
      "SYNGO:presyn_er_membrane": [],
      "SYNGO:presyn_ser": [],
      "GO:0099160": [
        "HGNC:7739"
      ],
      "GO:0098871": [],
      "GO:0150050": [],
      "GO:0099189": [],
      "GO:0098897": [],
      "GO:0099091": [],
      "GO:0099634": [
        "HGNC:7953",
        "HGNC:4076",
        "HGNC:4081"
      ],
      "GO:0014069": [
        "HGNC:2516",
        "HGNC:18708",
        "HGNC:12643",
        "HGNC:8659",
        "HGNC:11187",
        "HGNC:11251",
        "HGNC:78",
        "HGNC:4141",
        "HGNC:23800",
        "HGNC:16699",
        "HGNC:7997",
        "HGNC:10250",
        "HGNC:6250"
      ],
      "GO:0099629": [],
      "GO:0098844": [
        "HGNC:29125"
      ],
      "GO:0098895": [],
      "GO:0098842": [],
      "GO:0098837": [],
      "GO:0099025": [],
      "GO:0098890": [],
      "GO:0099055": [
        "HGNC:5951",
        "HGNC:3388",
        "HGNC:8004",
        "HGNC:4582",
        "HGNC:1951",
        "HGNC:6297"
      ],
      "SYNGO:postsyn_er_membrane": [],
      "SYNGO:postsyn_ser": [],
      "GO:0099029": [],
      "GO:0098891": [
        "HGNC:17282"
      ],
      "GO:0099059": [
        "HGNC:1951",
        "HGNC:4076",
        "HGNC:4081",
        "HGNC:7997",
        "HGNC:8010"
      ],
      "GO:0098894": [],
      "GO:0099067": [],
      "GO:0098993": [
        "HGNC:9778"
      ],
      "GO:0098850": [
        "HGNC:2092",
        "HGNC:11495",
        "HGNC:4141"
      ],
      "GO:0030285": [
        "HGNC:12643",
        "HGNC:25380"
      ],
      "GO:0098674": [],
      "GO:0099066": [],
      "SYNGO:presyn_er_membrane_integral": [],
      "SYNGO:presyn_ser_membrane": [],
      "GO:0099065": [],
      "GO:0098892": [
        "HGNC:7953"
      ],
      "GO:0099060": [
        "HGNC:4076",
        "HGNC:4081"
      ],
      "GO:0099092": [
        "HGNC:4141",
        "HGNC:23800"
      ],
      "GO:0098839": [
        "HGNC:16699",
        "HGNC:7997",
        "HGNC:10250",
        "HGNC:6250"
      ],
      "GO:0099164": [],
      "GO:0098999": [],
      "GO:0098896": [],
      "GO:0098944": [],
      "SYNGO:postsyn_er_membrane_integral": [],
      "SYNGO:postsyn_ser_membrane": [],
      "SYNGO:presyn_ser_membrane_integral": [],
      "GO:0099031": [],
      "GO:0099147": [],
      "GO:0099061": [
        "HGNC:16699",
        "HGNC:7997",
        "HGNC:10250",
        "HGNC:6250"
      ],
      "GO:0098998": [],
      "GO:0099033": [],
      "GO:0099063": [],
      "SYNGO:postsyn_ser_membrane_integral": []
    },
    "hgnc_symbol": {
      "GO:0045202": [
        "ELAVL2",
        "PLCXD3",
        "PPP2R1B",
        "VGF",
        "GPC6",
        "CDH11",
        "CDH6",
        "DAAM1",
        "NPTX2",
        "TAGLN3",
        "SYT6",
        "SLC2A3",
        "NCAM2",
        "UNC13C",
        "MAGI1",
        "SYNJ2",
        "DNM3",
        "CNTN6",
        "GAP43",
        "SIPA1L2",
        "SRCIN1",
        "GNAL",
        "KIF21A",
        "STXBP1",
        "GDA",
        "NEFL",
        "RIMS1",
        "RIMS2",
        "APBA1",
        "CHRM2",
        "GABRA2",
        "GABRB1",
        "NRG1",
        "NRXN3",
        "CLTC",
        "PDYN",
        "SNCA",
        "RAB3B",
        "SYN2",
        "GAPDH",
        "VAMP2",
        "TMEM163",
        "CNTN5",
        "KCNH1",
        "EPHA4",
        "CADM1",
        "ADCY8",
        "GRIK4",
        "SLC1A2",
        "CNTNAP2",
        "CBLN2",
        "GRIP1",
        "SIPA1L1",
        "MARK1",
        "KIFAP3",
        "HTR4",
        "INSYN2A",
        "CTNND2",
        "PCDH7",
        "SOS1",
        "SPOCK1",
        "ABLIM1",
        "SORCS3",
        "ROBO2",
        "NRP1",
        "KCNQ3"
      ],
      "GO:0097060": [
        "SYT6",
        "SLC2A3",
        "NCAM2"
      ],
      "GO:0098793": [
        "UNC13C",
        "MAGI1",
        "SYNJ2",
        "DNM3",
        "CNTN6",
        "GAP43",
        "SIPA1L2",
        "SRCIN1",
        "DAAM1",
        "GNAL",
        "NPTX2",
        "KIF21A",
        "STXBP1",
        "GDA",
        "NEFL",
        "RIMS1",
        "RIMS2",
        "APBA1",
        "CHRM2",
        "GABRA2",
        "GABRB1",
        "NRG1",
        "NRXN3",
        "CLTC",
        "PDYN",
        "SNCA",
        "RAB3B",
        "SYN2",
        "GAPDH",
        "VAMP2",
        "TMEM163",
        "CNTN5",
        "KCNH1",
        "EPHA4",
        "CADM1",
        "ADCY8",
        "GRIK4",
        "SLC1A2",
        "CNTNAP2"
      ],
      "GO:0043083": [
        "NPTX2",
        "CBLN2"
      ],
      "GO:0098794": [
        "GRIP1",
        "SIPA1L1",
        "NRG1",
        "SRCIN1",
        "GNAL",
        "MARK1",
        "KIFAP3",
        "GDA",
        "HTR4",
        "VAMP2",
        "NEFL",
        "INSYN2A",
        "NPTX2",
        "GABRA2",
        "GABRB1",
        "CTNND2",
        "PCDH7",
        "SOS1",
        "SPOCK1",
        "ABLIM1",
        "GAPDH",
        "SIPA1L2",
        "SORCS3",
        "ROBO2",
        "KCNH1",
        "CLTC",
        "DNM3",
        "CADM1",
        "EPHA4",
        "NRP1",
        "GRIK4",
        "CHRM2",
        "KCNQ3"
      ],
      "GO:0099544": [],
      "GO:0099243": [],
      "GO:0099699": [
        "SYT6",
        "SLC2A3",
        "NCAM2"
      ],
      "GO:0099523": [
        "STXBP1",
        "GDA"
      ],
      "GO:0099569": [
        "NEFL"
      ],
      "GO:0048786": [
        "RIMS1",
        "RIMS2",
        "STXBP1",
        "APBA1",
        "CHRM2",
        "GABRA2",
        "GABRB1",
        "NRG1",
        "NRXN3"
      ],
      "GO:0098833": [
        "CLTC"
      ],
      "GO:0098830": [],
      "GO:0008021": [
        "PDYN",
        "SNCA",
        "RAB3B",
        "CLTC",
        "SYN2",
        "GAPDH",
        "VAMP2",
        "TMEM163"
      ],
      "GO:0098992": [
        "PDYN"
      ],
      "GO:0042734": [
        "CNTN6",
        "CNTN5",
        "STXBP1",
        "KCNH1",
        "EPHA4",
        "CADM1",
        "ADCY8",
        "GRIK4",
        "SLC1A2",
        "CHRM2",
        "CNTNAP2"
      ],
      "SYNGO:presyn_ribosome": [],
      "SYNGO:presyn_er": [],
      "GO:0098965": [],
      "GO:0099524": [
        "VAMP2",
        "GDA"
      ],
      "GO:0099571": [
        "NEFL"
      ],
      "GO:0097444": [],
      "GO:0150051": [],
      "GO:0099572": [
        "INSYN2A",
        "NPTX2",
        "GABRA2",
        "GABRB1",
        "CTNND2",
        "GRIP1",
        "VAMP2",
        "PCDH7",
        "SOS1",
        "SPOCK1",
        "ABLIM1",
        "GAPDH",
        "SIPA1L2",
        "SORCS3",
        "NRG1",
        "ROBO2",
        "KCNH1"
      ],
      "GO:0098843": [
        "CLTC",
        "DNM3"
      ],
      "GO:0098845": [],
      "GO:0045211": [
        "CADM1",
        "EPHA4",
        "NRP1",
        "GRIK4",
        "CHRM2",
        "KCNQ3"
      ],
      "SYNGO:postsyn_ribosome": [],
      "SYNGO:postsyn_er": [],
      "GO:0098966": [],
      "GO:0099182": [
        "NEFL"
      ],
      "GO:0099143": [],
      "GO:0098831": [
        "RIMS1",
        "RIMS2",
        "STXBP1"
      ],
      "GO:0048787": [
        "APBA1",
        "RIMS1",
        "CHRM2",
        "GABRA2",
        "GABRB1",
        "NRG1",
        "NRXN3"
      ],
      "GO:0098835": [
        "CLTC"
      ],
      "GO:0098954": [],
      "GO:0034592": [],
      "GO:0030672": [
        "SNCA",
        "RAB3B",
        "CLTC",
        "SYN2",
        "GAPDH",
        "VAMP2",
        "TMEM163"
      ],
      "GO:0099013": [
        "PDYN"
      ],
      "GO:0099012": [],
      "GO:0099026": [
        "CNTN6",
        "CNTN5"
      ],
      "GO:0098888": [
        "STXBP1"
      ],
      "GO:0099056": [
        "KCNH1",
        "EPHA4",
        "CADM1",
        "ADCY8",
        "GRIK4",
        "SLC1A2",
        "CHRM2",
        "CNTNAP2"
      ],
      "SYNGO:presyn_er_membrane": [],
      "SYNGO:presyn_ser": [],
      "GO:0099160": [
        "NEFL"
      ],
      "GO:0098871": [],
      "GO:0150050": [],
      "GO:0099189": [],
      "GO:0098897": [],
      "GO:0099091": [],
      "GO:0099634": [
        "NPTX2",
        "GABRA2",
        "GABRB1"
      ],
      "GO:0014069": [
        "CTNND2",
        "GRIP1",
        "VAMP2",
        "PCDH7",
        "SOS1",
        "SPOCK1",
        "ABLIM1",
        "GAPDH",
        "SIPA1L2",
        "SORCS3",
        "NRG1",
        "ROBO2",
        "KCNH1"
      ],
      "GO:0099629": [],
      "GO:0098844": [
        "DNM3"
      ],
      "GO:0098895": [],
      "GO:0098842": [],
      "GO:0098837": [],
      "GO:0099025": [],
      "GO:0098890": [],
      "GO:0099055": [
        "CADM1",
        "EPHA4",
        "NRP1",
        "GRIK4",
        "CHRM2",
        "KCNQ3"
      ],
      "SYNGO:postsyn_er_membrane": [],
      "SYNGO:postsyn_ser": [],
      "GO:0099029": [],
      "GO:0098891": [
        "RIMS1"
      ],
      "GO:0099059": [
        "CHRM2",
        "GABRA2",
        "GABRB1",
        "NRG1",
        "NRXN3"
      ],
      "GO:0098894": [],
      "GO:0099067": [],
      "GO:0098993": [
        "RAB3B"
      ],
      "GO:0098850": [
        "CLTC",
        "SYN2",
        "GAPDH"
      ],
      "GO:0030285": [
        "VAMP2",
        "TMEM163"
      ],
      "GO:0098674": [],
      "GO:0099066": [],
      "SYNGO:presyn_er_membrane_integral": [],
      "SYNGO:presyn_ser_membrane": [],
      "GO:0099065": [],
      "GO:0098892": [
        "NPTX2"
      ],
      "GO:0099060": [
        "GABRA2",
        "GABRB1"
      ],
      "GO:0099092": [
        "GAPDH",
        "SIPA1L2"
      ],
      "GO:0098839": [
        "SORCS3",
        "NRG1",
        "ROBO2",
        "KCNH1"
      ],
      "GO:0099164": [],
      "GO:0098999": [],
      "GO:0098896": [],
      "GO:0098944": [],
      "SYNGO:postsyn_er_membrane_integral": [],
      "SYNGO:postsyn_ser_membrane": [],
      "SYNGO:presyn_ser_membrane_integral": [],
      "GO:0099031": [],
      "GO:0099147": [],
      "GO:0099061": [
        "SORCS3",
        "NRG1",
        "ROBO2",
        "KCNH1"
      ],
      "GO:0098998": [],
      "GO:0099033": [],
      "GO:0099063": [],
      "SYNGO:postsyn_ser_membrane_integral": []
    },
    "ensembl_id": {
      "GO:0045202": [
        "ENSG00000107105",
        "ENSG00000182836",
        "ENSG00000137713",
        "ENSG00000128564",
        "ENSG00000183098",
        "ENSG00000140937",
        "ENSG00000113361",
        "ENSG00000100592",
        "ENSG00000106236",
        "ENSG00000144834",
        "ENSG00000134207",
        "ENSG00000059804",
        "ENSG00000154654",
        "ENSG00000137766",
        "ENSG00000151276",
        "ENSG00000078269",
        "ENSG00000197959",
        "ENSG00000134115",
        "ENSG00000172020",
        "ENSG00000116991",
        "ENSG00000277363",
        "ENSG00000141404",
        "ENSG00000139116",
        "ENSG00000136854",
        "ENSG00000119125",
        "ENSG00000277586",
        "ENSG00000079841",
        "ENSG00000176406",
        "ENSG00000107282",
        "ENSG00000181072",
        "ENSG00000151834",
        "ENSG00000163288",
        "ENSG00000157168",
        "ENSG00000021645",
        "ENSG00000141367",
        "ENSG00000101327",
        "ENSG00000145335",
        "ENSG00000169213",
        "ENSG00000157152",
        "ENSG00000111640",
        "ENSG00000220205",
        "ENSG00000152128",
        "ENSG00000149972",
        "ENSG00000143473",
        "ENSG00000116106",
        "ENSG00000182985",
        "ENSG00000155897",
        "ENSG00000149403",
        "ENSG00000110436",
        "ENSG00000174469",
        "ENSG00000141668",
        "ENSG00000155974",
        "ENSG00000197555",
        "ENSG00000116141",
        "ENSG00000075945",
        "ENSG00000164270",
        "ENSG00000188916",
        "ENSG00000169862",
        "ENSG00000169851",
        "ENSG00000115904",
        "ENSG00000152377",
        "ENSG00000099204",
        "ENSG00000156395",
        "ENSG00000185008",
        "ENSG00000099250",
        "ENSG00000184156"
      ],
      "GO:0097060": [
        "ENSG00000134207",
        "ENSG00000059804",
        "ENSG00000154654"
      ],
      "GO:0098793": [
        "ENSG00000137766",
        "ENSG00000151276",
        "ENSG00000078269",
        "ENSG00000197959",
        "ENSG00000134115",
        "ENSG00000172020",
        "ENSG00000116991",
        "ENSG00000277363",
        "ENSG00000100592",
        "ENSG00000141404",
        "ENSG00000106236",
        "ENSG00000139116",
        "ENSG00000136854",
        "ENSG00000119125",
        "ENSG00000277586",
        "ENSG00000079841",
        "ENSG00000176406",
        "ENSG00000107282",
        "ENSG00000181072",
        "ENSG00000151834",
        "ENSG00000163288",
        "ENSG00000157168",
        "ENSG00000021645",
        "ENSG00000141367",
        "ENSG00000101327",
        "ENSG00000145335",
        "ENSG00000169213",
        "ENSG00000157152",
        "ENSG00000111640",
        "ENSG00000220205",
        "ENSG00000152128",
        "ENSG00000149972",
        "ENSG00000143473",
        "ENSG00000116106",
        "ENSG00000182985",
        "ENSG00000155897",
        "ENSG00000149403",
        "ENSG00000110436",
        "ENSG00000174469"
      ],
      "GO:0043083": [
        "ENSG00000106236",
        "ENSG00000141668"
      ],
      "GO:0098794": [
        "ENSG00000155974",
        "ENSG00000197555",
        "ENSG00000157168",
        "ENSG00000277363",
        "ENSG00000141404",
        "ENSG00000116141",
        "ENSG00000075945",
        "ENSG00000119125",
        "ENSG00000164270",
        "ENSG00000220205",
        "ENSG00000277586",
        "ENSG00000188916",
        "ENSG00000106236",
        "ENSG00000151834",
        "ENSG00000163288",
        "ENSG00000169862",
        "ENSG00000169851",
        "ENSG00000115904",
        "ENSG00000152377",
        "ENSG00000099204",
        "ENSG00000111640",
        "ENSG00000116991",
        "ENSG00000156395",
        "ENSG00000185008",
        "ENSG00000143473",
        "ENSG00000141367",
        "ENSG00000197959",
        "ENSG00000182985",
        "ENSG00000116106",
        "ENSG00000099250",
        "ENSG00000149403",
        "ENSG00000181072",
        "ENSG00000184156"
      ],
      "GO:0099544": [],
      "GO:0099243": [],
      "GO:0099699": [
        "ENSG00000134207",
        "ENSG00000059804",
        "ENSG00000154654"
      ],
      "GO:0099523": [
        "ENSG00000136854",
        "ENSG00000119125"
      ],
      "GO:0099569": [
        "ENSG00000277586"
      ],
      "GO:0048786": [
        "ENSG00000079841",
        "ENSG00000176406",
        "ENSG00000136854",
        "ENSG00000107282",
        "ENSG00000181072",
        "ENSG00000151834",
        "ENSG00000163288",
        "ENSG00000157168",
        "ENSG00000021645"
      ],
      "GO:0098833": [
        "ENSG00000141367"
      ],
      "GO:0098830": [],
      "GO:0008021": [
        "ENSG00000101327",
        "ENSG00000145335",
        "ENSG00000169213",
        "ENSG00000141367",
        "ENSG00000157152",
        "ENSG00000111640",
        "ENSG00000220205",
        "ENSG00000152128"
      ],
      "GO:0098992": [
        "ENSG00000101327"
      ],
      "GO:0042734": [
        "ENSG00000134115",
        "ENSG00000149972",
        "ENSG00000136854",
        "ENSG00000143473",
        "ENSG00000116106",
        "ENSG00000182985",
        "ENSG00000155897",
        "ENSG00000149403",
        "ENSG00000110436",
        "ENSG00000181072",
        "ENSG00000174469"
      ],
      "SYNGO:presyn_ribosome": [],
      "SYNGO:presyn_er": [],
      "GO:0098965": [],
      "GO:0099524": [
        "ENSG00000220205",
        "ENSG00000119125"
      ],
      "GO:0099571": [
        "ENSG00000277586"
      ],
      "GO:0097444": [],
      "GO:0150051": [],
      "GO:0099572": [
        "ENSG00000188916",
        "ENSG00000106236",
        "ENSG00000151834",
        "ENSG00000163288",
        "ENSG00000169862",
        "ENSG00000155974",
        "ENSG00000220205",
        "ENSG00000169851",
        "ENSG00000115904",
        "ENSG00000152377",
        "ENSG00000099204",
        "ENSG00000111640",
        "ENSG00000116991",
        "ENSG00000156395",
        "ENSG00000157168",
        "ENSG00000185008",
        "ENSG00000143473"
      ],
      "GO:0098843": [
        "ENSG00000141367",
        "ENSG00000197959"
      ],
      "GO:0098845": [],
      "GO:0045211": [
        "ENSG00000182985",
        "ENSG00000116106",
        "ENSG00000099250",
        "ENSG00000149403",
        "ENSG00000181072",
        "ENSG00000184156"
      ],
      "SYNGO:postsyn_ribosome": [],
      "SYNGO:postsyn_er": [],
      "GO:0098966": [],
      "GO:0099182": [
        "ENSG00000277586"
      ],
      "GO:0099143": [],
      "GO:0098831": [
        "ENSG00000079841",
        "ENSG00000176406",
        "ENSG00000136854"
      ],
      "GO:0048787": [
        "ENSG00000107282",
        "ENSG00000079841",
        "ENSG00000181072",
        "ENSG00000151834",
        "ENSG00000163288",
        "ENSG00000157168",
        "ENSG00000021645"
      ],
      "GO:0098835": [
        "ENSG00000141367"
      ],
      "GO:0098954": [],
      "GO:0034592": [],
      "GO:0030672": [
        "ENSG00000145335",
        "ENSG00000169213",
        "ENSG00000141367",
        "ENSG00000157152",
        "ENSG00000111640",
        "ENSG00000220205",
        "ENSG00000152128"
      ],
      "GO:0099013": [
        "ENSG00000101327"
      ],
      "GO:0099012": [],
      "GO:0099026": [
        "ENSG00000134115",
        "ENSG00000149972"
      ],
      "GO:0098888": [
        "ENSG00000136854"
      ],
      "GO:0099056": [
        "ENSG00000143473",
        "ENSG00000116106",
        "ENSG00000182985",
        "ENSG00000155897",
        "ENSG00000149403",
        "ENSG00000110436",
        "ENSG00000181072",
        "ENSG00000174469"
      ],
      "SYNGO:presyn_er_membrane": [],
      "SYNGO:presyn_ser": [],
      "GO:0099160": [
        "ENSG00000277586"
      ],
      "GO:0098871": [],
      "GO:0150050": [],
      "GO:0099189": [],
      "GO:0098897": [],
      "GO:0099091": [],
      "GO:0099634": [
        "ENSG00000106236",
        "ENSG00000151834",
        "ENSG00000163288"
      ],
      "GO:0014069": [
        "ENSG00000169862",
        "ENSG00000155974",
        "ENSG00000220205",
        "ENSG00000169851",
        "ENSG00000115904",
        "ENSG00000152377",
        "ENSG00000099204",
        "ENSG00000111640",
        "ENSG00000116991",
        "ENSG00000156395",
        "ENSG00000157168",
        "ENSG00000185008",
        "ENSG00000143473"
      ],
      "GO:0099629": [],
      "GO:0098844": [
        "ENSG00000197959"
      ],
      "GO:0098895": [],
      "GO:0098842": [],
      "GO:0098837": [],
      "GO:0099025": [],
      "GO:0098890": [],
      "GO:0099055": [
        "ENSG00000182985",
        "ENSG00000116106",
        "ENSG00000099250",
        "ENSG00000149403",
        "ENSG00000181072",
        "ENSG00000184156"
      ],
      "SYNGO:postsyn_er_membrane": [],
      "SYNGO:postsyn_ser": [],
      "GO:0099029": [],
      "GO:0098891": [
        "ENSG00000079841"
      ],
      "GO:0099059": [
        "ENSG00000181072",
        "ENSG00000151834",
        "ENSG00000163288",
        "ENSG00000157168",
        "ENSG00000021645"
      ],
      "GO:0098894": [],
      "GO:0099067": [],
      "GO:0098993": [
        "ENSG00000169213"
      ],
      "GO:0098850": [
        "ENSG00000141367",
        "ENSG00000157152",
        "ENSG00000111640"
      ],
      "GO:0030285": [
        "ENSG00000220205",
        "ENSG00000152128"
      ],
      "GO:0098674": [],
      "GO:0099066": [],
      "SYNGO:presyn_er_membrane_integral": [],
      "SYNGO:presyn_ser_membrane": [],
      "GO:0099065": [],
      "GO:0098892": [
        "ENSG00000106236"
      ],
      "GO:0099060": [
        "ENSG00000151834",
        "ENSG00000163288"
      ],
      "GO:0099092": [
        "ENSG00000111640",
        "ENSG00000116991"
      ],
      "GO:0098839": [
        "ENSG00000156395",
        "ENSG00000157168",
        "ENSG00000185008",
        "ENSG00000143473"
      ],
      "GO:0099164": [],
      "GO:0098999": [],
      "GO:0098896": [],
      "GO:0098944": [],
      "SYNGO:postsyn_er_membrane_integral": [],
      "SYNGO:postsyn_ser_membrane": [],
      "SYNGO:presyn_ser_membrane_integral": [],
      "GO:0099031": [],
      "GO:0099147": [],
      "GO:0099061": [
        "ENSG00000156395",
        "ENSG00000157168",
        "ENSG00000185008",
        "ENSG00000143473"
      ],
      "GO:0098998": [],
      "GO:0099033": [],
      "GO:0099063": [],
      "SYNGO:postsyn_ser_membrane_integral": []
    },
    "entrez_id": {
      "GO:0045202": [
        "1993",
        "345557",
        "5519",
        "7425",
        "10082",
        "1009",
        "1004",
        "23002",
        "4885",
        "29114",
        "148281",
        "6515",
        "4685",
        "440279",
        "9223",
        "8871",
        "26052",
        "27255",
        "2596",
        "57568",
        "80725",
        "2774",
        "55605",
        "6812",
        "9615",
        "4747",
        "22999",
        "9699",
        "320",
        "1129",
        "2555",
        "2560",
        "3084",
        "9369",
        "1213",
        "5173",
        "6622",
        "5865",
        "6854",
        "2597",
        "6844",
        "81615",
        "53942",
        "3756",
        "2043",
        "23705",
        "114",
        "2900",
        "6506",
        "26047",
        "147381",
        "23426",
        "26037",
        "4139",
        "22920",
        "3360",
        "642938",
        "1501",
        "5099",
        "6654",
        "6695",
        "3983",
        "22986",
        "6092",
        "8829",
        "3786"
      ],
      "GO:0097060": [
        "148281",
        "6515",
        "4685"
      ],
      "GO:0098793": [
        "440279",
        "9223",
        "8871",
        "26052",
        "27255",
        "2596",
        "57568",
        "80725",
        "23002",
        "2774",
        "4885",
        "55605",
        "6812",
        "9615",
        "4747",
        "22999",
        "9699",
        "320",
        "1129",
        "2555",
        "2560",
        "3084",
        "9369",
        "1213",
        "5173",
        "6622",
        "5865",
        "6854",
        "2597",
        "6844",
        "81615",
        "53942",
        "3756",
        "2043",
        "23705",
        "114",
        "2900",
        "6506",
        "26047"
      ],
      "GO:0043083": [
        "4885",
        "147381"
      ],
      "GO:0098794": [
        "23426",
        "26037",
        "3084",
        "80725",
        "2774",
        "4139",
        "22920",
        "9615",
        "3360",
        "6844",
        "4747",
        "642938",
        "4885",
        "2555",
        "2560",
        "1501",
        "5099",
        "6654",
        "6695",
        "3983",
        "2597",
        "57568",
        "22986",
        "6092",
        "3756",
        "1213",
        "26052",
        "23705",
        "2043",
        "8829",
        "2900",
        "1129",
        "3786"
      ],
      "GO:0099544": [],
      "GO:0099243": [],
      "GO:0099699": [
        "148281",
        "6515",
        "4685"
      ],
      "GO:0099523": [
        "6812",
        "9615"
      ],
      "GO:0099569": [
        "4747"
      ],
      "GO:0048786": [
        "22999",
        "9699",
        "6812",
        "320",
        "1129",
        "2555",
        "2560",
        "3084",
        "9369"
      ],
      "GO:0098833": [
        "1213"
      ],
      "GO:0098830": [],
      "GO:0008021": [
        "5173",
        "6622",
        "5865",
        "1213",
        "6854",
        "2597",
        "6844",
        "81615"
      ],
      "GO:0098992": [
        "5173"
      ],
      "GO:0042734": [
        "27255",
        "53942",
        "6812",
        "3756",
        "2043",
        "23705",
        "114",
        "2900",
        "6506",
        "1129",
        "26047"
      ],
      "SYNGO:presyn_ribosome": [],
      "SYNGO:presyn_er": [],
      "GO:0098965": [],
      "GO:0099524": [
        "6844",
        "9615"
      ],
      "GO:0099571": [
        "4747"
      ],
      "GO:0097444": [],
      "GO:0150051": [],
      "GO:0099572": [
        "642938",
        "4885",
        "2555",
        "2560",
        "1501",
        "23426",
        "6844",
        "5099",
        "6654",
        "6695",
        "3983",
        "2597",
        "57568",
        "22986",
        "3084",
        "6092",
        "3756"
      ],
      "GO:0098843": [
        "1213",
        "26052"
      ],
      "GO:0098845": [],
      "GO:0045211": [
        "23705",
        "2043",
        "8829",
        "2900",
        "1129",
        "3786"
      ],
      "SYNGO:postsyn_ribosome": [],
      "SYNGO:postsyn_er": [],
      "GO:0098966": [],
      "GO:0099182": [
        "4747"
      ],
      "GO:0099143": [],
      "GO:0098831": [
        "22999",
        "9699",
        "6812"
      ],
      "GO:0048787": [
        "320",
        "22999",
        "1129",
        "2555",
        "2560",
        "3084",
        "9369"
      ],
      "GO:0098835": [
        "1213"
      ],
      "GO:0098954": [],
      "GO:0034592": [],
      "GO:0030672": [
        "6622",
        "5865",
        "1213",
        "6854",
        "2597",
        "6844",
        "81615"
      ],
      "GO:0099013": [
        "5173"
      ],
      "GO:0099012": [],
      "GO:0099026": [
        "27255",
        "53942"
      ],
      "GO:0098888": [
        "6812"
      ],
      "GO:0099056": [
        "3756",
        "2043",
        "23705",
        "114",
        "2900",
        "6506",
        "1129",
        "26047"
      ],
      "SYNGO:presyn_er_membrane": [],
      "SYNGO:presyn_ser": [],
      "GO:0099160": [
        "4747"
      ],
      "GO:0098871": [],
      "GO:0150050": [],
      "GO:0099189": [],
      "GO:0098897": [],
      "GO:0099091": [],
      "GO:0099634": [
        "4885",
        "2555",
        "2560"
      ],
      "GO:0014069": [
        "1501",
        "23426",
        "6844",
        "5099",
        "6654",
        "6695",
        "3983",
        "2597",
        "57568",
        "22986",
        "3084",
        "6092",
        "3756"
      ],
      "GO:0099629": [],
      "GO:0098844": [
        "26052"
      ],
      "GO:0098895": [],
      "GO:0098842": [],
      "GO:0098837": [],
      "GO:0099025": [],
      "GO:0098890": [],
      "GO:0099055": [
        "23705",
        "2043",
        "8829",
        "2900",
        "1129",
        "3786"
      ],
      "SYNGO:postsyn_er_membrane": [],
      "SYNGO:postsyn_ser": [],
      "GO:0099029": [],
      "GO:0098891": [
        "22999"
      ],
      "GO:0099059": [
        "1129",
        "2555",
        "2560",
        "3084",
        "9369"
      ],
      "GO:0098894": [],
      "GO:0099067": [],
      "GO:0098993": [
        "5865"
      ],
      "GO:0098850": [
        "1213",
        "6854",
        "2597"
      ],
      "GO:0030285": [
        "6844",
        "81615"
      ],
      "GO:0098674": [],
      "GO:0099066": [],
      "SYNGO:presyn_er_membrane_integral": [],
      "SYNGO:presyn_ser_membrane": [],
      "GO:0099065": [],
      "GO:0098892": [
        "4885"
      ],
      "GO:0099060": [
        "2555",
        "2560"
      ],
      "GO:0099092": [
        "2597",
        "57568"
      ],
      "GO:0098839": [
        "22986",
        "3084",
        "6092",
        "3756"
      ],
      "GO:0099164": [],
      "GO:0098999": [],
      "GO:0098896": [],
      "GO:0098944": [],
      "SYNGO:postsyn_er_membrane_integral": [],
      "SYNGO:postsyn_ser_membrane": [],
      "SYNGO:presyn_ser_membrane_integral": [],
      "GO:0099031": [],
      "GO:0099147": [],
      "GO:0099061": [
        "22986",
        "3084",
        "6092",
        "3756"
      ],
      "GO:0098998": [],
      "GO:0099033": [],
      "GO:0099063": [],
      "SYNGO:postsyn_ser_membrane_integral": []
    }
  }
}