[
  {
    "user_input_genelist": "PDYN",
    "idmap": [
      {
        "ensembl_id": "ENSG00000101327",
        "entrez_id": "5173",
        "hgnc_id": "HGNC:8820",
        "hgnc_name": "prodynorphin",
        "hgnc_symbol": "PDYN",
        "hgnc_synonyms": [
          "PENKB",
          "ADCA",
          "SCA23"
        ],
        "user_input_genelist": [
          "PDYN"
        ]
      }
    ]
  },
  {
    "user_input_genelist": "ADGRF2",
    "idmap": []
  },
  {
    "user_input_genelist": "ADAM33",
    "idmap": []
  },
  {
    "user_input_genelist": "LOC105373896",
    "idmap": []
  },
  {
    "user_input_genelist": "LGR6",
    "idmap": []
  },
  {
    "user_input_genelist": "ADAMTS6",
    "idmap": []
  },
  {
    "user_input_genelist": "SYT6",
    "idmap": [
      {
        "ensembl_id": "ENSG00000134207",
        "entrez_id": "148281",
        "hgnc_id": "HGNC:18638",
        "hgnc_name": "synaptotagmin 6",
        "hgnc_symbol": "SYT6",
        "hgnc_synonyms": [],
        "user_input_genelist": [
          "SYT6"
        ]
      }
    ]
  },
  {
    "user_input_genelist": "CABP7",
    "idmap": []
  },
  {
    "user_input_genelist": "FSTL5",
    "idmap": []
  },
  {
    "user_input_genelist": "LOC105373895",
    "idmap": []
  },
  {
    "user_input_genelist": "SORCS1",
    "idmap": []
  },
  {
    "user_input_genelist": "LINC00299",
    "idmap": []
  },
  {
    "user_input_genelist": "SULF1",
    "idmap": []
  },
  {
    "user_input_genelist": "LYPD1",
    "idmap": []
  },
  {
    "user_input_genelist": "CDH7",
    "idmap": []
  },
  {
    "user_input_genelist": "MARCHF3",
    "idmap": []
  },
  {
    "user_input_genelist": "KLHL1",
    "idmap": []
  },
  {
    "user_input_genelist": "PDE7B",
    "idmap": []
  },
  {
    "user_input_genelist": "LOC339166",
    "idmap": []
  },
  {
    "user_input_genelist": "CNTN6",
    "idmap": [
      {
        "ensembl_id": "ENSG00000134115",
        "entrez_id": "27255",
        "hgnc_id": "HGNC:2176",
        "hgnc_name": "contactin 6",
        "hgnc_symbol": "CNTN6",
        "hgnc_synonyms": [
          "NB-3"
        ],
        "user_input_genelist": [
          "CNTN6"
        ]
      }
    ]
  },
  {
    "user_input_genelist": "ITGA7",
    "idmap": []
  },
  {
    "user_input_genelist": "ABI3BP",
    "idmap": []
  },
  {
    "user_input_genelist": "ID2",
    "idmap": []
  },
  {
    "user_input_genelist": "LOC105374658",
    "idmap": []
  },
  {
    "user_input_genelist": "LOC105378030",
    "idmap": []
  },
  {
    "user_input_genelist": "HS3ST2",
    "idmap": []
  },
  {
    "user_input_genelist": "BOC",
    "idmap": []
  },
  {
    "user_input_genelist": "PLCXD2",
    "idmap": []
  },
  {
    "user_input_genelist": "SEMA5B",
    "idmap": []
  },
  {
    "user_input_genelist": "SULF2",
    "idmap": []
  },
  {
    "user_input_genelist": "LOC105378031",
    "idmap": []
  },
  {
    "user_input_genelist": "HTR4",
    "idmap": [
      {
        "ensembl_id": "ENSG00000164270",
        "entrez_id": "3360",
        "hgnc_id": "HGNC:5299",
        "hgnc_name": "5-hydroxytryptamine receptor 4",
        "hgnc_symbol": "HTR4",
        "hgnc_synonyms": [
          "5-HT4"
        ],
        "user_input_genelist": [
          "HTR4"
        ]
      }
    ]
  },
  {
    "user_input_genelist": "HS6ST3",
    "idmap": []
  },
  {
    "user_input_genelist": "LOC105373893",
    "idmap": []
  },
  {
    "user_input_genelist": "LOC105374392",
    "idmap": []
  },
  {
    "user_input_genelist": "B2M",
    "idmap": []
  },
  {
    "user_input_genelist": "SLC35F3",
    "idmap": []
  },
  {
    "user_input_genelist": "DSEL",
    "idmap": []
  },
  {
    "user_input_genelist": "ARHGAP6",
    "idmap": []
  },
  {
    "user_input_genelist": "MIR31HG",
    "idmap": []
  },
  {
    "user_input_genelist": "LOC101928923",
    "idmap": []
  },
  {
    "user_input_genelist": "INSYN2A",
    "idmap": [
      {
        "ensembl_id": "ENSG00000188916",
        "entrez_id": "642938",
        "hgnc_id": "HGNC:33859",
        "hgnc_name": "inhibitory synaptic factor 2A",
        "hgnc_symbol": "INSYN2A",
        "hgnc_synonyms": [
          "FLJ45557",
          "C10ORF141",
          "FAM196A",
          "INSYN2"
        ],
        "user_input_genelist": [
          "INSYN2A"
        ]
      }
    ]
  },
  {
    "user_input_genelist": "SERPINE2",
    "idmap": []
  },
  {
    "user_input_genelist": "HLA-B",
    "idmap": []
  },
  {
    "user_input_genelist": "MGAT4C",
    "idmap": []
  },
  {
    "user_input_genelist": "CNTN5",
    "idmap": [
      {
        "ensembl_id": "ENSG00000149972",
        "entrez_id": "53942",
        "hgnc_id": "HGNC:2175",
        "hgnc_name": "contactin 5",
        "hgnc_symbol": "CNTN5",
        "hgnc_synonyms": [
          "NB-2",
          "HNB-2"
        ],
        "user_input_genelist": [
          "CNTN5"
        ]
      }
    ]
  },
  {
    "user_input_genelist": "SNTG1",
    "idmap": []
  },
  {
    "user_input_genelist": "VGF",
    "idmap": [
      {
        "ensembl_id": "ENSG00000128564",
        "entrez_id": "7425",
        "hgnc_id": "HGNC:12684",
        "hgnc_name": "VGF nerve growth factor inducible",
        "hgnc_symbol": "VGF",
        "hgnc_synonyms": [
          "SCG7",
          "SGVII"
        ],
        "user_input_genelist": [
          "VGF"
        ]
      }
    ]
  },
  {
    "user_input_genelist": "RAB3IP",
    "idmap": []
  },
  {
    "user_input_genelist": "CHSY3",
    "idmap": []
  },
  {
    "user_input_genelist": "TMEM145",
    "idmap": []
  },
  {
    "user_input_genelist": "IL12RB2",
    "idmap": []
  },
  {
    "user_input_genelist": "ATP8B4",
    "idmap": []
  },
  {
    "user_input_genelist": "GNAL",
    "idmap": [
      {
        "ensembl_id": "ENSG00000141404",
        "entrez_id": "2774",
        "hgnc_id": "HGNC:4388",
        "hgnc_name": "G protein subunit alpha L",
        "hgnc_symbol": "GNAL",
        "hgnc_synonyms": [],
        "user_input_genelist": [
          "GNAL"
        ]
      }
    ]
  },
  {
    "user_input_genelist": "ELAVL2",
    "idmap": [
      {
        "ensembl_id": "ENSG00000107105",
        "entrez_id": "1993",
        "hgnc_id": "HGNC:3313",
        "hgnc_name": "ELAV like RNA binding protein 2",
        "hgnc_symbol": "ELAVL2",
        "hgnc_synonyms": [
          "HUB",
          "HEL-N1"
        ],
        "user_input_genelist": [
          "ELAVL2"
        ]
      }
    ]
  },
  {
    "user_input_genelist": "SPHKAP",
    "idmap": []
  },
  {
    "user_input_genelist": "LOC101929563",
    "idmap": []
  },
  {
    "user_input_genelist": "RCAN1",
    "idmap": []
  },
  {
    "user_input_genelist": "EGFEM1P",
    "idmap": []
  },
  {
    "user_input_genelist": "TSHZ2",
    "idmap": []
  },
  {
    "user_input_genelist": "P4HA3",
    "idmap": []
  },
  {
    "user_input_genelist": "PDE1C",
    "idmap": []
  },
  {
    "user_input_genelist": "ANGPT1",
    "idmap": []
  },
  {
    "user_input_genelist": "EPB41L4A",
    "idmap": []
  },
  {
    "user_input_genelist": "TECTA",
    "idmap": []
  },
  {
    "user_input_genelist": "SATB1-AS1",
    "idmap": []
  },
  {
    "user_input_genelist": "ADGRV1",
    "idmap": []
  },
  {
    "user_input_genelist": "LOC101928704",
    "idmap": []
  },
  {
    "user_input_genelist": "PCDH15",
    "idmap": []
  },
  {
    "user_input_genelist": "STAC2",
    "idmap": []
  },
  {
    "user_input_genelist": "GPC5",
    "idmap": []
  },
  {
    "user_input_genelist": "SIPA1L2",
    "idmap": [
      {
        "ensembl_id": "ENSG00000116991",
        "entrez_id": "57568",
        "hgnc_id": "HGNC:23800",
        "hgnc_name": "signal induced proliferation associated 1 like 2",
        "hgnc_symbol": "SIPA1L2",
        "hgnc_synonyms": [
          "KIAA1389",
          "SPAR2"
        ],
        "user_input_genelist": [
          "SIPA1L2"
        ]
      }
    ]
  },
  {
    "user_input_genelist": "KANK1",
    "idmap": []
  },
  {
    "user_input_genelist": "CRIM1",
    "idmap": []
  },
  {
    "user_input_genelist": "SFMBT2",
    "idmap": []
  },
  {
    "user_input_genelist": "GRIK4",
    "idmap": [
      {
        "ensembl_id": "ENSG00000149403",
        "entrez_id": "2900",
        "hgnc_id": "HGNC:4582",
        "hgnc_name": "glutamate ionotropic receptor kainate type subunit 4",
        "hgnc_symbol": "GRIK4",
        "hgnc_synonyms": [
          "GLUK4",
          "KA1",
          "GRIK"
        ],
        "user_input_genelist": [
          "GRIK4"
        ]
      }
    ]
  },
  {
    "user_input_genelist": "ZNF385D",
    "idmap": []
  },
  {
    "user_input_genelist": "CTNND2",
    "idmap": [
      {
        "ensembl_id": "ENSG00000169862",
        "entrez_id": "1501",
        "hgnc_id": "HGNC:2516",
        "hgnc_name": "catenin delta 2",
        "hgnc_symbol": "CTNND2",
        "hgnc_synonyms": [
          "NPRAP",
          "GT24"
        ],
        "user_input_genelist": [
          "CTNND2"
        ]
      }
    ]
  },
  {
    "user_input_genelist": "HLA-A",
    "idmap": []
  },
  {
    "user_input_genelist": "FHIT",
    "idmap": []
  },
  {
    "user_input_genelist": "PDGFC",
    "idmap": []
  },
  {
    "user_input_genelist": "LOC643542",
    "idmap": []
  },
  {
    "user_input_genelist": "NCAM2",
    "idmap": [
      {
        "ensembl_id": "ENSG00000154654",
        "entrez_id": "4685",
        "hgnc_id": "HGNC:7657",
        "hgnc_name": "neural cell adhesion molecule 2",
        "hgnc_symbol": "NCAM2",
        "hgnc_synonyms": [
          "NCAM21",
          "MGC51008"
        ],
        "user_input_genelist": [
          "NCAM2"
        ]
      }
    ]
  },
  {
    "user_input_genelist": "MYRFL",
    "idmap": []
  },
  {
    "user_input_genelist": "CCBE1",
    "idmap": []
  },
  {
    "user_input_genelist": "LOC105370324",
    "idmap": []
  },
  {
    "user_input_genelist": "TENM1",
    "idmap": [
      {
        "ensembl_id": "ENSG00000009694",
        "entrez_id": "10178",
        "hgnc_id": "HGNC:8117",
        "hgnc_name": "teneurin transmembrane protein 1",
        "hgnc_symbol": "TENM1",
        "hgnc_synonyms": [
          "TEN-M1",
          "TNM",
          "ODZ1"
        ],
        "user_input_genelist": [
          "TENM1"
        ]
      }
    ]
  },
  {
    "user_input_genelist": "EPB41L2",
    "idmap": []
  },
  {
    "user_input_genelist": "SLC15A5",
    "idmap": []
  },
  {
    "user_input_genelist": "STMN2",
    "idmap": []
  },
  {
    "user_input_genelist": "ANKFN1",
    "idmap": []
  },
  {
    "user_input_genelist": "NAP1L5",
    "idmap": []
  },
  {
    "user_input_genelist": "NRG1",
    "idmap": [
      {
        "ensembl_id": "ENSG00000157168",
        "entrez_id": "3084",
        "hgnc_id": "HGNC:7997",
        "hgnc_name": "neuregulin 1",
        "hgnc_symbol": "NRG1",
        "hgnc_synonyms": [
          "NDF",
          "GGF",
          "NRG1-IT2"
        ],
        "user_input_genelist": [
          "NRG1"
        ]
      }
    ]
  },
  {
    "user_input_genelist": "NRXN3",
    "idmap": [
      {
        "ensembl_id": "ENSG00000021645",
        "entrez_id": "9369",
        "hgnc_id": "HGNC:8010",
        "hgnc_name": "neurexin 3",
        "hgnc_symbol": "NRXN3",
        "hgnc_synonyms": [
          "KIAA0743",
          "C14ORF60"
        ],
        "user_input_genelist": [
          "NRXN3"
        ]
      }
    ]
  },
  {
    "user_input_genelist": "KLHL4",
    "idmap": []
  },
  {
    "user_input_genelist": "HSD17B12",
    "idmap": []
  },
  {
    "user_input_genelist": "TMEM163",
    "idmap": [
      {
        "ensembl_id": "ENSG00000152128",
        "entrez_id": "81615",
        "hgnc_id": "HGNC:25380",
        "hgnc_name": "transmembrane protein 163",
        "hgnc_symbol": "TMEM163",
        "hgnc_synonyms": [
          "DKFZP566N034",
          "SV31",
          "SLC30A11"
        ],
        "user_input_genelist": [
          "TMEM163"
        ]
      }
    ]
  },
  {
    "user_input_genelist": "SCN9A",
    "idmap": []
  },
  {
    "user_input_genelist": "LHFPL2",
    "idmap": []
  },
  {
    "user_input_genelist": "ANKRD18DP",
    "idmap": []
  },
  {
    "user_input_genelist": "GPC6",
    "idmap": [
      {
        "ensembl_id": "ENSG00000183098",
        "entrez_id": "10082",
        "hgnc_id": "HGNC:4454",
        "hgnc_name": "glypican 6",
        "hgnc_symbol": "GPC6",
        "hgnc_synonyms": [],
        "user_input_genelist": [
          "GPC6"
        ]
      }
    ]
  },
  {
    "user_input_genelist": "CNTNAP2",
    "idmap": [
      {
        "ensembl_id": "ENSG00000174469",
        "entrez_id": "26047",
        "hgnc_id": "HGNC:13830",
        "hgnc_name": "contactin associated protein 2",
        "hgnc_symbol": "CNTNAP2",
        "hgnc_synonyms": [
          "CASPR2",
          "KIAA0868"
        ],
        "user_input_genelist": [
          "CNTNAP2"
        ]
      }
    ]
  },
  {
    "user_input_genelist": "SORCS3",
    "idmap": [
      {
        "ensembl_id": "ENSG00000156395",
        "entrez_id": "22986",
        "hgnc_id": "HGNC:16699",
        "hgnc_name": "sortilin related VPS10 domain containing receptor 3",
        "hgnc_symbol": "SORCS3",
        "hgnc_synonyms": [
          "KIAA1059",
          "SORCS"
        ],
        "user_input_genelist": [
          "SORCS3"
        ]
      }
    ]
  },
  {
    "user_input_genelist": "PARM1",
    "idmap": []
  },
  {
    "user_input_genelist": "PDE8B",
    "idmap": []
  },
  {
    "user_input_genelist": "NRIP3",
    "idmap": []
  },
  {
    "user_input_genelist": "NEK7",
    "idmap": []
  },
  {
    "user_input_genelist": "MYOF",
    "idmap": []
  },
  {
    "user_input_genelist": "NPTX2",
    "idmap": [
      {
        "ensembl_id": "ENSG00000106236",
        "entrez_id": "4885",
        "hgnc_id": "HGNC:7953",
        "hgnc_name": "neuronal pentraxin 2",
        "hgnc_symbol": "NPTX2",
        "hgnc_synonyms": [],
        "user_input_genelist": [
          "NPTX2"
        ]
      }
    ]
  },
  {
    "user_input_genelist": "GABRB1",
    "idmap": [
      {
        "ensembl_id": "ENSG00000163288",
        "entrez_id": "2560",
        "hgnc_id": "HGNC:4081",
        "hgnc_name": "gamma-aminobutyric acid type A receptor subunit beta1",
        "hgnc_symbol": "GABRB1",
        "hgnc_synonyms": [],
        "user_input_genelist": [
          "GABRB1"
        ]
      }
    ]
  },
  {
    "user_input_genelist": "FAM110B",
    "idmap": []
  },
  {
    "user_input_genelist": "NR4A3",
    "idmap": []
  },
  {
    "user_input_genelist": "ZNF83",
    "idmap": []
  },
  {
    "user_input_genelist": "ARL15",
    "idmap": []
  },
  {
    "user_input_genelist": "SPOCK1",
    "idmap": [
      {
        "ensembl_id": "ENSG00000152377",
        "entrez_id": "6695",
        "hgnc_id": "HGNC:11251",
        "hgnc_name": "SPARC (osteonectin), cwcv and kazal like domains proteoglycan 1",
        "hgnc_symbol": "SPOCK1",
        "hgnc_synonyms": [
          "TESTICAN-1",
          "TIC1",
          "SPOCK"
        ],
        "user_input_genelist": [
          "SPOCK1"
        ]
      }
    ]
  },
  {
    "user_input_genelist": "SLC2A3",
    "idmap": [
      {
        "ensembl_id": "ENSG00000059804",
        "entrez_id": "6515",
        "hgnc_id": "HGNC:11007",
        "hgnc_name": "solute carrier family 2 member 3",
        "hgnc_symbol": "SLC2A3",
        "hgnc_synonyms": [
          "GLUT3"
        ],
        "user_input_genelist": [
          "SLC2A3"
        ]
      }
    ]
  },
  {
    "user_input_genelist": "GABRA2",
    "idmap": [
      {
        "ensembl_id": "ENSG00000151834",
        "entrez_id": "2555",
        "hgnc_id": "HGNC:4076",
        "hgnc_name": "gamma-aminobutyric acid type A receptor subunit alpha2",
        "hgnc_symbol": "GABRA2",
        "hgnc_synonyms": [],
        "user_input_genelist": [
          "GABRA2"
        ]
      }
    ]
  },
  {
    "user_input_genelist": "CCDC138",
    "idmap": []
  },
  {
    "user_input_genelist": "TMEM132D",
    "idmap": []
  },
  {
    "user_input_genelist": "CHRM2",
    "idmap": [
      {
        "ensembl_id": "ENSG00000181072",
        "entrez_id": "1129",
        "hgnc_id": "HGNC:1951",
        "hgnc_name": "cholinergic receptor muscarinic 2",
        "hgnc_symbol": "CHRM2",
        "hgnc_synonyms": [],
        "user_input_genelist": [
          "CHRM2"
        ]
      }
    ]
  },
  {
    "user_input_genelist": "PCSK1",
    "idmap": []
  },
  {
    "user_input_genelist": "VPS13C",
    "idmap": []
  },
  {
    "user_input_genelist": "PLCXD3",
    "idmap": [
      {
        "ensembl_id": "ENSG00000182836",
        "entrez_id": "345557",
        "hgnc_id": "HGNC:31822",
        "hgnc_name": "phosphatidylinositol specific phospholipase C X domain containing 3",
        "hgnc_symbol": "PLCXD3",
        "hgnc_synonyms": [],
        "user_input_genelist": [
          "PLCXD3"
        ]
      }
    ]
  },
  {
    "user_input_genelist": "KCNQ3",
    "idmap": [
      {
        "ensembl_id": "ENSG00000184156",
        "entrez_id": "3786",
        "hgnc_id": "HGNC:6297",
        "hgnc_name": "potassium voltage-gated channel subfamily Q member 3",
        "hgnc_symbol": "KCNQ3",
        "hgnc_synonyms": [
          "KV7.3",
          "EBN2"
        ],
        "user_input_genelist": [
          "KCNQ3"
        ]
      }
    ]
  },
  {
    "user_input_genelist": "TUBB2A",
    "idmap": []
  },
  {
    "user_input_genelist": "DPP10",
    "idmap": []
  },
  {
    "user_input_genelist": "RIMS2",
    "idmap": [
      {
        "ensembl_id": "ENSG00000176406",
        "entrez_id": "9699",
        "hgnc_id": "HGNC:17283",
        "hgnc_name": "regulating synaptic membrane exocytosis 2",
        "hgnc_symbol": "RIMS2",
        "hgnc_synonyms": [
          "KIAA0751",
          "RIM2",
          "OBOE",
          "RAB3IP3"
        ],
        "user_input_genelist": [
          "RIMS2"
        ]
      }
    ]
  },
  {
    "user_input_genelist": "MAML3",
    "idmap": []
  },
  {
    "user_input_genelist": "EFHD2",
    "idmap": []
  },
  {
    "user_input_genelist": "SATB1",
    "idmap": []
  },
  {
    "user_input_genelist": "STXBP1",
    "idmap": [
      {
        "ensembl_id": "ENSG00000136854",
        "entrez_id": "6812",
        "hgnc_id": "HGNC:11444",
        "hgnc_name": "syntaxin binding protein 1",
        "hgnc_symbol": "STXBP1",
        "hgnc_synonyms": [
          "HUNC18",
          "MUNC18-1",
          "UNC18",
          "RBSEC1",
          "NSEC1"
        ],
        "user_input_genelist": [
          "STXBP1"
        ]
      }
    ]
  },
  {
    "user_input_genelist": "PFKP",
    "idmap": []
  },
  {
    "user_input_genelist": "ATRNL1",
    "idmap": []
  },
  {
    "user_input_genelist": "PGM2L1",
    "idmap": []
  },
  {
    "user_input_genelist": "GRIP1",
    "idmap": [
      {
        "ensembl_id": "ENSG00000155974",
        "entrez_id": "23426",
        "hgnc_id": "HGNC:18708",
        "hgnc_name": "glutamate receptor interacting protein 1",
        "hgnc_symbol": "GRIP1",
        "hgnc_synonyms": [],
        "user_input_genelist": [
          "GRIP1"
        ]
      }
    ]
  },
  {
    "user_input_genelist": "ST6GAL2",
    "idmap": []
  },
  {
    "user_input_genelist": "PPP2R1B",
    "idmap": [
      {
        "ensembl_id": "ENSG00000137713",
        "entrez_id": "5519",
        "hgnc_id": "HGNC:9303",
        "hgnc_name": "protein phosphatase 2 scaffold subunit Abeta",
        "hgnc_symbol": "PPP2R1B",
        "hgnc_synonyms": [
          "PR65B",
          "PP2A-ABETA"
        ],
        "user_input_genelist": [
          "PPP2R1B"
        ]
      }
    ]
  },
  {
    "user_input_genelist": "CDH18",
    "idmap": []
  },
  {
    "user_input_genelist": "GALNT13",
    "idmap": []
  },
  {
    "user_input_genelist": "FAM135B",
    "idmap": []
  },
  {
    "user_input_genelist": "FAM13C",
    "idmap": []
  },
  {
    "user_input_genelist": "KCNK1",
    "idmap": [
      {
        "ensembl_id": "ENSG00000135750",
        "entrez_id": "3775",
        "hgnc_id": "HGNC:6272",
        "hgnc_name": "potassium two pore domain channel subfamily K member 1",
        "hgnc_symbol": "KCNK1",
        "hgnc_synonyms": [
          "K2P1.1",
          "TWIK-1"
        ],
        "user_input_genelist": [
          "KCNK1"
        ]
      }
    ]
  },
  {
    "user_input_genelist": "IDI1",
    "idmap": []
  },
  {
    "user_input_genelist": "NKAIN3",
    "idmap": []
  },
  {
    "user_input_genelist": "PLXNA2",
    "idmap": []
  },
  {
    "user_input_genelist": "TMTC1",
    "idmap": []
  },
  {
    "user_input_genelist": "RIT2",
    "idmap": []
  },
  {
    "user_input_genelist": "LOC105376214",
    "idmap": []
  },
  {
    "user_input_genelist": "ZNF804A",
    "idmap": []
  },
  {
    "user_input_genelist": "CALN1",
    "idmap": []
  },
  {
    "user_input_genelist": "CREM",
    "idmap": []
  },
  {
    "user_input_genelist": "ZDHHC23",
    "idmap": []
  },
  {
    "user_input_genelist": "CADM1",
    "idmap": [
      {
        "ensembl_id": "ENSG00000182985",
        "entrez_id": "23705",
        "hgnc_id": "HGNC:5951",
        "hgnc_name": "cell adhesion molecule 1",
        "hgnc_symbol": "CADM1",
        "hgnc_synonyms": [
          "NECL2",
          "ST17",
          "BL2",
          "SYNCAM",
          "IGSF4A",
          "NECL-2",
          "SYNCAM1",
          "RA175",
          "TSLC1",
          "IGSF4"
        ],
        "user_input_genelist": [
          "CADM1"
        ]
      }
    ]
  },
  {
    "user_input_genelist": "UNC13C",
    "idmap": [
      {
        "ensembl_id": "ENSG00000137766",
        "entrez_id": "440279",
        "hgnc_id": "HGNC:23149",
        "hgnc_name": "unc-13 homolog C",
        "hgnc_symbol": "UNC13C",
        "hgnc_synonyms": [
          "MUNC13-3",
          "DKFZP547H074"
        ],
        "user_input_genelist": [
          "UNC13C"
        ]
      }
    ]
  },
  {
    "user_input_genelist": "VGLL4",
    "idmap": []
  },
  {
    "user_input_genelist": "XPR1",
    "idmap": []
  },
  {
    "user_input_genelist": "TUBB",
    "idmap": [
      {
        "ensembl_id": "ENSG00000196230",
        "entrez_id": "203068",
        "hgnc_id": "HGNC:20778",
        "hgnc_name": "tubulin beta class I",
        "hgnc_symbol": "TUBB",
        "hgnc_synonyms": [
          "OK/SW-CL.56",
          "MGC16435",
          "M40",
          "TUBB5"
        ],
        "user_input_genelist": [
          "TUBB"
        ]
      }
    ]
  },
  {
    "user_input_genelist": "RAB3B",
    "idmap": [
      {
        "ensembl_id": "ENSG00000169213",
        "entrez_id": "5865",
        "hgnc_id": "HGNC:9778",
        "hgnc_name": "RAB3B, member RAS oncogene family",
        "hgnc_symbol": "RAB3B",
        "hgnc_synonyms": [],
        "user_input_genelist": [
          "RAB3B"
        ]
      }
    ]
  },
  {
    "user_input_genelist": "CBLN2",
    "idmap": [
      {
        "ensembl_id": "ENSG00000141668",
        "entrez_id": "147381",
        "hgnc_id": "HGNC:1544",
        "hgnc_name": "cerebellin 2 precursor",
        "hgnc_symbol": "CBLN2",
        "hgnc_synonyms": [],
        "user_input_genelist": [
          "CBLN2"
        ]
      }
    ]
  },
  {
    "user_input_genelist": "SGCD",
    "idmap": []
  },
  {
    "user_input_genelist": "HDAC9",
    "idmap": []
  },
  {
    "user_input_genelist": "CELF4",
    "idmap": []
  },
  {
    "user_input_genelist": "PDE1A",
    "idmap": []
  },
  {
    "user_input_genelist": "FNDC3A",
    "idmap": []
  },
  {
    "user_input_genelist": "GAP43",
    "idmap": [
      {
        "ensembl_id": "ENSG00000172020",
        "entrez_id": "2596",
        "hgnc_id": "HGNC:4140",
        "hgnc_name": "growth associated protein 43",
        "hgnc_symbol": "GAP43",
        "hgnc_synonyms": [
          "B-50",
          "PP46",
          "GAP-43"
        ],
        "user_input_genelist": [
          "GAP43"
        ]
      }
    ]
  },
  {
    "user_input_genelist": "CDK8",
    "idmap": []
  },
  {
    "user_input_genelist": "TRPC3",
    "idmap": []
  },
  {
    "user_input_genelist": "ABLIM1",
    "idmap": [
      {
        "ensembl_id": "ENSG00000099204",
        "entrez_id": "3983",
        "hgnc_id": "HGNC:78",
        "hgnc_name": "actin binding LIM protein 1",
        "hgnc_symbol": "ABLIM1",
        "hgnc_synonyms": [
          "ABLIM",
          "LIMATIN",
          "LIMAB1"
        ],
        "user_input_genelist": [
          "ABLIM1"
        ]
      }
    ]
  },
  {
    "user_input_genelist": "BCL11B",
    "idmap": []
  },
  {
    "user_input_genelist": "HS3ST5",
    "idmap": []
  },
  {
    "user_input_genelist": "KCNK2",
    "idmap": [
      {
        "ensembl_id": "ENSG00000082482",
        "entrez_id": "3776",
        "hgnc_id": "HGNC:6277",
        "hgnc_name": "potassium two pore domain channel subfamily K member 2",
        "hgnc_symbol": "KCNK2",
        "hgnc_synonyms": [
          "K2P2.1",
          "TREK-1"
        ],
        "user_input_genelist": [
          "KCNK2"
        ]
      }
    ]
  },
  {
    "user_input_genelist": "DPP10-AS3",
    "idmap": []
  },
  {
    "user_input_genelist": "DLEU1",
    "idmap": []
  },
  {
    "user_input_genelist": "KIAA0513",
    "idmap": []
  },
  {
    "user_input_genelist": "MIR181A1HG",
    "idmap": []
  },
  {
    "user_input_genelist": "SRCIN1",
    "idmap": [
      {
        "ensembl_id": "ENSG00000277363",
        "entrez_id": "80725",
        "hgnc_id": "HGNC:29506",
        "hgnc_name": "SRC kinase signaling inhibitor 1",
        "hgnc_symbol": "SRCIN1",
        "hgnc_synonyms": [
          "SNIP",
          "P140CAP",
          "KIAA1684"
        ],
        "user_input_genelist": [
          "SRCIN1"
        ]
      }
    ]
  },
  {
    "user_input_genelist": "SH3RF3",
    "idmap": []
  },
  {
    "user_input_genelist": "NRSN1",
    "idmap": []
  },
  {
    "user_input_genelist": "RIMS1",
    "idmap": [
      {
        "ensembl_id": "ENSG00000079841",
        "entrez_id": "22999",
        "hgnc_id": "HGNC:17282",
        "hgnc_name": "regulating synaptic membrane exocytosis 1",
        "hgnc_symbol": "RIMS1",
        "hgnc_synonyms": [
          "KIAA0340",
          "RIM1",
          "RAB3IP2",
          "CORD7"
        ],
        "user_input_genelist": [
          "RIMS1"
        ]
      }
    ]
  },
  {
    "user_input_genelist": "SNHG24",
    "idmap": []
  },
  {
    "user_input_genelist": "UNC5D",
    "idmap": []
  },
  {
    "user_input_genelist": "TPI1",
    "idmap": []
  },
  {
    "user_input_genelist": "PTPRM",
    "idmap": []
  },
  {
    "user_input_genelist": "BMP2K",
    "idmap": []
  },
  {
    "user_input_genelist": "ALDOA",
    "idmap": []
  },
  {
    "user_input_genelist": "QRFPR",
    "idmap": []
  },
  {
    "user_input_genelist": "LOC105377289",
    "idmap": []
  },
  {
    "user_input_genelist": "SYNJ2",
    "idmap": [
      {
        "ensembl_id": "ENSG00000078269",
        "entrez_id": "8871",
        "hgnc_id": "HGNC:11504",
        "hgnc_name": "synaptojanin 2",
        "hgnc_symbol": "SYNJ2",
        "hgnc_synonyms": [
          "INPP5H"
        ],
        "user_input_genelist": [
          "SYNJ2"
        ]
      }
    ]
  },
  {
    "user_input_genelist": "DAAM1",
    "idmap": [
      {
        "ensembl_id": "ENSG00000100592",
        "entrez_id": "23002",
        "hgnc_id": "HGNC:18142",
        "hgnc_name": "dishevelled associated activator of morphogenesis 1",
        "hgnc_symbol": "DAAM1",
        "hgnc_synonyms": [
          "KIAA0666"
        ],
        "user_input_genelist": [
          "DAAM1"
        ]
      }
    ]
  },
  {
    "user_input_genelist": "MIR325HG",
    "idmap": []
  },
  {
    "user_input_genelist": "NOVA1",
    "idmap": []
  },
  {
    "user_input_genelist": "ROBO1",
    "idmap": []
  },
  {
    "user_input_genelist": "RUNDC3B",
    "idmap": []
  },
  {
    "user_input_genelist": "CNTNAP3B",
    "idmap": []
  },
  {
    "user_input_genelist": "AUTS2",
    "idmap": []
  },
  {
    "user_input_genelist": "KIF21A",
    "idmap": [
      {
        "ensembl_id": "ENSG00000139116",
        "entrez_id": "55605",
        "hgnc_id": "HGNC:19349",
        "hgnc_name": "kinesin family member 21A",
        "hgnc_symbol": "KIF21A",
        "hgnc_synonyms": [
          "FLJ20052",
          "FEOM1"
        ],
        "user_input_genelist": [
          "KIF21A"
        ]
      }
    ]
  },
  {
    "user_input_genelist": "VAMP2",
    "idmap": [
      {
        "ensembl_id": "ENSG00000220205",
        "entrez_id": "6844",
        "hgnc_id": "HGNC:12643",
        "hgnc_name": "vesicle associated membrane protein 2",
        "hgnc_symbol": "VAMP2",
        "hgnc_synonyms": [
          "VAMP-2",
          "SYB2"
        ],
        "user_input_genelist": [
          "VAMP2"
        ]
      }
    ]
  },
  {
    "user_input_genelist": "SYN2",
    "idmap": [
      {
        "ensembl_id": "ENSG00000157152",
        "entrez_id": "6854",
        "hgnc_id": "HGNC:11495",
        "hgnc_name": "synapsin II",
        "hgnc_symbol": "SYN2",
        "hgnc_synonyms": [
          "SYNII",
          "SYNIIA",
          "SYNIIB"
        ],
        "user_input_genelist": [
          "SYN2"
        ]
      }
    ]
  },
  {
    "user_input_genelist": "VPS8",
    "idmap": []
  },
  {
    "user_input_genelist": "SH3BP5",
    "idmap": []
  },
  {
    "user_input_genelist": "HOOK1",
    "idmap": []
  },
  {
    "user_input_genelist": "TAGLN3",
    "idmap": [
      {
        "ensembl_id": "ENSG00000144834",
        "entrez_id": "29114",
        "hgnc_id": "HGNC:29868",
        "hgnc_name": "transgelin 3",
        "hgnc_symbol": "TAGLN3",
        "hgnc_synonyms": [
          "NP25",
          "NP22"
        ],
        "user_input_genelist": [
          "TAGLN3"
        ]
      }
    ]
  },
  {
    "user_input_genelist": "HIF1A",
    "idmap": []
  },
  {
    "user_input_genelist": "CDH6",
    "idmap": [
      {
        "ensembl_id": "ENSG00000113361",
        "entrez_id": "1004",
        "hgnc_id": "HGNC:1765",
        "hgnc_name": "cadherin 6",
        "hgnc_symbol": "CDH6",
        "hgnc_synonyms": [],
        "user_input_genelist": [
          "CDH6"
        ]
      }
    ]
  },
  {
    "user_input_genelist": "SH3D19",
    "idmap": []
  },
  {
    "user_input_genelist": "WBSCR17",
    "idmap": []
  },
  {
    "user_input_genelist": "SKAP2",
    "idmap": []
  },
  {
    "user_input_genelist": "MAGI1",
    "idmap": [
      {
        "ensembl_id": "ENSG00000151276",
        "entrez_id": "9223",
        "hgnc_id": "HGNC:946",
        "hgnc_name": "membrane associated guanylate kinase, WW and PDZ domain containing 1",
        "hgnc_symbol": "MAGI1",
        "hgnc_synonyms": [
          "MAGI-1",
          "TNRC19",
          "AIP3",
          "WWP3",
          "BAIAP1"
        ],
        "user_input_genelist": [
          "MAGI1"
        ]
      }
    ]
  },
  {
    "user_input_genelist": "SNCA",
    "idmap": [
      {
        "ensembl_id": "ENSG00000145335",
        "entrez_id": "6622",
        "hgnc_id": "HGNC:11138",
        "hgnc_name": "synuclein alpha",
        "hgnc_symbol": "SNCA",
        "hgnc_synonyms": [
          "NACP",
          "PARK1",
          "PARK4"
        ],
        "user_input_genelist": [
          "SNCA"
        ]
      }
    ]
  },
  {
    "user_input_genelist": "DLEU2",
    "idmap": []
  },
  {
    "user_input_genelist": "PTPRG",
    "idmap": []
  },
  {
    "user_input_genelist": "MLLT11",
    "idmap": []
  },
  {
    "user_input_genelist": "TUBA1B",
    "idmap": []
  },
  {
    "user_input_genelist": "RUNX1T1",
    "idmap": []
  },
  {
    "user_input_genelist": "AGPAT5",
    "idmap": []
  },
  {
    "user_input_genelist": "KIFAP3",
    "idmap": [
      {
        "ensembl_id": "ENSG00000075945",
        "entrez_id": "22920",
        "hgnc_id": "HGNC:17060",
        "hgnc_name": "kinesin associated protein 3",
        "hgnc_symbol": "KIFAP3",
        "hgnc_synonyms": [
          "KAP3",
          "FLA3"
        ],
        "user_input_genelist": [
          "KIFAP3"
        ]
      }
    ]
  },
  {
    "user_input_genelist": "DOCK9",
    "idmap": []
  },
  {
    "user_input_genelist": "TCF4",
    "idmap": []
  },
  {
    "user_input_genelist": "KCNH1",
    "idmap": [
      {
        "ensembl_id": "ENSG00000143473",
        "entrez_id": "3756",
        "hgnc_id": "HGNC:6250",
        "hgnc_name": "potassium voltage-gated channel subfamily H member 1",
        "hgnc_symbol": "KCNH1",
        "hgnc_synonyms": [
          "KV10.1",
          "EAG",
          "H-EAG",
          "EAG1",
          "HEAG",
          "K(V)10.1"
        ],
        "user_input_genelist": [
          "KCNH1"
        ]
      }
    ]
  },
  {
    "user_input_genelist": "PGRMC1",
    "idmap": []
  },
  {
    "user_input_genelist": "PEX5L",
    "idmap": []
  },
  {
    "user_input_genelist": "LOC105377574",
    "idmap": []
  },
  {
    "user_input_genelist": "CDHR3",
    "idmap": []
  },
  {
    "user_input_genelist": "SIPA1L1",
    "idmap": [
      {
        "ensembl_id": "ENSG00000197555",
        "entrez_id": "26037",
        "hgnc_id": "HGNC:20284",
        "hgnc_name": "signal induced proliferation associated 1 like 1",
        "hgnc_symbol": "SIPA1L1",
        "hgnc_synonyms": [
          "KIAA0440",
          "E6TP1",
          "SPAR1"
        ],
        "user_input_genelist": [
          "SIPA1L1"
        ]
      }
    ]
  },
  {
    "user_input_genelist": "FOXN3",
    "idmap": []
  },
  {
    "user_input_genelist": "CDK14",
    "idmap": []
  },
  {
    "user_input_genelist": "PTBP2",
    "idmap": []
  },
  {
    "user_input_genelist": "KATNAL1",
    "idmap": []
  },
  {
    "user_input_genelist": "NEFL",
    "idmap": [
      {
        "ensembl_id": "ENSG00000277586",
        "entrez_id": "4747",
        "hgnc_id": "HGNC:7739",
        "hgnc_name": "neurofilament light chain",
        "hgnc_symbol": "NEFL",
        "hgnc_synonyms": [
          "NFL",
          "CMT1F",
          "CMT2E",
          "NF68",
          "PPP1R110"
        ],
        "user_input_genelist": [
          "NEFL"
        ]
      }
    ]
  },
  {
    "user_input_genelist": "PCDH7",
    "idmap": [
      {
        "ensembl_id": "ENSG00000169851",
        "entrez_id": "5099",
        "hgnc_id": "HGNC:8659",
        "hgnc_name": "protocadherin 7",
        "hgnc_symbol": "PCDH7",
        "hgnc_synonyms": [
          "BH-PCDH",
          "PPP1R120"
        ],
        "user_input_genelist": [
          "PCDH7"
        ]
      }
    ]
  },
  {
    "user_input_genelist": "GAPDH",
    "idmap": [
      {
        "ensembl_id": "ENSG00000111640",
        "entrez_id": "2597",
        "hgnc_id": "HGNC:4141",
        "hgnc_name": "glyceraldehyde-3-phosphate dehydrogenase",
        "hgnc_symbol": "GAPDH",
        "hgnc_synonyms": [
          "GAPD"
        ],
        "user_input_genelist": [
          "GAPDH"
        ]
      }
    ]
  },
  {
    "user_input_genelist": "PCDH11X",
    "idmap": []
  },
  {
    "user_input_genelist": "MARK1",
    "idmap": [
      {
        "ensembl_id": "ENSG00000116141",
        "entrez_id": "4139",
        "hgnc_id": "HGNC:6896",
        "hgnc_name": "microtubule affinity regulating kinase 1",
        "hgnc_symbol": "MARK1",
        "hgnc_synonyms": [
          "MARK",
          "PAR-1C"
        ],
        "user_input_genelist": [
          "MARK1"
        ]
      }
    ]
  },
  {
    "user_input_genelist": "ROBO2",
    "idmap": [
      {
        "ensembl_id": "ENSG00000185008",
        "entrez_id": "6092",
        "hgnc_id": "HGNC:10250",
        "hgnc_name": "roundabout guidance receptor 2",
        "hgnc_symbol": "ROBO2",
        "hgnc_synonyms": [
          "KIAA1568"
        ],
        "user_input_genelist": [
          "ROBO2"
        ]
      }
    ]
  },
  {
    "user_input_genelist": "TPK1",
    "idmap": []
  },
  {
    "user_input_genelist": "ATP1B1",
    "idmap": []
  },
  {
    "user_input_genelist": "HSP90AA1",
    "idmap": [
      {
        "ensembl_id": "ENSG00000080824",
        "entrez_id": "3320",
        "hgnc_id": "HGNC:5253",
        "hgnc_name": "heat shock protein 90 alpha family class A member 1",
        "hgnc_symbol": "HSP90AA1",
        "hgnc_synonyms": [
          "HSP89",
          "HSP90",
          "FLJ31884",
          "HSP90N",
          "HSPC1"
        ],
        "user_input_genelist": [
          "HSP90AA1"
        ]
      }
    ]
  },
  {
    "user_input_genelist": "ELAVL4",
    "idmap": [
      {
        "ensembl_id": "ENSG00000162374",
        "entrez_id": "1996",
        "hgnc_id": "HGNC:3315",
        "hgnc_name": "ELAV like RNA binding protein 4",
        "hgnc_symbol": "ELAVL4",
        "hgnc_synonyms": [
          "PNEM",
          "HUD"
        ],
        "user_input_genelist": [
          "ELAVL4"
        ]
      }
    ]
  },
  {
    "user_input_genelist": "EPHA4",
    "idmap": [
      {
        "ensembl_id": "ENSG00000116106",
        "entrez_id": "2043",
        "hgnc_id": "HGNC:3388",
        "hgnc_name": "EPH receptor A4",
        "hgnc_symbol": "EPHA4",
        "hgnc_synonyms": [
          "HEK8",
          "TYRO1"
        ],
        "user_input_genelist": [
          "EPHA4"
        ]
      }
    ]
  },
  {
    "user_input_genelist": "FTH1",
    "idmap": []
  },
  {
    "user_input_genelist": "RYR3",
    "idmap": []
  },
  {
    "user_input_genelist": "CLTC",
    "idmap": [
      {
        "ensembl_id": "ENSG00000141367",
        "entrez_id": "1213",
        "hgnc_id": "HGNC:2092",
        "hgnc_name": "clathrin heavy chain",
        "hgnc_symbol": "CLTC",
        "hgnc_synonyms": [
          "HC",
          "CLTCL2"
        ],
        "user_input_genelist": [
          "CLTC"
        ]
      }
    ]
  },
  {
    "user_input_genelist": "SOS1",
    "idmap": [
      {
        "ensembl_id": "ENSG00000115904",
        "entrez_id": "6654",
        "hgnc_id": "HGNC:11187",
        "hgnc_name": "SOS Ras/Rac guanine nucleotide exchange factor 1",
        "hgnc_symbol": "SOS1",
        "hgnc_synonyms": [
          "GINGF"
        ],
        "user_input_genelist": [
          "SOS1"
        ]
      }
    ]
  },
  {
    "user_input_genelist": "PTCHD1-AS",
    "idmap": []
  },
  {
    "user_input_genelist": "KIAA1598",
    "idmap": []
  },
  {
    "user_input_genelist": "EFNA5",
    "idmap": [
      {
        "ensembl_id": "ENSG00000184349",
        "entrez_id": "1946",
        "hgnc_id": "HGNC:3225",
        "hgnc_name": "ephrin A5",
        "hgnc_symbol": "EFNA5",
        "hgnc_synonyms": [
          "AF1",
          "LERK7",
          "EPLG7"
        ],
        "user_input_genelist": [
          "EFNA5"
        ]
      }
    ]
  },
  {
    "user_input_genelist": "DNM3",
    "idmap": [
      {
        "ensembl_id": "ENSG00000197959",
        "entrez_id": "26052",
        "hgnc_id": "HGNC:29125",
        "hgnc_name": "dynamin 3",
        "hgnc_symbol": "DNM3",
        "hgnc_synonyms": [
          "KIAA0820"
        ],
        "user_input_genelist": [
          "DNM3"
        ]
      }
    ]
  },
  {
    "user_input_genelist": "SRRM4",
    "idmap": []
  },
  {
    "user_input_genelist": "ADCY8",
    "idmap": [
      {
        "ensembl_id": "ENSG00000155897",
        "entrez_id": "114",
        "hgnc_id": "HGNC:239",
        "hgnc_name": "adenylate cyclase 8",
        "hgnc_symbol": "ADCY8",
        "hgnc_synonyms": [
          "HBAC1",
          "AC8"
        ],
        "user_input_genelist": [
          "ADCY8"
        ]
      }
    ]
  },
  {
    "user_input_genelist": "AHI1",
    "idmap": []
  },
  {
    "user_input_genelist": "NNAT",
    "idmap": []
  },
  {
    "user_input_genelist": "STXBP5-AS1",
    "idmap": []
  },
  {
    "user_input_genelist": "APBA1",
    "idmap": [
      {
        "ensembl_id": "ENSG00000107282",
        "entrez_id": "320",
        "hgnc_id": "HGNC:578",
        "hgnc_name": "amyloid beta precursor protein binding family A member 1",
        "hgnc_symbol": "APBA1",
        "hgnc_synonyms": [
          "D9S411E",
          "X11",
          "MINT1"
        ],
        "user_input_genelist": [
          "APBA1"
        ]
      }
    ]
  },
  {
    "user_input_genelist": "GDA",
    "idmap": [
      {
        "ensembl_id": "ENSG00000119125",
        "entrez_id": "9615",
        "hgnc_id": "HGNC:4212",
        "hgnc_name": "guanine deaminase",
        "hgnc_symbol": "GDA",
        "hgnc_synonyms": [
          "CYPIN",
          "GAH"
        ],
        "user_input_genelist": [
          "GDA"
        ]
      }
    ]
  },
  {
    "user_input_genelist": "SATB2",
    "idmap": []
  },
  {
    "user_input_genelist": "TUBA1A",
    "idmap": [
      {
        "ensembl_id": "ENSG00000167552",
        "entrez_id": "7846",
        "hgnc_id": "HGNC:20766",
        "hgnc_name": "tubulin alpha 1a",
        "hgnc_symbol": "TUBA1A",
        "hgnc_synonyms": [
          "TUBA3",
          "B-ALPHA-1",
          "FLJ25113"
        ],
        "user_input_genelist": [
          "TUBA1A"
        ]
      }
    ]
  },
  {
    "user_input_genelist": "AGPAT4",
    "idmap": []
  },
  {
    "user_input_genelist": "LOC105371308",
    "idmap": []
  },
  {
    "user_input_genelist": "ZFPM2",
    "idmap": []
  },
  {
    "user_input_genelist": "COX3",
    "idmap": []
  },
  {
    "user_input_genelist": "CYTB",
    "idmap": []
  },
  {
    "user_input_genelist": "EDIL3",
    "idmap": []
  },
  {
    "user_input_genelist": "SLC1A2",
    "idmap": [
      {
        "ensembl_id": "ENSG00000110436",
        "entrez_id": "6506",
        "hgnc_id": "HGNC:10940",
        "hgnc_name": "solute carrier family 1 member 2",
        "hgnc_symbol": "SLC1A2",
        "hgnc_synonyms": [
          "GLT-1",
          "GLT1",
          "EAAT2",
          "HBGT"
        ],
        "user_input_genelist": [
          "SLC1A2"
        ]
      }
    ]
  },
  {
    "user_input_genelist": "MIR137HG",
    "idmap": []
  },
  {
    "user_input_genelist": "COL12A1",
    "idmap": []
  },
  {
    "user_input_genelist": "DOK6",
    "idmap": []
  },
  {
    "user_input_genelist": "RNR2",
    "idmap": []
  },
  {
    "user_input_genelist": "PRR16",
    "idmap": []
  },
  {
    "user_input_genelist": "PID1",
    "idmap": []
  },
  {
    "user_input_genelist": "CDH11",
    "idmap": [
      {
        "ensembl_id": "ENSG00000140937",
        "entrez_id": "1009",
        "hgnc_id": "HGNC:1750",
        "hgnc_name": "cadherin 11",
        "hgnc_symbol": "CDH11",
        "hgnc_synonyms": [
          "CAD11"
        ],
        "user_input_genelist": [
          "CDH11"
        ]
      }
    ]
  },
  {
    "user_input_genelist": "COX2",
    "idmap": []
  },
  {
    "user_input_genelist": "C8ORF34",
    "idmap": []
  },
  {
    "user_input_genelist": "NRP1",
    "idmap": [
      {
        "ensembl_id": "ENSG00000099250",
        "entrez_id": "8829",
        "hgnc_id": "HGNC:8004",
        "hgnc_name": "neuropilin 1",
        "hgnc_symbol": "NRP1",
        "hgnc_synonyms": [
          "VEGF165R",
          "CD304"
        ],
        "user_input_genelist": [
          "NRP1"
        ]
      }
    ]
  },
  {
    "user_input_genelist": "COX1",
    "idmap": []
  },
  {
    "user_input_genelist": "LOC100132891",
    "idmap": []
  },
  {
    "user_input_genelist": "ATP6",
    "idmap": []
  },
  {
    "user_input_genelist": "INPP4B",
    "idmap": []
  },
  {
    "user_input_genelist": "SGCZ",
    "idmap": []
  },
  {
    "user_input_genelist": "NREP",
    "idmap": []
  }
]