{
  "direct": {
    "hgnc_id": {
      "GO:0045202": [
        "HGNC:29647",
        "HGNC:9314",
        "HGNC:4454"
      ],
      "GO:0097060": [],
      "GO:0098793": [
        "HGNC:1426",
        "HGNC:2176",
        "HGNC:12337"
      ],
      "GO:0043083": [
        "HGNC:6484"
      ],
      "GO:0098794": [
        "HGNC:6192",
        "HGNC:20284",
        "HGNC:9611",
        "HGNC:8000",
        "HGNC:7997",
        "HGNC:22394"
      ],
      "GO:0099544": [],
      "GO:0099243": [],
      "GO:0099699": [
        "HGNC:4088",
        "HGNC:7657",
        "HGNC:21207"
      ],
      "GO:0099523": [],
      "GO:0099569": [],
      "GO:0048786": [],
      "GO:0098833": [],
      "GO:0098830": [],
      "GO:0008021": [],
      "GO:0098992": [],
      "GO:0042734": [
        "HGNC:29244",
        "HGNC:22394"
      ],
      "SYNGO:presyn_ribosome": [],
      "SYNGO:presyn_er": [],
      "GO:0098965": [
        "HGNC:11220",
        "HGNC:5318"
      ],
      "GO:0099524": [],
      "GO:0099571": [],
      "GO:0097444": [],
      "GO:0150051": [],
      "GO:0099572": [],
      "GO:0098843": [],
      "GO:0098845": [],
      "GO:0045211": [
        "HGNC:8000",
        "HGNC:29244"
      ],
      "SYNGO:postsyn_ribosome": [],
      "SYNGO:postsyn_er": [],
      "GO:0098966": [
        "HGNC:5318"
      ],
      "GO:0099182": [
        "HGNC:7734"
      ],
      "GO:0099143": [],
      "GO:0098831": [],
      "GO:0048787": [
        "HGNC:22394"
      ],
      "GO:0098835": [],
      "GO:0098954": [],
      "GO:0034592": [],
      "GO:0030672": [],
      "GO:0099013": [],
      "GO:0099012": [],
      "GO:0099026": [
        "HGNC:2176",
        "HGNC:6705"
      ],
      "GO:0098888": [],
      "GO:0099056": [
        "HGNC:1392",
        "HGNC:10585",
        "HGNC:3432",
        "HGNC:1759",
        "HGNC:3761"
      ],
      "SYNGO:presyn_er_membrane": [],
      "SYNGO:presyn_ser": [],
      "GO:0099160": [
        "HGNC:7734"
      ],
      "GO:0098871": [],
      "GO:0150050": [],
      "GO:0099189": [],
      "GO:0098897": [],
      "GO:0099091": [],
      "GO:0099634": [],
      "GO:0014069": [
        "HGNC:9059",
        "HGNC:30036",
        "HGNC:8659",
        "HGNC:11251"
      ],
      "GO:0099629": [],
      "GO:0098844": [],
      "GO:0098895": [],
      "GO:0098842": [],
      "GO:0098837": [],
      "GO:0099025": [
        "HGNC:6705"
      ],
      "GO:0098890": [],
      "GO:0099055": [
        "HGNC:1392",
        "HGNC:1759",
        "HGNC:4593",
        "HGNC:4575",
        "HGNC:3761"
      ],
      "SYNGO:postsyn_er_membrane": [],
      "SYNGO:postsyn_ser": [
        "HGNC:9059"
      ],
      "GO:0099029": [
        "HGNC:15460"
      ],
      "GO:0098891": [],
      "GO:0099059": [
        "HGNC:7997"
      ],
      "GO:0098894": [],
      "GO:0099067": [],
      "GO:0098993": [],
      "GO:0098850": [
        "HGNC:11496"
      ],
      "GO:0030285": [],
      "GO:0098674": [
        "HGNC:1426"
      ],
      "GO:0099066": [],
      "SYNGO:presyn_er_membrane_integral": [],
      "SYNGO:presyn_ser_membrane": [],
      "GO:0099065": [],
      "GO:0098892": [],
      "GO:0099060": [],
      "GO:0099092": [],
      "GO:0098839": [],
      "GO:0099164": [],
      "GO:0098999": [],
      "GO:0098896": [],
      "GO:0098944": [],
      "SYNGO:postsyn_er_membrane_integral": [],
      "SYNGO:postsyn_ser_membrane": [],
      "SYNGO:presyn_ser_membrane_integral": [],
      "GO:0099031": [],
      "GO:0099147": [],
      "GO:0099061": [
        "HGNC:4593",
        "HGNC:5996",
        "HGNC:2701",
        "HGNC:3432",
        "HGNC:4575",
        "HGNC:13823",
        "HGNC:29317",
        "HGNC:9678",
        "HGNC:7997",
        "HGNC:99"
      ],
      "GO:0098998": [],
      "GO:0099033": [],
      "GO:0099063": [],
      "SYNGO:postsyn_ser_membrane_integral": []
    },
    "hgnc_symbol": {
      "GO:0045202": [
        "MAGI3",
        "PPP3CA",
        "GPC6"
      ],
      "GO:0097060": [],
      "GO:0098793": [
        "CADPS",
        "CNTN6",
        "TRPC5"
      ],
      "GO:0043083": [
        "LAMA4"
      ],
      "GO:0098794": [
        "JAK2",
        "SIPA1L1",
        "PTK2",
        "NRGN",
        "NRG1",
        "KCTD8"
      ],
      "GO:0099544": [],
      "GO:0099243": [],
      "GO:0099699": [
        "GABRG3",
        "NCAM2",
        "LINGO2"
      ],
      "GO:0099523": [],
      "GO:0099569": [],
      "GO:0048786": [],
      "GO:0098833": [],
      "GO:0098830": [],
      "GO:0008021": [],
      "GO:0098992": [],
      "GO:0042734": [
        "KCTD16",
        "KCTD8"
      ],
      "SYNGO:presyn_ribosome": [],
      "SYNGO:presyn_er": [],
      "GO:0098965": [
        "SPARCL1",
        "TNC"
      ],
      "GO:0099524": [],
      "GO:0099571": [],
      "GO:0097444": [],
      "GO:0150051": [],
      "GO:0099572": [],
      "GO:0098843": [],
      "GO:0098845": [],
      "GO:0045211": [
        "NRGN",
        "KCTD16"
      ],
      "SYNGO:postsyn_ribosome": [],
      "SYNGO:postsyn_er": [],
      "GO:0098966": [
        "TNC"
      ],
      "GO:0099182": [
        "NEFM"
      ],
      "GO:0099143": [],
      "GO:0098831": [],
      "GO:0048787": [
        "KCTD8"
      ],
      "GO:0098835": [],
      "GO:0098954": [],
      "GO:0034592": [],
      "GO:0030672": [],
      "GO:0099013": [],
      "GO:0099012": [],
      "GO:0099026": [
        "CNTN6",
        "LSAMP"
      ],
      "GO:0098888": [],
      "GO:0099056": [
        "CACNA1E",
        "SCN1A",
        "ERBB4",
        "CDH2",
        "FLRT2"
      ],
      "SYNGO:presyn_er_membrane": [],
      "SYNGO:presyn_ser": [],
      "GO:0099160": [
        "NEFM"
      ],
      "GO:0098871": [],
      "GO:0150050": [],
      "GO:0099189": [],
      "GO:0098897": [],
      "GO:0099091": [],
      "GO:0099634": [],
      "GO:0014069": [
        "PLCB4",
        "PLEKHA5",
        "PCDH7",
        "SPOCK1"
      ],
      "GO:0099629": [],
      "GO:0098844": [],
      "GO:0098895": [],
      "GO:0098842": [],
      "GO:0098837": [],
      "GO:0099025": [
        "LSAMP"
      ],
      "GO:0098890": [],
      "GO:0099055": [
        "CACNA1E",
        "CDH2",
        "GRM1",
        "GRID1",
        "FLRT2"
      ],
      "SYNGO:postsyn_er_membrane": [],
      "SYNGO:postsyn_ser": [
        "PLCB4"
      ],
      "GO:0099029": [
        "CACNA2D3"
      ],
      "GO:0098891": [],
      "GO:0099059": [
        "NRG1"
      ],
      "GO:0098894": [],
      "GO:0099067": [],
      "GO:0098993": [],
      "GO:0098850": [
        "SYN3"
      ],
      "GO:0030285": [],
      "GO:0098674": [
        "CADPS"
      ],
      "GO:0099066": [],
      "SYNGO:presyn_er_membrane_integral": [],
      "SYNGO:presyn_ser_membrane": [],
      "GO:0099065": [],
      "GO:0098892": [],
      "GO:0099060": [],
      "GO:0099092": [],
      "GO:0098839": [],
      "GO:0099164": [],
      "GO:0098999": [],
      "GO:0098896": [],
      "GO:0098944": [],
      "SYNGO:postsyn_er_membrane_integral": [],
      "SYNGO:postsyn_ser_membrane": [],
      "SYNGO:presyn_ser_membrane_integral": [],
      "GO:0099031": [],
      "GO:0099147": [],
      "GO:0099061": [
        "GRM1",
        "IL1RAPL1",
        "DCC",
        "ERBB4",
        "GRID1",
        "NETO1",
        "LRRC4C",
        "PTPRO",
        "NRG1",
        "ASIC2"
      ],
      "GO:0098998": [],
      "GO:0099033": [],
      "GO:0099063": [],
      "SYNGO:postsyn_ser_membrane_integral": []
    },
    "ensembl_id": {
      "GO:0045202": [
        "ENSG00000081026",
        "ENSG00000138814",
        "ENSG00000183098"
      ],
      "GO:0097060": [],
      "GO:0098793": [
        "ENSG00000163618",
        "ENSG00000134115",
        "ENSG00000072315"
      ],
      "GO:0043083": [
        "ENSG00000112769"
      ],
      "GO:0098794": [
        "ENSG00000096968",
        "ENSG00000197555",
        "ENSG00000169398",
        "ENSG00000154146",
        "ENSG00000157168",
        "ENSG00000183783"
      ],
      "GO:0099544": [],
      "GO:0099243": [],
      "GO:0099699": [
        "ENSG00000182256",
        "ENSG00000154654",
        "ENSG00000174482"
      ],
      "GO:0099523": [],
      "GO:0099569": [],
      "GO:0048786": [],
      "GO:0098833": [],
      "GO:0098830": [],
      "GO:0008021": [],
      "GO:0098992": [],
      "GO:0042734": [
        "ENSG00000183775",
        "ENSG00000183783"
      ],
      "SYNGO:presyn_ribosome": [],
      "SYNGO:presyn_er": [],
      "GO:0098965": [
        "ENSG00000152583",
        "ENSG00000041982"
      ],
      "GO:0099524": [],
      "GO:0099571": [],
      "GO:0097444": [],
      "GO:0150051": [],
      "GO:0099572": [],
      "GO:0098843": [],
      "GO:0098845": [],
      "GO:0045211": [
        "ENSG00000154146",
        "ENSG00000183775"
      ],
      "SYNGO:postsyn_ribosome": [],
      "SYNGO:postsyn_er": [],
      "GO:0098966": [
        "ENSG00000041982"
      ],
      "GO:0099182": [
        "ENSG00000104722"
      ],
      "GO:0099143": [],
      "GO:0098831": [],
      "GO:0048787": [
        "ENSG00000183783"
      ],
      "GO:0098835": [],
      "GO:0098954": [],
      "GO:0034592": [],
      "GO:0030672": [],
      "GO:0099013": [],
      "GO:0099012": [],
      "GO:0099026": [
        "ENSG00000134115",
        "ENSG00000185565"
      ],
      "GO:0098888": [],
      "GO:0099056": [
        "ENSG00000198216",
        "ENSG00000144285",
        "ENSG00000178568",
        "ENSG00000170558",
        "ENSG00000185070"
      ],
      "SYNGO:presyn_er_membrane": [],
      "SYNGO:presyn_ser": [],
      "GO:0099160": [
        "ENSG00000104722"
      ],
      "GO:0098871": [],
      "GO:0150050": [],
      "GO:0099189": [],
      "GO:0098897": [],
      "GO:0099091": [],
      "GO:0099634": [],
      "GO:0014069": [
        "ENSG00000101333",
        "ENSG00000052126",
        "ENSG00000169851",
        "ENSG00000152377"
      ],
      "GO:0099629": [],
      "GO:0098844": [],
      "GO:0098895": [],
      "GO:0098842": [],
      "GO:0098837": [],
      "GO:0099025": [
        "ENSG00000185565"
      ],
      "GO:0098890": [],
      "GO:0099055": [
        "ENSG00000198216",
        "ENSG00000170558",
        "ENSG00000152822",
        "ENSG00000182771",
        "ENSG00000185070"
      ],
      "SYNGO:postsyn_er_membrane": [],
      "SYNGO:postsyn_ser": [
        "ENSG00000101333"
      ],
      "GO:0099029": [
        "ENSG00000157445"
      ],
      "GO:0098891": [],
      "GO:0099059": [
        "ENSG00000157168"
      ],
      "GO:0098894": [],
      "GO:0099067": [],
      "GO:0098993": [],
      "GO:0098850": [
        "ENSG00000185666"
      ],
      "GO:0030285": [],
      "GO:0098674": [
        "ENSG00000163618"
      ],
      "GO:0099066": [],
      "SYNGO:presyn_er_membrane_integral": [],
      "SYNGO:presyn_ser_membrane": [],
      "GO:0099065": [],
      "GO:0098892": [],
      "GO:0099060": [],
      "GO:0099092": [],
      "GO:0098839": [],
      "GO:0099164": [],
      "GO:0098999": [],
      "GO:0098896": [],
      "GO:0098944": [],
      "SYNGO:postsyn_er_membrane_integral": [],
      "SYNGO:postsyn_ser_membrane": [],
      "SYNGO:presyn_ser_membrane_integral": [],
      "GO:0099031": [],
      "GO:0099147": [],
      "GO:0099061": [
        "ENSG00000152822",
        "ENSG00000169306",
        "ENSG00000187323",
        "ENSG00000178568",
        "ENSG00000182771",
        "ENSG00000166342",
        "ENSG00000148948",
        "ENSG00000151490",
        "ENSG00000157168",
        "ENSG00000108684"
      ],
      "GO:0098998": [],
      "GO:0099033": [],
      "GO:0099063": [],
      "SYNGO:postsyn_ser_membrane_integral": []
    },
    "entrez_id": {
      "GO:0045202": [
        "260425",
        "5530",
        "10082"
      ],
      "GO:0097060": [],
      "GO:0098793": [
        "8618",
        "27255",
        "7224"
      ],
      "GO:0043083": [
        "3910"
      ],
      "GO:0098794": [
        "3717",
        "26037",
        "5747",
        "4900",
        "3084",
        "386617"
      ],
      "GO:0099544": [],
      "GO:0099243": [],
      "GO:0099699": [
        "2567",
        "4685",
        "158038"
      ],
      "GO:0099523": [],
      "GO:0099569": [],
      "GO:0048786": [],
      "GO:0098833": [],
      "GO:0098830": [],
      "GO:0008021": [],
      "GO:0098992": [],
      "GO:0042734": [
        "57528",
        "386617"
      ],
      "SYNGO:presyn_ribosome": [],
      "SYNGO:presyn_er": [],
      "GO:0098965": [
        "8404",
        "3371"
      ],
      "GO:0099524": [],
      "GO:0099571": [],
      "GO:0097444": [],
      "GO:0150051": [],
      "GO:0099572": [],
      "GO:0098843": [],
      "GO:0098845": [],
      "GO:0045211": [
        "4900",
        "57528"
      ],
      "SYNGO:postsyn_ribosome": [],
      "SYNGO:postsyn_er": [],
      "GO:0098966": [
        "3371"
      ],
      "GO:0099182": [
        "4741"
      ],
      "GO:0099143": [],
      "GO:0098831": [],
      "GO:0048787": [
        "386617"
      ],
      "GO:0098835": [],
      "GO:0098954": [],
      "GO:0034592": [],
      "GO:0030672": [],
      "GO:0099013": [],
      "GO:0099012": [],
      "GO:0099026": [
        "27255",
        "4045"
      ],
      "GO:0098888": [],
      "GO:0099056": [
        "777",
        "6323",
        "2066",
        "1000",
        "23768"
      ],
      "SYNGO:presyn_er_membrane": [],
      "SYNGO:presyn_ser": [],
      "GO:0099160": [
        "4741"
      ],
      "GO:0098871": [],
      "GO:0150050": [],
      "GO:0099189": [],
      "GO:0098897": [],
      "GO:0099091": [],
      "GO:0099634": [],
      "GO:0014069": [
        "5332",
        "54477",
        "5099",
        "6695"
      ],
      "GO:0099629": [],
      "GO:0098844": [],
      "GO:0098895": [],
      "GO:0098842": [],
      "GO:0098837": [],
      "GO:0099025": [
        "4045"
      ],
      "GO:0098890": [],
      "GO:0099055": [
        "777",
        "1000",
        "2911",
        "2894",
        "23768"
      ],
      "SYNGO:postsyn_er_membrane": [],
      "SYNGO:postsyn_ser": [
        "5332"
      ],
      "GO:0099029": [
        "55799"
      ],
      "GO:0098891": [],
      "GO:0099059": [
        "3084"
      ],
      "GO:0098894": [],
      "GO:0099067": [],
      "GO:0098993": [],
      "GO:0098850": [
        "8224"
      ],
      "GO:0030285": [],
      "GO:0098674": [
        "8618"
      ],
      "GO:0099066": [],
      "SYNGO:presyn_er_membrane_integral": [],
      "SYNGO:presyn_ser_membrane": [],
      "GO:0099065": [],
      "GO:0098892": [],
      "GO:0099060": [],
      "GO:0099092": [],
      "GO:0098839": [],
      "GO:0099164": [],
      "GO:0098999": [],
      "GO:0098896": [],
      "GO:0098944": [],
      "SYNGO:postsyn_er_membrane_integral": [],
      "SYNGO:postsyn_ser_membrane": [],
      "SYNGO:presyn_ser_membrane_integral": [],
      "GO:0099031": [],
      "GO:0099147": [],
      "GO:0099061": [
        "2911",
        "11141",
        "1630",
        "2066",
        "2894",
        "81832",
        "57689",
        "5800",
        "3084",
        "40"
      ],
      "GO:0098998": [],
      "GO:0099033": [],
      "GO:0099063": [],
      "SYNGO:postsyn_ser_membrane_integral": []
    }
  },
  "aggregate": {
    "hgnc_id": {
      "GO:0045202": [
        "HGNC:29647",
        "HGNC:9314",
        "HGNC:4454",
        "HGNC:4088",
        "HGNC:7657",
        "HGNC:21207",
        "HGNC:1426",
        "HGNC:2176",
        "HGNC:12337",
        "HGNC:7734",
        "HGNC:22394",
        "HGNC:15460",
        "HGNC:7997",
        "HGNC:11496",
        "HGNC:29244",
        "HGNC:6705",
        "HGNC:1392",
        "HGNC:10585",
        "HGNC:3432",
        "HGNC:1759",
        "HGNC:3761",
        "HGNC:6484",
        "HGNC:11220",
        "HGNC:5318",
        "HGNC:6192",
        "HGNC:20284",
        "HGNC:9611",
        "HGNC:8000",
        "HGNC:9059",
        "HGNC:30036",
        "HGNC:8659",
        "HGNC:11251",
        "HGNC:4593",
        "HGNC:5996",
        "HGNC:2701",
        "HGNC:4575",
        "HGNC:13823",
        "HGNC:29317",
        "HGNC:9678",
        "HGNC:99"
      ],
      "GO:0097060": [
        "HGNC:4088",
        "HGNC:7657",
        "HGNC:21207"
      ],
      "GO:0098793": [
        "HGNC:1426",
        "HGNC:2176",
        "HGNC:12337",
        "HGNC:7734",
        "HGNC:22394",
        "HGNC:15460",
        "HGNC:7997",
        "HGNC:11496",
        "HGNC:29244",
        "HGNC:6705",
        "HGNC:1392",
        "HGNC:10585",
        "HGNC:3432",
        "HGNC:1759",
        "HGNC:3761"
      ],
      "GO:0043083": [
        "HGNC:6484",
        "HGNC:11220",
        "HGNC:5318"
      ],
      "GO:0098794": [
        "HGNC:6192",
        "HGNC:20284",
        "HGNC:9611",
        "HGNC:8000",
        "HGNC:7997",
        "HGNC:22394",
        "HGNC:7734",
        "HGNC:9059",
        "HGNC:30036",
        "HGNC:8659",
        "HGNC:11251",
        "HGNC:4593",
        "HGNC:5996",
        "HGNC:2701",
        "HGNC:3432",
        "HGNC:4575",
        "HGNC:13823",
        "HGNC:29317",
        "HGNC:9678",
        "HGNC:99",
        "HGNC:29244",
        "HGNC:6705",
        "HGNC:1392",
        "HGNC:1759",
        "HGNC:3761"
      ],
      "GO:0099544": [
        "HGNC:5318"
      ],
      "GO:0099243": [],
      "GO:0099699": [
        "HGNC:4088",
        "HGNC:7657",
        "HGNC:21207"
      ],
      "GO:0099523": [],
      "GO:0099569": [
        "HGNC:7734"
      ],
      "GO:0048786": [
        "HGNC:22394",
        "HGNC:15460",
        "HGNC:7997"
      ],
      "GO:0098833": [],
      "GO:0098830": [],
      "GO:0008021": [
        "HGNC:11496"
      ],
      "GO:0098992": [
        "HGNC:1426"
      ],
      "GO:0042734": [
        "HGNC:29244",
        "HGNC:22394",
        "HGNC:2176",
        "HGNC:6705",
        "HGNC:1392",
        "HGNC:10585",
        "HGNC:3432",
        "HGNC:1759",
        "HGNC:3761"
      ],
      "SYNGO:presyn_ribosome": [],
      "SYNGO:presyn_er": [],
      "GO:0098965": [
        "HGNC:11220",
        "HGNC:5318"
      ],
      "GO:0099524": [],
      "GO:0099571": [
        "HGNC:7734"
      ],
      "GO:0097444": [],
      "GO:0150051": [],
      "GO:0099572": [
        "HGNC:9059",
        "HGNC:30036",
        "HGNC:8659",
        "HGNC:11251",
        "HGNC:4593",
        "HGNC:5996",
        "HGNC:2701",
        "HGNC:3432",
        "HGNC:4575",
        "HGNC:13823",
        "HGNC:29317",
        "HGNC:9678",
        "HGNC:7997",
        "HGNC:99"
      ],
      "GO:0098843": [],
      "GO:0098845": [],
      "GO:0045211": [
        "HGNC:8000",
        "HGNC:29244",
        "HGNC:6705",
        "HGNC:1392",
        "HGNC:1759",
        "HGNC:4593",
        "HGNC:4575",
        "HGNC:3761"
      ],
      "SYNGO:postsyn_ribosome": [],
      "SYNGO:postsyn_er": [
        "HGNC:9059"
      ],
      "GO:0098966": [
        "HGNC:5318"
      ],
      "GO:0099182": [
        "HGNC:7734"
      ],
      "GO:0099143": [],
      "GO:0098831": [],
      "GO:0048787": [
        "HGNC:22394",
        "HGNC:15460",
        "HGNC:7997"
      ],
      "GO:0098835": [],
      "GO:0098954": [],
      "GO:0034592": [],
      "GO:0030672": [
        "HGNC:11496"
      ],
      "GO:0099013": [],
      "GO:0099012": [
        "HGNC:1426"
      ],
      "GO:0099026": [
        "HGNC:2176",
        "HGNC:6705"
      ],
      "GO:0098888": [],
      "GO:0099056": [
        "HGNC:1392",
        "HGNC:10585",
        "HGNC:3432",
        "HGNC:1759",
        "HGNC:3761"
      ],
      "SYNGO:presyn_er_membrane": [],
      "SYNGO:presyn_ser": [],
      "GO:0099160": [
        "HGNC:7734"
      ],
      "GO:0098871": [],
      "GO:0150050": [],
      "GO:0099189": [],
      "GO:0098897": [],
      "GO:0099091": [],
      "GO:0099634": [],
      "GO:0014069": [
        "HGNC:9059",
        "HGNC:30036",
        "HGNC:8659",
        "HGNC:11251",
        "HGNC:4593",
        "HGNC:5996",
        "HGNC:2701",
        "HGNC:3432",
        "HGNC:4575",
        "HGNC:13823",
        "HGNC:29317",
        "HGNC:9678",
        "HGNC:7997",
        "HGNC:99"
      ],
      "GO:0099629": [],
      "GO:0098844": [],
      "GO:0098895": [],
      "GO:0098842": [],
      "GO:0098837": [],
      "GO:0099025": [
        "HGNC:6705"
      ],
      "GO:0098890": [],
      "GO:0099055": [
        "HGNC:1392",
        "HGNC:1759",
        "HGNC:4593",
        "HGNC:4575",
        "HGNC:3761"
      ],
      "SYNGO:postsyn_er_membrane": [],
      "SYNGO:postsyn_ser": [
        "HGNC:9059"
      ],
      "GO:0099029": [
        "HGNC:15460"
      ],
      "GO:0098891": [],
      "GO:0099059": [
        "HGNC:7997"
      ],
      "GO:0098894": [],
      "GO:0099067": [],
      "GO:0098993": [],
      "GO:0098850": [
        "HGNC:11496"
      ],
      "GO:0030285": [],
      "GO:0098674": [
        "HGNC:1426"
      ],
      "GO:0099066": [],
      "SYNGO:presyn_er_membrane_integral": [],
      "SYNGO:presyn_ser_membrane": [],
      "GO:0099065": [],
      "GO:0098892": [],
      "GO:0099060": [],
      "GO:0099092": [],
      "GO:0098839": [
        "HGNC:4593",
        "HGNC:5996",
        "HGNC:2701",
        "HGNC:3432",
        "HGNC:4575",
        "HGNC:13823",
        "HGNC:29317",
        "HGNC:9678",
        "HGNC:7997",
        "HGNC:99"
      ],
      "GO:0099164": [],
      "GO:0098999": [],
      "GO:0098896": [],
      "GO:0098944": [],
      "SYNGO:postsyn_er_membrane_integral": [],
      "SYNGO:postsyn_ser_membrane": [],
      "SYNGO:presyn_ser_membrane_integral": [],
      "GO:0099031": [],
      "GO:0099147": [],
      "GO:0099061": [
        "HGNC:4593",
        "HGNC:5996",
        "HGNC:2701",
        "HGNC:3432",
        "HGNC:4575",
        "HGNC:13823",
        "HGNC:29317",
        "HGNC:9678",
        "HGNC:7997",
        "HGNC:99"
      ],
      "GO:0098998": [],
      "GO:0099033": [],
      "GO:0099063": [],
      "SYNGO:postsyn_ser_membrane_integral": []
    },
    "hgnc_symbol": {
      "GO:0045202": [
        "MAGI3",
        "PPP3CA",
        "GPC6",
        "GABRG3",
        "NCAM2",
        "LINGO2",
        "CADPS",
        "CNTN6",
        "TRPC5",
        "NEFM",
        "KCTD8",
        "CACNA2D3",
        "NRG1",
        "SYN3",
        "KCTD16",
        "LSAMP",
        "CACNA1E",
        "SCN1A",
        "ERBB4",
        "CDH2",
        "FLRT2",
        "LAMA4",
        "SPARCL1",
        "TNC",
        "JAK2",
        "SIPA1L1",
        "PTK2",
        "NRGN",
        "PLCB4",
        "PLEKHA5",
        "PCDH7",
        "SPOCK1",
        "GRM1",
        "IL1RAPL1",
        "DCC",
        "GRID1",
        "NETO1",
        "LRRC4C",
        "PTPRO",
        "ASIC2"
      ],
      "GO:0097060": [
        "GABRG3",
        "NCAM2",
        "LINGO2"
      ],
      "GO:0098793": [
        "CADPS",
        "CNTN6",
        "TRPC5",
        "NEFM",
        "KCTD8",
        "CACNA2D3",
        "NRG1",
        "SYN3",
        "KCTD16",
        "LSAMP",
        "CACNA1E",
        "SCN1A",
        "ERBB4",
        "CDH2",
        "FLRT2"
      ],
      "GO:0043083": [
        "LAMA4",
        "SPARCL1",
        "TNC"
      ],
      "GO:0098794": [
        "JAK2",
        "SIPA1L1",
        "PTK2",
        "NRGN",
        "NRG1",
        "KCTD8",
        "NEFM",
        "PLCB4",
        "PLEKHA5",
        "PCDH7",
        "SPOCK1",
        "GRM1",
        "IL1RAPL1",
        "DCC",
        "ERBB4",
        "GRID1",
        "NETO1",
        "LRRC4C",
        "PTPRO",
        "ASIC2",
        "KCTD16",
        "LSAMP",
        "CACNA1E",
        "CDH2",
        "FLRT2"
      ],
      "GO:0099544": [
        "TNC"
      ],
      "GO:0099243": [],
      "GO:0099699": [
        "GABRG3",
        "NCAM2",
        "LINGO2"
      ],
      "GO:0099523": [],
      "GO:0099569": [
        "NEFM"
      ],
      "GO:0048786": [
        "KCTD8",
        "CACNA2D3",
        "NRG1"
      ],
      "GO:0098833": [],
      "GO:0098830": [],
      "GO:0008021": [
        "SYN3"
      ],
      "GO:0098992": [
        "CADPS"
      ],
      "GO:0042734": [
        "KCTD16",
        "KCTD8",
        "CNTN6",
        "LSAMP",
        "CACNA1E",
        "SCN1A",
        "ERBB4",
        "CDH2",
        "FLRT2"
      ],
      "SYNGO:presyn_ribosome": [],
      "SYNGO:presyn_er": [],
      "GO:0098965": [
        "SPARCL1",
        "TNC"
      ],
      "GO:0099524": [],
      "GO:0099571": [
        "NEFM"
      ],
      "GO:0097444": [],
      "GO:0150051": [],
      "GO:0099572": [
        "PLCB4",
        "PLEKHA5",
        "PCDH7",
        "SPOCK1",
        "GRM1",
        "IL1RAPL1",
        "DCC",
        "ERBB4",
        "GRID1",
        "NETO1",
        "LRRC4C",
        "PTPRO",
        "NRG1",
        "ASIC2"
      ],
      "GO:0098843": [],
      "GO:0098845": [],
      "GO:0045211": [
        "NRGN",
        "KCTD16",
        "LSAMP",
        "CACNA1E",
        "CDH2",
        "GRM1",
        "GRID1",
        "FLRT2"
      ],
      "SYNGO:postsyn_ribosome": [],
      "SYNGO:postsyn_er": [
        "PLCB4"
      ],
      "GO:0098966": [
        "TNC"
      ],
      "GO:0099182": [
        "NEFM"
      ],
      "GO:0099143": [],
      "GO:0098831": [],
      "GO:0048787": [
        "KCTD8",
        "CACNA2D3",
        "NRG1"
      ],
      "GO:0098835": [],
      "GO:0098954": [],
      "GO:0034592": [],
      "GO:0030672": [
        "SYN3"
      ],
      "GO:0099013": [],
      "GO:0099012": [
        "CADPS"
      ],
      "GO:0099026": [
        "CNTN6",
        "LSAMP"
      ],
      "GO:0098888": [],
      "GO:0099056": [
        "CACNA1E",
        "SCN1A",
        "ERBB4",
        "CDH2",
        "FLRT2"
      ],
      "SYNGO:presyn_er_membrane": [],
      "SYNGO:presyn_ser": [],
      "GO:0099160": [
        "NEFM"
      ],
      "GO:0098871": [],
      "GO:0150050": [],
      "GO:0099189": [],
      "GO:0098897": [],
      "GO:0099091": [],
      "GO:0099634": [],
      "GO:0014069": [
        "PLCB4",
        "PLEKHA5",
        "PCDH7",
        "SPOCK1",
        "GRM1",
        "IL1RAPL1",
        "DCC",
        "ERBB4",
        "GRID1",
        "NETO1",
        "LRRC4C",
        "PTPRO",
        "NRG1",
        "ASIC2"
      ],
      "GO:0099629": [],
      "GO:0098844": [],
      "GO:0098895": [],
      "GO:0098842": [],
      "GO:0098837": [],
      "GO:0099025": [
        "LSAMP"
      ],
      "GO:0098890": [],
      "GO:0099055": [
        "CACNA1E",
        "CDH2",
        "GRM1",
        "GRID1",
        "FLRT2"
      ],
      "SYNGO:postsyn_er_membrane": [],
      "SYNGO:postsyn_ser": [
        "PLCB4"
      ],
      "GO:0099029": [
        "CACNA2D3"
      ],
      "GO:0098891": [],
      "GO:0099059": [
        "NRG1"
      ],
      "GO:0098894": [],
      "GO:0099067": [],
      "GO:0098993": [],
      "GO:0098850": [
        "SYN3"
      ],
      "GO:0030285": [],
      "GO:0098674": [
        "CADPS"
      ],
      "GO:0099066": [],
      "SYNGO:presyn_er_membrane_integral": [],
      "SYNGO:presyn_ser_membrane": [],
      "GO:0099065": [],
      "GO:0098892": [],
      "GO:0099060": [],
      "GO:0099092": [],
      "GO:0098839": [
        "GRM1",
        "IL1RAPL1",
        "DCC",
        "ERBB4",
        "GRID1",
        "NETO1",
        "LRRC4C",
        "PTPRO",
        "NRG1",
        "ASIC2"
      ],
      "GO:0099164": [],
      "GO:0098999": [],
      "GO:0098896": [],
      "GO:0098944": [],
      "SYNGO:postsyn_er_membrane_integral": [],
      "SYNGO:postsyn_ser_membrane": [],
      "SYNGO:presyn_ser_membrane_integral": [],
      "GO:0099031": [],
      "GO:0099147": [],
      "GO:0099061": [
        "GRM1",
        "IL1RAPL1",
        "DCC",
        "ERBB4",
        "GRID1",
        "NETO1",
        "LRRC4C",
        "PTPRO",
        "NRG1",
        "ASIC2"
      ],
      "GO:0098998": [],
      "GO:0099033": [],
      "GO:0099063": [],
      "SYNGO:postsyn_ser_membrane_integral": []
    },
    "ensembl_id": {
      "GO:0045202": [
        "ENSG00000081026",
        "ENSG00000138814",
        "ENSG00000183098",
        "ENSG00000182256",
        "ENSG00000154654",
        "ENSG00000174482",
        "ENSG00000163618",
        "ENSG00000134115",
        "ENSG00000072315",
        "ENSG00000104722",
        "ENSG00000183783",
        "ENSG00000157445",
        "ENSG00000157168",
        "ENSG00000185666",
        "ENSG00000183775",
        "ENSG00000185565",
        "ENSG00000198216",
        "ENSG00000144285",
        "ENSG00000178568",
        "ENSG00000170558",
        "ENSG00000185070",
        "ENSG00000112769",
        "ENSG00000152583",
        "ENSG00000041982",
        "ENSG00000096968",
        "ENSG00000197555",
        "ENSG00000169398",
        "ENSG00000154146",
        "ENSG00000101333",
        "ENSG00000052126",
        "ENSG00000169851",
        "ENSG00000152377",
        "ENSG00000152822",
        "ENSG00000169306",
        "ENSG00000187323",
        "ENSG00000182771",
        "ENSG00000166342",
        "ENSG00000148948",
        "ENSG00000151490",
        "ENSG00000108684"
      ],
      "GO:0097060": [
        "ENSG00000182256",
        "ENSG00000154654",
        "ENSG00000174482"
      ],
      "GO:0098793": [
        "ENSG00000163618",
        "ENSG00000134115",
        "ENSG00000072315",
        "ENSG00000104722",
        "ENSG00000183783",
        "ENSG00000157445",
        "ENSG00000157168",
        "ENSG00000185666",
        "ENSG00000183775",
        "ENSG00000185565",
        "ENSG00000198216",
        "ENSG00000144285",
        "ENSG00000178568",
        "ENSG00000170558",
        "ENSG00000185070"
      ],
      "GO:0043083": [
        "ENSG00000112769",
        "ENSG00000152583",
        "ENSG00000041982"
      ],
      "GO:0098794": [
        "ENSG00000096968",
        "ENSG00000197555",
        "ENSG00000169398",
        "ENSG00000154146",
        "ENSG00000157168",
        "ENSG00000183783",
        "ENSG00000104722",
        "ENSG00000101333",
        "ENSG00000052126",
        "ENSG00000169851",
        "ENSG00000152377",
        "ENSG00000152822",
        "ENSG00000169306",
        "ENSG00000187323",
        "ENSG00000178568",
        "ENSG00000182771",
        "ENSG00000166342",
        "ENSG00000148948",
        "ENSG00000151490",
        "ENSG00000108684",
        "ENSG00000183775",
        "ENSG00000185565",
        "ENSG00000198216",
        "ENSG00000170558",
        "ENSG00000185070"
      ],
      "GO:0099544": [
        "ENSG00000041982"
      ],
      "GO:0099243": [],
      "GO:0099699": [
        "ENSG00000182256",
        "ENSG00000154654",
        "ENSG00000174482"
      ],
      "GO:0099523": [],
      "GO:0099569": [
        "ENSG00000104722"
      ],
      "GO:0048786": [
        "ENSG00000183783",
        "ENSG00000157445",
        "ENSG00000157168"
      ],
      "GO:0098833": [],
      "GO:0098830": [],
      "GO:0008021": [
        "ENSG00000185666"
      ],
      "GO:0098992": [
        "ENSG00000163618"
      ],
      "GO:0042734": [
        "ENSG00000183775",
        "ENSG00000183783",
        "ENSG00000134115",
        "ENSG00000185565",
        "ENSG00000198216",
        "ENSG00000144285",
        "ENSG00000178568",
        "ENSG00000170558",
        "ENSG00000185070"
      ],
      "SYNGO:presyn_ribosome": [],
      "SYNGO:presyn_er": [],
      "GO:0098965": [
        "ENSG00000152583",
        "ENSG00000041982"
      ],
      "GO:0099524": [],
      "GO:0099571": [
        "ENSG00000104722"
      ],
      "GO:0097444": [],
      "GO:0150051": [],
      "GO:0099572": [
        "ENSG00000101333",
        "ENSG00000052126",
        "ENSG00000169851",
        "ENSG00000152377",
        "ENSG00000152822",
        "ENSG00000169306",
        "ENSG00000187323",
        "ENSG00000178568",
        "ENSG00000182771",
        "ENSG00000166342",
        "ENSG00000148948",
        "ENSG00000151490",
        "ENSG00000157168",
        "ENSG00000108684"
      ],
      "GO:0098843": [],
      "GO:0098845": [],
      "GO:0045211": [
        "ENSG00000154146",
        "ENSG00000183775",
        "ENSG00000185565",
        "ENSG00000198216",
        "ENSG00000170558",
        "ENSG00000152822",
        "ENSG00000182771",
        "ENSG00000185070"
      ],
      "SYNGO:postsyn_ribosome": [],
      "SYNGO:postsyn_er": [
        "ENSG00000101333"
      ],
      "GO:0098966": [
        "ENSG00000041982"
      ],
      "GO:0099182": [
        "ENSG00000104722"
      ],
      "GO:0099143": [],
      "GO:0098831": [],
      "GO:0048787": [
        "ENSG00000183783",
        "ENSG00000157445",
        "ENSG00000157168"
      ],
      "GO:0098835": [],
      "GO:0098954": [],
      "GO:0034592": [],
      "GO:0030672": [
        "ENSG00000185666"
      ],
      "GO:0099013": [],
      "GO:0099012": [
        "ENSG00000163618"
      ],
      "GO:0099026": [
        "ENSG00000134115",
        "ENSG00000185565"
      ],
      "GO:0098888": [],
      "GO:0099056": [
        "ENSG00000198216",
        "ENSG00000144285",
        "ENSG00000178568",
        "ENSG00000170558",
        "ENSG00000185070"
      ],
      "SYNGO:presyn_er_membrane": [],
      "SYNGO:presyn_ser": [],
      "GO:0099160": [
        "ENSG00000104722"
      ],
      "GO:0098871": [],
      "GO:0150050": [],
      "GO:0099189": [],
      "GO:0098897": [],
      "GO:0099091": [],
      "GO:0099634": [],
      "GO:0014069": [
        "ENSG00000101333",
        "ENSG00000052126",
        "ENSG00000169851",
        "ENSG00000152377",
        "ENSG00000152822",
        "ENSG00000169306",
        "ENSG00000187323",
        "ENSG00000178568",
        "ENSG00000182771",
        "ENSG00000166342",
        "ENSG00000148948",
        "ENSG00000151490",
        "ENSG00000157168",
        "ENSG00000108684"
      ],
      "GO:0099629": [],
      "GO:0098844": [],
      "GO:0098895": [],
      "GO:0098842": [],
      "GO:0098837": [],
      "GO:0099025": [
        "ENSG00000185565"
      ],
      "GO:0098890": [],
      "GO:0099055": [
        "ENSG00000198216",
        "ENSG00000170558",
        "ENSG00000152822",
        "ENSG00000182771",
        "ENSG00000185070"
      ],
      "SYNGO:postsyn_er_membrane": [],
      "SYNGO:postsyn_ser": [
        "ENSG00000101333"
      ],
      "GO:0099029": [
        "ENSG00000157445"
      ],
      "GO:0098891": [],
      "GO:0099059": [
        "ENSG00000157168"
      ],
      "GO:0098894": [],
      "GO:0099067": [],
      "GO:0098993": [],
      "GO:0098850": [
        "ENSG00000185666"
      ],
      "GO:0030285": [],
      "GO:0098674": [
        "ENSG00000163618"
      ],
      "GO:0099066": [],
      "SYNGO:presyn_er_membrane_integral": [],
      "SYNGO:presyn_ser_membrane": [],
      "GO:0099065": [],
      "GO:0098892": [],
      "GO:0099060": [],
      "GO:0099092": [],
      "GO:0098839": [
        "ENSG00000152822",
        "ENSG00000169306",
        "ENSG00000187323",
        "ENSG00000178568",
        "ENSG00000182771",
        "ENSG00000166342",
        "ENSG00000148948",
        "ENSG00000151490",
        "ENSG00000157168",
        "ENSG00000108684"
      ],
      "GO:0099164": [],
      "GO:0098999": [],
      "GO:0098896": [],
      "GO:0098944": [],
      "SYNGO:postsyn_er_membrane_integral": [],
      "SYNGO:postsyn_ser_membrane": [],
      "SYNGO:presyn_ser_membrane_integral": [],
      "GO:0099031": [],
      "GO:0099147": [],
      "GO:0099061": [
        "ENSG00000152822",
        "ENSG00000169306",
        "ENSG00000187323",
        "ENSG00000178568",
        "ENSG00000182771",
        "ENSG00000166342",
        "ENSG00000148948",
        "ENSG00000151490",
        "ENSG00000157168",
        "ENSG00000108684"
      ],
      "GO:0098998": [],
      "GO:0099033": [],
      "GO:0099063": [],
      "SYNGO:postsyn_ser_membrane_integral": []
    },
    "entrez_id": {
      "GO:0045202": [
        "260425",
        "5530",
        "10082",
        "2567",
        "4685",
        "158038",
        "8618",
        "27255",
        "7224",
        "4741",
        "386617",
        "55799",
        "3084",
        "8224",
        "57528",
        "4045",
        "777",
        "6323",
        "2066",
        "1000",
        "23768",
        "3910",
        "8404",
        "3371",
        "3717",
        "26037",
        "5747",
        "4900",
        "5332",
        "54477",
        "5099",
        "6695",
        "2911",
        "11141",
        "1630",
        "2894",
        "81832",
        "57689",
        "5800",
        "40"
      ],
      "GO:0097060": [
        "2567",
        "4685",
        "158038"
      ],
      "GO:0098793": [
        "8618",
        "27255",
        "7224",
        "4741",
        "386617",
        "55799",
        "3084",
        "8224",
        "57528",
        "4045",
        "777",
        "6323",
        "2066",
        "1000",
        "23768"
      ],
      "GO:0043083": [
        "3910",
        "8404",
        "3371"
      ],
      "GO:0098794": [
        "3717",
        "26037",
        "5747",
        "4900",
        "3084",
        "386617",
        "4741",
        "5332",
        "54477",
        "5099",
        "6695",
        "2911",
        "11141",
        "1630",
        "2066",
        "2894",
        "81832",
        "57689",
        "5800",
        "40",
        "57528",
        "4045",
        "777",
        "1000",
        "23768"
      ],
      "GO:0099544": [
        "3371"
      ],
      "GO:0099243": [],
      "GO:0099699": [
        "2567",
        "4685",
        "158038"
      ],
      "GO:0099523": [],
      "GO:0099569": [
        "4741"
      ],
      "GO:0048786": [
        "386617",
        "55799",
        "3084"
      ],
      "GO:0098833": [],
      "GO:0098830": [],
      "GO:0008021": [
        "8224"
      ],
      "GO:0098992": [
        "8618"
      ],
      "GO:0042734": [
        "57528",
        "386617",
        "27255",
        "4045",
        "777",
        "6323",
        "2066",
        "1000",
        "23768"
      ],
      "SYNGO:presyn_ribosome": [],
      "SYNGO:presyn_er": [],
      "GO:0098965": [
        "8404",
        "3371"
      ],
      "GO:0099524": [],
      "GO:0099571": [
        "4741"
      ],
      "GO:0097444": [],
      "GO:0150051": [],
      "GO:0099572": [
        "5332",
        "54477",
        "5099",
        "6695",
        "2911",
        "11141",
        "1630",
        "2066",
        "2894",
        "81832",
        "57689",
        "5800",
        "3084",
        "40"
      ],
      "GO:0098843": [],
      "GO:0098845": [],
      "GO:0045211": [
        "4900",
        "57528",
        "4045",
        "777",
        "1000",
        "2911",
        "2894",
        "23768"
      ],
      "SYNGO:postsyn_ribosome": [],
      "SYNGO:postsyn_er": [
        "5332"
      ],
      "GO:0098966": [
        "3371"
      ],
      "GO:0099182": [
        "4741"
      ],
      "GO:0099143": [],
      "GO:0098831": [],
      "GO:0048787": [
        "386617",
        "55799",
        "3084"
      ],
      "GO:0098835": [],
      "GO:0098954": [],
      "GO:0034592": [],
      "GO:0030672": [
        "8224"
      ],
      "GO:0099013": [],
      "GO:0099012": [
        "8618"
      ],
      "GO:0099026": [
        "27255",
        "4045"
      ],
      "GO:0098888": [],
      "GO:0099056": [
        "777",
        "6323",
        "2066",
        "1000",
        "23768"
      ],
      "SYNGO:presyn_er_membrane": [],
      "SYNGO:presyn_ser": [],
      "GO:0099160": [
        "4741"
      ],
      "GO:0098871": [],
      "GO:0150050": [],
      "GO:0099189": [],
      "GO:0098897": [],
      "GO:0099091": [],
      "GO:0099634": [],
      "GO:0014069": [
        "5332",
        "54477",
        "5099",
        "6695",
        "2911",
        "11141",
        "1630",
        "2066",
        "2894",
        "81832",
        "57689",
        "5800",
        "3084",
        "40"
      ],
      "GO:0099629": [],
      "GO:0098844": [],
      "GO:0098895": [],
      "GO:0098842": [],
      "GO:0098837": [],
      "GO:0099025": [
        "4045"
      ],
      "GO:0098890": [],
      "GO:0099055": [
        "777",
        "1000",
        "2911",
        "2894",
        "23768"
      ],
      "SYNGO:postsyn_er_membrane": [],
      "SYNGO:postsyn_ser": [
        "5332"
      ],
      "GO:0099029": [
        "55799"
      ],
      "GO:0098891": [],
      "GO:0099059": [
        "3084"
      ],
      "GO:0098894": [],
      "GO:0099067": [],
      "GO:0098993": [],
      "GO:0098850": [
        "8224"
      ],
      "GO:0030285": [],
      "GO:0098674": [
        "8618"
      ],
      "GO:0099066": [],
      "SYNGO:presyn_er_membrane_integral": [],
      "SYNGO:presyn_ser_membrane": [],
      "GO:0099065": [],
      "GO:0098892": [],
      "GO:0099060": [],
      "GO:0099092": [],
      "GO:0098839": [
        "2911",
        "11141",
        "1630",
        "2066",
        "2894",
        "81832",
        "57689",
        "5800",
        "3084",
        "40"
      ],
      "GO:0099164": [],
      "GO:0098999": [],
      "GO:0098896": [],
      "GO:0098944": [],
      "SYNGO:postsyn_er_membrane_integral": [],
      "SYNGO:postsyn_ser_membrane": [],
      "SYNGO:presyn_ser_membrane_integral": [],
      "GO:0099031": [],
      "GO:0099147": [],
      "GO:0099061": [
        "2911",
        "11141",
        "1630",
        "2066",
        "2894",
        "81832",
        "57689",
        "5800",
        "3084",
        "40"
      ],
      "GO:0098998": [],
      "GO:0099033": [],
      "GO:0099063": [],
      "SYNGO:postsyn_ser_membrane_integral": []
    }
  }
}