{
  "direct": {
    "hgnc_id": {
      "SYNGO:synprocess": [],
      "SYNGO:presynprocess": [],
      "SYNGO:postsynprocess": [],
      "GO:0099536": [],
      "GO:0050808": [],
      "SYNGO:metabolism": [],
      "SYNGO:transport": [],
      "GO:0099509": [],
      "GO:0099505": [],
      "GO:0140238": [],
      "GO:0099504": [
        "HGNC:11496"
      ],
      "GO:0099525": [
        "HGNC:1426"
      ],
      "GO:0001504": [],
      "GO:0098810": [],
      "SYNGO:presyn_chaperoneProteinFolding": [],
      "GO:0098928": [],
      "GO:0099566": [],
      "GO:0060078": [],
      "GO:0098962": [
        "HGNC:13823"
      ],
      "GO:0099072": [
        "HGNC:4575"
      ],
      "GO:0140239": [],
      "GO:0150038": [],
      "GO:0098926": [],
      "GO:0099537": [],
      "GO:0099538": [],
      "GO:0099163": [],
      "GO:0099172": [],
      "GO:0099173": [],
      "GO:0099563": [],
      "GO:0050807": [
        "HGNC:10723",
        "HGNC:11220",
        "HGNC:9678"
      ],
      "GO:0098918": [],
      "GO:0150043": [],
      "GO:0099560": [
        "HGNC:11220",
        "HGNC:29317",
        "HGNC:7997",
        "HGNC:29945"
      ],
      "GO:0008039": [
        "HGNC:10723"
      ],
      "GO:0007416": [
        "HGNC:3432"
      ],
      "GO:0098883": [],
      "GO:0060074": [],
      "GO:0099558": [
        "HGNC:10723",
        "HGNC:9102"
      ],
      "GO:0099187": [],
      "GO:0099188": [],
      "SYNGO:presyn_ATPmetabolic": [],
      "SYNGO:postsyn_ATPmetabolic": [],
      "GO:0099546": [],
      "GO:0099574": [],
      "GO:0099547": [],
      "GO:0042135": [],
      "GO:0140246": [],
      "GO:0042136": [],
      "GO:0140241": [],
      "GO:0140235": [],
      "GO:0008088": [],
      "GO:0099514": [],
      "GO:0099090": [],
      "GO:0099089": [],
      "GO:0099637": [],
      "GO:1905056": [],
      "GO:0099534": [],
      "GO:0099626": [
        "HGNC:1392"
      ],
      "GO:0099507": [],
      "GO:0099508": [
        "HGNC:10585"
      ],
      "GO:0150047": [
        "HGNC:22394",
        "HGNC:29244"
      ],
      "GO:0140232": [],
      "GO:0098693": [],
      "GO:0097091": [
        "HGNC:11496"
      ],
      "GO:0099532": [],
      "GO:0016079": [],
      "GO:0098700": [],
      "GO:0099180": [],
      "GO:0097401": [],
      "GO:0048488": [],
      "GO:0099161": [],
      "GO:0051580": [],
      "GO:0099526": [],
      "GO:1905059": [],
      "GO:0099567": [],
      "GO:1905060": [],
      "GO:0098695": [],
      "GO:0099583": [],
      "GO:0140233": [],
      "GO:1904315": [
        "HGNC:4088"
      ],
      "GO:1905030": [],
      "GO:0099645": [
        "HGNC:3432",
        "HGNC:13823"
      ],
      "GO:0098967": [],
      "GO:0098970": [],
      "GO:0098884": [],
      "GO:0150044": [],
      "GO:0099527": [
        "HGNC:7997"
      ],
      "GO:0099541": [],
      "GO:0099540": [],
      "GO:0099543": [],
      "GO:0099545": [
        "HGNC:5996"
      ],
      "GO:0099157": [],
      "GO:0099183": [],
      "GO:0099550": [],
      "GO:0007268": [],
      "GO:0150045": [],
      "GO:0099174": [
        "HGNC:15460"
      ],
      "GO:0099175": [
        "HGNC:5996",
        "HGNC:4575"
      ],
      "GO:0099084": [],
      "GO:0099010": [],
      "GO:0099564": [],
      "GO:1905244": [],
      "GO:0099181": [],
      "GO:0099186": [],
      "GO:0099179": [],
      "GO:0099054": [],
      "GO:0051963": [],
      "GO:0098698": [],
      "GO:0097104": [],
      "GO:1905806": [],
      "GO:0090128": [],
      "GO:0099559": [
        "HGNC:29945"
      ],
      "GO:0098880": [],
      "GO:0099140": [],
      "GO:0098974": [
        "HGNC:20284"
      ],
      "GO:0099190": [
        "HGNC:29945"
      ],
      "SYNGO:presyn_regulationATPmetabolic": [],
      "GO:0099576": [],
      "GO:0099575": [],
      "GO:0099578": [],
      "GO:0099577": [],
      "GO:0140247": [],
      "GO:0140249": [],
      "GO:0140236": [],
      "GO:0140242": [],
      "GO:0098930": [],
      "GO:0098935": [],
      "GO:0099517": [],
      "GO:0099158": [],
      "GO:0098968": [],
      "GO:0098877": [],
      "GO:0098943": [],
      "GO:0016182": [],
      "GO:0016189": [],
      "GO:0099502": [],
      "GO:2000300": [
        "HGNC:1392"
      ],
      "GO:0016081": [],
      "GO:0031629": [],
      "GO:0016082": [
        "HGNC:1426"
      ],
      "GO:0099162": [],
      "GO:1901546": [],
      "GO:1900242": [],
      "GO:0016185": [],
      "GO:0016191": [],
      "GO:0098872": [
        "HGNC:4593"
      ],
      "GO:0099579": [
        "HGNC:29244"
      ],
      "GO:0098696": [
        "HGNC:4454"
      ],
      "GO:0099145": [],
      "GO:0150054": [],
      "GO:0099149": [
        "HGNC:7997"
      ],
      "GO:1905539": [
        "HGNC:6192"
      ],
      "GO:0099542": [],
      "GO:0099548": [],
      "GO:0098942": [],
      "GO:0099557": [],
      "GO:0150035": [],
      "GO:0050804": [
        "HGNC:9059",
        "HGNC:6192",
        "HGNC:1759",
        "HGNC:29317"
      ],
      "GO:0099531": [],
      "GO:0099565": [],
      "GO:0099159": [],
      "GO:0098885": [],
      "GO:0098987": [],
      "GO:0098882": [],
      "GO:0098699": [],
      "GO:0098973": [],
      "GO:0099184": [],
      "GO:0098879": [],
      "GO:0098919": [],
      "GO:1905606": [
        "HGNC:5996",
        "HGNC:7997"
      ],
      "GO:0150052": [
        "HGNC:3761",
        "HGNC:8659",
        "HGNC:99"
      ],
      "GO:0099150": [],
      "GO:0097107": [],
      "GO:0099562": [],
      "GO:0140251": [],
      "GO:0140252": [],
      "GO:0140245": [],
      "GO:0008089": [],
      "GO:0099088": [],
      "GO:0098937": [],
      "GO:0098939": [],
      "GO:0098961": [],
      "GO:0098934": [],
      "GO:0048490": [],
      "GO:0098969": [],
      "GO:0099639": [],
      "GO:0150037": [],
      "GO:0099148": [],
      "GO:0031630": [],
      "GO:0010807": [],
      "GO:0098694": [],
      "GO:0098921": [],
      "GO:0099553": [],
      "GO:0099555": [],
      "GO:0099171": [],
      "GO:0099170": [
        "HGNC:9314",
        "HGNC:2701",
        "HGNC:8000"
      ],
      "GO:1905274": [
        "HGNC:9611"
      ],
      "GO:0099151": [
        "HGNC:20284"
      ],
      "GO:0099641": [],
      "GO:0140231": [
        "HGNC:13823"
      ],
      "GO:0098971": [],
      "GO:0098963": [],
      "GO:1903742": [],
      "GO:0098887": [],
      "GO:0099178": [],
      "GO:0150036": [],
      "GO:0098925": [],
      "GO:0098964": [],
      "GO:0099152": []
    },
    "hgnc_symbol": {
      "SYNGO:synprocess": [],
      "SYNGO:presynprocess": [],
      "SYNGO:postsynprocess": [],
      "GO:0099536": [],
      "GO:0050808": [],
      "SYNGO:metabolism": [],
      "SYNGO:transport": [],
      "GO:0099509": [],
      "GO:0099505": [],
      "GO:0140238": [],
      "GO:0099504": [
        "SYN3"
      ],
      "GO:0099525": [
        "CADPS"
      ],
      "GO:0001504": [],
      "GO:0098810": [],
      "SYNGO:presyn_chaperoneProteinFolding": [],
      "GO:0098928": [],
      "GO:0099566": [],
      "GO:0060078": [],
      "GO:0098962": [
        "NETO1"
      ],
      "GO:0099072": [
        "GRID1"
      ],
      "GO:0140239": [],
      "GO:0150038": [],
      "GO:0098926": [],
      "GO:0099537": [],
      "GO:0099538": [],
      "GO:0099163": [],
      "GO:0099172": [],
      "GO:0099173": [],
      "GO:0099563": [],
      "GO:0050807": [
        "SEMA3A",
        "SPARCL1",
        "PTPRO"
      ],
      "GO:0098918": [],
      "GO:0150043": [],
      "GO:0099560": [
        "SPARCL1",
        "LRRC4C",
        "NRG1",
        "TENM4"
      ],
      "GO:0008039": [
        "SEMA3A"
      ],
      "GO:0007416": [
        "ERBB4"
      ],
      "GO:0098883": [],
      "GO:0060074": [],
      "GO:0099558": [
        "SEMA3A",
        "PLXNA4"
      ],
      "GO:0099187": [],
      "GO:0099188": [],
      "SYNGO:presyn_ATPmetabolic": [],
      "SYNGO:postsyn_ATPmetabolic": [],
      "GO:0099546": [],
      "GO:0099574": [],
      "GO:0099547": [],
      "GO:0042135": [],
      "GO:0140246": [],
      "GO:0042136": [],
      "GO:0140241": [],
      "GO:0140235": [],
      "GO:0008088": [],
      "GO:0099514": [],
      "GO:0099090": [],
      "GO:0099089": [],
      "GO:0099637": [],
      "GO:1905056": [],
      "GO:0099534": [],
      "GO:0099626": [
        "CACNA1E"
      ],
      "GO:0099507": [],
      "GO:0099508": [
        "SCN1A"
      ],
      "GO:0150047": [
        "KCTD8",
        "KCTD16"
      ],
      "GO:0140232": [],
      "GO:0098693": [],
      "GO:0097091": [
        "SYN3"
      ],
      "GO:0099532": [],
      "GO:0016079": [],
      "GO:0098700": [],
      "GO:0099180": [],
      "GO:0097401": [],
      "GO:0048488": [],
      "GO:0099161": [],
      "GO:0051580": [],
      "GO:0099526": [],
      "GO:1905059": [],
      "GO:0099567": [],
      "GO:1905060": [],
      "GO:0098695": [],
      "GO:0099583": [],
      "GO:0140233": [],
      "GO:1904315": [
        "GABRG3"
      ],
      "GO:1905030": [],
      "GO:0099645": [
        "ERBB4",
        "NETO1"
      ],
      "GO:0098967": [],
      "GO:0098970": [],
      "GO:0098884": [],
      "GO:0150044": [],
      "GO:0099527": [
        "NRG1"
      ],
      "GO:0099541": [],
      "GO:0099540": [],
      "GO:0099543": [],
      "GO:0099545": [
        "IL1RAPL1"
      ],
      "GO:0099157": [],
      "GO:0099183": [],
      "GO:0099550": [],
      "GO:0007268": [],
      "GO:0150045": [],
      "GO:0099174": [
        "CACNA2D3"
      ],
      "GO:0099175": [
        "IL1RAPL1",
        "GRID1"
      ],
      "GO:0099084": [],
      "GO:0099010": [],
      "GO:0099564": [],
      "GO:1905244": [],
      "GO:0099181": [],
      "GO:0099186": [],
      "GO:0099179": [],
      "GO:0099054": [],
      "GO:0051963": [],
      "GO:0098698": [],
      "GO:0097104": [],
      "GO:1905806": [],
      "GO:0090128": [],
      "GO:0099559": [
        "TENM4"
      ],
      "GO:0098880": [],
      "GO:0099140": [],
      "GO:0098974": [
        "SIPA1L1"
      ],
      "GO:0099190": [
        "TENM4"
      ],
      "SYNGO:presyn_regulationATPmetabolic": [],
      "GO:0099576": [],
      "GO:0099575": [],
      "GO:0099578": [],
      "GO:0099577": [],
      "GO:0140247": [],
      "GO:0140249": [],
      "GO:0140236": [],
      "GO:0140242": [],
      "GO:0098930": [],
      "GO:0098935": [],
      "GO:0099517": [],
      "GO:0099158": [],
      "GO:0098968": [],
      "GO:0098877": [],
      "GO:0098943": [],
      "GO:0016182": [],
      "GO:0016189": [],
      "GO:0099502": [],
      "GO:2000300": [
        "CACNA1E"
      ],
      "GO:0016081": [],
      "GO:0031629": [],
      "GO:0016082": [
        "CADPS"
      ],
      "GO:0099162": [],
      "GO:1901546": [],
      "GO:1900242": [],
      "GO:0016185": [],
      "GO:0016191": [],
      "GO:0098872": [
        "GRM1"
      ],
      "GO:0099579": [
        "KCTD16"
      ],
      "GO:0098696": [
        "GPC6"
      ],
      "GO:0099145": [],
      "GO:0150054": [],
      "GO:0099149": [
        "NRG1"
      ],
      "GO:1905539": [
        "JAK2"
      ],
      "GO:0099542": [],
      "GO:0099548": [],
      "GO:0098942": [],
      "GO:0099557": [],
      "GO:0150035": [],
      "GO:0050804": [
        "PLCB4",
        "JAK2",
        "CDH2",
        "LRRC4C"
      ],
      "GO:0099531": [],
      "GO:0099565": [],
      "GO:0099159": [],
      "GO:0098885": [],
      "GO:0098987": [],
      "GO:0098882": [],
      "GO:0098699": [],
      "GO:0098973": [],
      "GO:0099184": [],
      "GO:0098879": [],
      "GO:0098919": [],
      "GO:1905606": [
        "IL1RAPL1",
        "NRG1"
      ],
      "GO:0150052": [
        "FLRT2",
        "PCDH7",
        "ASIC2"
      ],
      "GO:0099150": [],
      "GO:0097107": [],
      "GO:0099562": [],
      "GO:0140251": [],
      "GO:0140252": [],
      "GO:0140245": [],
      "GO:0008089": [],
      "GO:0099088": [],
      "GO:0098937": [],
      "GO:0098939": [],
      "GO:0098961": [],
      "GO:0098934": [],
      "GO:0048490": [],
      "GO:0098969": [],
      "GO:0099639": [],
      "GO:0150037": [],
      "GO:0099148": [],
      "GO:0031630": [],
      "GO:0010807": [],
      "GO:0098694": [],
      "GO:0098921": [],
      "GO:0099553": [],
      "GO:0099555": [],
      "GO:0099171": [],
      "GO:0099170": [
        "PPP3CA",
        "DCC",
        "NRGN"
      ],
      "GO:1905274": [
        "PTK2"
      ],
      "GO:0099151": [
        "SIPA1L1"
      ],
      "GO:0099641": [],
      "GO:0140231": [
        "NETO1"
      ],
      "GO:0098971": [],
      "GO:0098963": [],
      "GO:1903742": [],
      "GO:0098887": [],
      "GO:0099178": [],
      "GO:0150036": [],
      "GO:0098925": [],
      "GO:0098964": [],
      "GO:0099152": []
    },
    "ensembl_id": {
      "SYNGO:synprocess": [],
      "SYNGO:presynprocess": [],
      "SYNGO:postsynprocess": [],
      "GO:0099536": [],
      "GO:0050808": [],
      "SYNGO:metabolism": [],
      "SYNGO:transport": [],
      "GO:0099509": [],
      "GO:0099505": [],
      "GO:0140238": [],
      "GO:0099504": [
        "ENSG00000185666"
      ],
      "GO:0099525": [
        "ENSG00000163618"
      ],
      "GO:0001504": [],
      "GO:0098810": [],
      "SYNGO:presyn_chaperoneProteinFolding": [],
      "GO:0098928": [],
      "GO:0099566": [],
      "GO:0060078": [],
      "GO:0098962": [
        "ENSG00000166342"
      ],
      "GO:0099072": [
        "ENSG00000182771"
      ],
      "GO:0140239": [],
      "GO:0150038": [],
      "GO:0098926": [],
      "GO:0099537": [],
      "GO:0099538": [],
      "GO:0099163": [],
      "GO:0099172": [],
      "GO:0099173": [],
      "GO:0099563": [],
      "GO:0050807": [
        "ENSG00000075213",
        "ENSG00000152583",
        "ENSG00000151490"
      ],
      "GO:0098918": [],
      "GO:0150043": [],
      "GO:0099560": [
        "ENSG00000152583",
        "ENSG00000148948",
        "ENSG00000157168",
        "ENSG00000149256"
      ],
      "GO:0008039": [
        "ENSG00000075213"
      ],
      "GO:0007416": [
        "ENSG00000178568"
      ],
      "GO:0098883": [],
      "GO:0060074": [],
      "GO:0099558": [
        "ENSG00000075213",
        "ENSG00000221866"
      ],
      "GO:0099187": [],
      "GO:0099188": [],
      "SYNGO:presyn_ATPmetabolic": [],
      "SYNGO:postsyn_ATPmetabolic": [],
      "GO:0099546": [],
      "GO:0099574": [],
      "GO:0099547": [],
      "GO:0042135": [],
      "GO:0140246": [],
      "GO:0042136": [],
      "GO:0140241": [],
      "GO:0140235": [],
      "GO:0008088": [],
      "GO:0099514": [],
      "GO:0099090": [],
      "GO:0099089": [],
      "GO:0099637": [],
      "GO:1905056": [],
      "GO:0099534": [],
      "GO:0099626": [
        "ENSG00000198216"
      ],
      "GO:0099507": [],
      "GO:0099508": [
        "ENSG00000144285"
      ],
      "GO:0150047": [
        "ENSG00000183783",
        "ENSG00000183775"
      ],
      "GO:0140232": [],
      "GO:0098693": [],
      "GO:0097091": [
        "ENSG00000185666"
      ],
      "GO:0099532": [],
      "GO:0016079": [],
      "GO:0098700": [],
      "GO:0099180": [],
      "GO:0097401": [],
      "GO:0048488": [],
      "GO:0099161": [],
      "GO:0051580": [],
      "GO:0099526": [],
      "GO:1905059": [],
      "GO:0099567": [],
      "GO:1905060": [],
      "GO:0098695": [],
      "GO:0099583": [],
      "GO:0140233": [],
      "GO:1904315": [
        "ENSG00000182256"
      ],
      "GO:1905030": [],
      "GO:0099645": [
        "ENSG00000178568",
        "ENSG00000166342"
      ],
      "GO:0098967": [],
      "GO:0098970": [],
      "GO:0098884": [],
      "GO:0150044": [],
      "GO:0099527": [
        "ENSG00000157168"
      ],
      "GO:0099541": [],
      "GO:0099540": [],
      "GO:0099543": [],
      "GO:0099545": [
        "ENSG00000169306"
      ],
      "GO:0099157": [],
      "GO:0099183": [],
      "GO:0099550": [],
      "GO:0007268": [],
      "GO:0150045": [],
      "GO:0099174": [
        "ENSG00000157445"
      ],
      "GO:0099175": [
        "ENSG00000169306",
        "ENSG00000182771"
      ],
      "GO:0099084": [],
      "GO:0099010": [],
      "GO:0099564": [],
      "GO:1905244": [],
      "GO:0099181": [],
      "GO:0099186": [],
      "GO:0099179": [],
      "GO:0099054": [],
      "GO:0051963": [],
      "GO:0098698": [],
      "GO:0097104": [],
      "GO:1905806": [],
      "GO:0090128": [],
      "GO:0099559": [
        "ENSG00000149256"
      ],
      "GO:0098880": [],
      "GO:0099140": [],
      "GO:0098974": [
        "ENSG00000197555"
      ],
      "GO:0099190": [
        "ENSG00000149256"
      ],
      "SYNGO:presyn_regulationATPmetabolic": [],
      "GO:0099576": [],
      "GO:0099575": [],
      "GO:0099578": [],
      "GO:0099577": [],
      "GO:0140247": [],
      "GO:0140249": [],
      "GO:0140236": [],
      "GO:0140242": [],
      "GO:0098930": [],
      "GO:0098935": [],
      "GO:0099517": [],
      "GO:0099158": [],
      "GO:0098968": [],
      "GO:0098877": [],
      "GO:0098943": [],
      "GO:0016182": [],
      "GO:0016189": [],
      "GO:0099502": [],
      "GO:2000300": [
        "ENSG00000198216"
      ],
      "GO:0016081": [],
      "GO:0031629": [],
      "GO:0016082": [
        "ENSG00000163618"
      ],
      "GO:0099162": [],
      "GO:1901546": [],
      "GO:1900242": [],
      "GO:0016185": [],
      "GO:0016191": [],
      "GO:0098872": [
        "ENSG00000152822"
      ],
      "GO:0099579": [
        "ENSG00000183775"
      ],
      "GO:0098696": [
        "ENSG00000183098"
      ],
      "GO:0099145": [],
      "GO:0150054": [],
      "GO:0099149": [
        "ENSG00000157168"
      ],
      "GO:1905539": [
        "ENSG00000096968"
      ],
      "GO:0099542": [],
      "GO:0099548": [],
      "GO:0098942": [],
      "GO:0099557": [],
      "GO:0150035": [],
      "GO:0050804": [
        "ENSG00000101333",
        "ENSG00000096968",
        "ENSG00000170558",
        "ENSG00000148948"
      ],
      "GO:0099531": [],
      "GO:0099565": [],
      "GO:0099159": [],
      "GO:0098885": [],
      "GO:0098987": [],
      "GO:0098882": [],
      "GO:0098699": [],
      "GO:0098973": [],
      "GO:0099184": [],
      "GO:0098879": [],
      "GO:0098919": [],
      "GO:1905606": [
        "ENSG00000169306",
        "ENSG00000157168"
      ],
      "GO:0150052": [
        "ENSG00000185070",
        "ENSG00000169851",
        "ENSG00000108684"
      ],
      "GO:0099150": [],
      "GO:0097107": [],
      "GO:0099562": [],
      "GO:0140251": [],
      "GO:0140252": [],
      "GO:0140245": [],
      "GO:0008089": [],
      "GO:0099088": [],
      "GO:0098937": [],
      "GO:0098939": [],
      "GO:0098961": [],
      "GO:0098934": [],
      "GO:0048490": [],
      "GO:0098969": [],
      "GO:0099639": [],
      "GO:0150037": [],
      "GO:0099148": [],
      "GO:0031630": [],
      "GO:0010807": [],
      "GO:0098694": [],
      "GO:0098921": [],
      "GO:0099553": [],
      "GO:0099555": [],
      "GO:0099171": [],
      "GO:0099170": [
        "ENSG00000138814",
        "ENSG00000187323",
        "ENSG00000154146"
      ],
      "GO:1905274": [
        "ENSG00000169398"
      ],
      "GO:0099151": [
        "ENSG00000197555"
      ],
      "GO:0099641": [],
      "GO:0140231": [
        "ENSG00000166342"
      ],
      "GO:0098971": [],
      "GO:0098963": [],
      "GO:1903742": [],
      "GO:0098887": [],
      "GO:0099178": [],
      "GO:0150036": [],
      "GO:0098925": [],
      "GO:0098964": [],
      "GO:0099152": []
    },
    "entrez_id": {
      "SYNGO:synprocess": [],
      "SYNGO:presynprocess": [],
      "SYNGO:postsynprocess": [],
      "GO:0099536": [],
      "GO:0050808": [],
      "SYNGO:metabolism": [],
      "SYNGO:transport": [],
      "GO:0099509": [],
      "GO:0099505": [],
      "GO:0140238": [],
      "GO:0099504": [
        "8224"
      ],
      "GO:0099525": [
        "8618"
      ],
      "GO:0001504": [],
      "GO:0098810": [],
      "SYNGO:presyn_chaperoneProteinFolding": [],
      "GO:0098928": [],
      "GO:0099566": [],
      "GO:0060078": [],
      "GO:0098962": [
        "81832"
      ],
      "GO:0099072": [
        "2894"
      ],
      "GO:0140239": [],
      "GO:0150038": [],
      "GO:0098926": [],
      "GO:0099537": [],
      "GO:0099538": [],
      "GO:0099163": [],
      "GO:0099172": [],
      "GO:0099173": [],
      "GO:0099563": [],
      "GO:0050807": [
        "10371",
        "8404",
        "5800"
      ],
      "GO:0098918": [],
      "GO:0150043": [],
      "GO:0099560": [
        "8404",
        "57689",
        "3084",
        "26011"
      ],
      "GO:0008039": [
        "10371"
      ],
      "GO:0007416": [
        "2066"
      ],
      "GO:0098883": [],
      "GO:0060074": [],
      "GO:0099558": [
        "10371",
        "91584"
      ],
      "GO:0099187": [],
      "GO:0099188": [],
      "SYNGO:presyn_ATPmetabolic": [],
      "SYNGO:postsyn_ATPmetabolic": [],
      "GO:0099546": [],
      "GO:0099574": [],
      "GO:0099547": [],
      "GO:0042135": [],
      "GO:0140246": [],
      "GO:0042136": [],
      "GO:0140241": [],
      "GO:0140235": [],
      "GO:0008088": [],
      "GO:0099514": [],
      "GO:0099090": [],
      "GO:0099089": [],
      "GO:0099637": [],
      "GO:1905056": [],
      "GO:0099534": [],
      "GO:0099626": [
        "777"
      ],
      "GO:0099507": [],
      "GO:0099508": [
        "6323"
      ],
      "GO:0150047": [
        "386617",
        "57528"
      ],
      "GO:0140232": [],
      "GO:0098693": [],
      "GO:0097091": [
        "8224"
      ],
      "GO:0099532": [],
      "GO:0016079": [],
      "GO:0098700": [],
      "GO:0099180": [],
      "GO:0097401": [],
      "GO:0048488": [],
      "GO:0099161": [],
      "GO:0051580": [],
      "GO:0099526": [],
      "GO:1905059": [],
      "GO:0099567": [],
      "GO:1905060": [],
      "GO:0098695": [],
      "GO:0099583": [],
      "GO:0140233": [],
      "GO:1904315": [
        "2567"
      ],
      "GO:1905030": [],
      "GO:0099645": [
        "2066",
        "81832"
      ],
      "GO:0098967": [],
      "GO:0098970": [],
      "GO:0098884": [],
      "GO:0150044": [],
      "GO:0099527": [
        "3084"
      ],
      "GO:0099541": [],
      "GO:0099540": [],
      "GO:0099543": [],
      "GO:0099545": [
        "11141"
      ],
      "GO:0099157": [],
      "GO:0099183": [],
      "GO:0099550": [],
      "GO:0007268": [],
      "GO:0150045": [],
      "GO:0099174": [
        "55799"
      ],
      "GO:0099175": [
        "11141",
        "2894"
      ],
      "GO:0099084": [],
      "GO:0099010": [],
      "GO:0099564": [],
      "GO:1905244": [],
      "GO:0099181": [],
      "GO:0099186": [],
      "GO:0099179": [],
      "GO:0099054": [],
      "GO:0051963": [],
      "GO:0098698": [],
      "GO:0097104": [],
      "GO:1905806": [],
      "GO:0090128": [],
      "GO:0099559": [
        "26011"
      ],
      "GO:0098880": [],
      "GO:0099140": [],
      "GO:0098974": [
        "26037"
      ],
      "GO:0099190": [
        "26011"
      ],
      "SYNGO:presyn_regulationATPmetabolic": [],
      "GO:0099576": [],
      "GO:0099575": [],
      "GO:0099578": [],
      "GO:0099577": [],
      "GO:0140247": [],
      "GO:0140249": [],
      "GO:0140236": [],
      "GO:0140242": [],
      "GO:0098930": [],
      "GO:0098935": [],
      "GO:0099517": [],
      "GO:0099158": [],
      "GO:0098968": [],
      "GO:0098877": [],
      "GO:0098943": [],
      "GO:0016182": [],
      "GO:0016189": [],
      "GO:0099502": [],
      "GO:2000300": [
        "777"
      ],
      "GO:0016081": [],
      "GO:0031629": [],
      "GO:0016082": [
        "8618"
      ],
      "GO:0099162": [],
      "GO:1901546": [],
      "GO:1900242": [],
      "GO:0016185": [],
      "GO:0016191": [],
      "GO:0098872": [
        "2911"
      ],
      "GO:0099579": [
        "57528"
      ],
      "GO:0098696": [
        "10082"
      ],
      "GO:0099145": [],
      "GO:0150054": [],
      "GO:0099149": [
        "3084"
      ],
      "GO:1905539": [
        "3717"
      ],
      "GO:0099542": [],
      "GO:0099548": [],
      "GO:0098942": [],
      "GO:0099557": [],
      "GO:0150035": [],
      "GO:0050804": [
        "5332",
        "3717",
        "1000",
        "57689"
      ],
      "GO:0099531": [],
      "GO:0099565": [],
      "GO:0099159": [],
      "GO:0098885": [],
      "GO:0098987": [],
      "GO:0098882": [],
      "GO:0098699": [],
      "GO:0098973": [],
      "GO:0099184": [],
      "GO:0098879": [],
      "GO:0098919": [],
      "GO:1905606": [
        "11141",
        "3084"
      ],
      "GO:0150052": [
        "23768",
        "5099",
        "40"
      ],
      "GO:0099150": [],
      "GO:0097107": [],
      "GO:0099562": [],
      "GO:0140251": [],
      "GO:0140252": [],
      "GO:0140245": [],
      "GO:0008089": [],
      "GO:0099088": [],
      "GO:0098937": [],
      "GO:0098939": [],
      "GO:0098961": [],
      "GO:0098934": [],
      "GO:0048490": [],
      "GO:0098969": [],
      "GO:0099639": [],
      "GO:0150037": [],
      "GO:0099148": [],
      "GO:0031630": [],
      "GO:0010807": [],
      "GO:0098694": [],
      "GO:0098921": [],
      "GO:0099553": [],
      "GO:0099555": [],
      "GO:0099171": [],
      "GO:0099170": [
        "5530",
        "1630",
        "4900"
      ],
      "GO:1905274": [
        "5747"
      ],
      "GO:0099151": [
        "26037"
      ],
      "GO:0099641": [],
      "GO:0140231": [
        "81832"
      ],
      "GO:0098971": [],
      "GO:0098963": [],
      "GO:1903742": [],
      "GO:0098887": [],
      "GO:0099178": [],
      "GO:0150036": [],
      "GO:0098925": [],
      "GO:0098964": [],
      "GO:0099152": []
    }
  },
  "aggregate": {
    "hgnc_id": {
      "SYNGO:synprocess": [
        "HGNC:1392",
        "HGNC:10585",
        "HGNC:22394",
        "HGNC:29244",
        "HGNC:11496",
        "HGNC:1426",
        "HGNC:4593",
        "HGNC:4088",
        "HGNC:13823",
        "HGNC:4575",
        "HGNC:3432",
        "HGNC:4454",
        "HGNC:7997",
        "HGNC:6192",
        "HGNC:5996",
        "HGNC:9059",
        "HGNC:1759",
        "HGNC:29317",
        "HGNC:9314",
        "HGNC:2701",
        "HGNC:8000",
        "HGNC:15460",
        "HGNC:9611",
        "HGNC:10723",
        "HGNC:11220",
        "HGNC:9678",
        "HGNC:29945",
        "HGNC:3761",
        "HGNC:8659",
        "HGNC:99",
        "HGNC:20284",
        "HGNC:9102"
      ],
      "SYNGO:presynprocess": [
        "HGNC:1392",
        "HGNC:10585",
        "HGNC:22394",
        "HGNC:29244",
        "HGNC:11496",
        "HGNC:1426"
      ],
      "SYNGO:postsynprocess": [
        "HGNC:4593",
        "HGNC:29244",
        "HGNC:4088",
        "HGNC:13823",
        "HGNC:4575",
        "HGNC:3432",
        "HGNC:4454",
        "HGNC:7997",
        "HGNC:6192"
      ],
      "GO:0099536": [
        "HGNC:5996",
        "HGNC:9059",
        "HGNC:6192",
        "HGNC:1759",
        "HGNC:29317",
        "HGNC:9314",
        "HGNC:2701",
        "HGNC:8000"
      ],
      "GO:0050808": [
        "HGNC:15460",
        "HGNC:5996",
        "HGNC:4575",
        "HGNC:9611",
        "HGNC:10723",
        "HGNC:11220",
        "HGNC:9678",
        "HGNC:29317",
        "HGNC:7997",
        "HGNC:29945",
        "HGNC:3432",
        "HGNC:3761",
        "HGNC:8659",
        "HGNC:99",
        "HGNC:20284",
        "HGNC:9102"
      ],
      "SYNGO:metabolism": [],
      "SYNGO:transport": [
        "HGNC:13823"
      ],
      "GO:0099509": [
        "HGNC:1392"
      ],
      "GO:0099505": [
        "HGNC:10585",
        "HGNC:22394",
        "HGNC:29244"
      ],
      "GO:0140238": [],
      "GO:0099504": [
        "HGNC:11496",
        "HGNC:1392",
        "HGNC:1426"
      ],
      "GO:0099525": [
        "HGNC:1426"
      ],
      "GO:0001504": [],
      "GO:0098810": [],
      "SYNGO:presyn_chaperoneProteinFolding": [],
      "GO:0098928": [],
      "GO:0099566": [
        "HGNC:4593"
      ],
      "GO:0060078": [
        "HGNC:29244",
        "HGNC:4088"
      ],
      "GO:0098962": [
        "HGNC:13823"
      ],
      "GO:0099072": [
        "HGNC:4575",
        "HGNC:3432",
        "HGNC:13823",
        "HGNC:4454",
        "HGNC:7997"
      ],
      "GO:0140239": [],
      "GO:0150038": [],
      "GO:0098926": [
        "HGNC:7997",
        "HGNC:6192"
      ],
      "GO:0099537": [
        "HGNC:5996",
        "HGNC:9059",
        "HGNC:6192",
        "HGNC:1759",
        "HGNC:29317",
        "HGNC:9314",
        "HGNC:2701",
        "HGNC:8000"
      ],
      "GO:0099538": [],
      "GO:0099163": [],
      "GO:0099172": [
        "HGNC:15460"
      ],
      "GO:0099173": [
        "HGNC:5996",
        "HGNC:4575"
      ],
      "GO:0099563": [
        "HGNC:9611"
      ],
      "GO:0050807": [
        "HGNC:10723",
        "HGNC:11220",
        "HGNC:9678"
      ],
      "GO:0098918": [],
      "GO:0150043": [],
      "GO:0099560": [
        "HGNC:11220",
        "HGNC:29317",
        "HGNC:7997",
        "HGNC:29945"
      ],
      "GO:0008039": [
        "HGNC:10723"
      ],
      "GO:0007416": [
        "HGNC:3432",
        "HGNC:5996",
        "HGNC:7997",
        "HGNC:3761",
        "HGNC:8659",
        "HGNC:99",
        "HGNC:20284"
      ],
      "GO:0098883": [],
      "GO:0060074": [],
      "GO:0099558": [
        "HGNC:10723",
        "HGNC:9102",
        "HGNC:29945"
      ],
      "GO:0099187": [],
      "GO:0099188": [
        "HGNC:20284",
        "HGNC:29945"
      ],
      "SYNGO:presyn_ATPmetabolic": [],
      "SYNGO:postsyn_ATPmetabolic": [],
      "GO:0099546": [],
      "GO:0099574": [],
      "GO:0099547": [],
      "GO:0042135": [],
      "GO:0140246": [],
      "GO:0042136": [],
      "GO:0140241": [],
      "GO:0140235": [],
      "GO:0008088": [
        "HGNC:13823"
      ],
      "GO:0099514": [],
      "GO:0099090": [],
      "GO:0099089": [],
      "GO:0099637": [],
      "GO:1905056": [],
      "GO:0099534": [],
      "GO:0099626": [
        "HGNC:1392"
      ],
      "GO:0099507": [],
      "GO:0099508": [
        "HGNC:10585"
      ],
      "GO:0150047": [
        "HGNC:22394",
        "HGNC:29244"
      ],
      "GO:0140232": [],
      "GO:0098693": [],
      "GO:0097091": [
        "HGNC:11496"
      ],
      "GO:0099532": [],
      "GO:0016079": [
        "HGNC:1392",
        "HGNC:1426"
      ],
      "GO:0098700": [],
      "GO:0099180": [],
      "GO:0097401": [],
      "GO:0048488": [],
      "GO:0099161": [],
      "GO:0051580": [],
      "GO:0099526": [],
      "GO:1905059": [],
      "GO:0099567": [],
      "GO:1905060": [],
      "GO:0098695": [],
      "GO:0099583": [
        "HGNC:4593"
      ],
      "GO:0140233": [
        "HGNC:29244"
      ],
      "GO:1904315": [
        "HGNC:4088"
      ],
      "GO:1905030": [],
      "GO:0099645": [
        "HGNC:3432",
        "HGNC:13823",
        "HGNC:4454"
      ],
      "GO:0098967": [],
      "GO:0098970": [],
      "GO:0098884": [
        "HGNC:7997"
      ],
      "GO:0150044": [],
      "GO:0099527": [
        "HGNC:7997",
        "HGNC:6192"
      ],
      "GO:0099541": [],
      "GO:0099540": [],
      "GO:0099543": [],
      "GO:0099545": [
        "HGNC:5996"
      ],
      "GO:0099157": [],
      "GO:0099183": [],
      "GO:0099550": [],
      "GO:0007268": [
        "HGNC:9059",
        "HGNC:6192",
        "HGNC:1759",
        "HGNC:29317",
        "HGNC:9314",
        "HGNC:2701",
        "HGNC:8000"
      ],
      "GO:0150045": [],
      "GO:0099174": [
        "HGNC:15460"
      ],
      "GO:0099175": [
        "HGNC:5996",
        "HGNC:4575"
      ],
      "GO:0099084": [],
      "GO:0099010": [
        "HGNC:9611"
      ],
      "GO:0099564": [],
      "GO:1905244": [],
      "GO:0099181": [],
      "GO:0099186": [],
      "GO:0099179": [],
      "GO:0099054": [],
      "GO:0051963": [
        "HGNC:5996",
        "HGNC:7997",
        "HGNC:3761",
        "HGNC:8659",
        "HGNC:99"
      ],
      "GO:0098698": [
        "HGNC:20284"
      ],
      "GO:0097104": [],
      "GO:1905806": [],
      "GO:0090128": [],
      "GO:0099559": [
        "HGNC:29945"
      ],
      "GO:0098880": [],
      "GO:0099140": [],
      "GO:0098974": [
        "HGNC:20284"
      ],
      "GO:0099190": [
        "HGNC:29945"
      ],
      "SYNGO:presyn_regulationATPmetabolic": [],
      "GO:0099576": [],
      "GO:0099575": [],
      "GO:0099578": [],
      "GO:0099577": [],
      "GO:0140247": [],
      "GO:0140249": [],
      "GO:0140236": [],
      "GO:0140242": [],
      "GO:0098930": [
        "HGNC:13823"
      ],
      "GO:0098935": [],
      "GO:0099517": [],
      "GO:0099158": [],
      "GO:0098968": [],
      "GO:0098877": [],
      "GO:0098943": [],
      "GO:0016182": [],
      "GO:0016189": [],
      "GO:0099502": [],
      "GO:2000300": [
        "HGNC:1392"
      ],
      "GO:0016081": [],
      "GO:0031629": [],
      "GO:0016082": [
        "HGNC:1426"
      ],
      "GO:0099162": [],
      "GO:1901546": [],
      "GO:1900242": [],
      "GO:0016185": [],
      "GO:0016191": [],
      "GO:0098872": [
        "HGNC:4593"
      ],
      "GO:0099579": [
        "HGNC:29244"
      ],
      "GO:0098696": [
        "HGNC:4454"
      ],
      "GO:0099145": [],
      "GO:0150054": [],
      "GO:0099149": [
        "HGNC:7997"
      ],
      "GO:1905539": [
        "HGNC:6192"
      ],
      "GO:0099542": [],
      "GO:0099548": [],
      "GO:0098942": [],
      "GO:0099557": [],
      "GO:0150035": [],
      "GO:0050804": [
        "HGNC:9059",
        "HGNC:6192",
        "HGNC:1759",
        "HGNC:29317"
      ],
      "GO:0099531": [],
      "GO:0099565": [
        "HGNC:9314",
        "HGNC:2701",
        "HGNC:8000"
      ],
      "GO:0099159": [],
      "GO:0098885": [
        "HGNC:9611"
      ],
      "GO:0098987": [],
      "GO:0098882": [],
      "GO:0098699": [],
      "GO:0098973": [],
      "GO:0099184": [],
      "GO:0098879": [],
      "GO:0098919": [],
      "GO:1905606": [
        "HGNC:5996",
        "HGNC:7997"
      ],
      "GO:0150052": [
        "HGNC:3761",
        "HGNC:8659",
        "HGNC:99"
      ],
      "GO:0099150": [],
      "GO:0097107": [
        "HGNC:20284"
      ],
      "GO:0099562": [],
      "GO:0140251": [],
      "GO:0140252": [],
      "GO:0140245": [],
      "GO:0008089": [
        "HGNC:13823"
      ],
      "GO:0099088": [],
      "GO:0098937": [],
      "GO:0098939": [],
      "GO:0098961": [],
      "GO:0098934": [],
      "GO:0048490": [],
      "GO:0098969": [],
      "GO:0099639": [],
      "GO:0150037": [],
      "GO:0099148": [],
      "GO:0031630": [],
      "GO:0010807": [],
      "GO:0098694": [],
      "GO:0098921": [],
      "GO:0099553": [],
      "GO:0099555": [],
      "GO:0099171": [],
      "GO:0099170": [
        "HGNC:9314",
        "HGNC:2701",
        "HGNC:8000"
      ],
      "GO:1905274": [
        "HGNC:9611"
      ],
      "GO:0099151": [
        "HGNC:20284"
      ],
      "GO:0099641": [],
      "GO:0140231": [
        "HGNC:13823"
      ],
      "GO:0098971": [],
      "GO:0098963": [],
      "GO:1903742": [],
      "GO:0098887": [],
      "GO:0099178": [],
      "GO:0150036": [],
      "GO:0098925": [],
      "GO:0098964": [],
      "GO:0099152": []
    },
    "hgnc_symbol": {
      "SYNGO:synprocess": [
        "CACNA1E",
        "SCN1A",
        "KCTD8",
        "KCTD16",
        "SYN3",
        "CADPS",
        "GRM1",
        "GABRG3",
        "NETO1",
        "GRID1",
        "ERBB4",
        "GPC6",
        "NRG1",
        "JAK2",
        "IL1RAPL1",
        "PLCB4",
        "CDH2",
        "LRRC4C",
        "PPP3CA",
        "DCC",
        "NRGN",
        "CACNA2D3",
        "PTK2",
        "SEMA3A",
        "SPARCL1",
        "PTPRO",
        "TENM4",
        "FLRT2",
        "PCDH7",
        "ASIC2",
        "SIPA1L1",
        "PLXNA4"
      ],
      "SYNGO:presynprocess": [
        "CACNA1E",
        "SCN1A",
        "KCTD8",
        "KCTD16",
        "SYN3",
        "CADPS"
      ],
      "SYNGO:postsynprocess": [
        "GRM1",
        "KCTD16",
        "GABRG3",
        "NETO1",
        "GRID1",
        "ERBB4",
        "GPC6",
        "NRG1",
        "JAK2"
      ],
      "GO:0099536": [
        "IL1RAPL1",
        "PLCB4",
        "JAK2",
        "CDH2",
        "LRRC4C",
        "PPP3CA",
        "DCC",
        "NRGN"
      ],
      "GO:0050808": [
        "CACNA2D3",
        "IL1RAPL1",
        "GRID1",
        "PTK2",
        "SEMA3A",
        "SPARCL1",
        "PTPRO",
        "LRRC4C",
        "NRG1",
        "TENM4",
        "ERBB4",
        "FLRT2",
        "PCDH7",
        "ASIC2",
        "SIPA1L1",
        "PLXNA4"
      ],
      "SYNGO:metabolism": [],
      "SYNGO:transport": [
        "NETO1"
      ],
      "GO:0099509": [
        "CACNA1E"
      ],
      "GO:0099505": [
        "SCN1A",
        "KCTD8",
        "KCTD16"
      ],
      "GO:0140238": [],
      "GO:0099504": [
        "SYN3",
        "CACNA1E",
        "CADPS"
      ],
      "GO:0099525": [
        "CADPS"
      ],
      "GO:0001504": [],
      "GO:0098810": [],
      "SYNGO:presyn_chaperoneProteinFolding": [],
      "GO:0098928": [],
      "GO:0099566": [
        "GRM1"
      ],
      "GO:0060078": [
        "KCTD16",
        "GABRG3"
      ],
      "GO:0098962": [
        "NETO1"
      ],
      "GO:0099072": [
        "GRID1",
        "ERBB4",
        "NETO1",
        "GPC6",
        "NRG1"
      ],
      "GO:0140239": [],
      "GO:0150038": [],
      "GO:0098926": [
        "NRG1",
        "JAK2"
      ],
      "GO:0099537": [
        "IL1RAPL1",
        "PLCB4",
        "JAK2",
        "CDH2",
        "LRRC4C",
        "PPP3CA",
        "DCC",
        "NRGN"
      ],
      "GO:0099538": [],
      "GO:0099163": [],
      "GO:0099172": [
        "CACNA2D3"
      ],
      "GO:0099173": [
        "IL1RAPL1",
        "GRID1"
      ],
      "GO:0099563": [
        "PTK2"
      ],
      "GO:0050807": [
        "SEMA3A",
        "SPARCL1",
        "PTPRO"
      ],
      "GO:0098918": [],
      "GO:0150043": [],
      "GO:0099560": [
        "SPARCL1",
        "LRRC4C",
        "NRG1",
        "TENM4"
      ],
      "GO:0008039": [
        "SEMA3A"
      ],
      "GO:0007416": [
        "ERBB4",
        "IL1RAPL1",
        "NRG1",
        "FLRT2",
        "PCDH7",
        "ASIC2",
        "SIPA1L1"
      ],
      "GO:0098883": [],
      "GO:0060074": [],
      "GO:0099558": [
        "SEMA3A",
        "PLXNA4",
        "TENM4"
      ],
      "GO:0099187": [],
      "GO:0099188": [
        "SIPA1L1",
        "TENM4"
      ],
      "SYNGO:presyn_ATPmetabolic": [],
      "SYNGO:postsyn_ATPmetabolic": [],
      "GO:0099546": [],
      "GO:0099574": [],
      "GO:0099547": [],
      "GO:0042135": [],
      "GO:0140246": [],
      "GO:0042136": [],
      "GO:0140241": [],
      "GO:0140235": [],
      "GO:0008088": [
        "NETO1"
      ],
      "GO:0099514": [],
      "GO:0099090": [],
      "GO:0099089": [],
      "GO:0099637": [],
      "GO:1905056": [],
      "GO:0099534": [],
      "GO:0099626": [
        "CACNA1E"
      ],
      "GO:0099507": [],
      "GO:0099508": [
        "SCN1A"
      ],
      "GO:0150047": [
        "KCTD8",
        "KCTD16"
      ],
      "GO:0140232": [],
      "GO:0098693": [],
      "GO:0097091": [
        "SYN3"
      ],
      "GO:0099532": [],
      "GO:0016079": [
        "CACNA1E",
        "CADPS"
      ],
      "GO:0098700": [],
      "GO:0099180": [],
      "GO:0097401": [],
      "GO:0048488": [],
      "GO:0099161": [],
      "GO:0051580": [],
      "GO:0099526": [],
      "GO:1905059": [],
      "GO:0099567": [],
      "GO:1905060": [],
      "GO:0098695": [],
      "GO:0099583": [
        "GRM1"
      ],
      "GO:0140233": [
        "KCTD16"
      ],
      "GO:1904315": [
        "GABRG3"
      ],
      "GO:1905030": [],
      "GO:0099645": [
        "ERBB4",
        "NETO1",
        "GPC6"
      ],
      "GO:0098967": [],
      "GO:0098970": [],
      "GO:0098884": [
        "NRG1"
      ],
      "GO:0150044": [],
      "GO:0099527": [
        "NRG1",
        "JAK2"
      ],
      "GO:0099541": [],
      "GO:0099540": [],
      "GO:0099543": [],
      "GO:0099545": [
        "IL1RAPL1"
      ],
      "GO:0099157": [],
      "GO:0099183": [],
      "GO:0099550": [],
      "GO:0007268": [
        "PLCB4",
        "JAK2",
        "CDH2",
        "LRRC4C",
        "PPP3CA",
        "DCC",
        "NRGN"
      ],
      "GO:0150045": [],
      "GO:0099174": [
        "CACNA2D3"
      ],
      "GO:0099175": [
        "IL1RAPL1",
        "GRID1"
      ],
      "GO:0099084": [],
      "GO:0099010": [
        "PTK2"
      ],
      "GO:0099564": [],
      "GO:1905244": [],
      "GO:0099181": [],
      "GO:0099186": [],
      "GO:0099179": [],
      "GO:0099054": [],
      "GO:0051963": [
        "IL1RAPL1",
        "NRG1",
        "FLRT2",
        "PCDH7",
        "ASIC2"
      ],
      "GO:0098698": [
        "SIPA1L1"
      ],
      "GO:0097104": [],
      "GO:1905806": [],
      "GO:0090128": [],
      "GO:0099559": [
        "TENM4"
      ],
      "GO:0098880": [],
      "GO:0099140": [],
      "GO:0098974": [
        "SIPA1L1"
      ],
      "GO:0099190": [
        "TENM4"
      ],
      "SYNGO:presyn_regulationATPmetabolic": [],
      "GO:0099576": [],
      "GO:0099575": [],
      "GO:0099578": [],
      "GO:0099577": [],
      "GO:0140247": [],
      "GO:0140249": [],
      "GO:0140236": [],
      "GO:0140242": [],
      "GO:0098930": [
        "NETO1"
      ],
      "GO:0098935": [],
      "GO:0099517": [],
      "GO:0099158": [],
      "GO:0098968": [],
      "GO:0098877": [],
      "GO:0098943": [],
      "GO:0016182": [],
      "GO:0016189": [],
      "GO:0099502": [],
      "GO:2000300": [
        "CACNA1E"
      ],
      "GO:0016081": [],
      "GO:0031629": [],
      "GO:0016082": [
        "CADPS"
      ],
      "GO:0099162": [],
      "GO:1901546": [],
      "GO:1900242": [],
      "GO:0016185": [],
      "GO:0016191": [],
      "GO:0098872": [
        "GRM1"
      ],
      "GO:0099579": [
        "KCTD16"
      ],
      "GO:0098696": [
        "GPC6"
      ],
      "GO:0099145": [],
      "GO:0150054": [],
      "GO:0099149": [
        "NRG1"
      ],
      "GO:1905539": [
        "JAK2"
      ],
      "GO:0099542": [],
      "GO:0099548": [],
      "GO:0098942": [],
      "GO:0099557": [],
      "GO:0150035": [],
      "GO:0050804": [
        "PLCB4",
        "JAK2",
        "CDH2",
        "LRRC4C"
      ],
      "GO:0099531": [],
      "GO:0099565": [
        "PPP3CA",
        "DCC",
        "NRGN"
      ],
      "GO:0099159": [],
      "GO:0098885": [
        "PTK2"
      ],
      "GO:0098987": [],
      "GO:0098882": [],
      "GO:0098699": [],
      "GO:0098973": [],
      "GO:0099184": [],
      "GO:0098879": [],
      "GO:0098919": [],
      "GO:1905606": [
        "IL1RAPL1",
        "NRG1"
      ],
      "GO:0150052": [
        "FLRT2",
        "PCDH7",
        "ASIC2"
      ],
      "GO:0099150": [],
      "GO:0097107": [
        "SIPA1L1"
      ],
      "GO:0099562": [],
      "GO:0140251": [],
      "GO:0140252": [],
      "GO:0140245": [],
      "GO:0008089": [
        "NETO1"
      ],
      "GO:0099088": [],
      "GO:0098937": [],
      "GO:0098939": [],
      "GO:0098961": [],
      "GO:0098934": [],
      "GO:0048490": [],
      "GO:0098969": [],
      "GO:0099639": [],
      "GO:0150037": [],
      "GO:0099148": [],
      "GO:0031630": [],
      "GO:0010807": [],
      "GO:0098694": [],
      "GO:0098921": [],
      "GO:0099553": [],
      "GO:0099555": [],
      "GO:0099171": [],
      "GO:0099170": [
        "PPP3CA",
        "DCC",
        "NRGN"
      ],
      "GO:1905274": [
        "PTK2"
      ],
      "GO:0099151": [
        "SIPA1L1"
      ],
      "GO:0099641": [],
      "GO:0140231": [
        "NETO1"
      ],
      "GO:0098971": [],
      "GO:0098963": [],
      "GO:1903742": [],
      "GO:0098887": [],
      "GO:0099178": [],
      "GO:0150036": [],
      "GO:0098925": [],
      "GO:0098964": [],
      "GO:0099152": []
    },
    "ensembl_id": {
      "SYNGO:synprocess": [
        "ENSG00000198216",
        "ENSG00000144285",
        "ENSG00000183783",
        "ENSG00000183775",
        "ENSG00000185666",
        "ENSG00000163618",
        "ENSG00000152822",
        "ENSG00000182256",
        "ENSG00000166342",
        "ENSG00000182771",
        "ENSG00000178568",
        "ENSG00000183098",
        "ENSG00000157168",
        "ENSG00000096968",
        "ENSG00000169306",
        "ENSG00000101333",
        "ENSG00000170558",
        "ENSG00000148948",
        "ENSG00000138814",
        "ENSG00000187323",
        "ENSG00000154146",
        "ENSG00000157445",
        "ENSG00000169398",
        "ENSG00000075213",
        "ENSG00000152583",
        "ENSG00000151490",
        "ENSG00000149256",
        "ENSG00000185070",
        "ENSG00000169851",
        "ENSG00000108684",
        "ENSG00000197555",
        "ENSG00000221866"
      ],
      "SYNGO:presynprocess": [
        "ENSG00000198216",
        "ENSG00000144285",
        "ENSG00000183783",
        "ENSG00000183775",
        "ENSG00000185666",
        "ENSG00000163618"
      ],
      "SYNGO:postsynprocess": [
        "ENSG00000152822",
        "ENSG00000183775",
        "ENSG00000182256",
        "ENSG00000166342",
        "ENSG00000182771",
        "ENSG00000178568",
        "ENSG00000183098",
        "ENSG00000157168",
        "ENSG00000096968"
      ],
      "GO:0099536": [
        "ENSG00000169306",
        "ENSG00000101333",
        "ENSG00000096968",
        "ENSG00000170558",
        "ENSG00000148948",
        "ENSG00000138814",
        "ENSG00000187323",
        "ENSG00000154146"
      ],
      "GO:0050808": [
        "ENSG00000157445",
        "ENSG00000169306",
        "ENSG00000182771",
        "ENSG00000169398",
        "ENSG00000075213",
        "ENSG00000152583",
        "ENSG00000151490",
        "ENSG00000148948",
        "ENSG00000157168",
        "ENSG00000149256",
        "ENSG00000178568",
        "ENSG00000185070",
        "ENSG00000169851",
        "ENSG00000108684",
        "ENSG00000197555",
        "ENSG00000221866"
      ],
      "SYNGO:metabolism": [],
      "SYNGO:transport": [
        "ENSG00000166342"
      ],
      "GO:0099509": [
        "ENSG00000198216"
      ],
      "GO:0099505": [
        "ENSG00000144285",
        "ENSG00000183783",
        "ENSG00000183775"
      ],
      "GO:0140238": [],
      "GO:0099504": [
        "ENSG00000185666",
        "ENSG00000198216",
        "ENSG00000163618"
      ],
      "GO:0099525": [
        "ENSG00000163618"
      ],
      "GO:0001504": [],
      "GO:0098810": [],
      "SYNGO:presyn_chaperoneProteinFolding": [],
      "GO:0098928": [],
      "GO:0099566": [
        "ENSG00000152822"
      ],
      "GO:0060078": [
        "ENSG00000183775",
        "ENSG00000182256"
      ],
      "GO:0098962": [
        "ENSG00000166342"
      ],
      "GO:0099072": [
        "ENSG00000182771",
        "ENSG00000178568",
        "ENSG00000166342",
        "ENSG00000183098",
        "ENSG00000157168"
      ],
      "GO:0140239": [],
      "GO:0150038": [],
      "GO:0098926": [
        "ENSG00000157168",
        "ENSG00000096968"
      ],
      "GO:0099537": [
        "ENSG00000169306",
        "ENSG00000101333",
        "ENSG00000096968",
        "ENSG00000170558",
        "ENSG00000148948",
        "ENSG00000138814",
        "ENSG00000187323",
        "ENSG00000154146"
      ],
      "GO:0099538": [],
      "GO:0099163": [],
      "GO:0099172": [
        "ENSG00000157445"
      ],
      "GO:0099173": [
        "ENSG00000169306",
        "ENSG00000182771"
      ],
      "GO:0099563": [
        "ENSG00000169398"
      ],
      "GO:0050807": [
        "ENSG00000075213",
        "ENSG00000152583",
        "ENSG00000151490"
      ],
      "GO:0098918": [],
      "GO:0150043": [],
      "GO:0099560": [
        "ENSG00000152583",
        "ENSG00000148948",
        "ENSG00000157168",
        "ENSG00000149256"
      ],
      "GO:0008039": [
        "ENSG00000075213"
      ],
      "GO:0007416": [
        "ENSG00000178568",
        "ENSG00000169306",
        "ENSG00000157168",
        "ENSG00000185070",
        "ENSG00000169851",
        "ENSG00000108684",
        "ENSG00000197555"
      ],
      "GO:0098883": [],
      "GO:0060074": [],
      "GO:0099558": [
        "ENSG00000075213",
        "ENSG00000221866",
        "ENSG00000149256"
      ],
      "GO:0099187": [],
      "GO:0099188": [
        "ENSG00000197555",
        "ENSG00000149256"
      ],
      "SYNGO:presyn_ATPmetabolic": [],
      "SYNGO:postsyn_ATPmetabolic": [],
      "GO:0099546": [],
      "GO:0099574": [],
      "GO:0099547": [],
      "GO:0042135": [],
      "GO:0140246": [],
      "GO:0042136": [],
      "GO:0140241": [],
      "GO:0140235": [],
      "GO:0008088": [
        "ENSG00000166342"
      ],
      "GO:0099514": [],
      "GO:0099090": [],
      "GO:0099089": [],
      "GO:0099637": [],
      "GO:1905056": [],
      "GO:0099534": [],
      "GO:0099626": [
        "ENSG00000198216"
      ],
      "GO:0099507": [],
      "GO:0099508": [
        "ENSG00000144285"
      ],
      "GO:0150047": [
        "ENSG00000183783",
        "ENSG00000183775"
      ],
      "GO:0140232": [],
      "GO:0098693": [],
      "GO:0097091": [
        "ENSG00000185666"
      ],
      "GO:0099532": [],
      "GO:0016079": [
        "ENSG00000198216",
        "ENSG00000163618"
      ],
      "GO:0098700": [],
      "GO:0099180": [],
      "GO:0097401": [],
      "GO:0048488": [],
      "GO:0099161": [],
      "GO:0051580": [],
      "GO:0099526": [],
      "GO:1905059": [],
      "GO:0099567": [],
      "GO:1905060": [],
      "GO:0098695": [],
      "GO:0099583": [
        "ENSG00000152822"
      ],
      "GO:0140233": [
        "ENSG00000183775"
      ],
      "GO:1904315": [
        "ENSG00000182256"
      ],
      "GO:1905030": [],
      "GO:0099645": [
        "ENSG00000178568",
        "ENSG00000166342",
        "ENSG00000183098"
      ],
      "GO:0098967": [],
      "GO:0098970": [],
      "GO:0098884": [
        "ENSG00000157168"
      ],
      "GO:0150044": [],
      "GO:0099527": [
        "ENSG00000157168",
        "ENSG00000096968"
      ],
      "GO:0099541": [],
      "GO:0099540": [],
      "GO:0099543": [],
      "GO:0099545": [
        "ENSG00000169306"
      ],
      "GO:0099157": [],
      "GO:0099183": [],
      "GO:0099550": [],
      "GO:0007268": [
        "ENSG00000101333",
        "ENSG00000096968",
        "ENSG00000170558",
        "ENSG00000148948",
        "ENSG00000138814",
        "ENSG00000187323",
        "ENSG00000154146"
      ],
      "GO:0150045": [],
      "GO:0099174": [
        "ENSG00000157445"
      ],
      "GO:0099175": [
        "ENSG00000169306",
        "ENSG00000182771"
      ],
      "GO:0099084": [],
      "GO:0099010": [
        "ENSG00000169398"
      ],
      "GO:0099564": [],
      "GO:1905244": [],
      "GO:0099181": [],
      "GO:0099186": [],
      "GO:0099179": [],
      "GO:0099054": [],
      "GO:0051963": [
        "ENSG00000169306",
        "ENSG00000157168",
        "ENSG00000185070",
        "ENSG00000169851",
        "ENSG00000108684"
      ],
      "GO:0098698": [
        "ENSG00000197555"
      ],
      "GO:0097104": [],
      "GO:1905806": [],
      "GO:0090128": [],
      "GO:0099559": [
        "ENSG00000149256"
      ],
      "GO:0098880": [],
      "GO:0099140": [],
      "GO:0098974": [
        "ENSG00000197555"
      ],
      "GO:0099190": [
        "ENSG00000149256"
      ],
      "SYNGO:presyn_regulationATPmetabolic": [],
      "GO:0099576": [],
      "GO:0099575": [],
      "GO:0099578": [],
      "GO:0099577": [],
      "GO:0140247": [],
      "GO:0140249": [],
      "GO:0140236": [],
      "GO:0140242": [],
      "GO:0098930": [
        "ENSG00000166342"
      ],
      "GO:0098935": [],
      "GO:0099517": [],
      "GO:0099158": [],
      "GO:0098968": [],
      "GO:0098877": [],
      "GO:0098943": [],
      "GO:0016182": [],
      "GO:0016189": [],
      "GO:0099502": [],
      "GO:2000300": [
        "ENSG00000198216"
      ],
      "GO:0016081": [],
      "GO:0031629": [],
      "GO:0016082": [
        "ENSG00000163618"
      ],
      "GO:0099162": [],
      "GO:1901546": [],
      "GO:1900242": [],
      "GO:0016185": [],
      "GO:0016191": [],
      "GO:0098872": [
        "ENSG00000152822"
      ],
      "GO:0099579": [
        "ENSG00000183775"
      ],
      "GO:0098696": [
        "ENSG00000183098"
      ],
      "GO:0099145": [],
      "GO:0150054": [],
      "GO:0099149": [
        "ENSG00000157168"
      ],
      "GO:1905539": [
        "ENSG00000096968"
      ],
      "GO:0099542": [],
      "GO:0099548": [],
      "GO:0098942": [],
      "GO:0099557": [],
      "GO:0150035": [],
      "GO:0050804": [
        "ENSG00000101333",
        "ENSG00000096968",
        "ENSG00000170558",
        "ENSG00000148948"
      ],
      "GO:0099531": [],
      "GO:0099565": [
        "ENSG00000138814",
        "ENSG00000187323",
        "ENSG00000154146"
      ],
      "GO:0099159": [],
      "GO:0098885": [
        "ENSG00000169398"
      ],
      "GO:0098987": [],
      "GO:0098882": [],
      "GO:0098699": [],
      "GO:0098973": [],
      "GO:0099184": [],
      "GO:0098879": [],
      "GO:0098919": [],
      "GO:1905606": [
        "ENSG00000169306",
        "ENSG00000157168"
      ],
      "GO:0150052": [
        "ENSG00000185070",
        "ENSG00000169851",
        "ENSG00000108684"
      ],
      "GO:0099150": [],
      "GO:0097107": [
        "ENSG00000197555"
      ],
      "GO:0099562": [],
      "GO:0140251": [],
      "GO:0140252": [],
      "GO:0140245": [],
      "GO:0008089": [
        "ENSG00000166342"
      ],
      "GO:0099088": [],
      "GO:0098937": [],
      "GO:0098939": [],
      "GO:0098961": [],
      "GO:0098934": [],
      "GO:0048490": [],
      "GO:0098969": [],
      "GO:0099639": [],
      "GO:0150037": [],
      "GO:0099148": [],
      "GO:0031630": [],
      "GO:0010807": [],
      "GO:0098694": [],
      "GO:0098921": [],
      "GO:0099553": [],
      "GO:0099555": [],
      "GO:0099171": [],
      "GO:0099170": [
        "ENSG00000138814",
        "ENSG00000187323",
        "ENSG00000154146"
      ],
      "GO:1905274": [
        "ENSG00000169398"
      ],
      "GO:0099151": [
        "ENSG00000197555"
      ],
      "GO:0099641": [],
      "GO:0140231": [
        "ENSG00000166342"
      ],
      "GO:0098971": [],
      "GO:0098963": [],
      "GO:1903742": [],
      "GO:0098887": [],
      "GO:0099178": [],
      "GO:0150036": [],
      "GO:0098925": [],
      "GO:0098964": [],
      "GO:0099152": []
    },
    "entrez_id": {
      "SYNGO:synprocess": [
        "777",
        "6323",
        "386617",
        "57528",
        "8224",
        "8618",
        "2911",
        "2567",
        "81832",
        "2894",
        "2066",
        "10082",
        "3084",
        "3717",
        "11141",
        "5332",
        "1000",
        "57689",
        "5530",
        "1630",
        "4900",
        "55799",
        "5747",
        "10371",
        "8404",
        "5800",
        "26011",
        "23768",
        "5099",
        "40",
        "26037",
        "91584"
      ],
      "SYNGO:presynprocess": [
        "777",
        "6323",
        "386617",
        "57528",
        "8224",
        "8618"
      ],
      "SYNGO:postsynprocess": [
        "2911",
        "57528",
        "2567",
        "81832",
        "2894",
        "2066",
        "10082",
        "3084",
        "3717"
      ],
      "GO:0099536": [
        "11141",
        "5332",
        "3717",
        "1000",
        "57689",
        "5530",
        "1630",
        "4900"
      ],
      "GO:0050808": [
        "55799",
        "11141",
        "2894",
        "5747",
        "10371",
        "8404",
        "5800",
        "57689",
        "3084",
        "26011",
        "2066",
        "23768",
        "5099",
        "40",
        "26037",
        "91584"
      ],
      "SYNGO:metabolism": [],
      "SYNGO:transport": [
        "81832"
      ],
      "GO:0099509": [
        "777"
      ],
      "GO:0099505": [
        "6323",
        "386617",
        "57528"
      ],
      "GO:0140238": [],
      "GO:0099504": [
        "8224",
        "777",
        "8618"
      ],
      "GO:0099525": [
        "8618"
      ],
      "GO:0001504": [],
      "GO:0098810": [],
      "SYNGO:presyn_chaperoneProteinFolding": [],
      "GO:0098928": [],
      "GO:0099566": [
        "2911"
      ],
      "GO:0060078": [
        "57528",
        "2567"
      ],
      "GO:0098962": [
        "81832"
      ],
      "GO:0099072": [
        "2894",
        "2066",
        "81832",
        "10082",
        "3084"
      ],
      "GO:0140239": [],
      "GO:0150038": [],
      "GO:0098926": [
        "3084",
        "3717"
      ],
      "GO:0099537": [
        "11141",
        "5332",
        "3717",
        "1000",
        "57689",
        "5530",
        "1630",
        "4900"
      ],
      "GO:0099538": [],
      "GO:0099163": [],
      "GO:0099172": [
        "55799"
      ],
      "GO:0099173": [
        "11141",
        "2894"
      ],
      "GO:0099563": [
        "5747"
      ],
      "GO:0050807": [
        "10371",
        "8404",
        "5800"
      ],
      "GO:0098918": [],
      "GO:0150043": [],
      "GO:0099560": [
        "8404",
        "57689",
        "3084",
        "26011"
      ],
      "GO:0008039": [
        "10371"
      ],
      "GO:0007416": [
        "2066",
        "11141",
        "3084",
        "23768",
        "5099",
        "40",
        "26037"
      ],
      "GO:0098883": [],
      "GO:0060074": [],
      "GO:0099558": [
        "10371",
        "91584",
        "26011"
      ],
      "GO:0099187": [],
      "GO:0099188": [
        "26037",
        "26011"
      ],
      "SYNGO:presyn_ATPmetabolic": [],
      "SYNGO:postsyn_ATPmetabolic": [],
      "GO:0099546": [],
      "GO:0099574": [],
      "GO:0099547": [],
      "GO:0042135": [],
      "GO:0140246": [],
      "GO:0042136": [],
      "GO:0140241": [],
      "GO:0140235": [],
      "GO:0008088": [
        "81832"
      ],
      "GO:0099514": [],
      "GO:0099090": [],
      "GO:0099089": [],
      "GO:0099637": [],
      "GO:1905056": [],
      "GO:0099534": [],
      "GO:0099626": [
        "777"
      ],
      "GO:0099507": [],
      "GO:0099508": [
        "6323"
      ],
      "GO:0150047": [
        "386617",
        "57528"
      ],
      "GO:0140232": [],
      "GO:0098693": [],
      "GO:0097091": [
        "8224"
      ],
      "GO:0099532": [],
      "GO:0016079": [
        "777",
        "8618"
      ],
      "GO:0098700": [],
      "GO:0099180": [],
      "GO:0097401": [],
      "GO:0048488": [],
      "GO:0099161": [],
      "GO:0051580": [],
      "GO:0099526": [],
      "GO:1905059": [],
      "GO:0099567": [],
      "GO:1905060": [],
      "GO:0098695": [],
      "GO:0099583": [
        "2911"
      ],
      "GO:0140233": [
        "57528"
      ],
      "GO:1904315": [
        "2567"
      ],
      "GO:1905030": [],
      "GO:0099645": [
        "2066",
        "81832",
        "10082"
      ],
      "GO:0098967": [],
      "GO:0098970": [],
      "GO:0098884": [
        "3084"
      ],
      "GO:0150044": [],
      "GO:0099527": [
        "3084",
        "3717"
      ],
      "GO:0099541": [],
      "GO:0099540": [],
      "GO:0099543": [],
      "GO:0099545": [
        "11141"
      ],
      "GO:0099157": [],
      "GO:0099183": [],
      "GO:0099550": [],
      "GO:0007268": [
        "5332",
        "3717",
        "1000",
        "57689",
        "5530",
        "1630",
        "4900"
      ],
      "GO:0150045": [],
      "GO:0099174": [
        "55799"
      ],
      "GO:0099175": [
        "11141",
        "2894"
      ],
      "GO:0099084": [],
      "GO:0099010": [
        "5747"
      ],
      "GO:0099564": [],
      "GO:1905244": [],
      "GO:0099181": [],
      "GO:0099186": [],
      "GO:0099179": [],
      "GO:0099054": [],
      "GO:0051963": [
        "11141",
        "3084",
        "23768",
        "5099",
        "40"
      ],
      "GO:0098698": [
        "26037"
      ],
      "GO:0097104": [],
      "GO:1905806": [],
      "GO:0090128": [],
      "GO:0099559": [
        "26011"
      ],
      "GO:0098880": [],
      "GO:0099140": [],
      "GO:0098974": [
        "26037"
      ],
      "GO:0099190": [
        "26011"
      ],
      "SYNGO:presyn_regulationATPmetabolic": [],
      "GO:0099576": [],
      "GO:0099575": [],
      "GO:0099578": [],
      "GO:0099577": [],
      "GO:0140247": [],
      "GO:0140249": [],
      "GO:0140236": [],
      "GO:0140242": [],
      "GO:0098930": [
        "81832"
      ],
      "GO:0098935": [],
      "GO:0099517": [],
      "GO:0099158": [],
      "GO:0098968": [],
      "GO:0098877": [],
      "GO:0098943": [],
      "GO:0016182": [],
      "GO:0016189": [],
      "GO:0099502": [],
      "GO:2000300": [
        "777"
      ],
      "GO:0016081": [],
      "GO:0031629": [],
      "GO:0016082": [
        "8618"
      ],
      "GO:0099162": [],
      "GO:1901546": [],
      "GO:1900242": [],
      "GO:0016185": [],
      "GO:0016191": [],
      "GO:0098872": [
        "2911"
      ],
      "GO:0099579": [
        "57528"
      ],
      "GO:0098696": [
        "10082"
      ],
      "GO:0099145": [],
      "GO:0150054": [],
      "GO:0099149": [
        "3084"
      ],
      "GO:1905539": [
        "3717"
      ],
      "GO:0099542": [],
      "GO:0099548": [],
      "GO:0098942": [],
      "GO:0099557": [],
      "GO:0150035": [],
      "GO:0050804": [
        "5332",
        "3717",
        "1000",
        "57689"
      ],
      "GO:0099531": [],
      "GO:0099565": [
        "5530",
        "1630",
        "4900"
      ],
      "GO:0099159": [],
      "GO:0098885": [
        "5747"
      ],
      "GO:0098987": [],
      "GO:0098882": [],
      "GO:0098699": [],
      "GO:0098973": [],
      "GO:0099184": [],
      "GO:0098879": [],
      "GO:0098919": [],
      "GO:1905606": [
        "11141",
        "3084"
      ],
      "GO:0150052": [
        "23768",
        "5099",
        "40"
      ],
      "GO:0099150": [],
      "GO:0097107": [
        "26037"
      ],
      "GO:0099562": [],
      "GO:0140251": [],
      "GO:0140252": [],
      "GO:0140245": [],
      "GO:0008089": [
        "81832"
      ],
      "GO:0099088": [],
      "GO:0098937": [],
      "GO:0098939": [],
      "GO:0098961": [],
      "GO:0098934": [],
      "GO:0048490": [],
      "GO:0098969": [],
      "GO:0099639": [],
      "GO:0150037": [],
      "GO:0099148": [],
      "GO:0031630": [],
      "GO:0010807": [],
      "GO:0098694": [],
      "GO:0098921": [],
      "GO:0099553": [],
      "GO:0099555": [],
      "GO:0099171": [],
      "GO:0099170": [
        "5530",
        "1630",
        "4900"
      ],
      "GO:1905274": [
        "5747"
      ],
      "GO:0099151": [
        "26037"
      ],
      "GO:0099641": [],
      "GO:0140231": [
        "81832"
      ],
      "GO:0098971": [],
      "GO:0098963": [],
      "GO:1903742": [],
      "GO:0098887": [],
      "GO:0099178": [],
      "GO:0150036": [],
      "GO:0098925": [],
      "GO:0098964": [],
      "GO:0099152": []
    }
  }
}