[
  {
    "user_input_genelist": "ADAMTS17",
    "idmap": []
  },
  {
    "user_input_genelist": "ABCA1",
    "idmap": []
  },
  {
    "user_input_genelist": "DCHS2",
    "idmap": []
  },
  {
    "user_input_genelist": "SGCD",
    "idmap": []
  },
  {
    "user_input_genelist": "LOC105371833",
    "idmap": []
  },
  {
    "user_input_genelist": "DACH1",
    "idmap": []
  },
  {
    "user_input_genelist": "LOC101927389",
    "idmap": []
  },
  {
    "user_input_genelist": "TRPC4",
    "idmap": []
  },
  {
    "user_input_genelist": "MYO1B",
    "idmap": []
  },
  {
    "user_input_genelist": "ADARB2",
    "idmap": []
  },
  {
    "user_input_genelist": "NPFFR2",
    "idmap": []
  },
  {
    "user_input_genelist": "SPOCK3",
    "idmap": []
  },
  {
    "user_input_genelist": "ARHGAP24",
    "idmap": []
  },
  {
    "user_input_genelist": "RERG",
    "idmap": []
  },
  {
    "user_input_genelist": "ANKRD20A5P",
    "idmap": []
  },
  {
    "user_input_genelist": "SAMD5",
    "idmap": []
  },
  {
    "user_input_genelist": "TNC",
    "idmap": [
      {
        "ensembl_id": "ENSG00000041982",
        "entrez_id": "3371",
        "hgnc_id": "HGNC:5318",
        "hgnc_name": "tenascin C",
        "hgnc_symbol": "TNC",
        "hgnc_synonyms": [
          "MGC167029",
          "HXB",
          "DFNA56"
        ],
        "user_input_genelist": [
          "TNC"
        ]
      }
    ]
  },
  {
    "user_input_genelist": "LOC101928964",
    "idmap": []
  },
  {
    "user_input_genelist": "PBX3",
    "idmap": []
  },
  {
    "user_input_genelist": "ART3",
    "idmap": []
  },
  {
    "user_input_genelist": "LOC105369407",
    "idmap": []
  },
  {
    "user_input_genelist": "USH2A",
    "idmap": []
  },
  {
    "user_input_genelist": "EPB41L4A",
    "idmap": []
  },
  {
    "user_input_genelist": "PLXDC2",
    "idmap": []
  },
  {
    "user_input_genelist": "ITPR2",
    "idmap": []
  },
  {
    "user_input_genelist": "UNC5C",
    "idmap": []
  },
  {
    "user_input_genelist": "ITGB8",
    "idmap": []
  },
  {
    "user_input_genelist": "PITPNC1",
    "idmap": []
  },
  {
    "user_input_genelist": "ERBB4",
    "idmap": [
      {
        "ensembl_id": "ENSG00000178568",
        "entrez_id": "2066",
        "hgnc_id": "HGNC:3432",
        "hgnc_name": "erb-b2 receptor tyrosine kinase 4",
        "hgnc_symbol": "ERBB4",
        "hgnc_synonyms": [
          "ALS19",
          "HER4"
        ],
        "user_input_genelist": [
          "ERBB4"
        ]
      }
    ]
  },
  {
    "user_input_genelist": "ROBO1",
    "idmap": []
  },
  {
    "user_input_genelist": "CUX1",
    "idmap": []
  },
  {
    "user_input_genelist": "ESRRG",
    "idmap": []
  },
  {
    "user_input_genelist": "INSYN2B",
    "idmap": []
  },
  {
    "user_input_genelist": "SASH1",
    "idmap": []
  },
  {
    "user_input_genelist": "KCTD8",
    "idmap": [
      {
        "ensembl_id": "ENSG00000183783",
        "entrez_id": "386617",
        "hgnc_id": "HGNC:22394",
        "hgnc_name": "potassium channel tetramerization domain containing 8",
        "hgnc_symbol": "KCTD8",
        "hgnc_synonyms": [],
        "user_input_genelist": [
          "KCTD8"
        ]
      }
    ]
  },
  {
    "user_input_genelist": "PLCB4",
    "idmap": [
      {
        "ensembl_id": "ENSG00000101333",
        "entrez_id": "5332",
        "hgnc_id": "HGNC:9059",
        "hgnc_name": "phospholipase C beta 4",
        "hgnc_symbol": "PLCB4",
        "hgnc_synonyms": [],
        "user_input_genelist": [
          "PLCB4"
        ]
      }
    ]
  },
  {
    "user_input_genelist": "SDK1",
    "idmap": []
  },
  {
    "user_input_genelist": "INPP4B",
    "idmap": []
  },
  {
    "user_input_genelist": "RIT2",
    "idmap": []
  },
  {
    "user_input_genelist": "SLC38A11",
    "idmap": []
  },
  {
    "user_input_genelist": "B3GALT1",
    "idmap": []
  },
  {
    "user_input_genelist": "TRPS1",
    "idmap": []
  },
  {
    "user_input_genelist": "LOC105376081",
    "idmap": []
  },
  {
    "user_input_genelist": "SPOCK1",
    "idmap": [
      {
        "ensembl_id": "ENSG00000152377",
        "entrez_id": "6695",
        "hgnc_id": "HGNC:11251",
        "hgnc_name": "SPARC (osteonectin), cwcv and kazal like domains proteoglycan 1",
        "hgnc_symbol": "SPOCK1",
        "hgnc_synonyms": [
          "TESTICAN-1",
          "TIC1",
          "SPOCK"
        ],
        "user_input_genelist": [
          "SPOCK1"
        ]
      }
    ]
  },
  {
    "user_input_genelist": "GPC6",
    "idmap": [
      {
        "ensembl_id": "ENSG00000183098",
        "entrez_id": "10082",
        "hgnc_id": "HGNC:4454",
        "hgnc_name": "glypican 6",
        "hgnc_symbol": "GPC6",
        "hgnc_synonyms": [],
        "user_input_genelist": [
          "GPC6"
        ]
      }
    ]
  },
  {
    "user_input_genelist": "ME1",
    "idmap": []
  },
  {
    "user_input_genelist": "CNKSR3",
    "idmap": []
  },
  {
    "user_input_genelist": "NPAS3",
    "idmap": []
  },
  {
    "user_input_genelist": "SOX5",
    "idmap": []
  },
  {
    "user_input_genelist": "ZNF804A",
    "idmap": []
  },
  {
    "user_input_genelist": "GAB1",
    "idmap": []
  },
  {
    "user_input_genelist": "KCNMB2",
    "idmap": []
  },
  {
    "user_input_genelist": "TAFA2",
    "idmap": []
  },
  {
    "user_input_genelist": "LAMA4",
    "idmap": [
      {
        "ensembl_id": "ENSG00000112769",
        "entrez_id": "3910",
        "hgnc_id": "HGNC:6484",
        "hgnc_name": "laminin subunit alpha 4",
        "hgnc_symbol": "LAMA4",
        "hgnc_synonyms": [],
        "user_input_genelist": [
          "LAMA4"
        ]
      }
    ]
  },
  {
    "user_input_genelist": "PLD5",
    "idmap": []
  },
  {
    "user_input_genelist": "LOC101929680",
    "idmap": []
  },
  {
    "user_input_genelist": "SEMA3A",
    "idmap": [
      {
        "ensembl_id": "ENSG00000075213",
        "entrez_id": "10371",
        "hgnc_id": "HGNC:10723",
        "hgnc_name": "semaphorin 3A",
        "hgnc_symbol": "SEMA3A",
        "hgnc_synonyms": [
          "SEMA1",
          "SEMD",
          "COLL-1",
          "HSEMA-I",
          "SEMAD"
        ],
        "user_input_genelist": [
          "SEMA3A"
        ]
      }
    ]
  },
  {
    "user_input_genelist": "COL19A1",
    "idmap": []
  },
  {
    "user_input_genelist": "EPHA5",
    "idmap": []
  },
  {
    "user_input_genelist": "ASIC2",
    "idmap": [
      {
        "ensembl_id": "ENSG00000108684",
        "entrez_id": "40",
        "hgnc_id": "HGNC:99",
        "hgnc_name": "acid sensing ion channel subunit 2",
        "hgnc_symbol": "ASIC2",
        "hgnc_synonyms": [
          "ASIC2A",
          "BNAC1",
          "HBNAC1",
          "MDEG",
          "ACCN",
          "ACCN1"
        ],
        "user_input_genelist": [
          "ASIC2"
        ]
      }
    ]
  },
  {
    "user_input_genelist": "TMEM196",
    "idmap": []
  },
  {
    "user_input_genelist": "KIAA0922",
    "idmap": []
  },
  {
    "user_input_genelist": "CA10",
    "idmap": []
  },
  {
    "user_input_genelist": "TRPC5",
    "idmap": [
      {
        "ensembl_id": "ENSG00000072315",
        "entrez_id": "7224",
        "hgnc_id": "HGNC:12337",
        "hgnc_name": "transient receptor potential cation channel subfamily C member 5",
        "hgnc_symbol": "TRPC5",
        "hgnc_synonyms": [
          "PPP1R159"
        ],
        "user_input_genelist": [
          "TRPC5"
        ]
      }
    ]
  },
  {
    "user_input_genelist": "FNDC3B",
    "idmap": []
  },
  {
    "user_input_genelist": "GABRG3",
    "idmap": [
      {
        "ensembl_id": "ENSG00000182256",
        "entrez_id": "2567",
        "hgnc_id": "HGNC:4088",
        "hgnc_name": "gamma-aminobutyric acid type A receptor subunit gamma3",
        "hgnc_symbol": "GABRG3",
        "hgnc_synonyms": [],
        "user_input_genelist": [
          "GABRG3"
        ]
      }
    ]
  },
  {
    "user_input_genelist": "TENM4",
    "idmap": [
      {
        "ensembl_id": "ENSG00000149256",
        "entrez_id": "26011",
        "hgnc_id": "HGNC:29945",
        "hgnc_name": "teneurin transmembrane protein 4",
        "hgnc_symbol": "TENM4",
        "hgnc_synonyms": [
          "KIAA1302",
          "TEN-M4",
          "TEN4",
          "DOC4",
          "ODZ4"
        ],
        "user_input_genelist": [
          "TENM4"
        ]
      }
    ]
  },
  {
    "user_input_genelist": "CACNA1E",
    "idmap": [
      {
        "ensembl_id": "ENSG00000198216",
        "entrez_id": "777",
        "hgnc_id": "HGNC:1392",
        "hgnc_name": "calcium voltage-gated channel subunit alpha1 E",
        "hgnc_symbol": "CACNA1E",
        "hgnc_synonyms": [
          "CAV2.3",
          "BII",
          "CACH6",
          "CACNL1A6"
        ],
        "user_input_genelist": [
          "CACNA1E"
        ]
      }
    ]
  },
  {
    "user_input_genelist": "SYN3",
    "idmap": [
      {
        "ensembl_id": "ENSG00000185666",
        "entrez_id": "8224",
        "hgnc_id": "HGNC:11496",
        "hgnc_name": "synapsin III",
        "hgnc_symbol": "SYN3",
        "hgnc_synonyms": [],
        "user_input_genelist": [
          "SYN3"
        ]
      }
    ]
  },
  {
    "user_input_genelist": "LINGO2",
    "idmap": [
      {
        "ensembl_id": "ENSG00000174482",
        "entrez_id": "158038",
        "hgnc_id": "HGNC:21207",
        "hgnc_name": "leucine rich repeat and Ig domain containing 2",
        "hgnc_symbol": "LINGO2",
        "hgnc_synonyms": [
          "LERN3",
          "LRRN6C"
        ],
        "user_input_genelist": [
          "LINGO2"
        ]
      }
    ]
  },
  {
    "user_input_genelist": "CACNA2D3",
    "idmap": [
      {
        "ensembl_id": "ENSG00000157445",
        "entrez_id": "55799",
        "hgnc_id": "HGNC:15460",
        "hgnc_name": "calcium voltage-gated channel auxiliary subunit alpha2delta 3",
        "hgnc_symbol": "CACNA2D3",
        "hgnc_synonyms": [
          "HSA272268",
          "ALPHA2DELTA-3"
        ],
        "user_input_genelist": [
          "CACNA2D3"
        ]
      }
    ]
  },
  {
    "user_input_genelist": "B3GLCT",
    "idmap": []
  },
  {
    "user_input_genelist": "CDH12",
    "idmap": []
  },
  {
    "user_input_genelist": "SIPA1L1",
    "idmap": [
      {
        "ensembl_id": "ENSG00000197555",
        "entrez_id": "26037",
        "hgnc_id": "HGNC:20284",
        "hgnc_name": "signal induced proliferation associated 1 like 1",
        "hgnc_symbol": "SIPA1L1",
        "hgnc_synonyms": [
          "KIAA0440",
          "E6TP1",
          "SPAR1"
        ],
        "user_input_genelist": [
          "SIPA1L1"
        ]
      }
    ]
  },
  {
    "user_input_genelist": "KIAA1958",
    "idmap": []
  },
  {
    "user_input_genelist": "C3ORF67-AS1",
    "idmap": []
  },
  {
    "user_input_genelist": "MMP16",
    "idmap": []
  },
  {
    "user_input_genelist": "NCAM2",
    "idmap": [
      {
        "ensembl_id": "ENSG00000154654",
        "entrez_id": "4685",
        "hgnc_id": "HGNC:7657",
        "hgnc_name": "neural cell adhesion molecule 2",
        "hgnc_symbol": "NCAM2",
        "hgnc_synonyms": [
          "NCAM21",
          "MGC51008"
        ],
        "user_input_genelist": [
          "NCAM2"
        ]
      }
    ]
  },
  {
    "user_input_genelist": "PDE8B",
    "idmap": []
  },
  {
    "user_input_genelist": "CSGALNACT1",
    "idmap": []
  },
  {
    "user_input_genelist": "TNKS",
    "idmap": []
  },
  {
    "user_input_genelist": "CDHR3",
    "idmap": []
  },
  {
    "user_input_genelist": "NT5DC1",
    "idmap": []
  },
  {
    "user_input_genelist": "NELL1",
    "idmap": []
  },
  {
    "user_input_genelist": "CNTN6",
    "idmap": [
      {
        "ensembl_id": "ENSG00000134115",
        "entrez_id": "27255",
        "hgnc_id": "HGNC:2176",
        "hgnc_name": "contactin 6",
        "hgnc_symbol": "CNTN6",
        "hgnc_synonyms": [
          "NB-3"
        ],
        "user_input_genelist": [
          "CNTN6"
        ]
      }
    ]
  },
  {
    "user_input_genelist": "CNTN4",
    "idmap": []
  },
  {
    "user_input_genelist": "HLF",
    "idmap": []
  },
  {
    "user_input_genelist": "PPP3CA",
    "idmap": [
      {
        "ensembl_id": "ENSG00000138814",
        "entrez_id": "5530",
        "hgnc_id": "HGNC:9314",
        "hgnc_name": "protein phosphatase 3 catalytic subunit alpha",
        "hgnc_symbol": "PPP3CA",
        "hgnc_synonyms": [
          "PPP2B",
          "CALN",
          "CALNA"
        ],
        "user_input_genelist": [
          "PPP3CA"
        ]
      }
    ]
  },
  {
    "user_input_genelist": "PTPRO",
    "idmap": [
      {
        "ensembl_id": "ENSG00000151490",
        "entrez_id": "5800",
        "hgnc_id": "HGNC:9678",
        "hgnc_name": "protein tyrosine phosphatase receptor type O",
        "hgnc_symbol": "PTPRO",
        "hgnc_synonyms": [
          "PTPU2",
          "GLEPP1",
          "PTP-U2",
          "PTP-OC",
          "NPHS6"
        ],
        "user_input_genelist": [
          "PTPRO"
        ]
      }
    ]
  },
  {
    "user_input_genelist": "JAK2",
    "idmap": [
      {
        "ensembl_id": "ENSG00000096968",
        "entrez_id": "3717",
        "hgnc_id": "HGNC:6192",
        "hgnc_name": "Janus kinase 2",
        "hgnc_symbol": "JAK2",
        "hgnc_synonyms": [
          "JTK10"
        ],
        "user_input_genelist": [
          "JAK2"
        ]
      }
    ]
  },
  {
    "user_input_genelist": "SGCZ",
    "idmap": []
  },
  {
    "user_input_genelist": "SCN1A",
    "idmap": [
      {
        "ensembl_id": "ENSG00000144285",
        "entrez_id": "6323",
        "hgnc_id": "HGNC:10585",
        "hgnc_name": "sodium voltage-gated channel alpha subunit 1",
        "hgnc_symbol": "SCN1A",
        "hgnc_synonyms": [
          "NAV1.1",
          "GEFSP2",
          "SMEI",
          "SCN1",
          "FEB3"
        ],
        "user_input_genelist": [
          "SCN1A"
        ]
      }
    ]
  },
  {
    "user_input_genelist": "HS3ST5",
    "idmap": []
  },
  {
    "user_input_genelist": "ZFPM2",
    "idmap": []
  },
  {
    "user_input_genelist": "TMEM132D",
    "idmap": []
  },
  {
    "user_input_genelist": "NRG1",
    "idmap": [
      {
        "ensembl_id": "ENSG00000157168",
        "entrez_id": "3084",
        "hgnc_id": "HGNC:7997",
        "hgnc_name": "neuregulin 1",
        "hgnc_symbol": "NRG1",
        "hgnc_synonyms": [
          "NDF",
          "GGF",
          "NRG1-IT2"
        ],
        "user_input_genelist": [
          "NRG1"
        ]
      }
    ]
  },
  {
    "user_input_genelist": "PRKD1",
    "idmap": []
  },
  {
    "user_input_genelist": "LSAMP",
    "idmap": [
      {
        "ensembl_id": "ENSG00000185565",
        "entrez_id": "4045",
        "hgnc_id": "HGNC:6705",
        "hgnc_name": "limbic system associated membrane protein",
        "hgnc_symbol": "LSAMP",
        "hgnc_synonyms": [
          "IGLON3"
        ],
        "user_input_genelist": [
          "LSAMP"
        ]
      }
    ]
  },
  {
    "user_input_genelist": "SLC44A1",
    "idmap": []
  },
  {
    "user_input_genelist": "NEFM",
    "idmap": [
      {
        "ensembl_id": "ENSG00000104722",
        "entrez_id": "4741",
        "hgnc_id": "HGNC:7734",
        "hgnc_name": "neurofilament medium chain",
        "hgnc_symbol": "NEFM",
        "hgnc_synonyms": [
          "NFM",
          "NF-M",
          "NEF3"
        ],
        "user_input_genelist": [
          "NEFM"
        ]
      }
    ]
  },
  {
    "user_input_genelist": "CADPS",
    "idmap": [
      {
        "ensembl_id": "ENSG00000163618",
        "entrez_id": "8618",
        "hgnc_id": "HGNC:1426",
        "hgnc_name": "calcium dependent secretion activator",
        "hgnc_symbol": "CADPS",
        "hgnc_synonyms": [
          "KIAA1121",
          "UNC-31",
          "CADPS1"
        ],
        "user_input_genelist": [
          "CADPS"
        ]
      }
    ]
  },
  {
    "user_input_genelist": "GAS2",
    "idmap": []
  },
  {
    "user_input_genelist": "PTK2",
    "idmap": [
      {
        "ensembl_id": "ENSG00000169398",
        "entrez_id": "5747",
        "hgnc_id": "HGNC:9611",
        "hgnc_name": "protein tyrosine kinase 2",
        "hgnc_symbol": "PTK2",
        "hgnc_synonyms": [
          "FAK",
          "FADK",
          "FAK1",
          "PPP1R71"
        ],
        "user_input_genelist": [
          "PTK2"
        ]
      }
    ]
  },
  {
    "user_input_genelist": "LOC101927335",
    "idmap": []
  },
  {
    "user_input_genelist": "KIAA0930",
    "idmap": []
  },
  {
    "user_input_genelist": "KIAA1598",
    "idmap": []
  },
  {
    "user_input_genelist": "SCN1B",
    "idmap": []
  },
  {
    "user_input_genelist": "RPS6KA2",
    "idmap": []
  },
  {
    "user_input_genelist": "KCTD1",
    "idmap": []
  },
  {
    "user_input_genelist": "GRID1",
    "idmap": [
      {
        "ensembl_id": "ENSG00000182771",
        "entrez_id": "2894",
        "hgnc_id": "HGNC:4575",
        "hgnc_name": "glutamate ionotropic receptor delta type subunit 1",
        "hgnc_symbol": "GRID1",
        "hgnc_synonyms": [
          "KIAA1220"
        ],
        "user_input_genelist": [
          "GRID1"
        ]
      }
    ]
  },
  {
    "user_input_genelist": "NRGN",
    "idmap": [
      {
        "ensembl_id": "ENSG00000154146",
        "entrez_id": "4900",
        "hgnc_id": "HGNC:8000",
        "hgnc_name": "neurogranin",
        "hgnc_symbol": "NRGN",
        "hgnc_synonyms": [],
        "user_input_genelist": [
          "NRGN"
        ]
      }
    ]
  },
  {
    "user_input_genelist": "PLXNA4",
    "idmap": [
      {
        "ensembl_id": "ENSG00000221866",
        "entrez_id": "91584",
        "hgnc_id": "HGNC:9102",
        "hgnc_name": "plexin A4",
        "hgnc_symbol": "PLXNA4",
        "hgnc_synonyms": [
          "KIAA1550",
          "DKFZP434G0625PRO34003",
          "FAYV2820",
          "PLXNA4A",
          "PLXNA4B"
        ],
        "user_input_genelist": [
          "PLXNA4"
        ]
      }
    ]
  },
  {
    "user_input_genelist": "PLEKHA5",
    "idmap": [
      {
        "ensembl_id": "ENSG00000052126",
        "entrez_id": "54477",
        "hgnc_id": "HGNC:30036",
        "hgnc_name": "pleckstrin homology domain containing A5",
        "hgnc_symbol": "PLEKHA5",
        "hgnc_synonyms": [
          "KIAA1686",
          "FLJ10667"
        ],
        "user_input_genelist": [
          "PLEKHA5"
        ]
      }
    ]
  },
  {
    "user_input_genelist": "KHDRBS2",
    "idmap": []
  },
  {
    "user_input_genelist": "PDZD2",
    "idmap": []
  },
  {
    "user_input_genelist": "CDH2",
    "idmap": [
      {
        "ensembl_id": "ENSG00000170558",
        "entrez_id": "1000",
        "hgnc_id": "HGNC:1759",
        "hgnc_name": "cadherin 2",
        "hgnc_symbol": "CDH2",
        "hgnc_synonyms": [
          "CDHN",
          "CD325",
          "NCAD"
        ],
        "user_input_genelist": [
          "CDH2"
        ]
      }
    ]
  },
  {
    "user_input_genelist": "CDH18",
    "idmap": []
  },
  {
    "user_input_genelist": "THEMIS",
    "idmap": []
  },
  {
    "user_input_genelist": "DCC",
    "idmap": [
      {
        "ensembl_id": "ENSG00000187323",
        "entrez_id": "1630",
        "hgnc_id": "HGNC:2701",
        "hgnc_name": "DCC netrin 1 receptor",
        "hgnc_symbol": "DCC",
        "hgnc_synonyms": [
          "IGDCC1",
          "NTN1R1"
        ],
        "user_input_genelist": [
          "DCC"
        ]
      }
    ]
  },
  {
    "user_input_genelist": "NETO1",
    "idmap": [
      {
        "ensembl_id": "ENSG00000166342",
        "entrez_id": "81832",
        "hgnc_id": "HGNC:13823",
        "hgnc_name": "neuropilin and tolloid like 1",
        "hgnc_symbol": "NETO1",
        "hgnc_synonyms": [
          "BTCL1",
          "BCTL1"
        ],
        "user_input_genelist": [
          "NETO1"
        ]
      }
    ]
  },
  {
    "user_input_genelist": "CTDSPL",
    "idmap": []
  },
  {
    "user_input_genelist": "KCNH5",
    "idmap": []
  },
  {
    "user_input_genelist": "MAGI3",
    "idmap": [
      {
        "ensembl_id": "ENSG00000081026",
        "entrez_id": "260425",
        "hgnc_id": "HGNC:29647",
        "hgnc_name": "membrane associated guanylate kinase, WW and PDZ domain containing 3",
        "hgnc_symbol": "MAGI3",
        "hgnc_synonyms": [
          "MAGI-3"
        ],
        "user_input_genelist": [
          "MAGI3"
        ]
      }
    ]
  },
  {
    "user_input_genelist": "KAZN",
    "idmap": []
  },
  {
    "user_input_genelist": "TESPA1",
    "idmap": []
  },
  {
    "user_input_genelist": "PPFIBP1",
    "idmap": []
  },
  {
    "user_input_genelist": "PTPRG",
    "idmap": []
  },
  {
    "user_input_genelist": "EDIL3",
    "idmap": []
  },
  {
    "user_input_genelist": "PCSK2",
    "idmap": []
  },
  {
    "user_input_genelist": "LRRC4C",
    "idmap": [
      {
        "ensembl_id": "ENSG00000148948",
        "entrez_id": "57689",
        "hgnc_id": "HGNC:29317",
        "hgnc_name": "leucine rich repeat containing 4C",
        "hgnc_symbol": "LRRC4C",
        "hgnc_synonyms": [
          "KIAA1580",
          "NGL-1"
        ],
        "user_input_genelist": [
          "LRRC4C"
        ]
      }
    ]
  },
  {
    "user_input_genelist": "LRP1B",
    "idmap": []
  },
  {
    "user_input_genelist": "BMPER",
    "idmap": []
  },
  {
    "user_input_genelist": "LOC100132891",
    "idmap": []
  },
  {
    "user_input_genelist": "TOX",
    "idmap": []
  },
  {
    "user_input_genelist": "IL1RAPL1",
    "idmap": [
      {
        "ensembl_id": "ENSG00000169306",
        "entrez_id": "11141",
        "hgnc_id": "HGNC:5996",
        "hgnc_name": "interleukin 1 receptor accessory protein like 1",
        "hgnc_symbol": "IL1RAPL1",
        "hgnc_synonyms": [
          "OPHN4",
          "TIGIRR-2",
          "IL1R8",
          "IL1RAPL-1",
          "IL1RAPL",
          "MRX34",
          "MRX21",
          "MRX10"
        ],
        "user_input_genelist": [
          "IL1RAPL1"
        ]
      }
    ]
  },
  {
    "user_input_genelist": "VWC2L",
    "idmap": []
  },
  {
    "user_input_genelist": "MEG3",
    "idmap": []
  },
  {
    "user_input_genelist": "PDZRN4",
    "idmap": []
  },
  {
    "user_input_genelist": "SPARCL1",
    "idmap": [
      {
        "ensembl_id": "ENSG00000152583",
        "entrez_id": "8404",
        "hgnc_id": "HGNC:11220",
        "hgnc_name": "SPARC like 1",
        "hgnc_symbol": "SPARCL1",
        "hgnc_synonyms": [
          "MAST9"
        ],
        "user_input_genelist": [
          "SPARCL1"
        ]
      }
    ]
  },
  {
    "user_input_genelist": "KLF12",
    "idmap": []
  },
  {
    "user_input_genelist": "KCNH7",
    "idmap": []
  },
  {
    "user_input_genelist": "FLRT2",
    "idmap": [
      {
        "ensembl_id": "ENSG00000185070",
        "entrez_id": "23768",
        "hgnc_id": "HGNC:3761",
        "hgnc_name": "fibronectin leucine rich transmembrane protein 2",
        "hgnc_symbol": "FLRT2",
        "hgnc_synonyms": [],
        "user_input_genelist": [
          "FLRT2"
        ]
      }
    ]
  },
  {
    "user_input_genelist": "LOC105371308",
    "idmap": []
  },
  {
    "user_input_genelist": "KCTD16",
    "idmap": [
      {
        "ensembl_id": "ENSG00000183775",
        "entrez_id": "57528",
        "hgnc_id": "HGNC:29244",
        "hgnc_name": "potassium channel tetramerization domain containing 16",
        "hgnc_symbol": "KCTD16",
        "hgnc_synonyms": [
          "KIAA1317"
        ],
        "user_input_genelist": [
          "KCTD16"
        ]
      }
    ]
  },
  {
    "user_input_genelist": "ATRNL1",
    "idmap": []
  },
  {
    "user_input_genelist": "COL24A1",
    "idmap": []
  },
  {
    "user_input_genelist": "GRM1",
    "idmap": [
      {
        "ensembl_id": "ENSG00000152822",
        "entrez_id": "2911",
        "hgnc_id": "HGNC:4593",
        "hgnc_name": "glutamate metabotropic receptor 1",
        "hgnc_symbol": "GRM1",
        "hgnc_synonyms": [
          "GPRC1A",
          "MGLU1",
          "MGLUR1",
          "PPP1R85"
        ],
        "user_input_genelist": [
          "GRM1"
        ]
      }
    ]
  },
  {
    "user_input_genelist": "PCDH7",
    "idmap": [
      {
        "ensembl_id": "ENSG00000169851",
        "entrez_id": "5099",
        "hgnc_id": "HGNC:8659",
        "hgnc_name": "protocadherin 7",
        "hgnc_symbol": "PCDH7",
        "hgnc_synonyms": [
          "BH-PCDH",
          "PPP1R120"
        ],
        "user_input_genelist": [
          "PCDH7"
        ]
      }
    ]
  },
  {
    "user_input_genelist": "ZNF804B",
    "idmap": []
  }
]