{
  "direct": {
    "hgnc_id": {
      "GO:0045202": [
        "HGNC:3313",
        "HGNC:4454",
        "HGNC:1750",
        "HGNC:1765",
        "HGNC:2661"
      ],
      "GO:0097060": [],
      "GO:0098793": [
        "HGNC:23149",
        "HGNC:1426",
        "HGNC:19665",
        "HGNC:30765",
        "HGNC:2176",
        "HGNC:8607",
        "HGNC:9677",
        "HGNC:25209"
      ],
      "GO:0043083": [],
      "GO:0098794": [
        "HGNC:1441",
        "HGNC:7997",
        "HGNC:8607",
        "HGNC:6839",
        "HGNC:3380",
        "HGNC:2928",
        "HGNC:20990",
        "HGNC:5299"
      ],
      "GO:0099544": [],
      "GO:0099243": [],
      "GO:0099699": [
        "HGNC:7657"
      ],
      "GO:0099523": [
        "HGNC:9395",
        "HGNC:9401",
        "HGNC:19665"
      ],
      "GO:0099569": [],
      "GO:0048786": [
        "HGNC:1389"
      ],
      "GO:0098833": [],
      "GO:0098830": [],
      "GO:0008021": [
        "HGNC:19665"
      ],
      "GO:0098992": [
        "HGNC:30757"
      ],
      "GO:0042734": [],
      "SYNGO:presyn_ribosome": [],
      "SYNGO:presyn_er": [],
      "GO:0098965": [],
      "GO:0099524": [
        "HGNC:15917",
        "HGNC:1462"
      ],
      "GO:0099571": [],
      "GO:0097444": [
        "HGNC:8156"
      ],
      "GO:0150051": [],
      "GO:0099572": [
        "HGNC:2928"
      ],
      "GO:0098843": [],
      "GO:0098845": [],
      "GO:0045211": [],
      "SYNGO:postsyn_ribosome": [],
      "SYNGO:postsyn_er": [],
      "GO:0098966": [
        "HGNC:11953"
      ],
      "GO:0099182": [],
      "GO:0099143": [],
      "GO:0098831": [
        "HGNC:30339",
        "HGNC:2510"
      ],
      "GO:0048787": [],
      "GO:0098835": [],
      "GO:0098954": [],
      "GO:0034592": [],
      "GO:0030672": [
        "HGNC:8607"
      ],
      "GO:0099013": [],
      "GO:0099012": [],
      "GO:0099026": [
        "HGNC:2176"
      ],
      "GO:0098888": [
        "HGNC:19665",
        "HGNC:2510"
      ],
      "GO:0099056": [
        "HGNC:1389",
        "HGNC:2159",
        "HGNC:202",
        "HGNC:8156",
        "HGNC:14267",
        "HGNC:4582",
        "HGNC:4571",
        "HGNC:4573",
        "HGNC:4586",
        "HGNC:4595",
        "HGNC:7656"
      ],
      "SYNGO:presyn_er_membrane": [],
      "SYNGO:presyn_ser": [],
      "GO:0099160": [],
      "GO:0098871": [],
      "GO:0150050": [],
      "GO:0099189": [],
      "GO:0098897": [],
      "GO:0099091": [],
      "GO:0099634": [],
      "GO:0014069": [
        "HGNC:8592",
        "HGNC:18957",
        "HGNC:2516",
        "HGNC:30036",
        "HGNC:29007",
        "HGNC:8143",
        "HGNC:8659",
        "HGNC:30212"
      ],
      "GO:0099629": [],
      "GO:0098844": [],
      "GO:0098895": [],
      "GO:0098842": [],
      "GO:0098837": [],
      "GO:0099025": [],
      "GO:0098890": [
        "HGNC:18957",
        "HGNC:29943",
        "HGNC:2510"
      ],
      "GO:0099055": [
        "HGNC:8004",
        "HGNC:11068",
        "HGNC:8156",
        "HGNC:4571",
        "HGNC:4573",
        "HGNC:14267",
        "HGNC:4582",
        "HGNC:4595",
        "HGNC:18582",
        "HGNC:7656",
        "HGNC:6291",
        "HGNC:20974"
      ],
      "SYNGO:postsyn_er_membrane": [],
      "SYNGO:postsyn_ser": [],
      "GO:0099029": [],
      "GO:0098891": [],
      "GO:0099059": [
        "HGNC:4571",
        "HGNC:4574",
        "HGNC:4586",
        "HGNC:4600",
        "HGNC:7997",
        "HGNC:4573"
      ],
      "GO:0098894": [],
      "GO:0099067": [],
      "GO:0098993": [
        "HGNC:9767"
      ],
      "GO:0098850": [],
      "GO:0030285": [
        "HGNC:9677"
      ],
      "GO:0098674": [
        "HGNC:1426",
        "HGNC:19665"
      ],
      "GO:0099066": [],
      "SYNGO:presyn_er_membrane_integral": [],
      "SYNGO:presyn_ser_membrane": [],
      "GO:0099065": [],
      "GO:0098892": [],
      "GO:0099060": [
        "HGNC:3390"
      ],
      "GO:0099092": [
        "HGNC:2510",
        "HGNC:30765",
        "HGNC:30212",
        "HGNC:2906"
      ],
      "GO:0098839": [],
      "GO:0099164": [],
      "GO:0098999": [],
      "GO:0098896": [],
      "GO:0098944": [],
      "SYNGO:postsyn_er_membrane_integral": [],
      "SYNGO:postsyn_ser_membrane": [],
      "SYNGO:presyn_ser_membrane_integral": [],
      "GO:0099031": [
        "HGNC:2901"
      ],
      "GO:0099147": [
        "HGNC:2850"
      ],
      "GO:0099061": [
        "HGNC:5996",
        "HGNC:4571",
        "HGNC:4586",
        "HGNC:3390",
        "HGNC:1407",
        "HGNC:29317",
        "HGNC:4573",
        "HGNC:4574",
        "HGNC:16767",
        "HGNC:7997",
        "HGNC:17448",
        "HGNC:945",
        "HGNC:6144",
        "HGNC:10250",
        "HGNC:28451",
        "HGNC:99"
      ],
      "GO:0098998": [],
      "GO:0099033": [],
      "GO:0099063": [],
      "SYNGO:postsyn_ser_membrane_integral": []
    },
    "hgnc_symbol": {
      "GO:0045202": [
        "ELAVL2",
        "GPC6",
        "CDH11",
        "CDH6",
        "DAB1"
      ],
      "GO:0097060": [],
      "GO:0098793": [
        "UNC13C",
        "CADPS",
        "STXBP5",
        "TNIK",
        "CNTN6",
        "PRKN",
        "PTPRN2",
        "PRUNE2"
      ],
      "GO:0043083": [],
      "GO:0098794": [
        "CALD1",
        "NRG1",
        "PRKN",
        "MAP2",
        "EPB41L3",
        "DMD",
        "PHACTR1",
        "HTR4"
      ],
      "GO:0099544": [],
      "GO:0099243": [],
      "GO:0099699": [
        "NCAM2"
      ],
      "GO:0099523": [
        "PRKCB",
        "PRKCE",
        "STXBP5"
      ],
      "GO:0099569": [],
      "GO:0048786": [
        "CACNA1B"
      ],
      "GO:0098833": [],
      "GO:0098830": [],
      "GO:0008021": [
        "STXBP5"
      ],
      "GO:0098992": [
        "STXBP5L"
      ],
      "GO:0042734": [],
      "SYNGO:presyn_ribosome": [],
      "SYNGO:presyn_er": [],
      "GO:0098965": [],
      "GO:0099524": [
        "PLCB1",
        "CAMK2D"
      ],
      "GO:0099571": [],
      "GO:0097444": [
        "OPRM1"
      ],
      "GO:0150051": [],
      "GO:0099572": [
        "DMD"
      ],
      "GO:0098843": [],
      "GO:0098845": [],
      "GO:0045211": [],
      "SYNGO:postsyn_ribosome": [],
      "SYNGO:postsyn_er": [],
      "GO:0098966": [
        "TNR"
      ],
      "GO:0099182": [],
      "GO:0099143": [],
      "GO:0098831": [
        "RIMBP2",
        "CTNNA2"
      ],
      "GO:0048787": [],
      "GO:0098835": [],
      "GO:0098954": [],
      "GO:0034592": [],
      "GO:0030672": [
        "PRKN"
      ],
      "GO:0099013": [],
      "GO:0099012": [],
      "GO:0099026": [
        "CNTN6"
      ],
      "GO:0098888": [
        "STXBP5",
        "CTNNA2"
      ],
      "GO:0099056": [
        "CACNA1B",
        "CNR1",
        "ADAM23",
        "OPRM1",
        "PCDH17",
        "GRIK4",
        "GRIA1",
        "GRIA3",
        "GRIN2B",
        "GRM3",
        "NCAM1"
      ],
      "SYNGO:presyn_er_membrane": [],
      "SYNGO:presyn_ser": [],
      "GO:0099160": [],
      "GO:0098871": [],
      "GO:0150050": [],
      "GO:0099189": [],
      "GO:0098897": [],
      "GO:0099091": [],
      "GO:0099634": [],
      "GO:0014069": [
        "PAK3",
        "MAGI2",
        "CTNND2",
        "PLEKHA5",
        "FRMPD4",
        "OPCML",
        "PCDH7",
        "TANC2"
      ],
      "GO:0099629": [],
      "GO:0098844": [],
      "GO:0098895": [],
      "GO:0098842": [],
      "GO:0098837": [],
      "GO:0099025": [],
      "GO:0098890": [
        "MAGI2",
        "TENM2",
        "CTNNA2"
      ],
      "GO:0099055": [
        "NRP1",
        "SLC8A1",
        "OPRM1",
        "GRIA1",
        "GRIA3",
        "PCDH17",
        "GRIK4",
        "GRM3",
        "ADGRL2",
        "NCAM1",
        "KCNN2",
        "ADGRL3"
      ],
      "SYNGO:postsyn_er_membrane": [],
      "SYNGO:postsyn_ser": [],
      "GO:0099029": [],
      "GO:0098891": [],
      "GO:0099059": [
        "GRIA1",
        "GRIA4",
        "GRIN2B",
        "GRM8",
        "NRG1",
        "GRIA3"
      ],
      "GO:0098894": [],
      "GO:0099067": [],
      "GO:0098993": [
        "RAB27B"
      ],
      "GO:0098850": [],
      "GO:0030285": [
        "PTPRN2"
      ],
      "GO:0098674": [
        "CADPS",
        "STXBP5"
      ],
      "GO:0099066": [],
      "SYNGO:presyn_er_membrane_integral": [],
      "SYNGO:presyn_ser_membrane": [],
      "GO:0099065": [],
      "GO:0098892": [],
      "GO:0099060": [
        "EPHA7"
      ],
      "GO:0099092": [
        "CTNNA2",
        "TNIK",
        "TANC2",
        "DLGAP2"
      ],
      "GO:0098839": [],
      "GO:0099164": [],
      "GO:0098999": [],
      "GO:0098896": [],
      "GO:0098944": [],
      "SYNGO:postsyn_er_membrane_integral": [],
      "SYNGO:postsyn_ser_membrane": [],
      "SYNGO:presyn_ser_membrane_integral": [],
      "GO:0099031": [
        "DLG2"
      ],
      "GO:0099147": [
        "DGKB"
      ],
      "GO:0099061": [
        "IL1RAPL1",
        "GRIA1",
        "GRIN2B",
        "EPHA7",
        "CACNG3",
        "LRRC4C",
        "GRIA3",
        "GRIA4",
        "GRIN3A",
        "NRG1",
        "CLSTN2",
        "ADGRB3",
        "ITGA8",
        "ROBO2",
        "TMEM108",
        "ASIC2"
      ],
      "GO:0098998": [],
      "GO:0099033": [],
      "GO:0099063": [],
      "SYNGO:postsyn_ser_membrane_integral": []
    },
    "ensembl_id": {
      "GO:0045202": [
        "ENSG00000107105",
        "ENSG00000183098",
        "ENSG00000140937",
        "ENSG00000113361",
        "ENSG00000173406"
      ],
      "GO:0097060": [],
      "GO:0098793": [
        "ENSG00000137766",
        "ENSG00000163618",
        "ENSG00000164506",
        "ENSG00000154310",
        "ENSG00000134115",
        "ENSG00000185345",
        "ENSG00000155093",
        "ENSG00000106772"
      ],
      "GO:0043083": [],
      "GO:0098794": [
        "ENSG00000122786",
        "ENSG00000157168",
        "ENSG00000185345",
        "ENSG00000078018",
        "ENSG00000082397",
        "ENSG00000198947",
        "ENSG00000112137",
        "ENSG00000164270"
      ],
      "GO:0099544": [],
      "GO:0099243": [],
      "GO:0099699": [
        "ENSG00000154654"
      ],
      "GO:0099523": [
        "ENSG00000166501",
        "ENSG00000171132",
        "ENSG00000164506"
      ],
      "GO:0099569": [],
      "GO:0048786": [
        "ENSG00000148408"
      ],
      "GO:0098833": [],
      "GO:0098830": [],
      "GO:0008021": [
        "ENSG00000164506"
      ],
      "GO:0098992": [
        "ENSG00000145087"
      ],
      "GO:0042734": [],
      "SYNGO:presyn_ribosome": [],
      "SYNGO:presyn_er": [],
      "GO:0098965": [],
      "GO:0099524": [
        "ENSG00000182621",
        "ENSG00000145349"
      ],
      "GO:0099571": [],
      "GO:0097444": [
        "ENSG00000112038"
      ],
      "GO:0150051": [],
      "GO:0099572": [
        "ENSG00000198947"
      ],
      "GO:0098843": [],
      "GO:0098845": [],
      "GO:0045211": [],
      "SYNGO:postsyn_ribosome": [],
      "SYNGO:postsyn_er": [],
      "GO:0098966": [
        "ENSG00000116147"
      ],
      "GO:0099182": [],
      "GO:0099143": [],
      "GO:0098831": [
        "ENSG00000060709",
        "ENSG00000066032"
      ],
      "GO:0048787": [],
      "GO:0098835": [],
      "GO:0098954": [],
      "GO:0034592": [],
      "GO:0030672": [
        "ENSG00000185345"
      ],
      "GO:0099013": [],
      "GO:0099012": [],
      "GO:0099026": [
        "ENSG00000134115"
      ],
      "GO:0098888": [
        "ENSG00000164506",
        "ENSG00000066032"
      ],
      "GO:0099056": [
        "ENSG00000148408",
        "ENSG00000118432",
        "ENSG00000114948",
        "ENSG00000112038",
        "ENSG00000118946",
        "ENSG00000149403",
        "ENSG00000155511",
        "ENSG00000125675",
        "ENSG00000273079",
        "ENSG00000198822",
        "ENSG00000149294"
      ],
      "SYNGO:presyn_er_membrane": [],
      "SYNGO:presyn_ser": [],
      "GO:0099160": [],
      "GO:0098871": [],
      "GO:0150050": [],
      "GO:0099189": [],
      "GO:0098897": [],
      "GO:0099091": [],
      "GO:0099634": [],
      "GO:0014069": [
        "ENSG00000077264",
        "ENSG00000187391",
        "ENSG00000169862",
        "ENSG00000052126",
        "ENSG00000169933",
        "ENSG00000183715",
        "ENSG00000169851",
        "ENSG00000170921"
      ],
      "GO:0099629": [],
      "GO:0098844": [],
      "GO:0098895": [],
      "GO:0098842": [],
      "GO:0098837": [],
      "GO:0099025": [],
      "GO:0098890": [
        "ENSG00000187391",
        "ENSG00000145934",
        "ENSG00000066032"
      ],
      "GO:0099055": [
        "ENSG00000099250",
        "ENSG00000183023",
        "ENSG00000112038",
        "ENSG00000155511",
        "ENSG00000125675",
        "ENSG00000118946",
        "ENSG00000149403",
        "ENSG00000198822",
        "ENSG00000117114",
        "ENSG00000149294",
        "ENSG00000080709",
        "ENSG00000150471"
      ],
      "SYNGO:postsyn_er_membrane": [],
      "SYNGO:postsyn_ser": [],
      "GO:0099029": [],
      "GO:0098891": [],
      "GO:0099059": [
        "ENSG00000155511",
        "ENSG00000152578",
        "ENSG00000273079",
        "ENSG00000179603",
        "ENSG00000157168",
        "ENSG00000125675"
      ],
      "GO:0098894": [],
      "GO:0099067": [],
      "GO:0098993": [
        "ENSG00000041353"
      ],
      "GO:0098850": [],
      "GO:0030285": [
        "ENSG00000155093"
      ],
      "GO:0098674": [
        "ENSG00000163618",
        "ENSG00000164506"
      ],
      "GO:0099066": [],
      "SYNGO:presyn_er_membrane_integral": [],
      "SYNGO:presyn_ser_membrane": [],
      "GO:0099065": [],
      "GO:0098892": [],
      "GO:0099060": [
        "ENSG00000135333"
      ],
      "GO:0099092": [
        "ENSG00000066032",
        "ENSG00000154310",
        "ENSG00000170921",
        "ENSG00000198010"
      ],
      "GO:0098839": [],
      "GO:0099164": [],
      "GO:0098999": [],
      "GO:0098896": [],
      "GO:0098944": [],
      "SYNGO:postsyn_er_membrane_integral": [],
      "SYNGO:postsyn_ser_membrane": [],
      "SYNGO:presyn_ser_membrane_integral": [],
      "GO:0099031": [
        "ENSG00000150672"
      ],
      "GO:0099147": [
        "ENSG00000136267"
      ],
      "GO:0099061": [
        "ENSG00000169306",
        "ENSG00000155511",
        "ENSG00000273079",
        "ENSG00000135333",
        "ENSG00000006116",
        "ENSG00000148948",
        "ENSG00000125675",
        "ENSG00000152578",
        "ENSG00000198785",
        "ENSG00000157168",
        "ENSG00000158258",
        "ENSG00000135298",
        "ENSG00000077943",
        "ENSG00000185008",
        "ENSG00000144868",
        "ENSG00000108684"
      ],
      "GO:0098998": [],
      "GO:0099033": [],
      "GO:0099063": [],
      "SYNGO:postsyn_ser_membrane_integral": []
    },
    "entrez_id": {
      "GO:0045202": [
        "1993",
        "10082",
        "1009",
        "1004",
        "1600"
      ],
      "GO:0097060": [],
      "GO:0098793": [
        "440279",
        "8618",
        "134957",
        "23043",
        "27255",
        "5071",
        "5799",
        "158471"
      ],
      "GO:0043083": [],
      "GO:0098794": [
        "800",
        "3084",
        "5071",
        "4133",
        "23136",
        "1756",
        "221692",
        "3360"
      ],
      "GO:0099544": [],
      "GO:0099243": [],
      "GO:0099699": [
        "4685"
      ],
      "GO:0099523": [
        "5579",
        "5581",
        "134957"
      ],
      "GO:0099569": [],
      "GO:0048786": [
        "774"
      ],
      "GO:0098833": [],
      "GO:0098830": [],
      "GO:0008021": [
        "134957"
      ],
      "GO:0098992": [
        "9515"
      ],
      "GO:0042734": [],
      "SYNGO:presyn_ribosome": [],
      "SYNGO:presyn_er": [],
      "GO:0098965": [],
      "GO:0099524": [
        "23236",
        "817"
      ],
      "GO:0099571": [],
      "GO:0097444": [
        "4988"
      ],
      "GO:0150051": [],
      "GO:0099572": [
        "1756"
      ],
      "GO:0098843": [],
      "GO:0098845": [],
      "GO:0045211": [],
      "SYNGO:postsyn_ribosome": [],
      "SYNGO:postsyn_er": [],
      "GO:0098966": [
        "7143"
      ],
      "GO:0099182": [],
      "GO:0099143": [],
      "GO:0098831": [
        "23504",
        "1496"
      ],
      "GO:0048787": [],
      "GO:0098835": [],
      "GO:0098954": [],
      "GO:0034592": [],
      "GO:0030672": [
        "5071"
      ],
      "GO:0099013": [],
      "GO:0099012": [],
      "GO:0099026": [
        "27255"
      ],
      "GO:0098888": [
        "134957",
        "1496"
      ],
      "GO:0099056": [
        "774",
        "1268",
        "8745",
        "4988",
        "27253",
        "2900",
        "2890",
        "2892",
        "2904",
        "2913",
        "4684"
      ],
      "SYNGO:presyn_er_membrane": [],
      "SYNGO:presyn_ser": [],
      "GO:0099160": [],
      "GO:0098871": [],
      "GO:0150050": [],
      "GO:0099189": [],
      "GO:0098897": [],
      "GO:0099091": [],
      "GO:0099634": [],
      "GO:0014069": [
        "5063",
        "9863",
        "1501",
        "54477",
        "9758",
        "4978",
        "5099",
        "26115"
      ],
      "GO:0099629": [],
      "GO:0098844": [],
      "GO:0098895": [],
      "GO:0098842": [],
      "GO:0098837": [],
      "GO:0099025": [],
      "GO:0098890": [
        "9863",
        "57451",
        "1496"
      ],
      "GO:0099055": [
        "8829",
        "6546",
        "4988",
        "2890",
        "2892",
        "27253",
        "2900",
        "2913",
        "23266",
        "4684",
        "3781",
        "23284"
      ],
      "SYNGO:postsyn_er_membrane": [],
      "SYNGO:postsyn_ser": [],
      "GO:0099029": [],
      "GO:0098891": [],
      "GO:0099059": [
        "2890",
        "2893",
        "2904",
        "2918",
        "3084",
        "2892"
      ],
      "GO:0098894": [],
      "GO:0099067": [],
      "GO:0098993": [
        "5874"
      ],
      "GO:0098850": [],
      "GO:0030285": [
        "5799"
      ],
      "GO:0098674": [
        "8618",
        "134957"
      ],
      "GO:0099066": [],
      "SYNGO:presyn_er_membrane_integral": [],
      "SYNGO:presyn_ser_membrane": [],
      "GO:0099065": [],
      "GO:0098892": [],
      "GO:0099060": [
        "2045"
      ],
      "GO:0099092": [
        "1496",
        "23043",
        "26115",
        "9228"
      ],
      "GO:0098839": [],
      "GO:0099164": [],
      "GO:0098999": [],
      "GO:0098896": [],
      "GO:0098944": [],
      "SYNGO:postsyn_er_membrane_integral": [],
      "SYNGO:postsyn_ser_membrane": [],
      "SYNGO:presyn_ser_membrane_integral": [],
      "GO:0099031": [
        "1740"
      ],
      "GO:0099147": [
        "1607"
      ],
      "GO:0099061": [
        "11141",
        "2890",
        "2904",
        "2045",
        "10368",
        "57689",
        "2892",
        "2893",
        "116443",
        "3084",
        "64084",
        "577",
        "8516",
        "6092",
        "66000",
        "40"
      ],
      "GO:0098998": [],
      "GO:0099033": [],
      "GO:0099063": [],
      "SYNGO:postsyn_ser_membrane_integral": []
    }
  },
  "aggregate": {
    "hgnc_id": {
      "GO:0045202": [
        "HGNC:3313",
        "HGNC:4454",
        "HGNC:1750",
        "HGNC:1765",
        "HGNC:2661",
        "HGNC:7657",
        "HGNC:23149",
        "HGNC:1426",
        "HGNC:19665",
        "HGNC:30765",
        "HGNC:2176",
        "HGNC:8607",
        "HGNC:9677",
        "HGNC:25209",
        "HGNC:9395",
        "HGNC:9401",
        "HGNC:1389",
        "HGNC:30339",
        "HGNC:2510",
        "HGNC:4571",
        "HGNC:4574",
        "HGNC:4586",
        "HGNC:4600",
        "HGNC:7997",
        "HGNC:4573",
        "HGNC:9767",
        "HGNC:30757",
        "HGNC:2159",
        "HGNC:202",
        "HGNC:8156",
        "HGNC:14267",
        "HGNC:4582",
        "HGNC:4595",
        "HGNC:7656",
        "HGNC:1441",
        "HGNC:6839",
        "HGNC:3380",
        "HGNC:2928",
        "HGNC:20990",
        "HGNC:5299",
        "HGNC:15917",
        "HGNC:1462",
        "HGNC:3390",
        "HGNC:8592",
        "HGNC:18957",
        "HGNC:2516",
        "HGNC:30036",
        "HGNC:29007",
        "HGNC:8143",
        "HGNC:8659",
        "HGNC:30212",
        "HGNC:2906",
        "HGNC:2901",
        "HGNC:2850",
        "HGNC:5996",
        "HGNC:1407",
        "HGNC:29317",
        "HGNC:16767",
        "HGNC:17448",
        "HGNC:945",
        "HGNC:6144",
        "HGNC:10250",
        "HGNC:28451",
        "HGNC:99",
        "HGNC:29943",
        "HGNC:8004",
        "HGNC:11068",
        "HGNC:18582",
        "HGNC:6291",
        "HGNC:20974",
        "HGNC:11953"
      ],
      "GO:0097060": [
        "HGNC:7657"
      ],
      "GO:0098793": [
        "HGNC:23149",
        "HGNC:1426",
        "HGNC:19665",
        "HGNC:30765",
        "HGNC:2176",
        "HGNC:8607",
        "HGNC:9677",
        "HGNC:25209",
        "HGNC:9395",
        "HGNC:9401",
        "HGNC:1389",
        "HGNC:30339",
        "HGNC:2510",
        "HGNC:4571",
        "HGNC:4574",
        "HGNC:4586",
        "HGNC:4600",
        "HGNC:7997",
        "HGNC:4573",
        "HGNC:9767",
        "HGNC:30757",
        "HGNC:2159",
        "HGNC:202",
        "HGNC:8156",
        "HGNC:14267",
        "HGNC:4582",
        "HGNC:4595",
        "HGNC:7656"
      ],
      "GO:0043083": [],
      "GO:0098794": [
        "HGNC:1441",
        "HGNC:7997",
        "HGNC:8607",
        "HGNC:6839",
        "HGNC:3380",
        "HGNC:2928",
        "HGNC:20990",
        "HGNC:5299",
        "HGNC:15917",
        "HGNC:1462",
        "HGNC:8156",
        "HGNC:3390",
        "HGNC:8592",
        "HGNC:18957",
        "HGNC:2516",
        "HGNC:30036",
        "HGNC:29007",
        "HGNC:8143",
        "HGNC:8659",
        "HGNC:30212",
        "HGNC:2510",
        "HGNC:30765",
        "HGNC:2906",
        "HGNC:2901",
        "HGNC:2850",
        "HGNC:5996",
        "HGNC:4571",
        "HGNC:4586",
        "HGNC:1407",
        "HGNC:29317",
        "HGNC:4573",
        "HGNC:4574",
        "HGNC:16767",
        "HGNC:17448",
        "HGNC:945",
        "HGNC:6144",
        "HGNC:10250",
        "HGNC:28451",
        "HGNC:99",
        "HGNC:29943",
        "HGNC:8004",
        "HGNC:11068",
        "HGNC:14267",
        "HGNC:4582",
        "HGNC:4595",
        "HGNC:18582",
        "HGNC:7656",
        "HGNC:6291",
        "HGNC:20974"
      ],
      "GO:0099544": [
        "HGNC:11953"
      ],
      "GO:0099243": [],
      "GO:0099699": [
        "HGNC:7657"
      ],
      "GO:0099523": [
        "HGNC:9395",
        "HGNC:9401",
        "HGNC:19665"
      ],
      "GO:0099569": [],
      "GO:0048786": [
        "HGNC:1389",
        "HGNC:30339",
        "HGNC:2510",
        "HGNC:4571",
        "HGNC:4574",
        "HGNC:4586",
        "HGNC:4600",
        "HGNC:7997",
        "HGNC:4573"
      ],
      "GO:0098833": [],
      "GO:0098830": [],
      "GO:0008021": [
        "HGNC:19665",
        "HGNC:8607",
        "HGNC:9767",
        "HGNC:9677"
      ],
      "GO:0098992": [
        "HGNC:30757",
        "HGNC:1426",
        "HGNC:19665"
      ],
      "GO:0042734": [
        "HGNC:2176",
        "HGNC:19665",
        "HGNC:2510",
        "HGNC:1389",
        "HGNC:2159",
        "HGNC:202",
        "HGNC:8156",
        "HGNC:14267",
        "HGNC:4582",
        "HGNC:4571",
        "HGNC:4573",
        "HGNC:4586",
        "HGNC:4595",
        "HGNC:7656"
      ],
      "SYNGO:presyn_ribosome": [],
      "SYNGO:presyn_er": [],
      "GO:0098965": [],
      "GO:0099524": [
        "HGNC:15917",
        "HGNC:1462"
      ],
      "GO:0099571": [],
      "GO:0097444": [
        "HGNC:8156"
      ],
      "GO:0150051": [],
      "GO:0099572": [
        "HGNC:2928",
        "HGNC:3390",
        "HGNC:8592",
        "HGNC:18957",
        "HGNC:2516",
        "HGNC:30036",
        "HGNC:29007",
        "HGNC:8143",
        "HGNC:8659",
        "HGNC:30212",
        "HGNC:2510",
        "HGNC:30765",
        "HGNC:2906",
        "HGNC:2901",
        "HGNC:2850",
        "HGNC:5996",
        "HGNC:4571",
        "HGNC:4586",
        "HGNC:1407",
        "HGNC:29317",
        "HGNC:4573",
        "HGNC:4574",
        "HGNC:16767",
        "HGNC:7997",
        "HGNC:17448",
        "HGNC:945",
        "HGNC:6144",
        "HGNC:10250",
        "HGNC:28451",
        "HGNC:99"
      ],
      "GO:0098843": [],
      "GO:0098845": [],
      "GO:0045211": [
        "HGNC:18957",
        "HGNC:29943",
        "HGNC:2510",
        "HGNC:8004",
        "HGNC:11068",
        "HGNC:8156",
        "HGNC:4571",
        "HGNC:4573",
        "HGNC:14267",
        "HGNC:4582",
        "HGNC:4595",
        "HGNC:18582",
        "HGNC:7656",
        "HGNC:6291",
        "HGNC:20974"
      ],
      "SYNGO:postsyn_ribosome": [],
      "SYNGO:postsyn_er": [],
      "GO:0098966": [
        "HGNC:11953"
      ],
      "GO:0099182": [],
      "GO:0099143": [],
      "GO:0098831": [
        "HGNC:30339",
        "HGNC:2510"
      ],
      "GO:0048787": [
        "HGNC:4571",
        "HGNC:4574",
        "HGNC:4586",
        "HGNC:4600",
        "HGNC:7997",
        "HGNC:4573"
      ],
      "GO:0098835": [],
      "GO:0098954": [],
      "GO:0034592": [],
      "GO:0030672": [
        "HGNC:8607",
        "HGNC:9767",
        "HGNC:9677"
      ],
      "GO:0099013": [],
      "GO:0099012": [
        "HGNC:1426",
        "HGNC:19665"
      ],
      "GO:0099026": [
        "HGNC:2176"
      ],
      "GO:0098888": [
        "HGNC:19665",
        "HGNC:2510"
      ],
      "GO:0099056": [
        "HGNC:1389",
        "HGNC:2159",
        "HGNC:202",
        "HGNC:8156",
        "HGNC:14267",
        "HGNC:4582",
        "HGNC:4571",
        "HGNC:4573",
        "HGNC:4586",
        "HGNC:4595",
        "HGNC:7656"
      ],
      "SYNGO:presyn_er_membrane": [],
      "SYNGO:presyn_ser": [],
      "GO:0099160": [],
      "GO:0098871": [],
      "GO:0150050": [],
      "GO:0099189": [],
      "GO:0098897": [],
      "GO:0099091": [],
      "GO:0099634": [
        "HGNC:3390"
      ],
      "GO:0014069": [
        "HGNC:8592",
        "HGNC:18957",
        "HGNC:2516",
        "HGNC:30036",
        "HGNC:29007",
        "HGNC:8143",
        "HGNC:8659",
        "HGNC:30212",
        "HGNC:2510",
        "HGNC:30765",
        "HGNC:2906",
        "HGNC:2901",
        "HGNC:2850",
        "HGNC:5996",
        "HGNC:4571",
        "HGNC:4586",
        "HGNC:3390",
        "HGNC:1407",
        "HGNC:29317",
        "HGNC:4573",
        "HGNC:4574",
        "HGNC:16767",
        "HGNC:7997",
        "HGNC:17448",
        "HGNC:945",
        "HGNC:6144",
        "HGNC:10250",
        "HGNC:28451",
        "HGNC:99"
      ],
      "GO:0099629": [],
      "GO:0098844": [],
      "GO:0098895": [],
      "GO:0098842": [],
      "GO:0098837": [],
      "GO:0099025": [],
      "GO:0098890": [
        "HGNC:18957",
        "HGNC:29943",
        "HGNC:2510"
      ],
      "GO:0099055": [
        "HGNC:8004",
        "HGNC:11068",
        "HGNC:8156",
        "HGNC:4571",
        "HGNC:4573",
        "HGNC:14267",
        "HGNC:4582",
        "HGNC:4595",
        "HGNC:18582",
        "HGNC:7656",
        "HGNC:6291",
        "HGNC:20974"
      ],
      "SYNGO:postsyn_er_membrane": [],
      "SYNGO:postsyn_ser": [],
      "GO:0099029": [],
      "GO:0098891": [],
      "GO:0099059": [
        "HGNC:4571",
        "HGNC:4574",
        "HGNC:4586",
        "HGNC:4600",
        "HGNC:7997",
        "HGNC:4573"
      ],
      "GO:0098894": [],
      "GO:0099067": [],
      "GO:0098993": [
        "HGNC:9767"
      ],
      "GO:0098850": [],
      "GO:0030285": [
        "HGNC:9677"
      ],
      "GO:0098674": [
        "HGNC:1426",
        "HGNC:19665"
      ],
      "GO:0099066": [],
      "SYNGO:presyn_er_membrane_integral": [],
      "SYNGO:presyn_ser_membrane": [],
      "GO:0099065": [],
      "GO:0098892": [],
      "GO:0099060": [
        "HGNC:3390"
      ],
      "GO:0099092": [
        "HGNC:2510",
        "HGNC:30765",
        "HGNC:30212",
        "HGNC:2906"
      ],
      "GO:0098839": [
        "HGNC:2901",
        "HGNC:2850",
        "HGNC:5996",
        "HGNC:4571",
        "HGNC:4586",
        "HGNC:3390",
        "HGNC:1407",
        "HGNC:29317",
        "HGNC:4573",
        "HGNC:4574",
        "HGNC:16767",
        "HGNC:7997",
        "HGNC:17448",
        "HGNC:945",
        "HGNC:6144",
        "HGNC:10250",
        "HGNC:28451",
        "HGNC:99"
      ],
      "GO:0099164": [],
      "GO:0098999": [],
      "GO:0098896": [],
      "GO:0098944": [],
      "SYNGO:postsyn_er_membrane_integral": [],
      "SYNGO:postsyn_ser_membrane": [],
      "SYNGO:presyn_ser_membrane_integral": [],
      "GO:0099031": [
        "HGNC:2901"
      ],
      "GO:0099147": [
        "HGNC:2850"
      ],
      "GO:0099061": [
        "HGNC:5996",
        "HGNC:4571",
        "HGNC:4586",
        "HGNC:3390",
        "HGNC:1407",
        "HGNC:29317",
        "HGNC:4573",
        "HGNC:4574",
        "HGNC:16767",
        "HGNC:7997",
        "HGNC:17448",
        "HGNC:945",
        "HGNC:6144",
        "HGNC:10250",
        "HGNC:28451",
        "HGNC:99"
      ],
      "GO:0098998": [],
      "GO:0099033": [],
      "GO:0099063": [],
      "SYNGO:postsyn_ser_membrane_integral": []
    },
    "hgnc_symbol": {
      "GO:0045202": [
        "ELAVL2",
        "GPC6",
        "CDH11",
        "CDH6",
        "DAB1",
        "NCAM2",
        "UNC13C",
        "CADPS",
        "STXBP5",
        "TNIK",
        "CNTN6",
        "PRKN",
        "PTPRN2",
        "PRUNE2",
        "PRKCB",
        "PRKCE",
        "CACNA1B",
        "RIMBP2",
        "CTNNA2",
        "GRIA1",
        "GRIA4",
        "GRIN2B",
        "GRM8",
        "NRG1",
        "GRIA3",
        "RAB27B",
        "STXBP5L",
        "CNR1",
        "ADAM23",
        "OPRM1",
        "PCDH17",
        "GRIK4",
        "GRM3",
        "NCAM1",
        "CALD1",
        "MAP2",
        "EPB41L3",
        "DMD",
        "PHACTR1",
        "HTR4",
        "PLCB1",
        "CAMK2D",
        "EPHA7",
        "PAK3",
        "MAGI2",
        "CTNND2",
        "PLEKHA5",
        "FRMPD4",
        "OPCML",
        "PCDH7",
        "TANC2",
        "DLGAP2",
        "DLG2",
        "DGKB",
        "IL1RAPL1",
        "CACNG3",
        "LRRC4C",
        "GRIN3A",
        "CLSTN2",
        "ADGRB3",
        "ITGA8",
        "ROBO2",
        "TMEM108",
        "ASIC2",
        "TENM2",
        "NRP1",
        "SLC8A1",
        "ADGRL2",
        "KCNN2",
        "ADGRL3",
        "TNR"
      ],
      "GO:0097060": [
        "NCAM2"
      ],
      "GO:0098793": [
        "UNC13C",
        "CADPS",
        "STXBP5",
        "TNIK",
        "CNTN6",
        "PRKN",
        "PTPRN2",
        "PRUNE2",
        "PRKCB",
        "PRKCE",
        "CACNA1B",
        "RIMBP2",
        "CTNNA2",
        "GRIA1",
        "GRIA4",
        "GRIN2B",
        "GRM8",
        "NRG1",
        "GRIA3",
        "RAB27B",
        "STXBP5L",
        "CNR1",
        "ADAM23",
        "OPRM1",
        "PCDH17",
        "GRIK4",
        "GRM3",
        "NCAM1"
      ],
      "GO:0043083": [],
      "GO:0098794": [
        "CALD1",
        "NRG1",
        "PRKN",
        "MAP2",
        "EPB41L3",
        "DMD",
        "PHACTR1",
        "HTR4",
        "PLCB1",
        "CAMK2D",
        "OPRM1",
        "EPHA7",
        "PAK3",
        "MAGI2",
        "CTNND2",
        "PLEKHA5",
        "FRMPD4",
        "OPCML",
        "PCDH7",
        "TANC2",
        "CTNNA2",
        "TNIK",
        "DLGAP2",
        "DLG2",
        "DGKB",
        "IL1RAPL1",
        "GRIA1",
        "GRIN2B",
        "CACNG3",
        "LRRC4C",
        "GRIA3",
        "GRIA4",
        "GRIN3A",
        "CLSTN2",
        "ADGRB3",
        "ITGA8",
        "ROBO2",
        "TMEM108",
        "ASIC2",
        "TENM2",
        "NRP1",
        "SLC8A1",
        "PCDH17",
        "GRIK4",
        "GRM3",
        "ADGRL2",
        "NCAM1",
        "KCNN2",
        "ADGRL3"
      ],
      "GO:0099544": [
        "TNR"
      ],
      "GO:0099243": [],
      "GO:0099699": [
        "NCAM2"
      ],
      "GO:0099523": [
        "PRKCB",
        "PRKCE",
        "STXBP5"
      ],
      "GO:0099569": [],
      "GO:0048786": [
        "CACNA1B",
        "RIMBP2",
        "CTNNA2",
        "GRIA1",
        "GRIA4",
        "GRIN2B",
        "GRM8",
        "NRG1",
        "GRIA3"
      ],
      "GO:0098833": [],
      "GO:0098830": [],
      "GO:0008021": [
        "STXBP5",
        "PRKN",
        "RAB27B",
        "PTPRN2"
      ],
      "GO:0098992": [
        "STXBP5L",
        "CADPS",
        "STXBP5"
      ],
      "GO:0042734": [
        "CNTN6",
        "STXBP5",
        "CTNNA2",
        "CACNA1B",
        "CNR1",
        "ADAM23",
        "OPRM1",
        "PCDH17",
        "GRIK4",
        "GRIA1",
        "GRIA3",
        "GRIN2B",
        "GRM3",
        "NCAM1"
      ],
      "SYNGO:presyn_ribosome": [],
      "SYNGO:presyn_er": [],
      "GO:0098965": [],
      "GO:0099524": [
        "PLCB1",
        "CAMK2D"
      ],
      "GO:0099571": [],
      "GO:0097444": [
        "OPRM1"
      ],
      "GO:0150051": [],
      "GO:0099572": [
        "DMD",
        "EPHA7",
        "PAK3",
        "MAGI2",
        "CTNND2",
        "PLEKHA5",
        "FRMPD4",
        "OPCML",
        "PCDH7",
        "TANC2",
        "CTNNA2",
        "TNIK",
        "DLGAP2",
        "DLG2",
        "DGKB",
        "IL1RAPL1",
        "GRIA1",
        "GRIN2B",
        "CACNG3",
        "LRRC4C",
        "GRIA3",
        "GRIA4",
        "GRIN3A",
        "NRG1",
        "CLSTN2",
        "ADGRB3",
        "ITGA8",
        "ROBO2",
        "TMEM108",
        "ASIC2"
      ],
      "GO:0098843": [],
      "GO:0098845": [],
      "GO:0045211": [
        "MAGI2",
        "TENM2",
        "CTNNA2",
        "NRP1",
        "SLC8A1",
        "OPRM1",
        "GRIA1",
        "GRIA3",
        "PCDH17",
        "GRIK4",
        "GRM3",
        "ADGRL2",
        "NCAM1",
        "KCNN2",
        "ADGRL3"
      ],
      "SYNGO:postsyn_ribosome": [],
      "SYNGO:postsyn_er": [],
      "GO:0098966": [
        "TNR"
      ],
      "GO:0099182": [],
      "GO:0099143": [],
      "GO:0098831": [
        "RIMBP2",
        "CTNNA2"
      ],
      "GO:0048787": [
        "GRIA1",
        "GRIA4",
        "GRIN2B",
        "GRM8",
        "NRG1",
        "GRIA3"
      ],
      "GO:0098835": [],
      "GO:0098954": [],
      "GO:0034592": [],
      "GO:0030672": [
        "PRKN",
        "RAB27B",
        "PTPRN2"
      ],
      "GO:0099013": [],
      "GO:0099012": [
        "CADPS",
        "STXBP5"
      ],
      "GO:0099026": [
        "CNTN6"
      ],
      "GO:0098888": [
        "STXBP5",
        "CTNNA2"
      ],
      "GO:0099056": [
        "CACNA1B",
        "CNR1",
        "ADAM23",
        "OPRM1",
        "PCDH17",
        "GRIK4",
        "GRIA1",
        "GRIA3",
        "GRIN2B",
        "GRM3",
        "NCAM1"
      ],
      "SYNGO:presyn_er_membrane": [],
      "SYNGO:presyn_ser": [],
      "GO:0099160": [],
      "GO:0098871": [],
      "GO:0150050": [],
      "GO:0099189": [],
      "GO:0098897": [],
      "GO:0099091": [],
      "GO:0099634": [
        "EPHA7"
      ],
      "GO:0014069": [
        "PAK3",
        "MAGI2",
        "CTNND2",
        "PLEKHA5",
        "FRMPD4",
        "OPCML",
        "PCDH7",
        "TANC2",
        "CTNNA2",
        "TNIK",
        "DLGAP2",
        "DLG2",
        "DGKB",
        "IL1RAPL1",
        "GRIA1",
        "GRIN2B",
        "EPHA7",
        "CACNG3",
        "LRRC4C",
        "GRIA3",
        "GRIA4",
        "GRIN3A",
        "NRG1",
        "CLSTN2",
        "ADGRB3",
        "ITGA8",
        "ROBO2",
        "TMEM108",
        "ASIC2"
      ],
      "GO:0099629": [],
      "GO:0098844": [],
      "GO:0098895": [],
      "GO:0098842": [],
      "GO:0098837": [],
      "GO:0099025": [],
      "GO:0098890": [
        "MAGI2",
        "TENM2",
        "CTNNA2"
      ],
      "GO:0099055": [
        "NRP1",
        "SLC8A1",
        "OPRM1",
        "GRIA1",
        "GRIA3",
        "PCDH17",
        "GRIK4",
        "GRM3",
        "ADGRL2",
        "NCAM1",
        "KCNN2",
        "ADGRL3"
      ],
      "SYNGO:postsyn_er_membrane": [],
      "SYNGO:postsyn_ser": [],
      "GO:0099029": [],
      "GO:0098891": [],
      "GO:0099059": [
        "GRIA1",
        "GRIA4",
        "GRIN2B",
        "GRM8",
        "NRG1",
        "GRIA3"
      ],
      "GO:0098894": [],
      "GO:0099067": [],
      "GO:0098993": [
        "RAB27B"
      ],
      "GO:0098850": [],
      "GO:0030285": [
        "PTPRN2"
      ],
      "GO:0098674": [
        "CADPS",
        "STXBP5"
      ],
      "GO:0099066": [],
      "SYNGO:presyn_er_membrane_integral": [],
      "SYNGO:presyn_ser_membrane": [],
      "GO:0099065": [],
      "GO:0098892": [],
      "GO:0099060": [
        "EPHA7"
      ],
      "GO:0099092": [
        "CTNNA2",
        "TNIK",
        "TANC2",
        "DLGAP2"
      ],
      "GO:0098839": [
        "DLG2",
        "DGKB",
        "IL1RAPL1",
        "GRIA1",
        "GRIN2B",
        "EPHA7",
        "CACNG3",
        "LRRC4C",
        "GRIA3",
        "GRIA4",
        "GRIN3A",
        "NRG1",
        "CLSTN2",
        "ADGRB3",
        "ITGA8",
        "ROBO2",
        "TMEM108",
        "ASIC2"
      ],
      "GO:0099164": [],
      "GO:0098999": [],
      "GO:0098896": [],
      "GO:0098944": [],
      "SYNGO:postsyn_er_membrane_integral": [],
      "SYNGO:postsyn_ser_membrane": [],
      "SYNGO:presyn_ser_membrane_integral": [],
      "GO:0099031": [
        "DLG2"
      ],
      "GO:0099147": [
        "DGKB"
      ],
      "GO:0099061": [
        "IL1RAPL1",
        "GRIA1",
        "GRIN2B",
        "EPHA7",
        "CACNG3",
        "LRRC4C",
        "GRIA3",
        "GRIA4",
        "GRIN3A",
        "NRG1",
        "CLSTN2",
        "ADGRB3",
        "ITGA8",
        "ROBO2",
        "TMEM108",
        "ASIC2"
      ],
      "GO:0098998": [],
      "GO:0099033": [],
      "GO:0099063": [],
      "SYNGO:postsyn_ser_membrane_integral": []
    },
    "ensembl_id": {
      "GO:0045202": [
        "ENSG00000107105",
        "ENSG00000183098",
        "ENSG00000140937",
        "ENSG00000113361",
        "ENSG00000173406",
        "ENSG00000154654",
        "ENSG00000137766",
        "ENSG00000163618",
        "ENSG00000164506",
        "ENSG00000154310",
        "ENSG00000134115",
        "ENSG00000185345",
        "ENSG00000155093",
        "ENSG00000106772",
        "ENSG00000166501",
        "ENSG00000171132",
        "ENSG00000148408",
        "ENSG00000060709",
        "ENSG00000066032",
        "ENSG00000155511",
        "ENSG00000152578",
        "ENSG00000273079",
        "ENSG00000179603",
        "ENSG00000157168",
        "ENSG00000125675",
        "ENSG00000041353",
        "ENSG00000145087",
        "ENSG00000118432",
        "ENSG00000114948",
        "ENSG00000112038",
        "ENSG00000118946",
        "ENSG00000149403",
        "ENSG00000198822",
        "ENSG00000149294",
        "ENSG00000122786",
        "ENSG00000078018",
        "ENSG00000082397",
        "ENSG00000198947",
        "ENSG00000112137",
        "ENSG00000164270",
        "ENSG00000182621",
        "ENSG00000145349",
        "ENSG00000135333",
        "ENSG00000077264",
        "ENSG00000187391",
        "ENSG00000169862",
        "ENSG00000052126",
        "ENSG00000169933",
        "ENSG00000183715",
        "ENSG00000169851",
        "ENSG00000170921",
        "ENSG00000198010",
        "ENSG00000150672",
        "ENSG00000136267",
        "ENSG00000169306",
        "ENSG00000006116",
        "ENSG00000148948",
        "ENSG00000198785",
        "ENSG00000158258",
        "ENSG00000135298",
        "ENSG00000077943",
        "ENSG00000185008",
        "ENSG00000144868",
        "ENSG00000108684",
        "ENSG00000145934",
        "ENSG00000099250",
        "ENSG00000183023",
        "ENSG00000117114",
        "ENSG00000080709",
        "ENSG00000150471",
        "ENSG00000116147"
      ],
      "GO:0097060": [
        "ENSG00000154654"
      ],
      "GO:0098793": [
        "ENSG00000137766",
        "ENSG00000163618",
        "ENSG00000164506",
        "ENSG00000154310",
        "ENSG00000134115",
        "ENSG00000185345",
        "ENSG00000155093",
        "ENSG00000106772",
        "ENSG00000166501",
        "ENSG00000171132",
        "ENSG00000148408",
        "ENSG00000060709",
        "ENSG00000066032",
        "ENSG00000155511",
        "ENSG00000152578",
        "ENSG00000273079",
        "ENSG00000179603",
        "ENSG00000157168",
        "ENSG00000125675",
        "ENSG00000041353",
        "ENSG00000145087",
        "ENSG00000118432",
        "ENSG00000114948",
        "ENSG00000112038",
        "ENSG00000118946",
        "ENSG00000149403",
        "ENSG00000198822",
        "ENSG00000149294"
      ],
      "GO:0043083": [],
      "GO:0098794": [
        "ENSG00000122786",
        "ENSG00000157168",
        "ENSG00000185345",
        "ENSG00000078018",
        "ENSG00000082397",
        "ENSG00000198947",
        "ENSG00000112137",
        "ENSG00000164270",
        "ENSG00000182621",
        "ENSG00000145349",
        "ENSG00000112038",
        "ENSG00000135333",
        "ENSG00000077264",
        "ENSG00000187391",
        "ENSG00000169862",
        "ENSG00000052126",
        "ENSG00000169933",
        "ENSG00000183715",
        "ENSG00000169851",
        "ENSG00000170921",
        "ENSG00000066032",
        "ENSG00000154310",
        "ENSG00000198010",
        "ENSG00000150672",
        "ENSG00000136267",
        "ENSG00000169306",
        "ENSG00000155511",
        "ENSG00000273079",
        "ENSG00000006116",
        "ENSG00000148948",
        "ENSG00000125675",
        "ENSG00000152578",
        "ENSG00000198785",
        "ENSG00000158258",
        "ENSG00000135298",
        "ENSG00000077943",
        "ENSG00000185008",
        "ENSG00000144868",
        "ENSG00000108684",
        "ENSG00000145934",
        "ENSG00000099250",
        "ENSG00000183023",
        "ENSG00000118946",
        "ENSG00000149403",
        "ENSG00000198822",
        "ENSG00000117114",
        "ENSG00000149294",
        "ENSG00000080709",
        "ENSG00000150471"
      ],
      "GO:0099544": [
        "ENSG00000116147"
      ],
      "GO:0099243": [],
      "GO:0099699": [
        "ENSG00000154654"
      ],
      "GO:0099523": [
        "ENSG00000166501",
        "ENSG00000171132",
        "ENSG00000164506"
      ],
      "GO:0099569": [],
      "GO:0048786": [
        "ENSG00000148408",
        "ENSG00000060709",
        "ENSG00000066032",
        "ENSG00000155511",
        "ENSG00000152578",
        "ENSG00000273079",
        "ENSG00000179603",
        "ENSG00000157168",
        "ENSG00000125675"
      ],
      "GO:0098833": [],
      "GO:0098830": [],
      "GO:0008021": [
        "ENSG00000164506",
        "ENSG00000185345",
        "ENSG00000041353",
        "ENSG00000155093"
      ],
      "GO:0098992": [
        "ENSG00000145087",
        "ENSG00000163618",
        "ENSG00000164506"
      ],
      "GO:0042734": [
        "ENSG00000134115",
        "ENSG00000164506",
        "ENSG00000066032",
        "ENSG00000148408",
        "ENSG00000118432",
        "ENSG00000114948",
        "ENSG00000112038",
        "ENSG00000118946",
        "ENSG00000149403",
        "ENSG00000155511",
        "ENSG00000125675",
        "ENSG00000273079",
        "ENSG00000198822",
        "ENSG00000149294"
      ],
      "SYNGO:presyn_ribosome": [],
      "SYNGO:presyn_er": [],
      "GO:0098965": [],
      "GO:0099524": [
        "ENSG00000182621",
        "ENSG00000145349"
      ],
      "GO:0099571": [],
      "GO:0097444": [
        "ENSG00000112038"
      ],
      "GO:0150051": [],
      "GO:0099572": [
        "ENSG00000198947",
        "ENSG00000135333",
        "ENSG00000077264",
        "ENSG00000187391",
        "ENSG00000169862",
        "ENSG00000052126",
        "ENSG00000169933",
        "ENSG00000183715",
        "ENSG00000169851",
        "ENSG00000170921",
        "ENSG00000066032",
        "ENSG00000154310",
        "ENSG00000198010",
        "ENSG00000150672",
        "ENSG00000136267",
        "ENSG00000169306",
        "ENSG00000155511",
        "ENSG00000273079",
        "ENSG00000006116",
        "ENSG00000148948",
        "ENSG00000125675",
        "ENSG00000152578",
        "ENSG00000198785",
        "ENSG00000157168",
        "ENSG00000158258",
        "ENSG00000135298",
        "ENSG00000077943",
        "ENSG00000185008",
        "ENSG00000144868",
        "ENSG00000108684"
      ],
      "GO:0098843": [],
      "GO:0098845": [],
      "GO:0045211": [
        "ENSG00000187391",
        "ENSG00000145934",
        "ENSG00000066032",
        "ENSG00000099250",
        "ENSG00000183023",
        "ENSG00000112038",
        "ENSG00000155511",
        "ENSG00000125675",
        "ENSG00000118946",
        "ENSG00000149403",
        "ENSG00000198822",
        "ENSG00000117114",
        "ENSG00000149294",
        "ENSG00000080709",
        "ENSG00000150471"
      ],
      "SYNGO:postsyn_ribosome": [],
      "SYNGO:postsyn_er": [],
      "GO:0098966": [
        "ENSG00000116147"
      ],
      "GO:0099182": [],
      "GO:0099143": [],
      "GO:0098831": [
        "ENSG00000060709",
        "ENSG00000066032"
      ],
      "GO:0048787": [
        "ENSG00000155511",
        "ENSG00000152578",
        "ENSG00000273079",
        "ENSG00000179603",
        "ENSG00000157168",
        "ENSG00000125675"
      ],
      "GO:0098835": [],
      "GO:0098954": [],
      "GO:0034592": [],
      "GO:0030672": [
        "ENSG00000185345",
        "ENSG00000041353",
        "ENSG00000155093"
      ],
      "GO:0099013": [],
      "GO:0099012": [
        "ENSG00000163618",
        "ENSG00000164506"
      ],
      "GO:0099026": [
        "ENSG00000134115"
      ],
      "GO:0098888": [
        "ENSG00000164506",
        "ENSG00000066032"
      ],
      "GO:0099056": [
        "ENSG00000148408",
        "ENSG00000118432",
        "ENSG00000114948",
        "ENSG00000112038",
        "ENSG00000118946",
        "ENSG00000149403",
        "ENSG00000155511",
        "ENSG00000125675",
        "ENSG00000273079",
        "ENSG00000198822",
        "ENSG00000149294"
      ],
      "SYNGO:presyn_er_membrane": [],
      "SYNGO:presyn_ser": [],
      "GO:0099160": [],
      "GO:0098871": [],
      "GO:0150050": [],
      "GO:0099189": [],
      "GO:0098897": [],
      "GO:0099091": [],
      "GO:0099634": [
        "ENSG00000135333"
      ],
      "GO:0014069": [
        "ENSG00000077264",
        "ENSG00000187391",
        "ENSG00000169862",
        "ENSG00000052126",
        "ENSG00000169933",
        "ENSG00000183715",
        "ENSG00000169851",
        "ENSG00000170921",
        "ENSG00000066032",
        "ENSG00000154310",
        "ENSG00000198010",
        "ENSG00000150672",
        "ENSG00000136267",
        "ENSG00000169306",
        "ENSG00000155511",
        "ENSG00000273079",
        "ENSG00000135333",
        "ENSG00000006116",
        "ENSG00000148948",
        "ENSG00000125675",
        "ENSG00000152578",
        "ENSG00000198785",
        "ENSG00000157168",
        "ENSG00000158258",
        "ENSG00000135298",
        "ENSG00000077943",
        "ENSG00000185008",
        "ENSG00000144868",
        "ENSG00000108684"
      ],
      "GO:0099629": [],
      "GO:0098844": [],
      "GO:0098895": [],
      "GO:0098842": [],
      "GO:0098837": [],
      "GO:0099025": [],
      "GO:0098890": [
        "ENSG00000187391",
        "ENSG00000145934",
        "ENSG00000066032"
      ],
      "GO:0099055": [
        "ENSG00000099250",
        "ENSG00000183023",
        "ENSG00000112038",
        "ENSG00000155511",
        "ENSG00000125675",
        "ENSG00000118946",
        "ENSG00000149403",
        "ENSG00000198822",
        "ENSG00000117114",
        "ENSG00000149294",
        "ENSG00000080709",
        "ENSG00000150471"
      ],
      "SYNGO:postsyn_er_membrane": [],
      "SYNGO:postsyn_ser": [],
      "GO:0099029": [],
      "GO:0098891": [],
      "GO:0099059": [
        "ENSG00000155511",
        "ENSG00000152578",
        "ENSG00000273079",
        "ENSG00000179603",
        "ENSG00000157168",
        "ENSG00000125675"
      ],
      "GO:0098894": [],
      "GO:0099067": [],
      "GO:0098993": [
        "ENSG00000041353"
      ],
      "GO:0098850": [],
      "GO:0030285": [
        "ENSG00000155093"
      ],
      "GO:0098674": [
        "ENSG00000163618",
        "ENSG00000164506"
      ],
      "GO:0099066": [],
      "SYNGO:presyn_er_membrane_integral": [],
      "SYNGO:presyn_ser_membrane": [],
      "GO:0099065": [],
      "GO:0098892": [],
      "GO:0099060": [
        "ENSG00000135333"
      ],
      "GO:0099092": [
        "ENSG00000066032",
        "ENSG00000154310",
        "ENSG00000170921",
        "ENSG00000198010"
      ],
      "GO:0098839": [
        "ENSG00000150672",
        "ENSG00000136267",
        "ENSG00000169306",
        "ENSG00000155511",
        "ENSG00000273079",
        "ENSG00000135333",
        "ENSG00000006116",
        "ENSG00000148948",
        "ENSG00000125675",
        "ENSG00000152578",
        "ENSG00000198785",
        "ENSG00000157168",
        "ENSG00000158258",
        "ENSG00000135298",
        "ENSG00000077943",
        "ENSG00000185008",
        "ENSG00000144868",
        "ENSG00000108684"
      ],
      "GO:0099164": [],
      "GO:0098999": [],
      "GO:0098896": [],
      "GO:0098944": [],
      "SYNGO:postsyn_er_membrane_integral": [],
      "SYNGO:postsyn_ser_membrane": [],
      "SYNGO:presyn_ser_membrane_integral": [],
      "GO:0099031": [
        "ENSG00000150672"
      ],
      "GO:0099147": [
        "ENSG00000136267"
      ],
      "GO:0099061": [
        "ENSG00000169306",
        "ENSG00000155511",
        "ENSG00000273079",
        "ENSG00000135333",
        "ENSG00000006116",
        "ENSG00000148948",
        "ENSG00000125675",
        "ENSG00000152578",
        "ENSG00000198785",
        "ENSG00000157168",
        "ENSG00000158258",
        "ENSG00000135298",
        "ENSG00000077943",
        "ENSG00000185008",
        "ENSG00000144868",
        "ENSG00000108684"
      ],
      "GO:0098998": [],
      "GO:0099033": [],
      "GO:0099063": [],
      "SYNGO:postsyn_ser_membrane_integral": []
    },
    "entrez_id": {
      "GO:0045202": [
        "1993",
        "10082",
        "1009",
        "1004",
        "1600",
        "4685",
        "440279",
        "8618",
        "134957",
        "23043",
        "27255",
        "5071",
        "5799",
        "158471",
        "5579",
        "5581",
        "774",
        "23504",
        "1496",
        "2890",
        "2893",
        "2904",
        "2918",
        "3084",
        "2892",
        "5874",
        "9515",
        "1268",
        "8745",
        "4988",
        "27253",
        "2900",
        "2913",
        "4684",
        "800",
        "4133",
        "23136",
        "1756",
        "221692",
        "3360",
        "23236",
        "817",
        "2045",
        "5063",
        "9863",
        "1501",
        "54477",
        "9758",
        "4978",
        "5099",
        "26115",
        "9228",
        "1740",
        "1607",
        "11141",
        "10368",
        "57689",
        "116443",
        "64084",
        "577",
        "8516",
        "6092",
        "66000",
        "40",
        "57451",
        "8829",
        "6546",
        "23266",
        "3781",
        "23284",
        "7143"
      ],
      "GO:0097060": [
        "4685"
      ],
      "GO:0098793": [
        "440279",
        "8618",
        "134957",
        "23043",
        "27255",
        "5071",
        "5799",
        "158471",
        "5579",
        "5581",
        "774",
        "23504",
        "1496",
        "2890",
        "2893",
        "2904",
        "2918",
        "3084",
        "2892",
        "5874",
        "9515",
        "1268",
        "8745",
        "4988",
        "27253",
        "2900",
        "2913",
        "4684"
      ],
      "GO:0043083": [],
      "GO:0098794": [
        "800",
        "3084",
        "5071",
        "4133",
        "23136",
        "1756",
        "221692",
        "3360",
        "23236",
        "817",
        "4988",
        "2045",
        "5063",
        "9863",
        "1501",
        "54477",
        "9758",
        "4978",
        "5099",
        "26115",
        "1496",
        "23043",
        "9228",
        "1740",
        "1607",
        "11141",
        "2890",
        "2904",
        "10368",
        "57689",
        "2892",
        "2893",
        "116443",
        "64084",
        "577",
        "8516",
        "6092",
        "66000",
        "40",
        "57451",
        "8829",
        "6546",
        "27253",
        "2900",
        "2913",
        "23266",
        "4684",
        "3781",
        "23284"
      ],
      "GO:0099544": [
        "7143"
      ],
      "GO:0099243": [],
      "GO:0099699": [
        "4685"
      ],
      "GO:0099523": [
        "5579",
        "5581",
        "134957"
      ],
      "GO:0099569": [],
      "GO:0048786": [
        "774",
        "23504",
        "1496",
        "2890",
        "2893",
        "2904",
        "2918",
        "3084",
        "2892"
      ],
      "GO:0098833": [],
      "GO:0098830": [],
      "GO:0008021": [
        "134957",
        "5071",
        "5874",
        "5799"
      ],
      "GO:0098992": [
        "9515",
        "8618",
        "134957"
      ],
      "GO:0042734": [
        "27255",
        "134957",
        "1496",
        "774",
        "1268",
        "8745",
        "4988",
        "27253",
        "2900",
        "2890",
        "2892",
        "2904",
        "2913",
        "4684"
      ],
      "SYNGO:presyn_ribosome": [],
      "SYNGO:presyn_er": [],
      "GO:0098965": [],
      "GO:0099524": [
        "23236",
        "817"
      ],
      "GO:0099571": [],
      "GO:0097444": [
        "4988"
      ],
      "GO:0150051": [],
      "GO:0099572": [
        "1756",
        "2045",
        "5063",
        "9863",
        "1501",
        "54477",
        "9758",
        "4978",
        "5099",
        "26115",
        "1496",
        "23043",
        "9228",
        "1740",
        "1607",
        "11141",
        "2890",
        "2904",
        "10368",
        "57689",
        "2892",
        "2893",
        "116443",
        "3084",
        "64084",
        "577",
        "8516",
        "6092",
        "66000",
        "40"
      ],
      "GO:0098843": [],
      "GO:0098845": [],
      "GO:0045211": [
        "9863",
        "57451",
        "1496",
        "8829",
        "6546",
        "4988",
        "2890",
        "2892",
        "27253",
        "2900",
        "2913",
        "23266",
        "4684",
        "3781",
        "23284"
      ],
      "SYNGO:postsyn_ribosome": [],
      "SYNGO:postsyn_er": [],
      "GO:0098966": [
        "7143"
      ],
      "GO:0099182": [],
      "GO:0099143": [],
      "GO:0098831": [
        "23504",
        "1496"
      ],
      "GO:0048787": [
        "2890",
        "2893",
        "2904",
        "2918",
        "3084",
        "2892"
      ],
      "GO:0098835": [],
      "GO:0098954": [],
      "GO:0034592": [],
      "GO:0030672": [
        "5071",
        "5874",
        "5799"
      ],
      "GO:0099013": [],
      "GO:0099012": [
        "8618",
        "134957"
      ],
      "GO:0099026": [
        "27255"
      ],
      "GO:0098888": [
        "134957",
        "1496"
      ],
      "GO:0099056": [
        "774",
        "1268",
        "8745",
        "4988",
        "27253",
        "2900",
        "2890",
        "2892",
        "2904",
        "2913",
        "4684"
      ],
      "SYNGO:presyn_er_membrane": [],
      "SYNGO:presyn_ser": [],
      "GO:0099160": [],
      "GO:0098871": [],
      "GO:0150050": [],
      "GO:0099189": [],
      "GO:0098897": [],
      "GO:0099091": [],
      "GO:0099634": [
        "2045"
      ],
      "GO:0014069": [
        "5063",
        "9863",
        "1501",
        "54477",
        "9758",
        "4978",
        "5099",
        "26115",
        "1496",
        "23043",
        "9228",
        "1740",
        "1607",
        "11141",
        "2890",
        "2904",
        "2045",
        "10368",
        "57689",
        "2892",
        "2893",
        "116443",
        "3084",
        "64084",
        "577",
        "8516",
        "6092",
        "66000",
        "40"
      ],
      "GO:0099629": [],
      "GO:0098844": [],
      "GO:0098895": [],
      "GO:0098842": [],
      "GO:0098837": [],
      "GO:0099025": [],
      "GO:0098890": [
        "9863",
        "57451",
        "1496"
      ],
      "GO:0099055": [
        "8829",
        "6546",
        "4988",
        "2890",
        "2892",
        "27253",
        "2900",
        "2913",
        "23266",
        "4684",
        "3781",
        "23284"
      ],
      "SYNGO:postsyn_er_membrane": [],
      "SYNGO:postsyn_ser": [],
      "GO:0099029": [],
      "GO:0098891": [],
      "GO:0099059": [
        "2890",
        "2893",
        "2904",
        "2918",
        "3084",
        "2892"
      ],
      "GO:0098894": [],
      "GO:0099067": [],
      "GO:0098993": [
        "5874"
      ],
      "GO:0098850": [],
      "GO:0030285": [
        "5799"
      ],
      "GO:0098674": [
        "8618",
        "134957"
      ],
      "GO:0099066": [],
      "SYNGO:presyn_er_membrane_integral": [],
      "SYNGO:presyn_ser_membrane": [],
      "GO:0099065": [],
      "GO:0098892": [],
      "GO:0099060": [
        "2045"
      ],
      "GO:0099092": [
        "1496",
        "23043",
        "26115",
        "9228"
      ],
      "GO:0098839": [
        "1740",
        "1607",
        "11141",
        "2890",
        "2904",
        "2045",
        "10368",
        "57689",
        "2892",
        "2893",
        "116443",
        "3084",
        "64084",
        "577",
        "8516",
        "6092",
        "66000",
        "40"
      ],
      "GO:0099164": [],
      "GO:0098999": [],
      "GO:0098896": [],
      "GO:0098944": [],
      "SYNGO:postsyn_er_membrane_integral": [],
      "SYNGO:postsyn_ser_membrane": [],
      "SYNGO:presyn_ser_membrane_integral": [],
      "GO:0099031": [
        "1740"
      ],
      "GO:0099147": [
        "1607"
      ],
      "GO:0099061": [
        "11141",
        "2890",
        "2904",
        "2045",
        "10368",
        "57689",
        "2892",
        "2893",
        "116443",
        "3084",
        "64084",
        "577",
        "8516",
        "6092",
        "66000",
        "40"
      ],
      "GO:0098998": [],
      "GO:0099033": [],
      "GO:0099063": [],
      "SYNGO:postsyn_ser_membrane_integral": []
    }
  }
}