{
  "direct": {
    "hgnc_id": {
      "SYNGO:synprocess": [],
      "SYNGO:presynprocess": [],
      "SYNGO:postsynprocess": [],
      "GO:0099536": [],
      "GO:0050808": [
        "HGNC:20974",
        "HGNC:18582"
      ],
      "SYNGO:metabolism": [],
      "SYNGO:transport": [],
      "GO:0099509": [
        "HGNC:2159"
      ],
      "GO:0099505": [
        "HGNC:30339"
      ],
      "GO:0140238": [],
      "GO:0099504": [
        "HGNC:19665"
      ],
      "GO:0099525": [
        "HGNC:1426"
      ],
      "GO:0001504": [],
      "GO:0098810": [],
      "SYNGO:presyn_chaperoneProteinFolding": [],
      "GO:0098928": [],
      "GO:0099566": [],
      "GO:0060078": [],
      "GO:0098962": [
        "HGNC:2906"
      ],
      "GO:0099072": [
        "HGNC:2516",
        "HGNC:8607"
      ],
      "GO:0140239": [],
      "GO:0150038": [],
      "GO:0098926": [],
      "GO:0099537": [],
      "GO:0099538": [],
      "GO:0099163": [],
      "GO:0099172": [],
      "GO:0099173": [
        "HGNC:8004"
      ],
      "GO:0099563": [],
      "GO:0050807": [
        "HGNC:10723"
      ],
      "GO:0098918": [],
      "GO:0150043": [],
      "GO:0099560": [
        "HGNC:14267",
        "HGNC:7656",
        "HGNC:29317",
        "HGNC:7997",
        "HGNC:1765",
        "HGNC:29945"
      ],
      "GO:0008039": [
        "HGNC:10723"
      ],
      "GO:0007416": [
        "HGNC:20974"
      ],
      "GO:0098883": [],
      "GO:0060074": [
        "HGNC:10250"
      ],
      "GO:0099558": [
        "HGNC:10723",
        "HGNC:9102"
      ],
      "GO:0099187": [],
      "GO:0099188": [],
      "SYNGO:presyn_ATPmetabolic": [],
      "SYNGO:postsyn_ATPmetabolic": [],
      "GO:0099546": [],
      "GO:0099574": [],
      "GO:0099547": [],
      "GO:0042135": [],
      "GO:0140246": [],
      "GO:0042136": [],
      "GO:0140241": [],
      "GO:0140235": [],
      "GO:0008088": [],
      "GO:0099514": [],
      "GO:0099090": [],
      "GO:0099089": [],
      "GO:0099637": [],
      "GO:1905056": [],
      "GO:0099534": [],
      "GO:0099626": [
        "HGNC:1389",
        "HGNC:1402",
        "HGNC:30339"
      ],
      "GO:0099507": [
        "HGNC:4582",
        "HGNC:4571",
        "HGNC:4573",
        "HGNC:4574",
        "HGNC:4586"
      ],
      "GO:0099508": [
        "HGNC:6289",
        "HGNC:30339"
      ],
      "GO:0150047": [],
      "GO:0140232": [],
      "GO:0098693": [],
      "GO:0097091": [],
      "GO:0099532": [],
      "GO:0016079": [
        "HGNC:23149",
        "HGNC:26183"
      ],
      "GO:0098700": [],
      "GO:0099180": [],
      "GO:0097401": [],
      "GO:0048488": [
        "HGNC:9767"
      ],
      "GO:0099161": [
        "HGNC:19665",
        "HGNC:9401"
      ],
      "GO:0051580": [],
      "GO:0099526": [],
      "GO:1905059": [],
      "GO:0099567": [],
      "GO:1905060": [
        "HGNC:11068"
      ],
      "GO:0098695": [],
      "GO:0099583": [],
      "GO:0140233": [],
      "GO:1904315": [
        "HGNC:4586",
        "HGNC:4571",
        "HGNC:4573",
        "HGNC:4574",
        "HGNC:16767"
      ],
      "GO:1905030": [],
      "GO:0099645": [
        "HGNC:2901",
        "HGNC:1407"
      ],
      "GO:0098967": [],
      "GO:0098970": [],
      "GO:0098884": [],
      "GO:0150044": [],
      "GO:0099527": [
        "HGNC:7997"
      ],
      "GO:0099541": [],
      "GO:0099540": [],
      "GO:0099543": [],
      "GO:0099545": [
        "HGNC:5996"
      ],
      "GO:0099157": [],
      "GO:0099183": [],
      "GO:0099550": [],
      "GO:0007268": [],
      "GO:0150045": [],
      "GO:0099174": [],
      "GO:0099175": [
        "HGNC:3390",
        "HGNC:5996",
        "HGNC:2850",
        "HGNC:8592"
      ],
      "GO:0099084": [],
      "GO:0099010": [],
      "GO:0099564": [],
      "GO:1905244": [],
      "GO:0099181": [],
      "GO:0099186": [],
      "GO:0099179": [
        "HGNC:18957"
      ],
      "GO:0099054": [],
      "GO:0051963": [
        "HGNC:3313"
      ],
      "GO:0098698": [],
      "GO:0097104": [],
      "GO:1905806": [
        "HGNC:945"
      ],
      "GO:0090128": [
        "HGNC:8592",
        "HGNC:945",
        "HGNC:2661"
      ],
      "GO:0099559": [
        "HGNC:29943",
        "HGNC:29945"
      ],
      "GO:0098880": [
        "HGNC:20974"
      ],
      "GO:0099140": [],
      "GO:0098974": [
        "HGNC:29007"
      ],
      "GO:0099190": [
        "HGNC:29943",
        "HGNC:29945"
      ],
      "SYNGO:presyn_regulationATPmetabolic": [
        "HGNC:2159"
      ],
      "GO:0099576": [],
      "GO:0099575": [],
      "GO:0099578": [],
      "GO:0099577": [],
      "GO:0140247": [],
      "GO:0140249": [],
      "GO:0140236": [],
      "GO:0140242": [],
      "GO:0098930": [],
      "GO:0098935": [],
      "GO:0099517": [],
      "GO:0099158": [],
      "GO:0098968": [],
      "GO:0098877": [],
      "GO:0098943": [],
      "GO:0016182": [],
      "GO:0016189": [],
      "GO:0099502": [],
      "GO:2000300": [
        "HGNC:9395",
        "HGNC:30757",
        "HGNC:19665"
      ],
      "GO:0016081": [],
      "GO:0031629": [],
      "GO:0016082": [
        "HGNC:1426"
      ],
      "GO:0099162": [],
      "GO:1901546": [],
      "GO:1900242": [
        "HGNC:8607"
      ],
      "GO:0016185": [],
      "GO:0016191": [],
      "GO:0098872": [],
      "GO:0099579": [],
      "GO:0098696": [
        "HGNC:18957",
        "HGNC:30765",
        "HGNC:8592",
        "HGNC:4454",
        "HGNC:3380",
        "HGNC:28451"
      ],
      "GO:0099145": [],
      "GO:0150054": [],
      "GO:0099149": [
        "HGNC:7997"
      ],
      "GO:1905539": [],
      "GO:0099542": [],
      "GO:0099548": [],
      "GO:0098942": [
        "HGNC:29943"
      ],
      "GO:0099557": [],
      "GO:0150035": [],
      "GO:0050804": [
        "HGNC:1750",
        "HGNC:11953",
        "HGNC:29317",
        "HGNC:2850",
        "HGNC:7656",
        "HGNC:3390",
        "HGNC:2906",
        "HGNC:6291"
      ],
      "GO:0099531": [],
      "GO:0099565": [],
      "GO:0099159": [
        "HGNC:20990"
      ],
      "GO:0098885": [
        "HGNC:2510"
      ],
      "GO:0098987": [],
      "GO:0098882": [
        "HGNC:30339"
      ],
      "GO:0098699": [],
      "GO:0098973": [],
      "GO:0099184": [],
      "GO:0098879": [
        "HGNC:18957"
      ],
      "GO:0098919": [
        "HGNC:18957",
        "HGNC:2901",
        "HGNC:2516",
        "HGNC:30212"
      ],
      "GO:1905606": [
        "HGNC:5996",
        "HGNC:7997"
      ],
      "GO:0150052": [
        "HGNC:8659",
        "HGNC:99",
        "HGNC:5299"
      ],
      "GO:0099150": [],
      "GO:0097107": [],
      "GO:0099562": [],
      "GO:0140251": [
        "HGNC:8607"
      ],
      "GO:0140252": [],
      "GO:0140245": [],
      "GO:0008089": [],
      "GO:0099088": [],
      "GO:0098937": [],
      "GO:0098939": [],
      "GO:0098961": [],
      "GO:0098934": [],
      "GO:0048490": [],
      "GO:0098969": [],
      "GO:0099639": [],
      "GO:0150037": [
        "HGNC:30339",
        "HGNC:1389"
      ],
      "GO:0099148": [
        "HGNC:19665"
      ],
      "GO:0031630": [],
      "GO:0010807": [
        "HGNC:19665"
      ],
      "GO:0098694": [],
      "GO:0098921": [
        "HGNC:2159"
      ],
      "GO:0099553": [],
      "GO:0099555": [],
      "GO:0099171": [
        "HGNC:9401",
        "HGNC:4600",
        "HGNC:16767",
        "HGNC:8156"
      ],
      "GO:0099170": [
        "HGNC:15917",
        "HGNC:4595"
      ],
      "GO:1905274": [],
      "GO:0099151": [],
      "GO:0099641": [],
      "GO:0140231": [],
      "GO:0098971": [],
      "GO:0098963": [],
      "GO:1903742": [],
      "GO:0098887": [],
      "GO:0099178": [
        "HGNC:15917"
      ],
      "GO:0150036": [],
      "GO:0098925": [],
      "GO:0098964": [],
      "GO:0099152": []
    },
    "hgnc_symbol": {
      "SYNGO:synprocess": [],
      "SYNGO:presynprocess": [],
      "SYNGO:postsynprocess": [],
      "GO:0099536": [],
      "GO:0050808": [
        "ADGRL3",
        "ADGRL2"
      ],
      "SYNGO:metabolism": [],
      "SYNGO:transport": [],
      "GO:0099509": [
        "CNR1"
      ],
      "GO:0099505": [
        "RIMBP2"
      ],
      "GO:0140238": [],
      "GO:0099504": [
        "STXBP5"
      ],
      "GO:0099525": [
        "CADPS"
      ],
      "GO:0001504": [],
      "GO:0098810": [],
      "SYNGO:presyn_chaperoneProteinFolding": [],
      "GO:0098928": [],
      "GO:0099566": [],
      "GO:0060078": [],
      "GO:0098962": [
        "DLGAP2"
      ],
      "GO:0099072": [
        "CTNND2",
        "PRKN"
      ],
      "GO:0140239": [],
      "GO:0150038": [],
      "GO:0098926": [],
      "GO:0099537": [],
      "GO:0099538": [],
      "GO:0099163": [],
      "GO:0099172": [],
      "GO:0099173": [
        "NRP1"
      ],
      "GO:0099563": [],
      "GO:0050807": [
        "SEMA3A"
      ],
      "GO:0098918": [],
      "GO:0150043": [],
      "GO:0099560": [
        "PCDH17",
        "NCAM1",
        "LRRC4C",
        "NRG1",
        "CDH6",
        "TENM4"
      ],
      "GO:0008039": [
        "SEMA3A"
      ],
      "GO:0007416": [
        "ADGRL3"
      ],
      "GO:0098883": [],
      "GO:0060074": [
        "ROBO2"
      ],
      "GO:0099558": [
        "SEMA3A",
        "PLXNA4"
      ],
      "GO:0099187": [],
      "GO:0099188": [],
      "SYNGO:presyn_ATPmetabolic": [],
      "SYNGO:postsyn_ATPmetabolic": [],
      "GO:0099546": [],
      "GO:0099574": [],
      "GO:0099547": [],
      "GO:0042135": [],
      "GO:0140246": [],
      "GO:0042136": [],
      "GO:0140241": [],
      "GO:0140235": [],
      "GO:0008088": [],
      "GO:0099514": [],
      "GO:0099090": [],
      "GO:0099089": [],
      "GO:0099637": [],
      "GO:1905056": [],
      "GO:0099534": [],
      "GO:0099626": [
        "CACNA1B",
        "CACNB2",
        "RIMBP2"
      ],
      "GO:0099507": [
        "GRIK4",
        "GRIA1",
        "GRIA3",
        "GRIA4",
        "GRIN2B"
      ],
      "GO:0099508": [
        "KCNMB4",
        "RIMBP2"
      ],
      "GO:0150047": [],
      "GO:0140232": [],
      "GO:0098693": [],
      "GO:0097091": [],
      "GO:0099532": [],
      "GO:0016079": [
        "UNC13C",
        "MCTP1"
      ],
      "GO:0098700": [],
      "GO:0099180": [],
      "GO:0097401": [],
      "GO:0048488": [
        "RAB27B"
      ],
      "GO:0099161": [
        "STXBP5",
        "PRKCE"
      ],
      "GO:0051580": [],
      "GO:0099526": [],
      "GO:1905059": [],
      "GO:0099567": [],
      "GO:1905060": [
        "SLC8A1"
      ],
      "GO:0098695": [],
      "GO:0099583": [],
      "GO:0140233": [],
      "GO:1904315": [
        "GRIN2B",
        "GRIA1",
        "GRIA3",
        "GRIA4",
        "GRIN3A"
      ],
      "GO:1905030": [],
      "GO:0099645": [
        "DLG2",
        "CACNG3"
      ],
      "GO:0098967": [],
      "GO:0098970": [],
      "GO:0098884": [],
      "GO:0150044": [],
      "GO:0099527": [
        "NRG1"
      ],
      "GO:0099541": [],
      "GO:0099540": [],
      "GO:0099543": [],
      "GO:0099545": [
        "IL1RAPL1"
      ],
      "GO:0099157": [],
      "GO:0099183": [],
      "GO:0099550": [],
      "GO:0007268": [],
      "GO:0150045": [],
      "GO:0099174": [],
      "GO:0099175": [
        "EPHA7",
        "IL1RAPL1",
        "DGKB",
        "PAK3"
      ],
      "GO:0099084": [],
      "GO:0099010": [],
      "GO:0099564": [],
      "GO:1905244": [],
      "GO:0099181": [],
      "GO:0099186": [],
      "GO:0099179": [
        "MAGI2"
      ],
      "GO:0099054": [],
      "GO:0051963": [
        "ELAVL2"
      ],
      "GO:0098698": [],
      "GO:0097104": [],
      "GO:1905806": [
        "ADGRB3"
      ],
      "GO:0090128": [
        "PAK3",
        "ADGRB3",
        "DAB1"
      ],
      "GO:0099559": [
        "TENM2",
        "TENM4"
      ],
      "GO:0098880": [
        "ADGRL3"
      ],
      "GO:0099140": [],
      "GO:0098974": [
        "FRMPD4"
      ],
      "GO:0099190": [
        "TENM2",
        "TENM4"
      ],
      "SYNGO:presyn_regulationATPmetabolic": [
        "CNR1"
      ],
      "GO:0099576": [],
      "GO:0099575": [],
      "GO:0099578": [],
      "GO:0099577": [],
      "GO:0140247": [],
      "GO:0140249": [],
      "GO:0140236": [],
      "GO:0140242": [],
      "GO:0098930": [],
      "GO:0098935": [],
      "GO:0099517": [],
      "GO:0099158": [],
      "GO:0098968": [],
      "GO:0098877": [],
      "GO:0098943": [],
      "GO:0016182": [],
      "GO:0016189": [],
      "GO:0099502": [],
      "GO:2000300": [
        "PRKCB",
        "STXBP5L",
        "STXBP5"
      ],
      "GO:0016081": [],
      "GO:0031629": [],
      "GO:0016082": [
        "CADPS"
      ],
      "GO:0099162": [],
      "GO:1901546": [],
      "GO:1900242": [
        "PRKN"
      ],
      "GO:0016185": [],
      "GO:0016191": [],
      "GO:0098872": [],
      "GO:0099579": [],
      "GO:0098696": [
        "MAGI2",
        "TNIK",
        "PAK3",
        "GPC6",
        "EPB41L3",
        "TMEM108"
      ],
      "GO:0099145": [],
      "GO:0150054": [],
      "GO:0099149": [
        "NRG1"
      ],
      "GO:1905539": [],
      "GO:0099542": [],
      "GO:0099548": [],
      "GO:0098942": [
        "TENM2"
      ],
      "GO:0099557": [],
      "GO:0150035": [],
      "GO:0050804": [
        "CDH11",
        "TNR",
        "LRRC4C",
        "DGKB",
        "NCAM1",
        "EPHA7",
        "DLGAP2",
        "KCNN2"
      ],
      "GO:0099531": [],
      "GO:0099565": [],
      "GO:0099159": [
        "PHACTR1"
      ],
      "GO:0098885": [
        "CTNNA2"
      ],
      "GO:0098987": [],
      "GO:0098882": [
        "RIMBP2"
      ],
      "GO:0098699": [],
      "GO:0098973": [],
      "GO:0099184": [],
      "GO:0098879": [
        "MAGI2"
      ],
      "GO:0098919": [
        "MAGI2",
        "DLG2",
        "CTNND2",
        "TANC2"
      ],
      "GO:1905606": [
        "IL1RAPL1",
        "NRG1"
      ],
      "GO:0150052": [
        "PCDH7",
        "ASIC2",
        "HTR4"
      ],
      "GO:0099150": [],
      "GO:0097107": [],
      "GO:0099562": [],
      "GO:0140251": [
        "PRKN"
      ],
      "GO:0140252": [],
      "GO:0140245": [],
      "GO:0008089": [],
      "GO:0099088": [],
      "GO:0098937": [],
      "GO:0098939": [],
      "GO:0098961": [],
      "GO:0098934": [],
      "GO:0048490": [],
      "GO:0098969": [],
      "GO:0099639": [],
      "GO:0150037": [
        "RIMBP2",
        "CACNA1B"
      ],
      "GO:0099148": [
        "STXBP5"
      ],
      "GO:0031630": [],
      "GO:0010807": [
        "STXBP5"
      ],
      "GO:0098694": [],
      "GO:0098921": [
        "CNR1"
      ],
      "GO:0099553": [],
      "GO:0099555": [],
      "GO:0099171": [
        "PRKCE",
        "GRM8",
        "GRIN3A",
        "OPRM1"
      ],
      "GO:0099170": [
        "PLCB1",
        "GRM3"
      ],
      "GO:1905274": [],
      "GO:0099151": [],
      "GO:0099641": [],
      "GO:0140231": [],
      "GO:0098971": [],
      "GO:0098963": [],
      "GO:1903742": [],
      "GO:0098887": [],
      "GO:0099178": [
        "PLCB1"
      ],
      "GO:0150036": [],
      "GO:0098925": [],
      "GO:0098964": [],
      "GO:0099152": []
    },
    "ensembl_id": {
      "SYNGO:synprocess": [],
      "SYNGO:presynprocess": [],
      "SYNGO:postsynprocess": [],
      "GO:0099536": [],
      "GO:0050808": [
        "ENSG00000150471",
        "ENSG00000117114"
      ],
      "SYNGO:metabolism": [],
      "SYNGO:transport": [],
      "GO:0099509": [
        "ENSG00000118432"
      ],
      "GO:0099505": [
        "ENSG00000060709"
      ],
      "GO:0140238": [],
      "GO:0099504": [
        "ENSG00000164506"
      ],
      "GO:0099525": [
        "ENSG00000163618"
      ],
      "GO:0001504": [],
      "GO:0098810": [],
      "SYNGO:presyn_chaperoneProteinFolding": [],
      "GO:0098928": [],
      "GO:0099566": [],
      "GO:0060078": [],
      "GO:0098962": [
        "ENSG00000198010"
      ],
      "GO:0099072": [
        "ENSG00000169862",
        "ENSG00000185345"
      ],
      "GO:0140239": [],
      "GO:0150038": [],
      "GO:0098926": [],
      "GO:0099537": [],
      "GO:0099538": [],
      "GO:0099163": [],
      "GO:0099172": [],
      "GO:0099173": [
        "ENSG00000099250"
      ],
      "GO:0099563": [],
      "GO:0050807": [
        "ENSG00000075213"
      ],
      "GO:0098918": [],
      "GO:0150043": [],
      "GO:0099560": [
        "ENSG00000118946",
        "ENSG00000149294",
        "ENSG00000148948",
        "ENSG00000157168",
        "ENSG00000113361",
        "ENSG00000149256"
      ],
      "GO:0008039": [
        "ENSG00000075213"
      ],
      "GO:0007416": [
        "ENSG00000150471"
      ],
      "GO:0098883": [],
      "GO:0060074": [
        "ENSG00000185008"
      ],
      "GO:0099558": [
        "ENSG00000075213",
        "ENSG00000221866"
      ],
      "GO:0099187": [],
      "GO:0099188": [],
      "SYNGO:presyn_ATPmetabolic": [],
      "SYNGO:postsyn_ATPmetabolic": [],
      "GO:0099546": [],
      "GO:0099574": [],
      "GO:0099547": [],
      "GO:0042135": [],
      "GO:0140246": [],
      "GO:0042136": [],
      "GO:0140241": [],
      "GO:0140235": [],
      "GO:0008088": [],
      "GO:0099514": [],
      "GO:0099090": [],
      "GO:0099089": [],
      "GO:0099637": [],
      "GO:1905056": [],
      "GO:0099534": [],
      "GO:0099626": [
        "ENSG00000148408",
        "ENSG00000165995",
        "ENSG00000060709"
      ],
      "GO:0099507": [
        "ENSG00000149403",
        "ENSG00000155511",
        "ENSG00000125675",
        "ENSG00000152578",
        "ENSG00000273079"
      ],
      "GO:0099508": [
        "ENSG00000135643",
        "ENSG00000060709"
      ],
      "GO:0150047": [],
      "GO:0140232": [],
      "GO:0098693": [],
      "GO:0097091": [],
      "GO:0099532": [],
      "GO:0016079": [
        "ENSG00000137766",
        "ENSG00000175471"
      ],
      "GO:0098700": [],
      "GO:0099180": [],
      "GO:0097401": [],
      "GO:0048488": [
        "ENSG00000041353"
      ],
      "GO:0099161": [
        "ENSG00000164506",
        "ENSG00000171132"
      ],
      "GO:0051580": [],
      "GO:0099526": [],
      "GO:1905059": [],
      "GO:0099567": [],
      "GO:1905060": [
        "ENSG00000183023"
      ],
      "GO:0098695": [],
      "GO:0099583": [],
      "GO:0140233": [],
      "GO:1904315": [
        "ENSG00000273079",
        "ENSG00000155511",
        "ENSG00000125675",
        "ENSG00000152578",
        "ENSG00000198785"
      ],
      "GO:1905030": [],
      "GO:0099645": [
        "ENSG00000150672",
        "ENSG00000006116"
      ],
      "GO:0098967": [],
      "GO:0098970": [],
      "GO:0098884": [],
      "GO:0150044": [],
      "GO:0099527": [
        "ENSG00000157168"
      ],
      "GO:0099541": [],
      "GO:0099540": [],
      "GO:0099543": [],
      "GO:0099545": [
        "ENSG00000169306"
      ],
      "GO:0099157": [],
      "GO:0099183": [],
      "GO:0099550": [],
      "GO:0007268": [],
      "GO:0150045": [],
      "GO:0099174": [],
      "GO:0099175": [
        "ENSG00000135333",
        "ENSG00000169306",
        "ENSG00000136267",
        "ENSG00000077264"
      ],
      "GO:0099084": [],
      "GO:0099010": [],
      "GO:0099564": [],
      "GO:1905244": [],
      "GO:0099181": [],
      "GO:0099186": [],
      "GO:0099179": [
        "ENSG00000187391"
      ],
      "GO:0099054": [],
      "GO:0051963": [
        "ENSG00000107105"
      ],
      "GO:0098698": [],
      "GO:0097104": [],
      "GO:1905806": [
        "ENSG00000135298"
      ],
      "GO:0090128": [
        "ENSG00000077264",
        "ENSG00000135298",
        "ENSG00000173406"
      ],
      "GO:0099559": [
        "ENSG00000145934",
        "ENSG00000149256"
      ],
      "GO:0098880": [
        "ENSG00000150471"
      ],
      "GO:0099140": [],
      "GO:0098974": [
        "ENSG00000169933"
      ],
      "GO:0099190": [
        "ENSG00000145934",
        "ENSG00000149256"
      ],
      "SYNGO:presyn_regulationATPmetabolic": [
        "ENSG00000118432"
      ],
      "GO:0099576": [],
      "GO:0099575": [],
      "GO:0099578": [],
      "GO:0099577": [],
      "GO:0140247": [],
      "GO:0140249": [],
      "GO:0140236": [],
      "GO:0140242": [],
      "GO:0098930": [],
      "GO:0098935": [],
      "GO:0099517": [],
      "GO:0099158": [],
      "GO:0098968": [],
      "GO:0098877": [],
      "GO:0098943": [],
      "GO:0016182": [],
      "GO:0016189": [],
      "GO:0099502": [],
      "GO:2000300": [
        "ENSG00000166501",
        "ENSG00000145087",
        "ENSG00000164506"
      ],
      "GO:0016081": [],
      "GO:0031629": [],
      "GO:0016082": [
        "ENSG00000163618"
      ],
      "GO:0099162": [],
      "GO:1901546": [],
      "GO:1900242": [
        "ENSG00000185345"
      ],
      "GO:0016185": [],
      "GO:0016191": [],
      "GO:0098872": [],
      "GO:0099579": [],
      "GO:0098696": [
        "ENSG00000187391",
        "ENSG00000154310",
        "ENSG00000077264",
        "ENSG00000183098",
        "ENSG00000082397",
        "ENSG00000144868"
      ],
      "GO:0099145": [],
      "GO:0150054": [],
      "GO:0099149": [
        "ENSG00000157168"
      ],
      "GO:1905539": [],
      "GO:0099542": [],
      "GO:0099548": [],
      "GO:0098942": [
        "ENSG00000145934"
      ],
      "GO:0099557": [],
      "GO:0150035": [],
      "GO:0050804": [
        "ENSG00000140937",
        "ENSG00000116147",
        "ENSG00000148948",
        "ENSG00000136267",
        "ENSG00000149294",
        "ENSG00000135333",
        "ENSG00000198010",
        "ENSG00000080709"
      ],
      "GO:0099531": [],
      "GO:0099565": [],
      "GO:0099159": [
        "ENSG00000112137"
      ],
      "GO:0098885": [
        "ENSG00000066032"
      ],
      "GO:0098987": [],
      "GO:0098882": [
        "ENSG00000060709"
      ],
      "GO:0098699": [],
      "GO:0098973": [],
      "GO:0099184": [],
      "GO:0098879": [
        "ENSG00000187391"
      ],
      "GO:0098919": [
        "ENSG00000187391",
        "ENSG00000150672",
        "ENSG00000169862",
        "ENSG00000170921"
      ],
      "GO:1905606": [
        "ENSG00000169306",
        "ENSG00000157168"
      ],
      "GO:0150052": [
        "ENSG00000169851",
        "ENSG00000108684",
        "ENSG00000164270"
      ],
      "GO:0099150": [],
      "GO:0097107": [],
      "GO:0099562": [],
      "GO:0140251": [
        "ENSG00000185345"
      ],
      "GO:0140252": [],
      "GO:0140245": [],
      "GO:0008089": [],
      "GO:0099088": [],
      "GO:0098937": [],
      "GO:0098939": [],
      "GO:0098961": [],
      "GO:0098934": [],
      "GO:0048490": [],
      "GO:0098969": [],
      "GO:0099639": [],
      "GO:0150037": [
        "ENSG00000060709",
        "ENSG00000148408"
      ],
      "GO:0099148": [
        "ENSG00000164506"
      ],
      "GO:0031630": [],
      "GO:0010807": [
        "ENSG00000164506"
      ],
      "GO:0098694": [],
      "GO:0098921": [
        "ENSG00000118432"
      ],
      "GO:0099553": [],
      "GO:0099555": [],
      "GO:0099171": [
        "ENSG00000171132",
        "ENSG00000179603",
        "ENSG00000198785",
        "ENSG00000112038"
      ],
      "GO:0099170": [
        "ENSG00000182621",
        "ENSG00000198822"
      ],
      "GO:1905274": [],
      "GO:0099151": [],
      "GO:0099641": [],
      "GO:0140231": [],
      "GO:0098971": [],
      "GO:0098963": [],
      "GO:1903742": [],
      "GO:0098887": [],
      "GO:0099178": [
        "ENSG00000182621"
      ],
      "GO:0150036": [],
      "GO:0098925": [],
      "GO:0098964": [],
      "GO:0099152": []
    },
    "entrez_id": {
      "SYNGO:synprocess": [],
      "SYNGO:presynprocess": [],
      "SYNGO:postsynprocess": [],
      "GO:0099536": [],
      "GO:0050808": [
        "23284",
        "23266"
      ],
      "SYNGO:metabolism": [],
      "SYNGO:transport": [],
      "GO:0099509": [
        "1268"
      ],
      "GO:0099505": [
        "23504"
      ],
      "GO:0140238": [],
      "GO:0099504": [
        "134957"
      ],
      "GO:0099525": [
        "8618"
      ],
      "GO:0001504": [],
      "GO:0098810": [],
      "SYNGO:presyn_chaperoneProteinFolding": [],
      "GO:0098928": [],
      "GO:0099566": [],
      "GO:0060078": [],
      "GO:0098962": [
        "9228"
      ],
      "GO:0099072": [
        "1501",
        "5071"
      ],
      "GO:0140239": [],
      "GO:0150038": [],
      "GO:0098926": [],
      "GO:0099537": [],
      "GO:0099538": [],
      "GO:0099163": [],
      "GO:0099172": [],
      "GO:0099173": [
        "8829"
      ],
      "GO:0099563": [],
      "GO:0050807": [
        "10371"
      ],
      "GO:0098918": [],
      "GO:0150043": [],
      "GO:0099560": [
        "27253",
        "4684",
        "57689",
        "3084",
        "1004",
        "26011"
      ],
      "GO:0008039": [
        "10371"
      ],
      "GO:0007416": [
        "23284"
      ],
      "GO:0098883": [],
      "GO:0060074": [
        "6092"
      ],
      "GO:0099558": [
        "10371",
        "91584"
      ],
      "GO:0099187": [],
      "GO:0099188": [],
      "SYNGO:presyn_ATPmetabolic": [],
      "SYNGO:postsyn_ATPmetabolic": [],
      "GO:0099546": [],
      "GO:0099574": [],
      "GO:0099547": [],
      "GO:0042135": [],
      "GO:0140246": [],
      "GO:0042136": [],
      "GO:0140241": [],
      "GO:0140235": [],
      "GO:0008088": [],
      "GO:0099514": [],
      "GO:0099090": [],
      "GO:0099089": [],
      "GO:0099637": [],
      "GO:1905056": [],
      "GO:0099534": [],
      "GO:0099626": [
        "774",
        "783",
        "23504"
      ],
      "GO:0099507": [
        "2900",
        "2890",
        "2892",
        "2893",
        "2904"
      ],
      "GO:0099508": [
        "27345",
        "23504"
      ],
      "GO:0150047": [],
      "GO:0140232": [],
      "GO:0098693": [],
      "GO:0097091": [],
      "GO:0099532": [],
      "GO:0016079": [
        "440279",
        "79772"
      ],
      "GO:0098700": [],
      "GO:0099180": [],
      "GO:0097401": [],
      "GO:0048488": [
        "5874"
      ],
      "GO:0099161": [
        "134957",
        "5581"
      ],
      "GO:0051580": [],
      "GO:0099526": [],
      "GO:1905059": [],
      "GO:0099567": [],
      "GO:1905060": [
        "6546"
      ],
      "GO:0098695": [],
      "GO:0099583": [],
      "GO:0140233": [],
      "GO:1904315": [
        "2904",
        "2890",
        "2892",
        "2893",
        "116443"
      ],
      "GO:1905030": [],
      "GO:0099645": [
        "1740",
        "10368"
      ],
      "GO:0098967": [],
      "GO:0098970": [],
      "GO:0098884": [],
      "GO:0150044": [],
      "GO:0099527": [
        "3084"
      ],
      "GO:0099541": [],
      "GO:0099540": [],
      "GO:0099543": [],
      "GO:0099545": [
        "11141"
      ],
      "GO:0099157": [],
      "GO:0099183": [],
      "GO:0099550": [],
      "GO:0007268": [],
      "GO:0150045": [],
      "GO:0099174": [],
      "GO:0099175": [
        "2045",
        "11141",
        "1607",
        "5063"
      ],
      "GO:0099084": [],
      "GO:0099010": [],
      "GO:0099564": [],
      "GO:1905244": [],
      "GO:0099181": [],
      "GO:0099186": [],
      "GO:0099179": [
        "9863"
      ],
      "GO:0099054": [],
      "GO:0051963": [
        "1993"
      ],
      "GO:0098698": [],
      "GO:0097104": [],
      "GO:1905806": [
        "577"
      ],
      "GO:0090128": [
        "5063",
        "577",
        "1600"
      ],
      "GO:0099559": [
        "57451",
        "26011"
      ],
      "GO:0098880": [
        "23284"
      ],
      "GO:0099140": [],
      "GO:0098974": [
        "9758"
      ],
      "GO:0099190": [
        "57451",
        "26011"
      ],
      "SYNGO:presyn_regulationATPmetabolic": [
        "1268"
      ],
      "GO:0099576": [],
      "GO:0099575": [],
      "GO:0099578": [],
      "GO:0099577": [],
      "GO:0140247": [],
      "GO:0140249": [],
      "GO:0140236": [],
      "GO:0140242": [],
      "GO:0098930": [],
      "GO:0098935": [],
      "GO:0099517": [],
      "GO:0099158": [],
      "GO:0098968": [],
      "GO:0098877": [],
      "GO:0098943": [],
      "GO:0016182": [],
      "GO:0016189": [],
      "GO:0099502": [],
      "GO:2000300": [
        "5579",
        "9515",
        "134957"
      ],
      "GO:0016081": [],
      "GO:0031629": [],
      "GO:0016082": [
        "8618"
      ],
      "GO:0099162": [],
      "GO:1901546": [],
      "GO:1900242": [
        "5071"
      ],
      "GO:0016185": [],
      "GO:0016191": [],
      "GO:0098872": [],
      "GO:0099579": [],
      "GO:0098696": [
        "9863",
        "23043",
        "5063",
        "10082",
        "23136",
        "66000"
      ],
      "GO:0099145": [],
      "GO:0150054": [],
      "GO:0099149": [
        "3084"
      ],
      "GO:1905539": [],
      "GO:0099542": [],
      "GO:0099548": [],
      "GO:0098942": [
        "57451"
      ],
      "GO:0099557": [],
      "GO:0150035": [],
      "GO:0050804": [
        "1009",
        "7143",
        "57689",
        "1607",
        "4684",
        "2045",
        "9228",
        "3781"
      ],
      "GO:0099531": [],
      "GO:0099565": [],
      "GO:0099159": [
        "221692"
      ],
      "GO:0098885": [
        "1496"
      ],
      "GO:0098987": [],
      "GO:0098882": [
        "23504"
      ],
      "GO:0098699": [],
      "GO:0098973": [],
      "GO:0099184": [],
      "GO:0098879": [
        "9863"
      ],
      "GO:0098919": [
        "9863",
        "1740",
        "1501",
        "26115"
      ],
      "GO:1905606": [
        "11141",
        "3084"
      ],
      "GO:0150052": [
        "5099",
        "40",
        "3360"
      ],
      "GO:0099150": [],
      "GO:0097107": [],
      "GO:0099562": [],
      "GO:0140251": [
        "5071"
      ],
      "GO:0140252": [],
      "GO:0140245": [],
      "GO:0008089": [],
      "GO:0099088": [],
      "GO:0098937": [],
      "GO:0098939": [],
      "GO:0098961": [],
      "GO:0098934": [],
      "GO:0048490": [],
      "GO:0098969": [],
      "GO:0099639": [],
      "GO:0150037": [
        "23504",
        "774"
      ],
      "GO:0099148": [
        "134957"
      ],
      "GO:0031630": [],
      "GO:0010807": [
        "134957"
      ],
      "GO:0098694": [],
      "GO:0098921": [
        "1268"
      ],
      "GO:0099553": [],
      "GO:0099555": [],
      "GO:0099171": [
        "5581",
        "2918",
        "116443",
        "4988"
      ],
      "GO:0099170": [
        "23236",
        "2913"
      ],
      "GO:1905274": [],
      "GO:0099151": [],
      "GO:0099641": [],
      "GO:0140231": [],
      "GO:0098971": [],
      "GO:0098963": [],
      "GO:1903742": [],
      "GO:0098887": [],
      "GO:0099178": [
        "23236"
      ],
      "GO:0150036": [],
      "GO:0098925": [],
      "GO:0098964": [],
      "GO:0099152": []
    }
  },
  "aggregate": {
    "hgnc_id": {
      "SYNGO:synprocess": [
        "HGNC:2159",
        "HGNC:1389",
        "HGNC:1402",
        "HGNC:30339",
        "HGNC:4582",
        "HGNC:4571",
        "HGNC:4573",
        "HGNC:4574",
        "HGNC:4586",
        "HGNC:6289",
        "HGNC:19665",
        "HGNC:23149",
        "HGNC:26183",
        "HGNC:9395",
        "HGNC:30757",
        "HGNC:1426",
        "HGNC:9767",
        "HGNC:8607",
        "HGNC:9401",
        "HGNC:11068",
        "HGNC:16767",
        "HGNC:2906",
        "HGNC:2516",
        "HGNC:2901",
        "HGNC:1407",
        "HGNC:18957",
        "HGNC:30765",
        "HGNC:8592",
        "HGNC:4454",
        "HGNC:3380",
        "HGNC:28451",
        "HGNC:7997",
        "HGNC:15917",
        "HGNC:5996",
        "HGNC:29943",
        "HGNC:1750",
        "HGNC:11953",
        "HGNC:29317",
        "HGNC:2850",
        "HGNC:7656",
        "HGNC:3390",
        "HGNC:6291",
        "HGNC:4600",
        "HGNC:8156",
        "HGNC:4595",
        "HGNC:20974",
        "HGNC:18582",
        "HGNC:8004",
        "HGNC:20990",
        "HGNC:2510",
        "HGNC:10723",
        "HGNC:30212",
        "HGNC:14267",
        "HGNC:1765",
        "HGNC:29945",
        "HGNC:3313",
        "HGNC:8659",
        "HGNC:99",
        "HGNC:5299",
        "HGNC:945",
        "HGNC:10250",
        "HGNC:2661",
        "HGNC:9102",
        "HGNC:29007"
      ],
      "SYNGO:presynprocess": [
        "HGNC:2159",
        "HGNC:1389",
        "HGNC:1402",
        "HGNC:30339",
        "HGNC:4582",
        "HGNC:4571",
        "HGNC:4573",
        "HGNC:4574",
        "HGNC:4586",
        "HGNC:6289",
        "HGNC:19665",
        "HGNC:23149",
        "HGNC:26183",
        "HGNC:9395",
        "HGNC:30757",
        "HGNC:1426",
        "HGNC:9767",
        "HGNC:8607",
        "HGNC:9401"
      ],
      "SYNGO:postsynprocess": [
        "HGNC:11068",
        "HGNC:4586",
        "HGNC:4571",
        "HGNC:4573",
        "HGNC:4574",
        "HGNC:16767",
        "HGNC:2906",
        "HGNC:2516",
        "HGNC:8607",
        "HGNC:2901",
        "HGNC:1407",
        "HGNC:18957",
        "HGNC:30765",
        "HGNC:8592",
        "HGNC:4454",
        "HGNC:3380",
        "HGNC:28451",
        "HGNC:7997"
      ],
      "GO:0099536": [
        "HGNC:2159",
        "HGNC:15917",
        "HGNC:5996",
        "HGNC:29943",
        "HGNC:1750",
        "HGNC:11953",
        "HGNC:29317",
        "HGNC:2850",
        "HGNC:7656",
        "HGNC:3390",
        "HGNC:2906",
        "HGNC:6291",
        "HGNC:9401",
        "HGNC:4600",
        "HGNC:16767",
        "HGNC:8156",
        "HGNC:4595"
      ],
      "GO:0050808": [
        "HGNC:20974",
        "HGNC:18582",
        "HGNC:8004",
        "HGNC:3390",
        "HGNC:5996",
        "HGNC:2850",
        "HGNC:8592",
        "HGNC:20990",
        "HGNC:2510",
        "HGNC:10723",
        "HGNC:30339",
        "HGNC:18957",
        "HGNC:2901",
        "HGNC:2516",
        "HGNC:30212",
        "HGNC:14267",
        "HGNC:7656",
        "HGNC:29317",
        "HGNC:7997",
        "HGNC:1765",
        "HGNC:29945",
        "HGNC:3313",
        "HGNC:8659",
        "HGNC:99",
        "HGNC:5299",
        "HGNC:945",
        "HGNC:10250",
        "HGNC:2661",
        "HGNC:9102",
        "HGNC:29943",
        "HGNC:29007"
      ],
      "SYNGO:metabolism": [
        "HGNC:2159",
        "HGNC:8607"
      ],
      "SYNGO:transport": [],
      "GO:0099509": [
        "HGNC:2159",
        "HGNC:1389",
        "HGNC:1402",
        "HGNC:30339"
      ],
      "GO:0099505": [
        "HGNC:30339",
        "HGNC:4582",
        "HGNC:4571",
        "HGNC:4573",
        "HGNC:4574",
        "HGNC:4586",
        "HGNC:6289"
      ],
      "GO:0140238": [],
      "GO:0099504": [
        "HGNC:19665",
        "HGNC:23149",
        "HGNC:26183",
        "HGNC:30339",
        "HGNC:1389",
        "HGNC:9395",
        "HGNC:30757",
        "HGNC:1426",
        "HGNC:9767",
        "HGNC:8607"
      ],
      "GO:0099525": [
        "HGNC:1426",
        "HGNC:19665",
        "HGNC:9401"
      ],
      "GO:0001504": [],
      "GO:0098810": [],
      "SYNGO:presyn_chaperoneProteinFolding": [],
      "GO:0098928": [],
      "GO:0099566": [
        "HGNC:11068"
      ],
      "GO:0060078": [
        "HGNC:4586",
        "HGNC:4571",
        "HGNC:4573",
        "HGNC:4574",
        "HGNC:16767"
      ],
      "GO:0098962": [
        "HGNC:2906"
      ],
      "GO:0099072": [
        "HGNC:2516",
        "HGNC:8607",
        "HGNC:2901",
        "HGNC:1407",
        "HGNC:18957",
        "HGNC:30765",
        "HGNC:8592",
        "HGNC:4454",
        "HGNC:3380",
        "HGNC:28451",
        "HGNC:7997"
      ],
      "GO:0140239": [],
      "GO:0150038": [],
      "GO:0098926": [
        "HGNC:7997"
      ],
      "GO:0099537": [
        "HGNC:2159",
        "HGNC:15917",
        "HGNC:5996",
        "HGNC:29943",
        "HGNC:1750",
        "HGNC:11953",
        "HGNC:29317",
        "HGNC:2850",
        "HGNC:7656",
        "HGNC:3390",
        "HGNC:2906",
        "HGNC:6291",
        "HGNC:9401",
        "HGNC:4600",
        "HGNC:16767",
        "HGNC:8156",
        "HGNC:4595"
      ],
      "GO:0099538": [],
      "GO:0099163": [],
      "GO:0099172": [],
      "GO:0099173": [
        "HGNC:8004",
        "HGNC:3390",
        "HGNC:5996",
        "HGNC:2850",
        "HGNC:8592"
      ],
      "GO:0099563": [
        "HGNC:20990",
        "HGNC:2510"
      ],
      "GO:0050807": [
        "HGNC:10723"
      ],
      "GO:0098918": [
        "HGNC:30339",
        "HGNC:18957",
        "HGNC:2901",
        "HGNC:2516",
        "HGNC:30212"
      ],
      "GO:0150043": [],
      "GO:0099560": [
        "HGNC:14267",
        "HGNC:7656",
        "HGNC:29317",
        "HGNC:7997",
        "HGNC:1765",
        "HGNC:29945",
        "HGNC:18957"
      ],
      "GO:0008039": [
        "HGNC:10723"
      ],
      "GO:0007416": [
        "HGNC:20974",
        "HGNC:3313",
        "HGNC:5996",
        "HGNC:7997",
        "HGNC:8659",
        "HGNC:99",
        "HGNC:5299"
      ],
      "GO:0098883": [
        "HGNC:945"
      ],
      "GO:0060074": [
        "HGNC:10250",
        "HGNC:8592",
        "HGNC:945",
        "HGNC:2661"
      ],
      "GO:0099558": [
        "HGNC:10723",
        "HGNC:9102",
        "HGNC:29943",
        "HGNC:29945",
        "HGNC:20974"
      ],
      "GO:0099187": [],
      "GO:0099188": [
        "HGNC:29007",
        "HGNC:29943",
        "HGNC:29945"
      ],
      "SYNGO:presyn_ATPmetabolic": [
        "HGNC:2159"
      ],
      "SYNGO:postsyn_ATPmetabolic": [],
      "GO:0099546": [],
      "GO:0099574": [],
      "GO:0099547": [],
      "GO:0042135": [],
      "GO:0140246": [
        "HGNC:8607"
      ],
      "GO:0042136": [],
      "GO:0140241": [],
      "GO:0140235": [],
      "GO:0008088": [],
      "GO:0099514": [],
      "GO:0099090": [],
      "GO:0099089": [],
      "GO:0099637": [],
      "GO:1905056": [],
      "GO:0099534": [],
      "GO:0099626": [
        "HGNC:1389",
        "HGNC:1402",
        "HGNC:30339"
      ],
      "GO:0099507": [
        "HGNC:4582",
        "HGNC:4571",
        "HGNC:4573",
        "HGNC:4574",
        "HGNC:4586"
      ],
      "GO:0099508": [
        "HGNC:6289",
        "HGNC:30339"
      ],
      "GO:0150047": [],
      "GO:0140232": [],
      "GO:0098693": [],
      "GO:0097091": [],
      "GO:0099532": [],
      "GO:0016079": [
        "HGNC:23149",
        "HGNC:26183",
        "HGNC:30339",
        "HGNC:1389",
        "HGNC:9395",
        "HGNC:30757",
        "HGNC:19665",
        "HGNC:1426"
      ],
      "GO:0098700": [],
      "GO:0099180": [],
      "GO:0097401": [],
      "GO:0048488": [
        "HGNC:9767",
        "HGNC:8607"
      ],
      "GO:0099161": [
        "HGNC:19665",
        "HGNC:9401"
      ],
      "GO:0051580": [],
      "GO:0099526": [],
      "GO:1905059": [],
      "GO:0099567": [],
      "GO:1905060": [
        "HGNC:11068"
      ],
      "GO:0098695": [],
      "GO:0099583": [],
      "GO:0140233": [],
      "GO:1904315": [
        "HGNC:4586",
        "HGNC:4571",
        "HGNC:4573",
        "HGNC:4574",
        "HGNC:16767"
      ],
      "GO:1905030": [],
      "GO:0099645": [
        "HGNC:2901",
        "HGNC:1407",
        "HGNC:18957",
        "HGNC:30765",
        "HGNC:8592",
        "HGNC:4454",
        "HGNC:3380",
        "HGNC:28451"
      ],
      "GO:0098967": [],
      "GO:0098970": [],
      "GO:0098884": [
        "HGNC:7997"
      ],
      "GO:0150044": [],
      "GO:0099527": [
        "HGNC:7997"
      ],
      "GO:0099541": [
        "HGNC:2159",
        "HGNC:15917"
      ],
      "GO:0099540": [],
      "GO:0099543": [],
      "GO:0099545": [
        "HGNC:5996",
        "HGNC:29943"
      ],
      "GO:0099157": [],
      "GO:0099183": [],
      "GO:0099550": [],
      "GO:0007268": [
        "HGNC:1750",
        "HGNC:11953",
        "HGNC:29317",
        "HGNC:2850",
        "HGNC:7656",
        "HGNC:3390",
        "HGNC:2906",
        "HGNC:6291",
        "HGNC:9401",
        "HGNC:4600",
        "HGNC:16767",
        "HGNC:8156",
        "HGNC:15917",
        "HGNC:4595"
      ],
      "GO:0150045": [],
      "GO:0099174": [],
      "GO:0099175": [
        "HGNC:3390",
        "HGNC:5996",
        "HGNC:2850",
        "HGNC:8592"
      ],
      "GO:0099084": [],
      "GO:0099010": [
        "HGNC:20990",
        "HGNC:2510"
      ],
      "GO:0099564": [],
      "GO:1905244": [],
      "GO:0099181": [
        "HGNC:30339"
      ],
      "GO:0099186": [
        "HGNC:18957",
        "HGNC:2901",
        "HGNC:2516",
        "HGNC:30212"
      ],
      "GO:0099179": [
        "HGNC:18957"
      ],
      "GO:0099054": [],
      "GO:0051963": [
        "HGNC:3313",
        "HGNC:5996",
        "HGNC:7997",
        "HGNC:8659",
        "HGNC:99",
        "HGNC:5299"
      ],
      "GO:0098698": [],
      "GO:0097104": [],
      "GO:1905806": [
        "HGNC:945"
      ],
      "GO:0090128": [
        "HGNC:8592",
        "HGNC:945",
        "HGNC:2661"
      ],
      "GO:0099559": [
        "HGNC:29943",
        "HGNC:29945"
      ],
      "GO:0098880": [
        "HGNC:20974"
      ],
      "GO:0099140": [],
      "GO:0098974": [
        "HGNC:29007"
      ],
      "GO:0099190": [
        "HGNC:29943",
        "HGNC:29945"
      ],
      "SYNGO:presyn_regulationATPmetabolic": [
        "HGNC:2159"
      ],
      "GO:0099576": [],
      "GO:0099575": [],
      "GO:0099578": [],
      "GO:0099577": [],
      "GO:0140247": [
        "HGNC:8607"
      ],
      "GO:0140249": [],
      "GO:0140236": [],
      "GO:0140242": [],
      "GO:0098930": [],
      "GO:0098935": [],
      "GO:0099517": [],
      "GO:0099158": [],
      "GO:0098968": [],
      "GO:0098877": [],
      "GO:0098943": [],
      "GO:0016182": [],
      "GO:0016189": [],
      "GO:0099502": [
        "HGNC:30339",
        "HGNC:1389"
      ],
      "GO:2000300": [
        "HGNC:9395",
        "HGNC:30757",
        "HGNC:19665"
      ],
      "GO:0016081": [
        "HGNC:19665"
      ],
      "GO:0031629": [],
      "GO:0016082": [
        "HGNC:1426",
        "HGNC:19665"
      ],
      "GO:0099162": [],
      "GO:1901546": [],
      "GO:1900242": [
        "HGNC:8607"
      ],
      "GO:0016185": [],
      "GO:0016191": [],
      "GO:0098872": [],
      "GO:0099579": [],
      "GO:0098696": [
        "HGNC:18957",
        "HGNC:30765",
        "HGNC:8592",
        "HGNC:4454",
        "HGNC:3380",
        "HGNC:28451"
      ],
      "GO:0099145": [],
      "GO:0150054": [],
      "GO:0099149": [
        "HGNC:7997"
      ],
      "GO:1905539": [],
      "GO:0099542": [
        "HGNC:2159",
        "HGNC:15917"
      ],
      "GO:0099548": [],
      "GO:0098942": [
        "HGNC:29943"
      ],
      "GO:0099557": [],
      "GO:0150035": [],
      "GO:0050804": [
        "HGNC:1750",
        "HGNC:11953",
        "HGNC:29317",
        "HGNC:2850",
        "HGNC:7656",
        "HGNC:3390",
        "HGNC:2906",
        "HGNC:6291"
      ],
      "GO:0099531": [
        "HGNC:9401",
        "HGNC:4600",
        "HGNC:16767",
        "HGNC:8156"
      ],
      "GO:0099565": [
        "HGNC:15917",
        "HGNC:4595"
      ],
      "GO:0099159": [
        "HGNC:20990"
      ],
      "GO:0098885": [
        "HGNC:2510"
      ],
      "GO:0098987": [],
      "GO:0098882": [
        "HGNC:30339"
      ],
      "GO:0098699": [],
      "GO:0098973": [],
      "GO:0099184": [],
      "GO:0098879": [
        "HGNC:18957"
      ],
      "GO:0098919": [
        "HGNC:18957",
        "HGNC:2901",
        "HGNC:2516",
        "HGNC:30212"
      ],
      "GO:1905606": [
        "HGNC:5996",
        "HGNC:7997"
      ],
      "GO:0150052": [
        "HGNC:8659",
        "HGNC:99",
        "HGNC:5299"
      ],
      "GO:0099150": [],
      "GO:0097107": [],
      "GO:0099562": [],
      "GO:0140251": [
        "HGNC:8607"
      ],
      "GO:0140252": [],
      "GO:0140245": [],
      "GO:0008089": [],
      "GO:0099088": [],
      "GO:0098937": [],
      "GO:0098939": [],
      "GO:0098961": [],
      "GO:0098934": [],
      "GO:0048490": [],
      "GO:0098969": [],
      "GO:0099639": [],
      "GO:0150037": [
        "HGNC:30339",
        "HGNC:1389"
      ],
      "GO:0099148": [
        "HGNC:19665"
      ],
      "GO:0031630": [],
      "GO:0010807": [
        "HGNC:19665"
      ],
      "GO:0098694": [],
      "GO:0098921": [
        "HGNC:2159",
        "HGNC:15917"
      ],
      "GO:0099553": [],
      "GO:0099555": [],
      "GO:0099171": [
        "HGNC:9401",
        "HGNC:4600",
        "HGNC:16767",
        "HGNC:8156"
      ],
      "GO:0099170": [
        "HGNC:15917",
        "HGNC:4595"
      ],
      "GO:1905274": [],
      "GO:0099151": [],
      "GO:0099641": [],
      "GO:0140231": [],
      "GO:0098971": [],
      "GO:0098963": [],
      "GO:1903742": [],
      "GO:0098887": [],
      "GO:0099178": [
        "HGNC:15917"
      ],
      "GO:0150036": [],
      "GO:0098925": [],
      "GO:0098964": [],
      "GO:0099152": []
    },
    "hgnc_symbol": {
      "SYNGO:synprocess": [
        "CNR1",
        "CACNA1B",
        "CACNB2",
        "RIMBP2",
        "GRIK4",
        "GRIA1",
        "GRIA3",
        "GRIA4",
        "GRIN2B",
        "KCNMB4",
        "STXBP5",
        "UNC13C",
        "MCTP1",
        "PRKCB",
        "STXBP5L",
        "CADPS",
        "RAB27B",
        "PRKN",
        "PRKCE",
        "SLC8A1",
        "GRIN3A",
        "DLGAP2",
        "CTNND2",
        "DLG2",
        "CACNG3",
        "MAGI2",
        "TNIK",
        "PAK3",
        "GPC6",
        "EPB41L3",
        "TMEM108",
        "NRG1",
        "PLCB1",
        "IL1RAPL1",
        "TENM2",
        "CDH11",
        "TNR",
        "LRRC4C",
        "DGKB",
        "NCAM1",
        "EPHA7",
        "KCNN2",
        "GRM8",
        "OPRM1",
        "GRM3",
        "ADGRL3",
        "ADGRL2",
        "NRP1",
        "PHACTR1",
        "CTNNA2",
        "SEMA3A",
        "TANC2",
        "PCDH17",
        "CDH6",
        "TENM4",
        "ELAVL2",
        "PCDH7",
        "ASIC2",
        "HTR4",
        "ADGRB3",
        "ROBO2",
        "DAB1",
        "PLXNA4",
        "FRMPD4"
      ],
      "SYNGO:presynprocess": [
        "CNR1",
        "CACNA1B",
        "CACNB2",
        "RIMBP2",
        "GRIK4",
        "GRIA1",
        "GRIA3",
        "GRIA4",
        "GRIN2B",
        "KCNMB4",
        "STXBP5",
        "UNC13C",
        "MCTP1",
        "PRKCB",
        "STXBP5L",
        "CADPS",
        "RAB27B",
        "PRKN",
        "PRKCE"
      ],
      "SYNGO:postsynprocess": [
        "SLC8A1",
        "GRIN2B",
        "GRIA1",
        "GRIA3",
        "GRIA4",
        "GRIN3A",
        "DLGAP2",
        "CTNND2",
        "PRKN",
        "DLG2",
        "CACNG3",
        "MAGI2",
        "TNIK",
        "PAK3",
        "GPC6",
        "EPB41L3",
        "TMEM108",
        "NRG1"
      ],
      "GO:0099536": [
        "CNR1",
        "PLCB1",
        "IL1RAPL1",
        "TENM2",
        "CDH11",
        "TNR",
        "LRRC4C",
        "DGKB",
        "NCAM1",
        "EPHA7",
        "DLGAP2",
        "KCNN2",
        "PRKCE",
        "GRM8",
        "GRIN3A",
        "OPRM1",
        "GRM3"
      ],
      "GO:0050808": [
        "ADGRL3",
        "ADGRL2",
        "NRP1",
        "EPHA7",
        "IL1RAPL1",
        "DGKB",
        "PAK3",
        "PHACTR1",
        "CTNNA2",
        "SEMA3A",
        "RIMBP2",
        "MAGI2",
        "DLG2",
        "CTNND2",
        "TANC2",
        "PCDH17",
        "NCAM1",
        "LRRC4C",
        "NRG1",
        "CDH6",
        "TENM4",
        "ELAVL2",
        "PCDH7",
        "ASIC2",
        "HTR4",
        "ADGRB3",
        "ROBO2",
        "DAB1",
        "PLXNA4",
        "TENM2",
        "FRMPD4"
      ],
      "SYNGO:metabolism": [
        "CNR1",
        "PRKN"
      ],
      "SYNGO:transport": [],
      "GO:0099509": [
        "CNR1",
        "CACNA1B",
        "CACNB2",
        "RIMBP2"
      ],
      "GO:0099505": [
        "RIMBP2",
        "GRIK4",
        "GRIA1",
        "GRIA3",
        "GRIA4",
        "GRIN2B",
        "KCNMB4"
      ],
      "GO:0140238": [],
      "GO:0099504": [
        "STXBP5",
        "UNC13C",
        "MCTP1",
        "RIMBP2",
        "CACNA1B",
        "PRKCB",
        "STXBP5L",
        "CADPS",
        "RAB27B",
        "PRKN"
      ],
      "GO:0099525": [
        "CADPS",
        "STXBP5",
        "PRKCE"
      ],
      "GO:0001504": [],
      "GO:0098810": [],
      "SYNGO:presyn_chaperoneProteinFolding": [],
      "GO:0098928": [],
      "GO:0099566": [
        "SLC8A1"
      ],
      "GO:0060078": [
        "GRIN2B",
        "GRIA1",
        "GRIA3",
        "GRIA4",
        "GRIN3A"
      ],
      "GO:0098962": [
        "DLGAP2"
      ],
      "GO:0099072": [
        "CTNND2",
        "PRKN",
        "DLG2",
        "CACNG3",
        "MAGI2",
        "TNIK",
        "PAK3",
        "GPC6",
        "EPB41L3",
        "TMEM108",
        "NRG1"
      ],
      "GO:0140239": [],
      "GO:0150038": [],
      "GO:0098926": [
        "NRG1"
      ],
      "GO:0099537": [
        "CNR1",
        "PLCB1",
        "IL1RAPL1",
        "TENM2",
        "CDH11",
        "TNR",
        "LRRC4C",
        "DGKB",
        "NCAM1",
        "EPHA7",
        "DLGAP2",
        "KCNN2",
        "PRKCE",
        "GRM8",
        "GRIN3A",
        "OPRM1",
        "GRM3"
      ],
      "GO:0099538": [],
      "GO:0099163": [],
      "GO:0099172": [],
      "GO:0099173": [
        "NRP1",
        "EPHA7",
        "IL1RAPL1",
        "DGKB",
        "PAK3"
      ],
      "GO:0099563": [
        "PHACTR1",
        "CTNNA2"
      ],
      "GO:0050807": [
        "SEMA3A"
      ],
      "GO:0098918": [
        "RIMBP2",
        "MAGI2",
        "DLG2",
        "CTNND2",
        "TANC2"
      ],
      "GO:0150043": [],
      "GO:0099560": [
        "PCDH17",
        "NCAM1",
        "LRRC4C",
        "NRG1",
        "CDH6",
        "TENM4",
        "MAGI2"
      ],
      "GO:0008039": [
        "SEMA3A"
      ],
      "GO:0007416": [
        "ADGRL3",
        "ELAVL2",
        "IL1RAPL1",
        "NRG1",
        "PCDH7",
        "ASIC2",
        "HTR4"
      ],
      "GO:0098883": [
        "ADGRB3"
      ],
      "GO:0060074": [
        "ROBO2",
        "PAK3",
        "ADGRB3",
        "DAB1"
      ],
      "GO:0099558": [
        "SEMA3A",
        "PLXNA4",
        "TENM2",
        "TENM4",
        "ADGRL3"
      ],
      "GO:0099187": [],
      "GO:0099188": [
        "FRMPD4",
        "TENM2",
        "TENM4"
      ],
      "SYNGO:presyn_ATPmetabolic": [
        "CNR1"
      ],
      "SYNGO:postsyn_ATPmetabolic": [],
      "GO:0099546": [],
      "GO:0099574": [],
      "GO:0099547": [],
      "GO:0042135": [],
      "GO:0140246": [
        "PRKN"
      ],
      "GO:0042136": [],
      "GO:0140241": [],
      "GO:0140235": [],
      "GO:0008088": [],
      "GO:0099514": [],
      "GO:0099090": [],
      "GO:0099089": [],
      "GO:0099637": [],
      "GO:1905056": [],
      "GO:0099534": [],
      "GO:0099626": [
        "CACNA1B",
        "CACNB2",
        "RIMBP2"
      ],
      "GO:0099507": [
        "GRIK4",
        "GRIA1",
        "GRIA3",
        "GRIA4",
        "GRIN2B"
      ],
      "GO:0099508": [
        "KCNMB4",
        "RIMBP2"
      ],
      "GO:0150047": [],
      "GO:0140232": [],
      "GO:0098693": [],
      "GO:0097091": [],
      "GO:0099532": [],
      "GO:0016079": [
        "UNC13C",
        "MCTP1",
        "RIMBP2",
        "CACNA1B",
        "PRKCB",
        "STXBP5L",
        "STXBP5",
        "CADPS"
      ],
      "GO:0098700": [],
      "GO:0099180": [],
      "GO:0097401": [],
      "GO:0048488": [
        "RAB27B",
        "PRKN"
      ],
      "GO:0099161": [
        "STXBP5",
        "PRKCE"
      ],
      "GO:0051580": [],
      "GO:0099526": [],
      "GO:1905059": [],
      "GO:0099567": [],
      "GO:1905060": [
        "SLC8A1"
      ],
      "GO:0098695": [],
      "GO:0099583": [],
      "GO:0140233": [],
      "GO:1904315": [
        "GRIN2B",
        "GRIA1",
        "GRIA3",
        "GRIA4",
        "GRIN3A"
      ],
      "GO:1905030": [],
      "GO:0099645": [
        "DLG2",
        "CACNG3",
        "MAGI2",
        "TNIK",
        "PAK3",
        "GPC6",
        "EPB41L3",
        "TMEM108"
      ],
      "GO:0098967": [],
      "GO:0098970": [],
      "GO:0098884": [
        "NRG1"
      ],
      "GO:0150044": [],
      "GO:0099527": [
        "NRG1"
      ],
      "GO:0099541": [
        "CNR1",
        "PLCB1"
      ],
      "GO:0099540": [],
      "GO:0099543": [],
      "GO:0099545": [
        "IL1RAPL1",
        "TENM2"
      ],
      "GO:0099157": [],
      "GO:0099183": [],
      "GO:0099550": [],
      "GO:0007268": [
        "CDH11",
        "TNR",
        "LRRC4C",
        "DGKB",
        "NCAM1",
        "EPHA7",
        "DLGAP2",
        "KCNN2",
        "PRKCE",
        "GRM8",
        "GRIN3A",
        "OPRM1",
        "PLCB1",
        "GRM3"
      ],
      "GO:0150045": [],
      "GO:0099174": [],
      "GO:0099175": [
        "EPHA7",
        "IL1RAPL1",
        "DGKB",
        "PAK3"
      ],
      "GO:0099084": [],
      "GO:0099010": [
        "PHACTR1",
        "CTNNA2"
      ],
      "GO:0099564": [],
      "GO:1905244": [],
      "GO:0099181": [
        "RIMBP2"
      ],
      "GO:0099186": [
        "MAGI2",
        "DLG2",
        "CTNND2",
        "TANC2"
      ],
      "GO:0099179": [
        "MAGI2"
      ],
      "GO:0099054": [],
      "GO:0051963": [
        "ELAVL2",
        "IL1RAPL1",
        "NRG1",
        "PCDH7",
        "ASIC2",
        "HTR4"
      ],
      "GO:0098698": [],
      "GO:0097104": [],
      "GO:1905806": [
        "ADGRB3"
      ],
      "GO:0090128": [
        "PAK3",
        "ADGRB3",
        "DAB1"
      ],
      "GO:0099559": [
        "TENM2",
        "TENM4"
      ],
      "GO:0098880": [
        "ADGRL3"
      ],
      "GO:0099140": [],
      "GO:0098974": [
        "FRMPD4"
      ],
      "GO:0099190": [
        "TENM2",
        "TENM4"
      ],
      "SYNGO:presyn_regulationATPmetabolic": [
        "CNR1"
      ],
      "GO:0099576": [],
      "GO:0099575": [],
      "GO:0099578": [],
      "GO:0099577": [],
      "GO:0140247": [
        "PRKN"
      ],
      "GO:0140249": [],
      "GO:0140236": [],
      "GO:0140242": [],
      "GO:0098930": [],
      "GO:0098935": [],
      "GO:0099517": [],
      "GO:0099158": [],
      "GO:0098968": [],
      "GO:0098877": [],
      "GO:0098943": [],
      "GO:0016182": [],
      "GO:0016189": [],
      "GO:0099502": [
        "RIMBP2",
        "CACNA1B"
      ],
      "GO:2000300": [
        "PRKCB",
        "STXBP5L",
        "STXBP5"
      ],
      "GO:0016081": [
        "STXBP5"
      ],
      "GO:0031629": [],
      "GO:0016082": [
        "CADPS",
        "STXBP5"
      ],
      "GO:0099162": [],
      "GO:1901546": [],
      "GO:1900242": [
        "PRKN"
      ],
      "GO:0016185": [],
      "GO:0016191": [],
      "GO:0098872": [],
      "GO:0099579": [],
      "GO:0098696": [
        "MAGI2",
        "TNIK",
        "PAK3",
        "GPC6",
        "EPB41L3",
        "TMEM108"
      ],
      "GO:0099145": [],
      "GO:0150054": [],
      "GO:0099149": [
        "NRG1"
      ],
      "GO:1905539": [],
      "GO:0099542": [
        "CNR1",
        "PLCB1"
      ],
      "GO:0099548": [],
      "GO:0098942": [
        "TENM2"
      ],
      "GO:0099557": [],
      "GO:0150035": [],
      "GO:0050804": [
        "CDH11",
        "TNR",
        "LRRC4C",
        "DGKB",
        "NCAM1",
        "EPHA7",
        "DLGAP2",
        "KCNN2"
      ],
      "GO:0099531": [
        "PRKCE",
        "GRM8",
        "GRIN3A",
        "OPRM1"
      ],
      "GO:0099565": [
        "PLCB1",
        "GRM3"
      ],
      "GO:0099159": [
        "PHACTR1"
      ],
      "GO:0098885": [
        "CTNNA2"
      ],
      "GO:0098987": [],
      "GO:0098882": [
        "RIMBP2"
      ],
      "GO:0098699": [],
      "GO:0098973": [],
      "GO:0099184": [],
      "GO:0098879": [
        "MAGI2"
      ],
      "GO:0098919": [
        "MAGI2",
        "DLG2",
        "CTNND2",
        "TANC2"
      ],
      "GO:1905606": [
        "IL1RAPL1",
        "NRG1"
      ],
      "GO:0150052": [
        "PCDH7",
        "ASIC2",
        "HTR4"
      ],
      "GO:0099150": [],
      "GO:0097107": [],
      "GO:0099562": [],
      "GO:0140251": [
        "PRKN"
      ],
      "GO:0140252": [],
      "GO:0140245": [],
      "GO:0008089": [],
      "GO:0099088": [],
      "GO:0098937": [],
      "GO:0098939": [],
      "GO:0098961": [],
      "GO:0098934": [],
      "GO:0048490": [],
      "GO:0098969": [],
      "GO:0099639": [],
      "GO:0150037": [
        "RIMBP2",
        "CACNA1B"
      ],
      "GO:0099148": [
        "STXBP5"
      ],
      "GO:0031630": [],
      "GO:0010807": [
        "STXBP5"
      ],
      "GO:0098694": [],
      "GO:0098921": [
        "CNR1",
        "PLCB1"
      ],
      "GO:0099553": [],
      "GO:0099555": [],
      "GO:0099171": [
        "PRKCE",
        "GRM8",
        "GRIN3A",
        "OPRM1"
      ],
      "GO:0099170": [
        "PLCB1",
        "GRM3"
      ],
      "GO:1905274": [],
      "GO:0099151": [],
      "GO:0099641": [],
      "GO:0140231": [],
      "GO:0098971": [],
      "GO:0098963": [],
      "GO:1903742": [],
      "GO:0098887": [],
      "GO:0099178": [
        "PLCB1"
      ],
      "GO:0150036": [],
      "GO:0098925": [],
      "GO:0098964": [],
      "GO:0099152": []
    },
    "ensembl_id": {
      "SYNGO:synprocess": [
        "ENSG00000118432",
        "ENSG00000148408",
        "ENSG00000165995",
        "ENSG00000060709",
        "ENSG00000149403",
        "ENSG00000155511",
        "ENSG00000125675",
        "ENSG00000152578",
        "ENSG00000273079",
        "ENSG00000135643",
        "ENSG00000164506",
        "ENSG00000137766",
        "ENSG00000175471",
        "ENSG00000166501",
        "ENSG00000145087",
        "ENSG00000163618",
        "ENSG00000041353",
        "ENSG00000185345",
        "ENSG00000171132",
        "ENSG00000183023",
        "ENSG00000198785",
        "ENSG00000198010",
        "ENSG00000169862",
        "ENSG00000150672",
        "ENSG00000006116",
        "ENSG00000187391",
        "ENSG00000154310",
        "ENSG00000077264",
        "ENSG00000183098",
        "ENSG00000082397",
        "ENSG00000144868",
        "ENSG00000157168",
        "ENSG00000182621",
        "ENSG00000169306",
        "ENSG00000145934",
        "ENSG00000140937",
        "ENSG00000116147",
        "ENSG00000148948",
        "ENSG00000136267",
        "ENSG00000149294",
        "ENSG00000135333",
        "ENSG00000080709",
        "ENSG00000179603",
        "ENSG00000112038",
        "ENSG00000198822",
        "ENSG00000150471",
        "ENSG00000117114",
        "ENSG00000099250",
        "ENSG00000112137",
        "ENSG00000066032",
        "ENSG00000075213",
        "ENSG00000170921",
        "ENSG00000118946",
        "ENSG00000113361",
        "ENSG00000149256",
        "ENSG00000107105",
        "ENSG00000169851",
        "ENSG00000108684",
        "ENSG00000164270",
        "ENSG00000135298",
        "ENSG00000185008",
        "ENSG00000173406",
        "ENSG00000221866",
        "ENSG00000169933"
      ],
      "SYNGO:presynprocess": [
        "ENSG00000118432",
        "ENSG00000148408",
        "ENSG00000165995",
        "ENSG00000060709",
        "ENSG00000149403",
        "ENSG00000155511",
        "ENSG00000125675",
        "ENSG00000152578",
        "ENSG00000273079",
        "ENSG00000135643",
        "ENSG00000164506",
        "ENSG00000137766",
        "ENSG00000175471",
        "ENSG00000166501",
        "ENSG00000145087",
        "ENSG00000163618",
        "ENSG00000041353",
        "ENSG00000185345",
        "ENSG00000171132"
      ],
      "SYNGO:postsynprocess": [
        "ENSG00000183023",
        "ENSG00000273079",
        "ENSG00000155511",
        "ENSG00000125675",
        "ENSG00000152578",
        "ENSG00000198785",
        "ENSG00000198010",
        "ENSG00000169862",
        "ENSG00000185345",
        "ENSG00000150672",
        "ENSG00000006116",
        "ENSG00000187391",
        "ENSG00000154310",
        "ENSG00000077264",
        "ENSG00000183098",
        "ENSG00000082397",
        "ENSG00000144868",
        "ENSG00000157168"
      ],
      "GO:0099536": [
        "ENSG00000118432",
        "ENSG00000182621",
        "ENSG00000169306",
        "ENSG00000145934",
        "ENSG00000140937",
        "ENSG00000116147",
        "ENSG00000148948",
        "ENSG00000136267",
        "ENSG00000149294",
        "ENSG00000135333",
        "ENSG00000198010",
        "ENSG00000080709",
        "ENSG00000171132",
        "ENSG00000179603",
        "ENSG00000198785",
        "ENSG00000112038",
        "ENSG00000198822"
      ],
      "GO:0050808": [
        "ENSG00000150471",
        "ENSG00000117114",
        "ENSG00000099250",
        "ENSG00000135333",
        "ENSG00000169306",
        "ENSG00000136267",
        "ENSG00000077264",
        "ENSG00000112137",
        "ENSG00000066032",
        "ENSG00000075213",
        "ENSG00000060709",
        "ENSG00000187391",
        "ENSG00000150672",
        "ENSG00000169862",
        "ENSG00000170921",
        "ENSG00000118946",
        "ENSG00000149294",
        "ENSG00000148948",
        "ENSG00000157168",
        "ENSG00000113361",
        "ENSG00000149256",
        "ENSG00000107105",
        "ENSG00000169851",
        "ENSG00000108684",
        "ENSG00000164270",
        "ENSG00000135298",
        "ENSG00000185008",
        "ENSG00000173406",
        "ENSG00000221866",
        "ENSG00000145934",
        "ENSG00000169933"
      ],
      "SYNGO:metabolism": [
        "ENSG00000118432",
        "ENSG00000185345"
      ],
      "SYNGO:transport": [],
      "GO:0099509": [
        "ENSG00000118432",
        "ENSG00000148408",
        "ENSG00000165995",
        "ENSG00000060709"
      ],
      "GO:0099505": [
        "ENSG00000060709",
        "ENSG00000149403",
        "ENSG00000155511",
        "ENSG00000125675",
        "ENSG00000152578",
        "ENSG00000273079",
        "ENSG00000135643"
      ],
      "GO:0140238": [],
      "GO:0099504": [
        "ENSG00000164506",
        "ENSG00000137766",
        "ENSG00000175471",
        "ENSG00000060709",
        "ENSG00000148408",
        "ENSG00000166501",
        "ENSG00000145087",
        "ENSG00000163618",
        "ENSG00000041353",
        "ENSG00000185345"
      ],
      "GO:0099525": [
        "ENSG00000163618",
        "ENSG00000164506",
        "ENSG00000171132"
      ],
      "GO:0001504": [],
      "GO:0098810": [],
      "SYNGO:presyn_chaperoneProteinFolding": [],
      "GO:0098928": [],
      "GO:0099566": [
        "ENSG00000183023"
      ],
      "GO:0060078": [
        "ENSG00000273079",
        "ENSG00000155511",
        "ENSG00000125675",
        "ENSG00000152578",
        "ENSG00000198785"
      ],
      "GO:0098962": [
        "ENSG00000198010"
      ],
      "GO:0099072": [
        "ENSG00000169862",
        "ENSG00000185345",
        "ENSG00000150672",
        "ENSG00000006116",
        "ENSG00000187391",
        "ENSG00000154310",
        "ENSG00000077264",
        "ENSG00000183098",
        "ENSG00000082397",
        "ENSG00000144868",
        "ENSG00000157168"
      ],
      "GO:0140239": [],
      "GO:0150038": [],
      "GO:0098926": [
        "ENSG00000157168"
      ],
      "GO:0099537": [
        "ENSG00000118432",
        "ENSG00000182621",
        "ENSG00000169306",
        "ENSG00000145934",
        "ENSG00000140937",
        "ENSG00000116147",
        "ENSG00000148948",
        "ENSG00000136267",
        "ENSG00000149294",
        "ENSG00000135333",
        "ENSG00000198010",
        "ENSG00000080709",
        "ENSG00000171132",
        "ENSG00000179603",
        "ENSG00000198785",
        "ENSG00000112038",
        "ENSG00000198822"
      ],
      "GO:0099538": [],
      "GO:0099163": [],
      "GO:0099172": [],
      "GO:0099173": [
        "ENSG00000099250",
        "ENSG00000135333",
        "ENSG00000169306",
        "ENSG00000136267",
        "ENSG00000077264"
      ],
      "GO:0099563": [
        "ENSG00000112137",
        "ENSG00000066032"
      ],
      "GO:0050807": [
        "ENSG00000075213"
      ],
      "GO:0098918": [
        "ENSG00000060709",
        "ENSG00000187391",
        "ENSG00000150672",
        "ENSG00000169862",
        "ENSG00000170921"
      ],
      "GO:0150043": [],
      "GO:0099560": [
        "ENSG00000118946",
        "ENSG00000149294",
        "ENSG00000148948",
        "ENSG00000157168",
        "ENSG00000113361",
        "ENSG00000149256",
        "ENSG00000187391"
      ],
      "GO:0008039": [
        "ENSG00000075213"
      ],
      "GO:0007416": [
        "ENSG00000150471",
        "ENSG00000107105",
        "ENSG00000169306",
        "ENSG00000157168",
        "ENSG00000169851",
        "ENSG00000108684",
        "ENSG00000164270"
      ],
      "GO:0098883": [
        "ENSG00000135298"
      ],
      "GO:0060074": [
        "ENSG00000185008",
        "ENSG00000077264",
        "ENSG00000135298",
        "ENSG00000173406"
      ],
      "GO:0099558": [
        "ENSG00000075213",
        "ENSG00000221866",
        "ENSG00000145934",
        "ENSG00000149256",
        "ENSG00000150471"
      ],
      "GO:0099187": [],
      "GO:0099188": [
        "ENSG00000169933",
        "ENSG00000145934",
        "ENSG00000149256"
      ],
      "SYNGO:presyn_ATPmetabolic": [
        "ENSG00000118432"
      ],
      "SYNGO:postsyn_ATPmetabolic": [],
      "GO:0099546": [],
      "GO:0099574": [],
      "GO:0099547": [],
      "GO:0042135": [],
      "GO:0140246": [
        "ENSG00000185345"
      ],
      "GO:0042136": [],
      "GO:0140241": [],
      "GO:0140235": [],
      "GO:0008088": [],
      "GO:0099514": [],
      "GO:0099090": [],
      "GO:0099089": [],
      "GO:0099637": [],
      "GO:1905056": [],
      "GO:0099534": [],
      "GO:0099626": [
        "ENSG00000148408",
        "ENSG00000165995",
        "ENSG00000060709"
      ],
      "GO:0099507": [
        "ENSG00000149403",
        "ENSG00000155511",
        "ENSG00000125675",
        "ENSG00000152578",
        "ENSG00000273079"
      ],
      "GO:0099508": [
        "ENSG00000135643",
        "ENSG00000060709"
      ],
      "GO:0150047": [],
      "GO:0140232": [],
      "GO:0098693": [],
      "GO:0097091": [],
      "GO:0099532": [],
      "GO:0016079": [
        "ENSG00000137766",
        "ENSG00000175471",
        "ENSG00000060709",
        "ENSG00000148408",
        "ENSG00000166501",
        "ENSG00000145087",
        "ENSG00000164506",
        "ENSG00000163618"
      ],
      "GO:0098700": [],
      "GO:0099180": [],
      "GO:0097401": [],
      "GO:0048488": [
        "ENSG00000041353",
        "ENSG00000185345"
      ],
      "GO:0099161": [
        "ENSG00000164506",
        "ENSG00000171132"
      ],
      "GO:0051580": [],
      "GO:0099526": [],
      "GO:1905059": [],
      "GO:0099567": [],
      "GO:1905060": [
        "ENSG00000183023"
      ],
      "GO:0098695": [],
      "GO:0099583": [],
      "GO:0140233": [],
      "GO:1904315": [
        "ENSG00000273079",
        "ENSG00000155511",
        "ENSG00000125675",
        "ENSG00000152578",
        "ENSG00000198785"
      ],
      "GO:1905030": [],
      "GO:0099645": [
        "ENSG00000150672",
        "ENSG00000006116",
        "ENSG00000187391",
        "ENSG00000154310",
        "ENSG00000077264",
        "ENSG00000183098",
        "ENSG00000082397",
        "ENSG00000144868"
      ],
      "GO:0098967": [],
      "GO:0098970": [],
      "GO:0098884": [
        "ENSG00000157168"
      ],
      "GO:0150044": [],
      "GO:0099527": [
        "ENSG00000157168"
      ],
      "GO:0099541": [
        "ENSG00000118432",
        "ENSG00000182621"
      ],
      "GO:0099540": [],
      "GO:0099543": [],
      "GO:0099545": [
        "ENSG00000169306",
        "ENSG00000145934"
      ],
      "GO:0099157": [],
      "GO:0099183": [],
      "GO:0099550": [],
      "GO:0007268": [
        "ENSG00000140937",
        "ENSG00000116147",
        "ENSG00000148948",
        "ENSG00000136267",
        "ENSG00000149294",
        "ENSG00000135333",
        "ENSG00000198010",
        "ENSG00000080709",
        "ENSG00000171132",
        "ENSG00000179603",
        "ENSG00000198785",
        "ENSG00000112038",
        "ENSG00000182621",
        "ENSG00000198822"
      ],
      "GO:0150045": [],
      "GO:0099174": [],
      "GO:0099175": [
        "ENSG00000135333",
        "ENSG00000169306",
        "ENSG00000136267",
        "ENSG00000077264"
      ],
      "GO:0099084": [],
      "GO:0099010": [
        "ENSG00000112137",
        "ENSG00000066032"
      ],
      "GO:0099564": [],
      "GO:1905244": [],
      "GO:0099181": [
        "ENSG00000060709"
      ],
      "GO:0099186": [
        "ENSG00000187391",
        "ENSG00000150672",
        "ENSG00000169862",
        "ENSG00000170921"
      ],
      "GO:0099179": [
        "ENSG00000187391"
      ],
      "GO:0099054": [],
      "GO:0051963": [
        "ENSG00000107105",
        "ENSG00000169306",
        "ENSG00000157168",
        "ENSG00000169851",
        "ENSG00000108684",
        "ENSG00000164270"
      ],
      "GO:0098698": [],
      "GO:0097104": [],
      "GO:1905806": [
        "ENSG00000135298"
      ],
      "GO:0090128": [
        "ENSG00000077264",
        "ENSG00000135298",
        "ENSG00000173406"
      ],
      "GO:0099559": [
        "ENSG00000145934",
        "ENSG00000149256"
      ],
      "GO:0098880": [
        "ENSG00000150471"
      ],
      "GO:0099140": [],
      "GO:0098974": [
        "ENSG00000169933"
      ],
      "GO:0099190": [
        "ENSG00000145934",
        "ENSG00000149256"
      ],
      "SYNGO:presyn_regulationATPmetabolic": [
        "ENSG00000118432"
      ],
      "GO:0099576": [],
      "GO:0099575": [],
      "GO:0099578": [],
      "GO:0099577": [],
      "GO:0140247": [
        "ENSG00000185345"
      ],
      "GO:0140249": [],
      "GO:0140236": [],
      "GO:0140242": [],
      "GO:0098930": [],
      "GO:0098935": [],
      "GO:0099517": [],
      "GO:0099158": [],
      "GO:0098968": [],
      "GO:0098877": [],
      "GO:0098943": [],
      "GO:0016182": [],
      "GO:0016189": [],
      "GO:0099502": [
        "ENSG00000060709",
        "ENSG00000148408"
      ],
      "GO:2000300": [
        "ENSG00000166501",
        "ENSG00000145087",
        "ENSG00000164506"
      ],
      "GO:0016081": [
        "ENSG00000164506"
      ],
      "GO:0031629": [],
      "GO:0016082": [
        "ENSG00000163618",
        "ENSG00000164506"
      ],
      "GO:0099162": [],
      "GO:1901546": [],
      "GO:1900242": [
        "ENSG00000185345"
      ],
      "GO:0016185": [],
      "GO:0016191": [],
      "GO:0098872": [],
      "GO:0099579": [],
      "GO:0098696": [
        "ENSG00000187391",
        "ENSG00000154310",
        "ENSG00000077264",
        "ENSG00000183098",
        "ENSG00000082397",
        "ENSG00000144868"
      ],
      "GO:0099145": [],
      "GO:0150054": [],
      "GO:0099149": [
        "ENSG00000157168"
      ],
      "GO:1905539": [],
      "GO:0099542": [
        "ENSG00000118432",
        "ENSG00000182621"
      ],
      "GO:0099548": [],
      "GO:0098942": [
        "ENSG00000145934"
      ],
      "GO:0099557": [],
      "GO:0150035": [],
      "GO:0050804": [
        "ENSG00000140937",
        "ENSG00000116147",
        "ENSG00000148948",
        "ENSG00000136267",
        "ENSG00000149294",
        "ENSG00000135333",
        "ENSG00000198010",
        "ENSG00000080709"
      ],
      "GO:0099531": [
        "ENSG00000171132",
        "ENSG00000179603",
        "ENSG00000198785",
        "ENSG00000112038"
      ],
      "GO:0099565": [
        "ENSG00000182621",
        "ENSG00000198822"
      ],
      "GO:0099159": [
        "ENSG00000112137"
      ],
      "GO:0098885": [
        "ENSG00000066032"
      ],
      "GO:0098987": [],
      "GO:0098882": [
        "ENSG00000060709"
      ],
      "GO:0098699": [],
      "GO:0098973": [],
      "GO:0099184": [],
      "GO:0098879": [
        "ENSG00000187391"
      ],
      "GO:0098919": [
        "ENSG00000187391",
        "ENSG00000150672",
        "ENSG00000169862",
        "ENSG00000170921"
      ],
      "GO:1905606": [
        "ENSG00000169306",
        "ENSG00000157168"
      ],
      "GO:0150052": [
        "ENSG00000169851",
        "ENSG00000108684",
        "ENSG00000164270"
      ],
      "GO:0099150": [],
      "GO:0097107": [],
      "GO:0099562": [],
      "GO:0140251": [
        "ENSG00000185345"
      ],
      "GO:0140252": [],
      "GO:0140245": [],
      "GO:0008089": [],
      "GO:0099088": [],
      "GO:0098937": [],
      "GO:0098939": [],
      "GO:0098961": [],
      "GO:0098934": [],
      "GO:0048490": [],
      "GO:0098969": [],
      "GO:0099639": [],
      "GO:0150037": [
        "ENSG00000060709",
        "ENSG00000148408"
      ],
      "GO:0099148": [
        "ENSG00000164506"
      ],
      "GO:0031630": [],
      "GO:0010807": [
        "ENSG00000164506"
      ],
      "GO:0098694": [],
      "GO:0098921": [
        "ENSG00000118432",
        "ENSG00000182621"
      ],
      "GO:0099553": [],
      "GO:0099555": [],
      "GO:0099171": [
        "ENSG00000171132",
        "ENSG00000179603",
        "ENSG00000198785",
        "ENSG00000112038"
      ],
      "GO:0099170": [
        "ENSG00000182621",
        "ENSG00000198822"
      ],
      "GO:1905274": [],
      "GO:0099151": [],
      "GO:0099641": [],
      "GO:0140231": [],
      "GO:0098971": [],
      "GO:0098963": [],
      "GO:1903742": [],
      "GO:0098887": [],
      "GO:0099178": [
        "ENSG00000182621"
      ],
      "GO:0150036": [],
      "GO:0098925": [],
      "GO:0098964": [],
      "GO:0099152": []
    },
    "entrez_id": {
      "SYNGO:synprocess": [
        "1268",
        "774",
        "783",
        "23504",
        "2900",
        "2890",
        "2892",
        "2893",
        "2904",
        "27345",
        "134957",
        "440279",
        "79772",
        "5579",
        "9515",
        "8618",
        "5874",
        "5071",
        "5581",
        "6546",
        "116443",
        "9228",
        "1501",
        "1740",
        "10368",
        "9863",
        "23043",
        "5063",
        "10082",
        "23136",
        "66000",
        "3084",
        "23236",
        "11141",
        "57451",
        "1009",
        "7143",
        "57689",
        "1607",
        "4684",
        "2045",
        "3781",
        "2918",
        "4988",
        "2913",
        "23284",
        "23266",
        "8829",
        "221692",
        "1496",
        "10371",
        "26115",
        "27253",
        "1004",
        "26011",
        "1993",
        "5099",
        "40",
        "3360",
        "577",
        "6092",
        "1600",
        "91584",
        "9758"
      ],
      "SYNGO:presynprocess": [
        "1268",
        "774",
        "783",
        "23504",
        "2900",
        "2890",
        "2892",
        "2893",
        "2904",
        "27345",
        "134957",
        "440279",
        "79772",
        "5579",
        "9515",
        "8618",
        "5874",
        "5071",
        "5581"
      ],
      "SYNGO:postsynprocess": [
        "6546",
        "2904",
        "2890",
        "2892",
        "2893",
        "116443",
        "9228",
        "1501",
        "5071",
        "1740",
        "10368",
        "9863",
        "23043",
        "5063",
        "10082",
        "23136",
        "66000",
        "3084"
      ],
      "GO:0099536": [
        "1268",
        "23236",
        "11141",
        "57451",
        "1009",
        "7143",
        "57689",
        "1607",
        "4684",
        "2045",
        "9228",
        "3781",
        "5581",
        "2918",
        "116443",
        "4988",
        "2913"
      ],
      "GO:0050808": [
        "23284",
        "23266",
        "8829",
        "2045",
        "11141",
        "1607",
        "5063",
        "221692",
        "1496",
        "10371",
        "23504",
        "9863",
        "1740",
        "1501",
        "26115",
        "27253",
        "4684",
        "57689",
        "3084",
        "1004",
        "26011",
        "1993",
        "5099",
        "40",
        "3360",
        "577",
        "6092",
        "1600",
        "91584",
        "57451",
        "9758"
      ],
      "SYNGO:metabolism": [
        "1268",
        "5071"
      ],
      "SYNGO:transport": [],
      "GO:0099509": [
        "1268",
        "774",
        "783",
        "23504"
      ],
      "GO:0099505": [
        "23504",
        "2900",
        "2890",
        "2892",
        "2893",
        "2904",
        "27345"
      ],
      "GO:0140238": [],
      "GO:0099504": [
        "134957",
        "440279",
        "79772",
        "23504",
        "774",
        "5579",
        "9515",
        "8618",
        "5874",
        "5071"
      ],
      "GO:0099525": [
        "8618",
        "134957",
        "5581"
      ],
      "GO:0001504": [],
      "GO:0098810": [],
      "SYNGO:presyn_chaperoneProteinFolding": [],
      "GO:0098928": [],
      "GO:0099566": [
        "6546"
      ],
      "GO:0060078": [
        "2904",
        "2890",
        "2892",
        "2893",
        "116443"
      ],
      "GO:0098962": [
        "9228"
      ],
      "GO:0099072": [
        "1501",
        "5071",
        "1740",
        "10368",
        "9863",
        "23043",
        "5063",
        "10082",
        "23136",
        "66000",
        "3084"
      ],
      "GO:0140239": [],
      "GO:0150038": [],
      "GO:0098926": [
        "3084"
      ],
      "GO:0099537": [
        "1268",
        "23236",
        "11141",
        "57451",
        "1009",
        "7143",
        "57689",
        "1607",
        "4684",
        "2045",
        "9228",
        "3781",
        "5581",
        "2918",
        "116443",
        "4988",
        "2913"
      ],
      "GO:0099538": [],
      "GO:0099163": [],
      "GO:0099172": [],
      "GO:0099173": [
        "8829",
        "2045",
        "11141",
        "1607",
        "5063"
      ],
      "GO:0099563": [
        "221692",
        "1496"
      ],
      "GO:0050807": [
        "10371"
      ],
      "GO:0098918": [
        "23504",
        "9863",
        "1740",
        "1501",
        "26115"
      ],
      "GO:0150043": [],
      "GO:0099560": [
        "27253",
        "4684",
        "57689",
        "3084",
        "1004",
        "26011",
        "9863"
      ],
      "GO:0008039": [
        "10371"
      ],
      "GO:0007416": [
        "23284",
        "1993",
        "11141",
        "3084",
        "5099",
        "40",
        "3360"
      ],
      "GO:0098883": [
        "577"
      ],
      "GO:0060074": [
        "6092",
        "5063",
        "577",
        "1600"
      ],
      "GO:0099558": [
        "10371",
        "91584",
        "57451",
        "26011",
        "23284"
      ],
      "GO:0099187": [],
      "GO:0099188": [
        "9758",
        "57451",
        "26011"
      ],
      "SYNGO:presyn_ATPmetabolic": [
        "1268"
      ],
      "SYNGO:postsyn_ATPmetabolic": [],
      "GO:0099546": [],
      "GO:0099574": [],
      "GO:0099547": [],
      "GO:0042135": [],
      "GO:0140246": [
        "5071"
      ],
      "GO:0042136": [],
      "GO:0140241": [],
      "GO:0140235": [],
      "GO:0008088": [],
      "GO:0099514": [],
      "GO:0099090": [],
      "GO:0099089": [],
      "GO:0099637": [],
      "GO:1905056": [],
      "GO:0099534": [],
      "GO:0099626": [
        "774",
        "783",
        "23504"
      ],
      "GO:0099507": [
        "2900",
        "2890",
        "2892",
        "2893",
        "2904"
      ],
      "GO:0099508": [
        "27345",
        "23504"
      ],
      "GO:0150047": [],
      "GO:0140232": [],
      "GO:0098693": [],
      "GO:0097091": [],
      "GO:0099532": [],
      "GO:0016079": [
        "440279",
        "79772",
        "23504",
        "774",
        "5579",
        "9515",
        "134957",
        "8618"
      ],
      "GO:0098700": [],
      "GO:0099180": [],
      "GO:0097401": [],
      "GO:0048488": [
        "5874",
        "5071"
      ],
      "GO:0099161": [
        "134957",
        "5581"
      ],
      "GO:0051580": [],
      "GO:0099526": [],
      "GO:1905059": [],
      "GO:0099567": [],
      "GO:1905060": [
        "6546"
      ],
      "GO:0098695": [],
      "GO:0099583": [],
      "GO:0140233": [],
      "GO:1904315": [
        "2904",
        "2890",
        "2892",
        "2893",
        "116443"
      ],
      "GO:1905030": [],
      "GO:0099645": [
        "1740",
        "10368",
        "9863",
        "23043",
        "5063",
        "10082",
        "23136",
        "66000"
      ],
      "GO:0098967": [],
      "GO:0098970": [],
      "GO:0098884": [
        "3084"
      ],
      "GO:0150044": [],
      "GO:0099527": [
        "3084"
      ],
      "GO:0099541": [
        "1268",
        "23236"
      ],
      "GO:0099540": [],
      "GO:0099543": [],
      "GO:0099545": [
        "11141",
        "57451"
      ],
      "GO:0099157": [],
      "GO:0099183": [],
      "GO:0099550": [],
      "GO:0007268": [
        "1009",
        "7143",
        "57689",
        "1607",
        "4684",
        "2045",
        "9228",
        "3781",
        "5581",
        "2918",
        "116443",
        "4988",
        "23236",
        "2913"
      ],
      "GO:0150045": [],
      "GO:0099174": [],
      "GO:0099175": [
        "2045",
        "11141",
        "1607",
        "5063"
      ],
      "GO:0099084": [],
      "GO:0099010": [
        "221692",
        "1496"
      ],
      "GO:0099564": [],
      "GO:1905244": [],
      "GO:0099181": [
        "23504"
      ],
      "GO:0099186": [
        "9863",
        "1740",
        "1501",
        "26115"
      ],
      "GO:0099179": [
        "9863"
      ],
      "GO:0099054": [],
      "GO:0051963": [
        "1993",
        "11141",
        "3084",
        "5099",
        "40",
        "3360"
      ],
      "GO:0098698": [],
      "GO:0097104": [],
      "GO:1905806": [
        "577"
      ],
      "GO:0090128": [
        "5063",
        "577",
        "1600"
      ],
      "GO:0099559": [
        "57451",
        "26011"
      ],
      "GO:0098880": [
        "23284"
      ],
      "GO:0099140": [],
      "GO:0098974": [
        "9758"
      ],
      "GO:0099190": [
        "57451",
        "26011"
      ],
      "SYNGO:presyn_regulationATPmetabolic": [
        "1268"
      ],
      "GO:0099576": [],
      "GO:0099575": [],
      "GO:0099578": [],
      "GO:0099577": [],
      "GO:0140247": [
        "5071"
      ],
      "GO:0140249": [],
      "GO:0140236": [],
      "GO:0140242": [],
      "GO:0098930": [],
      "GO:0098935": [],
      "GO:0099517": [],
      "GO:0099158": [],
      "GO:0098968": [],
      "GO:0098877": [],
      "GO:0098943": [],
      "GO:0016182": [],
      "GO:0016189": [],
      "GO:0099502": [
        "23504",
        "774"
      ],
      "GO:2000300": [
        "5579",
        "9515",
        "134957"
      ],
      "GO:0016081": [
        "134957"
      ],
      "GO:0031629": [],
      "GO:0016082": [
        "8618",
        "134957"
      ],
      "GO:0099162": [],
      "GO:1901546": [],
      "GO:1900242": [
        "5071"
      ],
      "GO:0016185": [],
      "GO:0016191": [],
      "GO:0098872": [],
      "GO:0099579": [],
      "GO:0098696": [
        "9863",
        "23043",
        "5063",
        "10082",
        "23136",
        "66000"
      ],
      "GO:0099145": [],
      "GO:0150054": [],
      "GO:0099149": [
        "3084"
      ],
      "GO:1905539": [],
      "GO:0099542": [
        "1268",
        "23236"
      ],
      "GO:0099548": [],
      "GO:0098942": [
        "57451"
      ],
      "GO:0099557": [],
      "GO:0150035": [],
      "GO:0050804": [
        "1009",
        "7143",
        "57689",
        "1607",
        "4684",
        "2045",
        "9228",
        "3781"
      ],
      "GO:0099531": [
        "5581",
        "2918",
        "116443",
        "4988"
      ],
      "GO:0099565": [
        "23236",
        "2913"
      ],
      "GO:0099159": [
        "221692"
      ],
      "GO:0098885": [
        "1496"
      ],
      "GO:0098987": [],
      "GO:0098882": [
        "23504"
      ],
      "GO:0098699": [],
      "GO:0098973": [],
      "GO:0099184": [],
      "GO:0098879": [
        "9863"
      ],
      "GO:0098919": [
        "9863",
        "1740",
        "1501",
        "26115"
      ],
      "GO:1905606": [
        "11141",
        "3084"
      ],
      "GO:0150052": [
        "5099",
        "40",
        "3360"
      ],
      "GO:0099150": [],
      "GO:0097107": [],
      "GO:0099562": [],
      "GO:0140251": [
        "5071"
      ],
      "GO:0140252": [],
      "GO:0140245": [],
      "GO:0008089": [],
      "GO:0099088": [],
      "GO:0098937": [],
      "GO:0098939": [],
      "GO:0098961": [],
      "GO:0098934": [],
      "GO:0048490": [],
      "GO:0098969": [],
      "GO:0099639": [],
      "GO:0150037": [
        "23504",
        "774"
      ],
      "GO:0099148": [
        "134957"
      ],
      "GO:0031630": [],
      "GO:0010807": [
        "134957"
      ],
      "GO:0098694": [],
      "GO:0098921": [
        "1268",
        "23236"
      ],
      "GO:0099553": [],
      "GO:0099555": [],
      "GO:0099171": [
        "5581",
        "2918",
        "116443",
        "4988"
      ],
      "GO:0099170": [
        "23236",
        "2913"
      ],
      "GO:1905274": [],
      "GO:0099151": [],
      "GO:0099641": [],
      "GO:0140231": [],
      "GO:0098971": [],
      "GO:0098963": [],
      "GO:1903742": [],
      "GO:0098887": [],
      "GO:0099178": [
        "23236"
      ],
      "GO:0150036": [],
      "GO:0098925": [],
      "GO:0098964": [],
      "GO:0099152": []
    }
  }
}