[
  {
    "user_input_genelist": "CCBE1",
    "idmap": []
  },
  {
    "user_input_genelist": "ROBO1",
    "idmap": []
  },
  {
    "user_input_genelist": "GRIN3A",
    "idmap": [
      {
        "ensembl_id": "ENSG00000198785",
        "entrez_id": "116443",
        "hgnc_id": "HGNC:16767",
        "hgnc_name": "glutamate ionotropic receptor NMDA type subunit 3A",
        "hgnc_symbol": "GRIN3A",
        "hgnc_synonyms": [
          "GLUN3A"
        ],
        "user_input_genelist": [
          "GRIN3A"
        ]
      }
    ]
  },
  {
    "user_input_genelist": "BTNL9",
    "idmap": []
  },
  {
    "user_input_genelist": "SEMA3A",
    "idmap": [
      {
        "ensembl_id": "ENSG00000075213",
        "entrez_id": "10371",
        "hgnc_id": "HGNC:10723",
        "hgnc_name": "semaphorin 3A",
        "hgnc_symbol": "SEMA3A",
        "hgnc_synonyms": [
          "SEMA1",
          "SEMD",
          "COLL-1",
          "HSEMA-I",
          "SEMAD"
        ],
        "user_input_genelist": [
          "SEMA3A"
        ]
      }
    ]
  },
  {
    "user_input_genelist": "GULP1",
    "idmap": []
  },
  {
    "user_input_genelist": "TMTC1",
    "idmap": []
  },
  {
    "user_input_genelist": "COL21A1",
    "idmap": []
  },
  {
    "user_input_genelist": "FAM65B",
    "idmap": []
  },
  {
    "user_input_genelist": "KCNG2",
    "idmap": []
  },
  {
    "user_input_genelist": "NALF1",
    "idmap": []
  },
  {
    "user_input_genelist": "TRIM36",
    "idmap": []
  },
  {
    "user_input_genelist": "FSTL5",
    "idmap": []
  },
  {
    "user_input_genelist": "ADTRP",
    "idmap": []
  },
  {
    "user_input_genelist": "ITGA8",
    "idmap": [
      {
        "ensembl_id": "ENSG00000077943",
        "entrez_id": "8516",
        "hgnc_id": "HGNC:6144",
        "hgnc_name": "integrin subunit alpha 8",
        "hgnc_symbol": "ITGA8",
        "hgnc_synonyms": [],
        "user_input_genelist": [
          "ITGA8"
        ]
      }
    ]
  },
  {
    "user_input_genelist": "SLIT3",
    "idmap": []
  },
  {
    "user_input_genelist": "CTNND2",
    "idmap": [
      {
        "ensembl_id": "ENSG00000169862",
        "entrez_id": "1501",
        "hgnc_id": "HGNC:2516",
        "hgnc_name": "catenin delta 2",
        "hgnc_symbol": "CTNND2",
        "hgnc_synonyms": [
          "NPRAP",
          "GT24"
        ],
        "user_input_genelist": [
          "CTNND2"
        ]
      }
    ]
  },
  {
    "user_input_genelist": "MEG3",
    "idmap": []
  },
  {
    "user_input_genelist": "COL24A1",
    "idmap": []
  },
  {
    "user_input_genelist": "CNR1",
    "idmap": [
      {
        "ensembl_id": "ENSG00000118432",
        "entrez_id": "1268",
        "hgnc_id": "HGNC:2159",
        "hgnc_name": "cannabinoid receptor 1",
        "hgnc_symbol": "CNR1",
        "hgnc_synonyms": [
          "CB1K5",
          "CB-R",
          "CB1",
          "CANN6",
          "CB1A",
          "CNR"
        ],
        "user_input_genelist": [
          "CNR1"
        ]
      }
    ]
  },
  {
    "user_input_genelist": "LINC01090",
    "idmap": []
  },
  {
    "user_input_genelist": "LIMCH1",
    "idmap": []
  },
  {
    "user_input_genelist": "LARGE",
    "idmap": []
  },
  {
    "user_input_genelist": "DPP10",
    "idmap": []
  },
  {
    "user_input_genelist": "KLHL29",
    "idmap": []
  },
  {
    "user_input_genelist": "CADPS",
    "idmap": [
      {
        "ensembl_id": "ENSG00000163618",
        "entrez_id": "8618",
        "hgnc_id": "HGNC:1426",
        "hgnc_name": "calcium dependent secretion activator",
        "hgnc_symbol": "CADPS",
        "hgnc_synonyms": [
          "KIAA1121",
          "UNC-31",
          "CADPS1"
        ],
        "user_input_genelist": [
          "CADPS"
        ]
      }
    ]
  },
  {
    "user_input_genelist": "CDH11",
    "idmap": [
      {
        "ensembl_id": "ENSG00000140937",
        "entrez_id": "1009",
        "hgnc_id": "HGNC:1750",
        "hgnc_name": "cadherin 11",
        "hgnc_symbol": "CDH11",
        "hgnc_synonyms": [
          "CAD11"
        ],
        "user_input_genelist": [
          "CDH11"
        ]
      }
    ]
  },
  {
    "user_input_genelist": "GRM8",
    "idmap": [
      {
        "ensembl_id": "ENSG00000179603",
        "entrez_id": "2918",
        "hgnc_id": "HGNC:4600",
        "hgnc_name": "glutamate metabotropic receptor 8",
        "hgnc_symbol": "GRM8",
        "hgnc_synonyms": [
          "GLUR8",
          "GPRC1H",
          "MGLU8",
          "MGLUR8"
        ],
        "user_input_genelist": [
          "GRM8"
        ]
      }
    ]
  },
  {
    "user_input_genelist": "LDLRAD4",
    "idmap": []
  },
  {
    "user_input_genelist": "EPHA6",
    "idmap": []
  },
  {
    "user_input_genelist": "SLC7A11",
    "idmap": []
  },
  {
    "user_input_genelist": "TMEM108",
    "idmap": [
      {
        "ensembl_id": "ENSG00000144868",
        "entrez_id": "66000",
        "hgnc_id": "HGNC:28451",
        "hgnc_name": "transmembrane protein 108",
        "hgnc_symbol": "TMEM108",
        "hgnc_synonyms": [
          "MGC3040",
          "CT124"
        ],
        "user_input_genelist": [
          "TMEM108"
        ]
      }
    ]
  },
  {
    "user_input_genelist": "KLHL32",
    "idmap": []
  },
  {
    "user_input_genelist": "TCERG1L",
    "idmap": []
  },
  {
    "user_input_genelist": "INPP4B",
    "idmap": []
  },
  {
    "user_input_genelist": "NRP1",
    "idmap": [
      {
        "ensembl_id": "ENSG00000099250",
        "entrez_id": "8829",
        "hgnc_id": "HGNC:8004",
        "hgnc_name": "neuropilin 1",
        "hgnc_symbol": "NRP1",
        "hgnc_synonyms": [
          "VEGF165R",
          "CD304"
        ],
        "user_input_genelist": [
          "NRP1"
        ]
      }
    ]
  },
  {
    "user_input_genelist": "SGCZ",
    "idmap": []
  },
  {
    "user_input_genelist": "RYR2",
    "idmap": []
  },
  {
    "user_input_genelist": "MYO1D",
    "idmap": []
  },
  {
    "user_input_genelist": "DGKB",
    "idmap": [
      {
        "ensembl_id": "ENSG00000136267",
        "entrez_id": "1607",
        "hgnc_id": "HGNC:2850",
        "hgnc_name": "diacylglycerol kinase beta",
        "hgnc_symbol": "DGKB",
        "hgnc_synonyms": [
          "KIAA0718",
          "DGK-BETA",
          "DAGK2"
        ],
        "user_input_genelist": [
          "DGKB"
        ]
      }
    ]
  },
  {
    "user_input_genelist": "DSCAM",
    "idmap": []
  },
  {
    "user_input_genelist": "MBOAT2",
    "idmap": []
  },
  {
    "user_input_genelist": "RBFOX1",
    "idmap": []
  },
  {
    "user_input_genelist": "AGBL1",
    "idmap": []
  },
  {
    "user_input_genelist": "ROBO2",
    "idmap": [
      {
        "ensembl_id": "ENSG00000185008",
        "entrez_id": "6092",
        "hgnc_id": "HGNC:10250",
        "hgnc_name": "roundabout guidance receptor 2",
        "hgnc_symbol": "ROBO2",
        "hgnc_synonyms": [
          "KIAA1568"
        ],
        "user_input_genelist": [
          "ROBO2"
        ]
      }
    ]
  },
  {
    "user_input_genelist": "LOC105374497",
    "idmap": []
  },
  {
    "user_input_genelist": "OXR1",
    "idmap": []
  },
  {
    "user_input_genelist": "OPCML",
    "idmap": [
      {
        "ensembl_id": "ENSG00000183715",
        "entrez_id": "4978",
        "hgnc_id": "HGNC:8143",
        "hgnc_name": "opioid binding protein/cell adhesion molecule like",
        "hgnc_symbol": "OPCML",
        "hgnc_synonyms": [
          "OPCM",
          "OBCAM",
          "IGLON1"
        ],
        "user_input_genelist": [
          "OPCML"
        ]
      }
    ]
  },
  {
    "user_input_genelist": "ADGRB3",
    "idmap": [
      {
        "ensembl_id": "ENSG00000135298",
        "entrez_id": "577",
        "hgnc_id": "HGNC:945",
        "hgnc_name": "adhesion G protein-coupled receptor B3",
        "hgnc_symbol": "ADGRB3",
        "hgnc_synonyms": [
          "KIAA0550",
          "BAI3"
        ],
        "user_input_genelist": [
          "ADGRB3"
        ]
      }
    ]
  },
  {
    "user_input_genelist": "ANO3",
    "idmap": []
  },
  {
    "user_input_genelist": "PDE1A",
    "idmap": []
  },
  {
    "user_input_genelist": "ANKRD30BL",
    "idmap": []
  },
  {
    "user_input_genelist": "SNHG24",
    "idmap": []
  },
  {
    "user_input_genelist": "PDE4B",
    "idmap": []
  },
  {
    "user_input_genelist": "NCAM2",
    "idmap": [
      {
        "ensembl_id": "ENSG00000154654",
        "entrez_id": "4685",
        "hgnc_id": "HGNC:7657",
        "hgnc_name": "neural cell adhesion molecule 2",
        "hgnc_symbol": "NCAM2",
        "hgnc_synonyms": [
          "NCAM21",
          "MGC51008"
        ],
        "user_input_genelist": [
          "NCAM2"
        ]
      }
    ]
  },
  {
    "user_input_genelist": "LPP",
    "idmap": []
  },
  {
    "user_input_genelist": "ANKRD30B",
    "idmap": []
  },
  {
    "user_input_genelist": "ARL15",
    "idmap": []
  },
  {
    "user_input_genelist": "GRIN2B",
    "idmap": [
      {
        "ensembl_id": "ENSG00000273079",
        "entrez_id": "2904",
        "hgnc_id": "HGNC:4586",
        "hgnc_name": "glutamate ionotropic receptor NMDA type subunit 2B",
        "hgnc_symbol": "GRIN2B",
        "hgnc_synonyms": [
          "GLUN2B",
          "NR2B",
          "NMDAR2B"
        ],
        "user_input_genelist": [
          "GRIN2B"
        ]
      }
    ]
  },
  {
    "user_input_genelist": "KCNN2",
    "idmap": [
      {
        "ensembl_id": "ENSG00000080709",
        "entrez_id": "3781",
        "hgnc_id": "HGNC:6291",
        "hgnc_name": "potassium calcium-activated channel subfamily N member 2",
        "hgnc_symbol": "KCNN2",
        "hgnc_synonyms": [
          "KCA2.2",
          "HSK2"
        ],
        "user_input_genelist": [
          "KCNN2"
        ]
      }
    ]
  },
  {
    "user_input_genelist": "HTR4",
    "idmap": [
      {
        "ensembl_id": "ENSG00000164270",
        "entrez_id": "3360",
        "hgnc_id": "HGNC:5299",
        "hgnc_name": "5-hydroxytryptamine receptor 4",
        "hgnc_symbol": "HTR4",
        "hgnc_synonyms": [
          "5-HT4"
        ],
        "user_input_genelist": [
          "HTR4"
        ]
      }
    ]
  },
  {
    "user_input_genelist": "MAP2",
    "idmap": [
      {
        "ensembl_id": "ENSG00000078018",
        "entrez_id": "4133",
        "hgnc_id": "HGNC:6839",
        "hgnc_name": "microtubule associated protein 2",
        "hgnc_symbol": "MAP2",
        "hgnc_synonyms": [
          "MAP2A",
          "MAP2B",
          "MAP2C"
        ],
        "user_input_genelist": [
          "MAP2"
        ]
      }
    ]
  },
  {
    "user_input_genelist": "FLJ39080",
    "idmap": []
  },
  {
    "user_input_genelist": "LOC105374506",
    "idmap": []
  },
  {
    "user_input_genelist": "NFIA",
    "idmap": []
  },
  {
    "user_input_genelist": "PRUNE2",
    "idmap": [
      {
        "ensembl_id": "ENSG00000106772",
        "entrez_id": "158471",
        "hgnc_id": "HGNC:25209",
        "hgnc_name": "prune homolog 2 with BCH domain",
        "hgnc_symbol": "PRUNE2",
        "hgnc_synonyms": [
          "BMCC1",
          "BNIPXL",
          "A214N16.3",
          "BA214N16.3",
          "C9ORF65",
          "KIAA0367"
        ],
        "user_input_genelist": [
          "PRUNE2"
        ]
      }
    ]
  },
  {
    "user_input_genelist": "FAM135B",
    "idmap": []
  },
  {
    "user_input_genelist": "LMF1",
    "idmap": []
  },
  {
    "user_input_genelist": "LOC401134",
    "idmap": []
  },
  {
    "user_input_genelist": "KCNAB1",
    "idmap": []
  },
  {
    "user_input_genelist": "PEX5L",
    "idmap": []
  },
  {
    "user_input_genelist": "FRMPD4",
    "idmap": [
      {
        "ensembl_id": "ENSG00000169933",
        "entrez_id": "9758",
        "hgnc_id": "HGNC:29007",
        "hgnc_name": "FERM and PDZ domain containing 4",
        "hgnc_symbol": "FRMPD4",
        "hgnc_synonyms": [
          "KIAA0316",
          "PDZK10",
          "PDZD10"
        ],
        "user_input_genelist": [
          "FRMPD4"
        ]
      }
    ]
  },
  {
    "user_input_genelist": "RAB27B",
    "idmap": [
      {
        "ensembl_id": "ENSG00000041353",
        "entrez_id": "5874",
        "hgnc_id": "HGNC:9767",
        "hgnc_name": "RAB27B, member RAS oncogene family",
        "hgnc_symbol": "RAB27B",
        "hgnc_synonyms": [],
        "user_input_genelist": [
          "RAB27B"
        ]
      }
    ]
  },
  {
    "user_input_genelist": "ST6GALNAC5",
    "idmap": []
  },
  {
    "user_input_genelist": "ASTN2",
    "idmap": []
  },
  {
    "user_input_genelist": "LINC-PINT",
    "idmap": []
  },
  {
    "user_input_genelist": "LOC105370983",
    "idmap": []
  },
  {
    "user_input_genelist": "SMYD3",
    "idmap": []
  },
  {
    "user_input_genelist": "MCTP1",
    "idmap": [
      {
        "ensembl_id": "ENSG00000175471",
        "entrez_id": "79772",
        "hgnc_id": "HGNC:26183",
        "hgnc_name": "multiple C2 and transmembrane domain containing 1",
        "hgnc_symbol": "MCTP1",
        "hgnc_synonyms": [
          "FLJ22344"
        ],
        "user_input_genelist": [
          "MCTP1"
        ]
      }
    ]
  },
  {
    "user_input_genelist": "ANXA4",
    "idmap": []
  },
  {
    "user_input_genelist": "NRG1",
    "idmap": [
      {
        "ensembl_id": "ENSG00000157168",
        "entrez_id": "3084",
        "hgnc_id": "HGNC:7997",
        "hgnc_name": "neuregulin 1",
        "hgnc_symbol": "NRG1",
        "hgnc_synonyms": [
          "NDF",
          "GGF",
          "NRG1-IT2"
        ],
        "user_input_genelist": [
          "NRG1"
        ]
      }
    ]
  },
  {
    "user_input_genelist": "PRKAG2",
    "idmap": []
  },
  {
    "user_input_genelist": "KCNQ1OT1",
    "idmap": []
  },
  {
    "user_input_genelist": "FGF14",
    "idmap": []
  },
  {
    "user_input_genelist": "DPP10-AS3",
    "idmap": []
  },
  {
    "user_input_genelist": "DST",
    "idmap": []
  },
  {
    "user_input_genelist": "DLG2",
    "idmap": [
      {
        "ensembl_id": "ENSG00000150672",
        "entrez_id": "1740",
        "hgnc_id": "HGNC:2901",
        "hgnc_name": "discs large MAGUK scaffold protein 2",
        "hgnc_symbol": "DLG2",
        "hgnc_synonyms": [
          "PSD-93",
          "PSD93",
          "CHAPSYN-110",
          "PPP1R58"
        ],
        "user_input_genelist": [
          "DLG2"
        ]
      }
    ]
  },
  {
    "user_input_genelist": "FHOD3",
    "idmap": []
  },
  {
    "user_input_genelist": "CDK6",
    "idmap": []
  },
  {
    "user_input_genelist": "ATRNL1",
    "idmap": []
  },
  {
    "user_input_genelist": "FTX",
    "idmap": []
  },
  {
    "user_input_genelist": "CALN1",
    "idmap": []
  },
  {
    "user_input_genelist": "ADAM23",
    "idmap": [
      {
        "ensembl_id": "ENSG00000114948",
        "entrez_id": "8745",
        "hgnc_id": "HGNC:202",
        "hgnc_name": "ADAM metallopeptidase domain 23",
        "hgnc_symbol": "ADAM23",
        "hgnc_synonyms": [
          "MDC3"
        ],
        "user_input_genelist": [
          "ADAM23"
        ]
      }
    ]
  },
  {
    "user_input_genelist": "ZDHHC23",
    "idmap": []
  },
  {
    "user_input_genelist": "MIR100HG",
    "idmap": []
  },
  {
    "user_input_genelist": "SLC8A1",
    "idmap": [
      {
        "ensembl_id": "ENSG00000183023",
        "entrez_id": "6546",
        "hgnc_id": "HGNC:11068",
        "hgnc_name": "solute carrier family 8 member A1",
        "hgnc_symbol": "SLC8A1",
        "hgnc_synonyms": [
          "NCX1"
        ],
        "user_input_genelist": [
          "SLC8A1"
        ]
      }
    ]
  },
  {
    "user_input_genelist": "XYLT1",
    "idmap": []
  },
  {
    "user_input_genelist": "ARHGEF28",
    "idmap": []
  },
  {
    "user_input_genelist": "GBE1",
    "idmap": []
  },
  {
    "user_input_genelist": "MAGI2",
    "idmap": [
      {
        "ensembl_id": "ENSG00000187391",
        "entrez_id": "9863",
        "hgnc_id": "HGNC:18957",
        "hgnc_name": "membrane associated guanylate kinase, WW and PDZ domain containing 2",
        "hgnc_symbol": "MAGI2",
        "hgnc_synonyms": [
          "ACVRIP1",
          "MAGI-2"
        ],
        "user_input_genelist": [
          "MAGI2"
        ]
      }
    ]
  },
  {
    "user_input_genelist": "FRMD4A",
    "idmap": []
  },
  {
    "user_input_genelist": "STXBP5L",
    "idmap": [
      {
        "ensembl_id": "ENSG00000145087",
        "entrez_id": "9515",
        "hgnc_id": "HGNC:30757",
        "hgnc_name": "syntaxin binding protein 5L",
        "hgnc_symbol": "STXBP5L",
        "hgnc_synonyms": [
          "KIAA1006",
          "LLGL4",
          "TOMOSYN-2"
        ],
        "user_input_genelist": [
          "STXBP5L"
        ]
      }
    ]
  },
  {
    "user_input_genelist": "COL12A1",
    "idmap": []
  },
  {
    "user_input_genelist": "ADGRL3",
    "idmap": [
      {
        "ensembl_id": "ENSG00000150471",
        "entrez_id": "23284",
        "hgnc_id": "HGNC:20974",
        "hgnc_name": "adhesion G protein-coupled receptor L3",
        "hgnc_symbol": "ADGRL3",
        "hgnc_synonyms": [
          "KIAA0768",
          "LEC3",
          "LPHN3"
        ],
        "user_input_genelist": [
          "ADGRL3"
        ]
      }
    ]
  },
  {
    "user_input_genelist": "PRKN",
    "idmap": [
      {
        "ensembl_id": "ENSG00000185345",
        "entrez_id": "5071",
        "hgnc_id": "HGNC:8607",
        "hgnc_name": "parkin RBR E3 ubiquitin protein ligase",
        "hgnc_symbol": "PRKN",
        "hgnc_synonyms": [
          "PDJ",
          "AR-JP",
          "PARKIN",
          "PARK2"
        ],
        "user_input_genelist": [
          "PRKN"
        ]
      }
    ]
  },
  {
    "user_input_genelist": "PCDH17",
    "idmap": [
      {
        "ensembl_id": "ENSG00000118946",
        "entrez_id": "27253",
        "hgnc_id": "HGNC:14267",
        "hgnc_name": "protocadherin 17",
        "hgnc_symbol": "PCDH17",
        "hgnc_synonyms": [
          "PCDH68",
          "PCH68"
        ],
        "user_input_genelist": [
          "PCDH17"
        ]
      }
    ]
  },
  {
    "user_input_genelist": "SMYD2",
    "idmap": []
  },
  {
    "user_input_genelist": "PARP8",
    "idmap": []
  },
  {
    "user_input_genelist": "GRIA3",
    "idmap": [
      {
        "ensembl_id": "ENSG00000125675",
        "entrez_id": "2892",
        "hgnc_id": "HGNC:4573",
        "hgnc_name": "glutamate ionotropic receptor AMPA type subunit 3",
        "hgnc_symbol": "GRIA3",
        "hgnc_synonyms": [
          "GLUA3",
          "GLURC",
          "MRX94",
          "GLUR-3",
          "GLUR-C",
          "GLUR-K3",
          "IGLUR3",
          "GLUR3"
        ],
        "user_input_genelist": [
          "GRIA3"
        ]
      }
    ]
  },
  {
    "user_input_genelist": "LOC105373592",
    "idmap": []
  },
  {
    "user_input_genelist": "FOCAD",
    "idmap": []
  },
  {
    "user_input_genelist": "SLC35F3",
    "idmap": []
  },
  {
    "user_input_genelist": "TNIK",
    "idmap": [
      {
        "ensembl_id": "ENSG00000154310",
        "entrez_id": "23043",
        "hgnc_id": "HGNC:30765",
        "hgnc_name": "TRAF2 and NCK interacting kinase",
        "hgnc_symbol": "TNIK",
        "hgnc_synonyms": [
          "KIAA0551"
        ],
        "user_input_genelist": [
          "TNIK"
        ]
      }
    ]
  },
  {
    "user_input_genelist": "PLCB1",
    "idmap": [
      {
        "ensembl_id": "ENSG00000182621",
        "entrez_id": "23236",
        "hgnc_id": "HGNC:15917",
        "hgnc_name": "phospholipase C beta 1",
        "hgnc_symbol": "PLCB1",
        "hgnc_synonyms": [
          "KIAA0581",
          "PLC-I",
          "PLC154"
        ],
        "user_input_genelist": [
          "PLCB1"
        ]
      }
    ]
  },
  {
    "user_input_genelist": "LINC00632",
    "idmap": []
  },
  {
    "user_input_genelist": "RNF150",
    "idmap": []
  },
  {
    "user_input_genelist": "CSMD3",
    "idmap": []
  },
  {
    "user_input_genelist": "PHACTR1",
    "idmap": [
      {
        "ensembl_id": "ENSG00000112137",
        "entrez_id": "221692",
        "hgnc_id": "HGNC:20990",
        "hgnc_name": "phosphatase and actin regulator 1",
        "hgnc_symbol": "PHACTR1",
        "hgnc_synonyms": [
          "KIAA1733",
          "DJ257A7.2"
        ],
        "user_input_genelist": [
          "PHACTR1"
        ]
      }
    ]
  },
  {
    "user_input_genelist": "SORCS1",
    "idmap": []
  },
  {
    "user_input_genelist": "CDK8",
    "idmap": []
  },
  {
    "user_input_genelist": "ACACA",
    "idmap": []
  },
  {
    "user_input_genelist": "CDH6",
    "idmap": [
      {
        "ensembl_id": "ENSG00000113361",
        "entrez_id": "1004",
        "hgnc_id": "HGNC:1765",
        "hgnc_name": "cadherin 6",
        "hgnc_symbol": "CDH6",
        "hgnc_synonyms": [],
        "user_input_genelist": [
          "CDH6"
        ]
      }
    ]
  },
  {
    "user_input_genelist": "DYNC1I1",
    "idmap": []
  },
  {
    "user_input_genelist": "PRKCB",
    "idmap": [
      {
        "ensembl_id": "ENSG00000166501",
        "entrez_id": "5579",
        "hgnc_id": "HGNC:9395",
        "hgnc_name": "protein kinase C beta",
        "hgnc_symbol": "PRKCB",
        "hgnc_synonyms": [
          "PKCB",
          "PRKCB2",
          "PKCB",
          "PRKCB1"
        ],
        "user_input_genelist": [
          "PRKCB"
        ]
      }
    ]
  },
  {
    "user_input_genelist": "CLSTN2",
    "idmap": [
      {
        "ensembl_id": "ENSG00000158258",
        "entrez_id": "64084",
        "hgnc_id": "HGNC:17448",
        "hgnc_name": "calsyntenin 2",
        "hgnc_symbol": "CLSTN2",
        "hgnc_synonyms": [
          "CSTN2",
          "CS2",
          "FLJ39113",
          "CDHR13"
        ],
        "user_input_genelist": [
          "CLSTN2"
        ]
      }
    ]
  },
  {
    "user_input_genelist": "NCAM1",
    "idmap": [
      {
        "ensembl_id": "ENSG00000149294",
        "entrez_id": "4684",
        "hgnc_id": "HGNC:7656",
        "hgnc_name": "neural cell adhesion molecule 1",
        "hgnc_symbol": "NCAM1",
        "hgnc_synonyms": [
          "NCAM",
          "CD56"
        ],
        "user_input_genelist": [
          "NCAM1"
        ]
      }
    ]
  },
  {
    "user_input_genelist": "ARHGAP26",
    "idmap": []
  },
  {
    "user_input_genelist": "PLXNA2",
    "idmap": []
  },
  {
    "user_input_genelist": "HS3ST2",
    "idmap": []
  },
  {
    "user_input_genelist": "CACNA1B",
    "idmap": [
      {
        "ensembl_id": "ENSG00000148408",
        "entrez_id": "774",
        "hgnc_id": "HGNC:1389",
        "hgnc_name": "calcium voltage-gated channel subunit alpha1 B",
        "hgnc_symbol": "CACNA1B",
        "hgnc_synonyms": [
          "CAV2.2",
          "CACNN",
          "CACNL1A5"
        ],
        "user_input_genelist": [
          "CACNA1B"
        ]
      }
    ]
  },
  {
    "user_input_genelist": "PLXNA4",
    "idmap": [
      {
        "ensembl_id": "ENSG00000221866",
        "entrez_id": "91584",
        "hgnc_id": "HGNC:9102",
        "hgnc_name": "plexin A4",
        "hgnc_symbol": "PLXNA4",
        "hgnc_synonyms": [
          "KIAA1550",
          "DKFZP434G0625PRO34003",
          "FAYV2820",
          "PLXNA4A",
          "PLXNA4B"
        ],
        "user_input_genelist": [
          "PLXNA4"
        ]
      }
    ]
  },
  {
    "user_input_genelist": "PTPRN2",
    "idmap": [
      {
        "ensembl_id": "ENSG00000155093",
        "entrez_id": "5799",
        "hgnc_id": "HGNC:9677",
        "hgnc_name": "protein tyrosine phosphatase receptor type N2",
        "hgnc_symbol": "PTPRN2",
        "hgnc_synonyms": [
          "KIAA0387",
          "PHOGRIN",
          "ICAAR",
          "IA-2BETA"
        ],
        "user_input_genelist": [
          "PTPRN2"
        ]
      }
    ]
  },
  {
    "user_input_genelist": "LOC105379251",
    "idmap": []
  },
  {
    "user_input_genelist": "RAPGEF5",
    "idmap": []
  },
  {
    "user_input_genelist": "CFAP299",
    "idmap": []
  },
  {
    "user_input_genelist": "ATP8A2",
    "idmap": []
  },
  {
    "user_input_genelist": "TLK1",
    "idmap": []
  },
  {
    "user_input_genelist": "STK39",
    "idmap": []
  },
  {
    "user_input_genelist": "FAT3",
    "idmap": []
  },
  {
    "user_input_genelist": "TRIM2",
    "idmap": []
  },
  {
    "user_input_genelist": "DLGAP2",
    "idmap": [
      {
        "ensembl_id": "ENSG00000198010",
        "entrez_id": "9228",
        "hgnc_id": "HGNC:2906",
        "hgnc_name": "DLG associated protein 2",
        "hgnc_symbol": "DLGAP2",
        "hgnc_synonyms": [
          "DAP-2",
          "ERICH1-AS1",
          "C8ORF68"
        ],
        "user_input_genelist": [
          "DLGAP2"
        ]
      }
    ]
  },
  {
    "user_input_genelist": "LOC101929563",
    "idmap": []
  },
  {
    "user_input_genelist": "MYRIP",
    "idmap": []
  },
  {
    "user_input_genelist": "RIMBP2",
    "idmap": [
      {
        "ensembl_id": "ENSG00000060709",
        "entrez_id": "23504",
        "hgnc_id": "HGNC:30339",
        "hgnc_name": "RIMS binding protein 2",
        "hgnc_symbol": "RIMBP2",
        "hgnc_synonyms": [
          "KIAA0318",
          "MGC15831",
          "RIM-BP2",
          "PPP1R133"
        ],
        "user_input_genelist": [
          "RIMBP2"
        ]
      }
    ]
  },
  {
    "user_input_genelist": "GRIK4",
    "idmap": [
      {
        "ensembl_id": "ENSG00000149403",
        "entrez_id": "2900",
        "hgnc_id": "HGNC:4582",
        "hgnc_name": "glutamate ionotropic receptor kainate type subunit 4",
        "hgnc_symbol": "GRIK4",
        "hgnc_synonyms": [
          "GLUK4",
          "KA1",
          "GRIK"
        ],
        "user_input_genelist": [
          "GRIK4"
        ]
      }
    ]
  },
  {
    "user_input_genelist": "LOC105371308",
    "idmap": []
  },
  {
    "user_input_genelist": "DMD",
    "idmap": [
      {
        "ensembl_id": "ENSG00000198947",
        "entrez_id": "1756",
        "hgnc_id": "HGNC:2928",
        "hgnc_name": "dystrophin",
        "hgnc_symbol": "DMD",
        "hgnc_synonyms": [
          "DXS142",
          "DXS164",
          "DXS206",
          "DXS230",
          "DXS239",
          "DXS268",
          "DXS269",
          "DXS270",
          "DXS272",
          "MRX85"
        ],
        "user_input_genelist": [
          "DMD"
        ]
      }
    ]
  },
  {
    "user_input_genelist": "PID1",
    "idmap": []
  },
  {
    "user_input_genelist": "STXBP5",
    "idmap": [
      {
        "ensembl_id": "ENSG00000164506",
        "entrez_id": "134957",
        "hgnc_id": "HGNC:19665",
        "hgnc_name": "syntaxin binding protein 5",
        "hgnc_symbol": "STXBP5",
        "hgnc_synonyms": [
          "TOMOSYN",
          "LLGL3",
          "TOMOSYN-1"
        ],
        "user_input_genelist": [
          "STXBP5"
        ]
      }
    ]
  },
  {
    "user_input_genelist": "TANC2",
    "idmap": [
      {
        "ensembl_id": "ENSG00000170921",
        "entrez_id": "26115",
        "hgnc_id": "HGNC:30212",
        "hgnc_name": "tetratricopeptide repeat, ankyrin repeat and coiled-coil containing 2",
        "hgnc_symbol": "TANC2",
        "hgnc_synonyms": [
          "DKFZP564D166",
          "FLJ10215",
          "FLJ11824",
          "KIAA1148",
          "KIAA1636",
          "ROLS",
          "ROLSA"
        ],
        "user_input_genelist": [
          "TANC2"
        ]
      }
    ]
  },
  {
    "user_input_genelist": "DLC1",
    "idmap": []
  },
  {
    "user_input_genelist": "PART1",
    "idmap": []
  },
  {
    "user_input_genelist": "DNAH14",
    "idmap": []
  },
  {
    "user_input_genelist": "SSH2",
    "idmap": []
  },
  {
    "user_input_genelist": "AOPEP",
    "idmap": []
  },
  {
    "user_input_genelist": "LOC101928387",
    "idmap": []
  },
  {
    "user_input_genelist": "JAZF1",
    "idmap": []
  },
  {
    "user_input_genelist": "TNR",
    "idmap": [
      {
        "ensembl_id": "ENSG00000116147",
        "entrez_id": "7143",
        "hgnc_id": "HGNC:11953",
        "hgnc_name": "tenascin R",
        "hgnc_symbol": "TNR",
        "hgnc_synonyms": [],
        "user_input_genelist": [
          "TNR"
        ]
      }
    ]
  },
  {
    "user_input_genelist": "LRRC4C",
    "idmap": [
      {
        "ensembl_id": "ENSG00000148948",
        "entrez_id": "57689",
        "hgnc_id": "HGNC:29317",
        "hgnc_name": "leucine rich repeat containing 4C",
        "hgnc_symbol": "LRRC4C",
        "hgnc_synonyms": [
          "KIAA1580",
          "NGL-1"
        ],
        "user_input_genelist": [
          "LRRC4C"
        ]
      }
    ]
  },
  {
    "user_input_genelist": "MSRA",
    "idmap": []
  },
  {
    "user_input_genelist": "ADGRL2",
    "idmap": [
      {
        "ensembl_id": "ENSG00000117114",
        "entrez_id": "23266",
        "hgnc_id": "HGNC:18582",
        "hgnc_name": "adhesion G protein-coupled receptor L2",
        "hgnc_symbol": "ADGRL2",
        "hgnc_synonyms": [
          "KIAA0786",
          "LEC1",
          "CIRL2",
          "LPHH1",
          "LPHN2"
        ],
        "user_input_genelist": [
          "ADGRL2"
        ]
      }
    ]
  },
  {
    "user_input_genelist": "CALD1",
    "idmap": [
      {
        "ensembl_id": "ENSG00000122786",
        "entrez_id": "800",
        "hgnc_id": "HGNC:1441",
        "hgnc_name": "caldesmon 1",
        "hgnc_symbol": "CALD1",
        "hgnc_synonyms": [
          "H-CAD",
          "L-CAD",
          "H-CD"
        ],
        "user_input_genelist": [
          "CALD1"
        ]
      }
    ]
  },
  {
    "user_input_genelist": "ELAVL2",
    "idmap": [
      {
        "ensembl_id": "ENSG00000107105",
        "entrez_id": "1993",
        "hgnc_id": "HGNC:3313",
        "hgnc_name": "ELAV like RNA binding protein 2",
        "hgnc_symbol": "ELAVL2",
        "hgnc_synonyms": [
          "HUB",
          "HEL-N1"
        ],
        "user_input_genelist": [
          "ELAVL2"
        ]
      }
    ]
  },
  {
    "user_input_genelist": "LRP1B",
    "idmap": []
  },
  {
    "user_input_genelist": "CCNY",
    "idmap": []
  },
  {
    "user_input_genelist": "GALNTL6",
    "idmap": []
  },
  {
    "user_input_genelist": "CACNB2",
    "idmap": [
      {
        "ensembl_id": "ENSG00000165995",
        "entrez_id": "783",
        "hgnc_id": "HGNC:1402",
        "hgnc_name": "calcium voltage-gated channel auxiliary subunit beta 2",
        "hgnc_symbol": "CACNB2",
        "hgnc_synonyms": [
          "MYSB",
          "CACNLB2"
        ],
        "user_input_genelist": [
          "CACNB2"
        ]
      }
    ]
  },
  {
    "user_input_genelist": "VPS13D",
    "idmap": []
  },
  {
    "user_input_genelist": "LY86-AS1",
    "idmap": []
  },
  {
    "user_input_genelist": "CTNNA2",
    "idmap": [
      {
        "ensembl_id": "ENSG00000066032",
        "entrez_id": "1496",
        "hgnc_id": "HGNC:2510",
        "hgnc_name": "catenin alpha 2",
        "hgnc_symbol": "CTNNA2",
        "hgnc_synonyms": [
          "CAP-R",
          "CT114"
        ],
        "user_input_genelist": [
          "CTNNA2"
        ]
      }
    ]
  },
  {
    "user_input_genelist": "NKAIN2",
    "idmap": []
  },
  {
    "user_input_genelist": "OPRM1",
    "idmap": [
      {
        "ensembl_id": "ENSG00000112038",
        "entrez_id": "4988",
        "hgnc_id": "HGNC:8156",
        "hgnc_name": "opioid receptor mu 1",
        "hgnc_symbol": "OPRM1",
        "hgnc_synonyms": [
          "MOR1"
        ],
        "user_input_genelist": [
          "OPRM1"
        ]
      }
    ]
  },
  {
    "user_input_genelist": "PDZD2",
    "idmap": []
  },
  {
    "user_input_genelist": "TMEFF2",
    "idmap": []
  },
  {
    "user_input_genelist": "AFF3",
    "idmap": []
  },
  {
    "user_input_genelist": "GMDS",
    "idmap": []
  },
  {
    "user_input_genelist": "CACNG3",
    "idmap": [
      {
        "ensembl_id": "ENSG00000006116",
        "entrez_id": "10368",
        "hgnc_id": "HGNC:1407",
        "hgnc_name": "calcium voltage-gated channel auxiliary subunit gamma 3",
        "hgnc_symbol": "CACNG3",
        "hgnc_synonyms": [],
        "user_input_genelist": [
          "CACNG3"
        ]
      }
    ]
  },
  {
    "user_input_genelist": "SOX5",
    "idmap": []
  },
  {
    "user_input_genelist": "FRAS1",
    "idmap": []
  },
  {
    "user_input_genelist": "CHL1",
    "idmap": []
  },
  {
    "user_input_genelist": "PLEKHA5",
    "idmap": [
      {
        "ensembl_id": "ENSG00000052126",
        "entrez_id": "54477",
        "hgnc_id": "HGNC:30036",
        "hgnc_name": "pleckstrin homology domain containing A5",
        "hgnc_symbol": "PLEKHA5",
        "hgnc_synonyms": [
          "KIAA1686",
          "FLJ10667"
        ],
        "user_input_genelist": [
          "PLEKHA5"
        ]
      }
    ]
  },
  {
    "user_input_genelist": "EPHA7",
    "idmap": [
      {
        "ensembl_id": "ENSG00000135333",
        "entrez_id": "2045",
        "hgnc_id": "HGNC:3390",
        "hgnc_name": "EPH receptor A7",
        "hgnc_symbol": "EPHA7",
        "hgnc_synonyms": [
          "HEK11"
        ],
        "user_input_genelist": [
          "EPHA7"
        ]
      }
    ]
  },
  {
    "user_input_genelist": "CAPS2",
    "idmap": []
  },
  {
    "user_input_genelist": "PTPRR",
    "idmap": []
  },
  {
    "user_input_genelist": "MAN2A1",
    "idmap": []
  },
  {
    "user_input_genelist": "LHFPL6",
    "idmap": []
  },
  {
    "user_input_genelist": "PAK3",
    "idmap": [
      {
        "ensembl_id": "ENSG00000077264",
        "entrez_id": "5063",
        "hgnc_id": "HGNC:8592",
        "hgnc_name": "p21 (RAC1) activated kinase 3",
        "hgnc_symbol": "PAK3",
        "hgnc_synonyms": [
          "HPAK3",
          "BPAK",
          "MRX30",
          "MRX47"
        ],
        "user_input_genelist": [
          "PAK3"
        ]
      }
    ]
  },
  {
    "user_input_genelist": "DNAH6",
    "idmap": []
  },
  {
    "user_input_genelist": "PRKCE",
    "idmap": [
      {
        "ensembl_id": "ENSG00000171132",
        "entrez_id": "5581",
        "hgnc_id": "HGNC:9401",
        "hgnc_name": "protein kinase C epsilon",
        "hgnc_symbol": "PRKCE",
        "hgnc_synonyms": [],
        "user_input_genelist": [
          "PRKCE"
        ]
      }
    ]
  },
  {
    "user_input_genelist": "GRIA4",
    "idmap": [
      {
        "ensembl_id": "ENSG00000152578",
        "entrez_id": "2893",
        "hgnc_id": "HGNC:4574",
        "hgnc_name": "glutamate ionotropic receptor AMPA type subunit 4",
        "hgnc_symbol": "GRIA4",
        "hgnc_synonyms": [
          "GLUA4",
          "GLURD",
          "GLUR-4",
          "GLUR-D",
          "GLUR4C",
          "GLUR4"
        ],
        "user_input_genelist": [
          "GRIA4"
        ]
      }
    ]
  },
  {
    "user_input_genelist": "DAB1",
    "idmap": [
      {
        "ensembl_id": "ENSG00000173406",
        "entrez_id": "1600",
        "hgnc_id": "HGNC:2661",
        "hgnc_name": "DAB adaptor protein 1",
        "hgnc_symbol": "DAB1",
        "hgnc_synonyms": [],
        "user_input_genelist": [
          "DAB1"
        ]
      }
    ]
  },
  {
    "user_input_genelist": "TMEM117",
    "idmap": []
  },
  {
    "user_input_genelist": "KCNMB4",
    "idmap": [
      {
        "ensembl_id": "ENSG00000135643",
        "entrez_id": "27345",
        "hgnc_id": "HGNC:6289",
        "hgnc_name": "potassium calcium-activated channel subfamily M regulatory beta subunit 4",
        "hgnc_symbol": "KCNMB4",
        "hgnc_synonyms": [],
        "user_input_genelist": [
          "KCNMB4"
        ]
      }
    ]
  },
  {
    "user_input_genelist": "GRIA1",
    "idmap": [
      {
        "ensembl_id": "ENSG00000155511",
        "entrez_id": "2890",
        "hgnc_id": "HGNC:4571",
        "hgnc_name": "glutamate ionotropic receptor AMPA type subunit 1",
        "hgnc_symbol": "GRIA1",
        "hgnc_synonyms": [
          "GLUA1",
          "GLURA",
          "GLUR1"
        ],
        "user_input_genelist": [
          "GRIA1"
        ]
      }
    ]
  },
  {
    "user_input_genelist": "AK5",
    "idmap": []
  },
  {
    "user_input_genelist": "SUPT3H",
    "idmap": []
  },
  {
    "user_input_genelist": "ASIC2",
    "idmap": [
      {
        "ensembl_id": "ENSG00000108684",
        "entrez_id": "40",
        "hgnc_id": "HGNC:99",
        "hgnc_name": "acid sensing ion channel subunit 2",
        "hgnc_symbol": "ASIC2",
        "hgnc_synonyms": [
          "ASIC2A",
          "BNAC1",
          "HBNAC1",
          "MDEG",
          "ACCN",
          "ACCN1"
        ],
        "user_input_genelist": [
          "ASIC2"
        ]
      }
    ]
  },
  {
    "user_input_genelist": "FLJ41278",
    "idmap": []
  },
  {
    "user_input_genelist": "IL1RAPL1",
    "idmap": [
      {
        "ensembl_id": "ENSG00000169306",
        "entrez_id": "11141",
        "hgnc_id": "HGNC:5996",
        "hgnc_name": "interleukin 1 receptor accessory protein like 1",
        "hgnc_symbol": "IL1RAPL1",
        "hgnc_synonyms": [
          "OPHN4",
          "TIGIRR-2",
          "IL1R8",
          "IL1RAPL-1",
          "IL1RAPL",
          "MRX34",
          "MRX21",
          "MRX10"
        ],
        "user_input_genelist": [
          "IL1RAPL1"
        ]
      }
    ]
  },
  {
    "user_input_genelist": "ADAMTS19",
    "idmap": []
  },
  {
    "user_input_genelist": "SLC39A11",
    "idmap": []
  },
  {
    "user_input_genelist": "PRR16",
    "idmap": []
  },
  {
    "user_input_genelist": "PTPRG",
    "idmap": []
  },
  {
    "user_input_genelist": "EPB41L3",
    "idmap": [
      {
        "ensembl_id": "ENSG00000082397",
        "entrez_id": "23136",
        "hgnc_id": "HGNC:3380",
        "hgnc_name": "erythrocyte membrane protein band 4.1 like 3",
        "hgnc_symbol": "EPB41L3",
        "hgnc_synonyms": [
          "DAL1",
          "KIAA0987",
          "4.1B"
        ],
        "user_input_genelist": [
          "EPB41L3"
        ]
      }
    ]
  },
  {
    "user_input_genelist": "DSCAML1",
    "idmap": []
  },
  {
    "user_input_genelist": "HS6ST3",
    "idmap": []
  },
  {
    "user_input_genelist": "CNTN6",
    "idmap": [
      {
        "ensembl_id": "ENSG00000134115",
        "entrez_id": "27255",
        "hgnc_id": "HGNC:2176",
        "hgnc_name": "contactin 6",
        "hgnc_symbol": "CNTN6",
        "hgnc_synonyms": [
          "NB-3"
        ],
        "user_input_genelist": [
          "CNTN6"
        ]
      }
    ]
  },
  {
    "user_input_genelist": "FTH1",
    "idmap": []
  },
  {
    "user_input_genelist": "KCNH7",
    "idmap": []
  },
  {
    "user_input_genelist": "NEK11",
    "idmap": []
  },
  {
    "user_input_genelist": "RUNX1T1",
    "idmap": []
  },
  {
    "user_input_genelist": "SORBS1",
    "idmap": []
  },
  {
    "user_input_genelist": "ENC1",
    "idmap": []
  },
  {
    "user_input_genelist": "DIAPH2",
    "idmap": []
  },
  {
    "user_input_genelist": "CHSY3",
    "idmap": []
  },
  {
    "user_input_genelist": "KIAA1217",
    "idmap": []
  },
  {
    "user_input_genelist": "CHN2",
    "idmap": []
  },
  {
    "user_input_genelist": "UNC13C",
    "idmap": [
      {
        "ensembl_id": "ENSG00000137766",
        "entrez_id": "440279",
        "hgnc_id": "HGNC:23149",
        "hgnc_name": "unc-13 homolog C",
        "hgnc_symbol": "UNC13C",
        "hgnc_synonyms": [
          "MUNC13-3",
          "DKFZP547H074"
        ],
        "user_input_genelist": [
          "UNC13C"
        ]
      }
    ]
  },
  {
    "user_input_genelist": "COL5A2",
    "idmap": []
  },
  {
    "user_input_genelist": "LOC105373893",
    "idmap": []
  },
  {
    "user_input_genelist": "PCDH7",
    "idmap": [
      {
        "ensembl_id": "ENSG00000169851",
        "entrez_id": "5099",
        "hgnc_id": "HGNC:8659",
        "hgnc_name": "protocadherin 7",
        "hgnc_symbol": "PCDH7",
        "hgnc_synonyms": [
          "BH-PCDH",
          "PPP1R120"
        ],
        "user_input_genelist": [
          "PCDH7"
        ]
      }
    ]
  },
  {
    "user_input_genelist": "DOK6",
    "idmap": []
  },
  {
    "user_input_genelist": "MACROD2",
    "idmap": []
  },
  {
    "user_input_genelist": "TMEM132D",
    "idmap": []
  },
  {
    "user_input_genelist": "ZNF385B",
    "idmap": []
  },
  {
    "user_input_genelist": "FHIT",
    "idmap": []
  },
  {
    "user_input_genelist": "PRKD1",
    "idmap": []
  },
  {
    "user_input_genelist": "LRRK1",
    "idmap": []
  },
  {
    "user_input_genelist": "GRM3",
    "idmap": [
      {
        "ensembl_id": "ENSG00000198822",
        "entrez_id": "2913",
        "hgnc_id": "HGNC:4595",
        "hgnc_name": "glutamate metabotropic receptor 3",
        "hgnc_symbol": "GRM3",
        "hgnc_synonyms": [
          "GPRC1C",
          "MGLU3",
          "MGLUR3"
        ],
        "user_input_genelist": [
          "GRM3"
        ]
      }
    ]
  },
  {
    "user_input_genelist": "HS3ST5",
    "idmap": []
  },
  {
    "user_input_genelist": "CNTN4",
    "idmap": []
  },
  {
    "user_input_genelist": "RIT2",
    "idmap": []
  },
  {
    "user_input_genelist": "TENM2",
    "idmap": [
      {
        "ensembl_id": "ENSG00000145934",
        "entrez_id": "57451",
        "hgnc_id": "HGNC:29943",
        "hgnc_name": "teneurin transmembrane protein 2",
        "hgnc_symbol": "TENM2",
        "hgnc_synonyms": [
          "KIAA1127",
          "TEN-M2",
          "TEN2",
          "ODZ2"
        ],
        "user_input_genelist": [
          "TENM2"
        ]
      }
    ]
  },
  {
    "user_input_genelist": "PTPRK",
    "idmap": []
  },
  {
    "user_input_genelist": "HDAC9",
    "idmap": []
  },
  {
    "user_input_genelist": "MGAT4C",
    "idmap": []
  },
  {
    "user_input_genelist": "ENOX1",
    "idmap": []
  },
  {
    "user_input_genelist": "TENM4",
    "idmap": [
      {
        "ensembl_id": "ENSG00000149256",
        "entrez_id": "26011",
        "hgnc_id": "HGNC:29945",
        "hgnc_name": "teneurin transmembrane protein 4",
        "hgnc_symbol": "TENM4",
        "hgnc_synonyms": [
          "KIAA1302",
          "TEN-M4",
          "TEN4",
          "DOC4",
          "ODZ4"
        ],
        "user_input_genelist": [
          "TENM4"
        ]
      }
    ]
  },
  {
    "user_input_genelist": "GPC6",
    "idmap": [
      {
        "ensembl_id": "ENSG00000183098",
        "entrez_id": "10082",
        "hgnc_id": "HGNC:4454",
        "hgnc_name": "glypican 6",
        "hgnc_symbol": "GPC6",
        "hgnc_synonyms": [],
        "user_input_genelist": [
          "GPC6"
        ]
      }
    ]
  },
  {
    "user_input_genelist": "COL11A1",
    "idmap": []
  },
  {
    "user_input_genelist": "LOC101927335",
    "idmap": []
  },
  {
    "user_input_genelist": "GUCY1A2",
    "idmap": []
  },
  {
    "user_input_genelist": "ZNF385D",
    "idmap": []
  },
  {
    "user_input_genelist": "LOC105375931",
    "idmap": []
  },
  {
    "user_input_genelist": "CAMK2D",
    "idmap": [
      {
        "ensembl_id": "ENSG00000145349",
        "entrez_id": "817",
        "hgnc_id": "HGNC:1462",
        "hgnc_name": "calcium/calmodulin dependent protein kinase II delta",
        "hgnc_symbol": "CAMK2D",
        "hgnc_synonyms": [
          "CAMKD"
        ],
        "user_input_genelist": [
          "CAMK2D"
        ]
      }
    ]
  },
  {
    "user_input_genelist": "NPAS3",
    "idmap": []
  },
  {
    "user_input_genelist": "PDZRN4",
    "idmap": []
  },
  {
    "user_input_genelist": "ZNF804B",
    "idmap": []
  }
]