{
  "direct": {
    "hgnc_id": {
      "GO:0045202": [],
      "GO:0097060": [],
      "GO:0098793": [],
      "GO:0043083": [],
      "GO:0098794": [
        "HGNC:7997"
      ],
      "GO:0099544": [],
      "GO:0099243": [],
      "GO:0099699": [
        "HGNC:7657",
        "HGNC:21207"
      ],
      "GO:0099523": [],
      "GO:0099569": [],
      "GO:0048786": [],
      "GO:0098833": [],
      "GO:0098830": [],
      "GO:0008021": [],
      "GO:0098992": [],
      "GO:0042734": [],
      "SYNGO:presyn_ribosome": [],
      "SYNGO:presyn_er": [],
      "GO:0098965": [],
      "GO:0099524": [
        "HGNC:17512",
        "HGNC:15917"
      ],
      "GO:0099571": [],
      "GO:0097444": [],
      "GO:0150051": [],
      "GO:0099572": [],
      "GO:0098843": [],
      "GO:0098845": [],
      "GO:0045211": [],
      "SYNGO:postsyn_ribosome": [],
      "SYNGO:postsyn_er": [],
      "GO:0098966": [],
      "GO:0099182": [],
      "GO:0099143": [],
      "GO:0098831": [],
      "GO:0048787": [],
      "GO:0098835": [],
      "GO:0098954": [],
      "GO:0034592": [],
      "GO:0030672": [],
      "GO:0099013": [],
      "GO:0099012": [],
      "GO:0099026": [],
      "GO:0098888": [],
      "GO:0099056": [
        "HGNC:10585"
      ],
      "SYNGO:presyn_er_membrane": [],
      "SYNGO:presyn_ser": [],
      "GO:0099160": [],
      "GO:0098871": [],
      "GO:0150050": [],
      "GO:0099189": [],
      "GO:0098897": [],
      "GO:0099091": [],
      "GO:0099634": [],
      "GO:0014069": [
        "HGNC:17512"
      ],
      "GO:0099629": [],
      "GO:0098844": [],
      "GO:0098895": [],
      "GO:0098842": [],
      "GO:0098837": [],
      "GO:0099025": [],
      "GO:0098890": [],
      "GO:0099055": [
        "HGNC:4845",
        "HGNC:10763"
      ],
      "SYNGO:postsyn_er_membrane": [],
      "SYNGO:postsyn_ser": [],
      "GO:0099029": [],
      "GO:0098891": [],
      "GO:0099059": [
        "HGNC:7997",
        "HGNC:4845"
      ],
      "GO:0098894": [],
      "GO:0099067": [],
      "GO:0098993": [],
      "GO:0098850": [
        "HGNC:11496"
      ],
      "GO:0030285": [],
      "GO:0098674": [],
      "GO:0099066": [],
      "SYNGO:presyn_er_membrane_integral": [],
      "SYNGO:presyn_ser_membrane": [],
      "GO:0099065": [],
      "GO:0098892": [],
      "GO:0099060": [],
      "GO:0099092": [
        "HGNC:1384"
      ],
      "GO:0098839": [],
      "GO:0099164": [],
      "GO:0098999": [],
      "GO:0098896": [],
      "GO:0098944": [],
      "SYNGO:postsyn_er_membrane_integral": [],
      "SYNGO:postsyn_ser_membrane": [],
      "SYNGO:presyn_ser_membrane_integral": [],
      "GO:0099031": [],
      "GO:0099147": [],
      "GO:0099061": [
        "HGNC:13823",
        "HGNC:7997",
        "HGNC:6144"
      ],
      "GO:0098998": [],
      "GO:0099033": [],
      "GO:0099063": [],
      "SYNGO:postsyn_ser_membrane_integral": []
    },
    "hgnc_symbol": {
      "GO:0045202": [],
      "GO:0097060": [],
      "GO:0098793": [],
      "GO:0043083": [],
      "GO:0098794": [
        "NRG1"
      ],
      "GO:0099544": [],
      "GO:0099243": [],
      "GO:0099699": [
        "NCAM2",
        "LINGO2"
      ],
      "GO:0099523": [],
      "GO:0099569": [],
      "GO:0048786": [],
      "GO:0098833": [],
      "GO:0098830": [],
      "GO:0008021": [],
      "GO:0098992": [],
      "GO:0042734": [],
      "SYNGO:presyn_ribosome": [],
      "SYNGO:presyn_er": [],
      "GO:0098965": [],
      "GO:0099524": [
        "HOMER1",
        "PLCB1"
      ],
      "GO:0099571": [],
      "GO:0097444": [],
      "GO:0150051": [],
      "GO:0099572": [],
      "GO:0098843": [],
      "GO:0098845": [],
      "GO:0045211": [],
      "SYNGO:postsyn_ribosome": [],
      "SYNGO:postsyn_er": [],
      "GO:0098966": [],
      "GO:0099182": [],
      "GO:0099143": [],
      "GO:0098831": [],
      "GO:0048787": [],
      "GO:0098835": [],
      "GO:0098954": [],
      "GO:0034592": [],
      "GO:0030672": [],
      "GO:0099013": [],
      "GO:0099012": [],
      "GO:0099026": [],
      "GO:0098888": [],
      "GO:0099056": [
        "SCN1A"
      ],
      "SYNGO:presyn_er_membrane": [],
      "SYNGO:presyn_ser": [],
      "GO:0099160": [],
      "GO:0098871": [],
      "GO:0150050": [],
      "GO:0099189": [],
      "GO:0098897": [],
      "GO:0099091": [],
      "GO:0099634": [],
      "GO:0014069": [
        "HOMER1"
      ],
      "GO:0099629": [],
      "GO:0098844": [],
      "GO:0098895": [],
      "GO:0098842": [],
      "GO:0098837": [],
      "GO:0099025": [],
      "GO:0098890": [],
      "GO:0099055": [
        "HCN1",
        "SEZ6L"
      ],
      "SYNGO:postsyn_er_membrane": [],
      "SYNGO:postsyn_ser": [],
      "GO:0099029": [],
      "GO:0098891": [],
      "GO:0099059": [
        "NRG1",
        "HCN1"
      ],
      "GO:0098894": [],
      "GO:0099067": [],
      "GO:0098993": [],
      "GO:0098850": [
        "SYN3"
      ],
      "GO:0030285": [],
      "GO:0098674": [],
      "GO:0099066": [],
      "SYNGO:presyn_er_membrane_integral": [],
      "SYNGO:presyn_ser_membrane": [],
      "GO:0099065": [],
      "GO:0098892": [],
      "GO:0099060": [],
      "GO:0099092": [
        "CABP1"
      ],
      "GO:0098839": [],
      "GO:0099164": [],
      "GO:0098999": [],
      "GO:0098896": [],
      "GO:0098944": [],
      "SYNGO:postsyn_er_membrane_integral": [],
      "SYNGO:postsyn_ser_membrane": [],
      "SYNGO:presyn_ser_membrane_integral": [],
      "GO:0099031": [],
      "GO:0099147": [],
      "GO:0099061": [
        "NETO1",
        "NRG1",
        "ITGA8"
      ],
      "GO:0098998": [],
      "GO:0099033": [],
      "GO:0099063": [],
      "SYNGO:postsyn_ser_membrane_integral": []
    },
    "ensembl_id": {
      "GO:0045202": [],
      "GO:0097060": [],
      "GO:0098793": [],
      "GO:0043083": [],
      "GO:0098794": [
        "ENSG00000157168"
      ],
      "GO:0099544": [],
      "GO:0099243": [],
      "GO:0099699": [
        "ENSG00000154654",
        "ENSG00000174482"
      ],
      "GO:0099523": [],
      "GO:0099569": [],
      "GO:0048786": [],
      "GO:0098833": [],
      "GO:0098830": [],
      "GO:0008021": [],
      "GO:0098992": [],
      "GO:0042734": [],
      "SYNGO:presyn_ribosome": [],
      "SYNGO:presyn_er": [],
      "GO:0098965": [],
      "GO:0099524": [
        "ENSG00000152413",
        "ENSG00000182621"
      ],
      "GO:0099571": [],
      "GO:0097444": [],
      "GO:0150051": [],
      "GO:0099572": [],
      "GO:0098843": [],
      "GO:0098845": [],
      "GO:0045211": [],
      "SYNGO:postsyn_ribosome": [],
      "SYNGO:postsyn_er": [],
      "GO:0098966": [],
      "GO:0099182": [],
      "GO:0099143": [],
      "GO:0098831": [],
      "GO:0048787": [],
      "GO:0098835": [],
      "GO:0098954": [],
      "GO:0034592": [],
      "GO:0030672": [],
      "GO:0099013": [],
      "GO:0099012": [],
      "GO:0099026": [],
      "GO:0098888": [],
      "GO:0099056": [
        "ENSG00000144285"
      ],
      "SYNGO:presyn_er_membrane": [],
      "SYNGO:presyn_ser": [],
      "GO:0099160": [],
      "GO:0098871": [],
      "GO:0150050": [],
      "GO:0099189": [],
      "GO:0098897": [],
      "GO:0099091": [],
      "GO:0099634": [],
      "GO:0014069": [
        "ENSG00000152413"
      ],
      "GO:0099629": [],
      "GO:0098844": [],
      "GO:0098895": [],
      "GO:0098842": [],
      "GO:0098837": [],
      "GO:0099025": [],
      "GO:0098890": [],
      "GO:0099055": [
        "ENSG00000164588",
        "ENSG00000100095"
      ],
      "SYNGO:postsyn_er_membrane": [],
      "SYNGO:postsyn_ser": [],
      "GO:0099029": [],
      "GO:0098891": [],
      "GO:0099059": [
        "ENSG00000157168",
        "ENSG00000164588"
      ],
      "GO:0098894": [],
      "GO:0099067": [],
      "GO:0098993": [],
      "GO:0098850": [
        "ENSG00000185666"
      ],
      "GO:0030285": [],
      "GO:0098674": [],
      "GO:0099066": [],
      "SYNGO:presyn_er_membrane_integral": [],
      "SYNGO:presyn_ser_membrane": [],
      "GO:0099065": [],
      "GO:0098892": [],
      "GO:0099060": [],
      "GO:0099092": [
        "ENSG00000157782"
      ],
      "GO:0098839": [],
      "GO:0099164": [],
      "GO:0098999": [],
      "GO:0098896": [],
      "GO:0098944": [],
      "SYNGO:postsyn_er_membrane_integral": [],
      "SYNGO:postsyn_ser_membrane": [],
      "SYNGO:presyn_ser_membrane_integral": [],
      "GO:0099031": [],
      "GO:0099147": [],
      "GO:0099061": [
        "ENSG00000166342",
        "ENSG00000157168",
        "ENSG00000077943"
      ],
      "GO:0098998": [],
      "GO:0099033": [],
      "GO:0099063": [],
      "SYNGO:postsyn_ser_membrane_integral": []
    },
    "entrez_id": {
      "GO:0045202": [],
      "GO:0097060": [],
      "GO:0098793": [],
      "GO:0043083": [],
      "GO:0098794": [
        "3084"
      ],
      "GO:0099544": [],
      "GO:0099243": [],
      "GO:0099699": [
        "4685",
        "158038"
      ],
      "GO:0099523": [],
      "GO:0099569": [],
      "GO:0048786": [],
      "GO:0098833": [],
      "GO:0098830": [],
      "GO:0008021": [],
      "GO:0098992": [],
      "GO:0042734": [],
      "SYNGO:presyn_ribosome": [],
      "SYNGO:presyn_er": [],
      "GO:0098965": [],
      "GO:0099524": [
        "9456",
        "23236"
      ],
      "GO:0099571": [],
      "GO:0097444": [],
      "GO:0150051": [],
      "GO:0099572": [],
      "GO:0098843": [],
      "GO:0098845": [],
      "GO:0045211": [],
      "SYNGO:postsyn_ribosome": [],
      "SYNGO:postsyn_er": [],
      "GO:0098966": [],
      "GO:0099182": [],
      "GO:0099143": [],
      "GO:0098831": [],
      "GO:0048787": [],
      "GO:0098835": [],
      "GO:0098954": [],
      "GO:0034592": [],
      "GO:0030672": [],
      "GO:0099013": [],
      "GO:0099012": [],
      "GO:0099026": [],
      "GO:0098888": [],
      "GO:0099056": [
        "6323"
      ],
      "SYNGO:presyn_er_membrane": [],
      "SYNGO:presyn_ser": [],
      "GO:0099160": [],
      "GO:0098871": [],
      "GO:0150050": [],
      "GO:0099189": [],
      "GO:0098897": [],
      "GO:0099091": [],
      "GO:0099634": [],
      "GO:0014069": [
        "9456"
      ],
      "GO:0099629": [],
      "GO:0098844": [],
      "GO:0098895": [],
      "GO:0098842": [],
      "GO:0098837": [],
      "GO:0099025": [],
      "GO:0098890": [],
      "GO:0099055": [
        "348980",
        "23544"
      ],
      "SYNGO:postsyn_er_membrane": [],
      "SYNGO:postsyn_ser": [],
      "GO:0099029": [],
      "GO:0098891": [],
      "GO:0099059": [
        "3084",
        "348980"
      ],
      "GO:0098894": [],
      "GO:0099067": [],
      "GO:0098993": [],
      "GO:0098850": [
        "8224"
      ],
      "GO:0030285": [],
      "GO:0098674": [],
      "GO:0099066": [],
      "SYNGO:presyn_er_membrane_integral": [],
      "SYNGO:presyn_ser_membrane": [],
      "GO:0099065": [],
      "GO:0098892": [],
      "GO:0099060": [],
      "GO:0099092": [
        "9478"
      ],
      "GO:0098839": [],
      "GO:0099164": [],
      "GO:0098999": [],
      "GO:0098896": [],
      "GO:0098944": [],
      "SYNGO:postsyn_er_membrane_integral": [],
      "SYNGO:postsyn_ser_membrane": [],
      "SYNGO:presyn_ser_membrane_integral": [],
      "GO:0099031": [],
      "GO:0099147": [],
      "GO:0099061": [
        "81832",
        "3084",
        "8516"
      ],
      "GO:0098998": [],
      "GO:0099033": [],
      "GO:0099063": [],
      "SYNGO:postsyn_ser_membrane_integral": []
    }
  },
  "aggregate": {
    "hgnc_id": {
      "GO:0045202": [
        "HGNC:7657",
        "HGNC:21207",
        "HGNC:7997",
        "HGNC:4845",
        "HGNC:11496",
        "HGNC:10585",
        "HGNC:17512",
        "HGNC:15917",
        "HGNC:1384",
        "HGNC:13823",
        "HGNC:6144",
        "HGNC:10763"
      ],
      "GO:0097060": [
        "HGNC:7657",
        "HGNC:21207"
      ],
      "GO:0098793": [
        "HGNC:7997",
        "HGNC:4845",
        "HGNC:11496",
        "HGNC:10585"
      ],
      "GO:0043083": [],
      "GO:0098794": [
        "HGNC:7997",
        "HGNC:17512",
        "HGNC:15917",
        "HGNC:1384",
        "HGNC:13823",
        "HGNC:6144",
        "HGNC:4845",
        "HGNC:10763"
      ],
      "GO:0099544": [],
      "GO:0099243": [],
      "GO:0099699": [
        "HGNC:7657",
        "HGNC:21207"
      ],
      "GO:0099523": [],
      "GO:0099569": [],
      "GO:0048786": [
        "HGNC:7997",
        "HGNC:4845"
      ],
      "GO:0098833": [],
      "GO:0098830": [],
      "GO:0008021": [
        "HGNC:11496"
      ],
      "GO:0098992": [],
      "GO:0042734": [
        "HGNC:10585"
      ],
      "SYNGO:presyn_ribosome": [],
      "SYNGO:presyn_er": [],
      "GO:0098965": [],
      "GO:0099524": [
        "HGNC:17512",
        "HGNC:15917"
      ],
      "GO:0099571": [],
      "GO:0097444": [],
      "GO:0150051": [],
      "GO:0099572": [
        "HGNC:17512",
        "HGNC:1384",
        "HGNC:13823",
        "HGNC:7997",
        "HGNC:6144"
      ],
      "GO:0098843": [],
      "GO:0098845": [],
      "GO:0045211": [
        "HGNC:4845",
        "HGNC:10763"
      ],
      "SYNGO:postsyn_ribosome": [],
      "SYNGO:postsyn_er": [],
      "GO:0098966": [],
      "GO:0099182": [],
      "GO:0099143": [],
      "GO:0098831": [],
      "GO:0048787": [
        "HGNC:7997",
        "HGNC:4845"
      ],
      "GO:0098835": [],
      "GO:0098954": [],
      "GO:0034592": [],
      "GO:0030672": [
        "HGNC:11496"
      ],
      "GO:0099013": [],
      "GO:0099012": [],
      "GO:0099026": [],
      "GO:0098888": [],
      "GO:0099056": [
        "HGNC:10585"
      ],
      "SYNGO:presyn_er_membrane": [],
      "SYNGO:presyn_ser": [],
      "GO:0099160": [],
      "GO:0098871": [],
      "GO:0150050": [],
      "GO:0099189": [],
      "GO:0098897": [],
      "GO:0099091": [],
      "GO:0099634": [],
      "GO:0014069": [
        "HGNC:17512",
        "HGNC:1384",
        "HGNC:13823",
        "HGNC:7997",
        "HGNC:6144"
      ],
      "GO:0099629": [],
      "GO:0098844": [],
      "GO:0098895": [],
      "GO:0098842": [],
      "GO:0098837": [],
      "GO:0099025": [],
      "GO:0098890": [],
      "GO:0099055": [
        "HGNC:4845",
        "HGNC:10763"
      ],
      "SYNGO:postsyn_er_membrane": [],
      "SYNGO:postsyn_ser": [],
      "GO:0099029": [],
      "GO:0098891": [],
      "GO:0099059": [
        "HGNC:7997",
        "HGNC:4845"
      ],
      "GO:0098894": [],
      "GO:0099067": [],
      "GO:0098993": [],
      "GO:0098850": [
        "HGNC:11496"
      ],
      "GO:0030285": [],
      "GO:0098674": [],
      "GO:0099066": [],
      "SYNGO:presyn_er_membrane_integral": [],
      "SYNGO:presyn_ser_membrane": [],
      "GO:0099065": [],
      "GO:0098892": [],
      "GO:0099060": [],
      "GO:0099092": [
        "HGNC:1384"
      ],
      "GO:0098839": [
        "HGNC:13823",
        "HGNC:7997",
        "HGNC:6144"
      ],
      "GO:0099164": [],
      "GO:0098999": [],
      "GO:0098896": [],
      "GO:0098944": [],
      "SYNGO:postsyn_er_membrane_integral": [],
      "SYNGO:postsyn_ser_membrane": [],
      "SYNGO:presyn_ser_membrane_integral": [],
      "GO:0099031": [],
      "GO:0099147": [],
      "GO:0099061": [
        "HGNC:13823",
        "HGNC:7997",
        "HGNC:6144"
      ],
      "GO:0098998": [],
      "GO:0099033": [],
      "GO:0099063": [],
      "SYNGO:postsyn_ser_membrane_integral": []
    },
    "hgnc_symbol": {
      "GO:0045202": [
        "NCAM2",
        "LINGO2",
        "NRG1",
        "HCN1",
        "SYN3",
        "SCN1A",
        "HOMER1",
        "PLCB1",
        "CABP1",
        "NETO1",
        "ITGA8",
        "SEZ6L"
      ],
      "GO:0097060": [
        "NCAM2",
        "LINGO2"
      ],
      "GO:0098793": [
        "NRG1",
        "HCN1",
        "SYN3",
        "SCN1A"
      ],
      "GO:0043083": [],
      "GO:0098794": [
        "NRG1",
        "HOMER1",
        "PLCB1",
        "CABP1",
        "NETO1",
        "ITGA8",
        "HCN1",
        "SEZ6L"
      ],
      "GO:0099544": [],
      "GO:0099243": [],
      "GO:0099699": [
        "NCAM2",
        "LINGO2"
      ],
      "GO:0099523": [],
      "GO:0099569": [],
      "GO:0048786": [
        "NRG1",
        "HCN1"
      ],
      "GO:0098833": [],
      "GO:0098830": [],
      "GO:0008021": [
        "SYN3"
      ],
      "GO:0098992": [],
      "GO:0042734": [
        "SCN1A"
      ],
      "SYNGO:presyn_ribosome": [],
      "SYNGO:presyn_er": [],
      "GO:0098965": [],
      "GO:0099524": [
        "HOMER1",
        "PLCB1"
      ],
      "GO:0099571": [],
      "GO:0097444": [],
      "GO:0150051": [],
      "GO:0099572": [
        "HOMER1",
        "CABP1",
        "NETO1",
        "NRG1",
        "ITGA8"
      ],
      "GO:0098843": [],
      "GO:0098845": [],
      "GO:0045211": [
        "HCN1",
        "SEZ6L"
      ],
      "SYNGO:postsyn_ribosome": [],
      "SYNGO:postsyn_er": [],
      "GO:0098966": [],
      "GO:0099182": [],
      "GO:0099143": [],
      "GO:0098831": [],
      "GO:0048787": [
        "NRG1",
        "HCN1"
      ],
      "GO:0098835": [],
      "GO:0098954": [],
      "GO:0034592": [],
      "GO:0030672": [
        "SYN3"
      ],
      "GO:0099013": [],
      "GO:0099012": [],
      "GO:0099026": [],
      "GO:0098888": [],
      "GO:0099056": [
        "SCN1A"
      ],
      "SYNGO:presyn_er_membrane": [],
      "SYNGO:presyn_ser": [],
      "GO:0099160": [],
      "GO:0098871": [],
      "GO:0150050": [],
      "GO:0099189": [],
      "GO:0098897": [],
      "GO:0099091": [],
      "GO:0099634": [],
      "GO:0014069": [
        "HOMER1",
        "CABP1",
        "NETO1",
        "NRG1",
        "ITGA8"
      ],
      "GO:0099629": [],
      "GO:0098844": [],
      "GO:0098895": [],
      "GO:0098842": [],
      "GO:0098837": [],
      "GO:0099025": [],
      "GO:0098890": [],
      "GO:0099055": [
        "HCN1",
        "SEZ6L"
      ],
      "SYNGO:postsyn_er_membrane": [],
      "SYNGO:postsyn_ser": [],
      "GO:0099029": [],
      "GO:0098891": [],
      "GO:0099059": [
        "NRG1",
        "HCN1"
      ],
      "GO:0098894": [],
      "GO:0099067": [],
      "GO:0098993": [],
      "GO:0098850": [
        "SYN3"
      ],
      "GO:0030285": [],
      "GO:0098674": [],
      "GO:0099066": [],
      "SYNGO:presyn_er_membrane_integral": [],
      "SYNGO:presyn_ser_membrane": [],
      "GO:0099065": [],
      "GO:0098892": [],
      "GO:0099060": [],
      "GO:0099092": [
        "CABP1"
      ],
      "GO:0098839": [
        "NETO1",
        "NRG1",
        "ITGA8"
      ],
      "GO:0099164": [],
      "GO:0098999": [],
      "GO:0098896": [],
      "GO:0098944": [],
      "SYNGO:postsyn_er_membrane_integral": [],
      "SYNGO:postsyn_ser_membrane": [],
      "SYNGO:presyn_ser_membrane_integral": [],
      "GO:0099031": [],
      "GO:0099147": [],
      "GO:0099061": [
        "NETO1",
        "NRG1",
        "ITGA8"
      ],
      "GO:0098998": [],
      "GO:0099033": [],
      "GO:0099063": [],
      "SYNGO:postsyn_ser_membrane_integral": []
    },
    "ensembl_id": {
      "GO:0045202": [
        "ENSG00000154654",
        "ENSG00000174482",
        "ENSG00000157168",
        "ENSG00000164588",
        "ENSG00000185666",
        "ENSG00000144285",
        "ENSG00000152413",
        "ENSG00000182621",
        "ENSG00000157782",
        "ENSG00000166342",
        "ENSG00000077943",
        "ENSG00000100095"
      ],
      "GO:0097060": [
        "ENSG00000154654",
        "ENSG00000174482"
      ],
      "GO:0098793": [
        "ENSG00000157168",
        "ENSG00000164588",
        "ENSG00000185666",
        "ENSG00000144285"
      ],
      "GO:0043083": [],
      "GO:0098794": [
        "ENSG00000157168",
        "ENSG00000152413",
        "ENSG00000182621",
        "ENSG00000157782",
        "ENSG00000166342",
        "ENSG00000077943",
        "ENSG00000164588",
        "ENSG00000100095"
      ],
      "GO:0099544": [],
      "GO:0099243": [],
      "GO:0099699": [
        "ENSG00000154654",
        "ENSG00000174482"
      ],
      "GO:0099523": [],
      "GO:0099569": [],
      "GO:0048786": [
        "ENSG00000157168",
        "ENSG00000164588"
      ],
      "GO:0098833": [],
      "GO:0098830": [],
      "GO:0008021": [
        "ENSG00000185666"
      ],
      "GO:0098992": [],
      "GO:0042734": [
        "ENSG00000144285"
      ],
      "SYNGO:presyn_ribosome": [],
      "SYNGO:presyn_er": [],
      "GO:0098965": [],
      "GO:0099524": [
        "ENSG00000152413",
        "ENSG00000182621"
      ],
      "GO:0099571": [],
      "GO:0097444": [],
      "GO:0150051": [],
      "GO:0099572": [
        "ENSG00000152413",
        "ENSG00000157782",
        "ENSG00000166342",
        "ENSG00000157168",
        "ENSG00000077943"
      ],
      "GO:0098843": [],
      "GO:0098845": [],
      "GO:0045211": [
        "ENSG00000164588",
        "ENSG00000100095"
      ],
      "SYNGO:postsyn_ribosome": [],
      "SYNGO:postsyn_er": [],
      "GO:0098966": [],
      "GO:0099182": [],
      "GO:0099143": [],
      "GO:0098831": [],
      "GO:0048787": [
        "ENSG00000157168",
        "ENSG00000164588"
      ],
      "GO:0098835": [],
      "GO:0098954": [],
      "GO:0034592": [],
      "GO:0030672": [
        "ENSG00000185666"
      ],
      "GO:0099013": [],
      "GO:0099012": [],
      "GO:0099026": [],
      "GO:0098888": [],
      "GO:0099056": [
        "ENSG00000144285"
      ],
      "SYNGO:presyn_er_membrane": [],
      "SYNGO:presyn_ser": [],
      "GO:0099160": [],
      "GO:0098871": [],
      "GO:0150050": [],
      "GO:0099189": [],
      "GO:0098897": [],
      "GO:0099091": [],
      "GO:0099634": [],
      "GO:0014069": [
        "ENSG00000152413",
        "ENSG00000157782",
        "ENSG00000166342",
        "ENSG00000157168",
        "ENSG00000077943"
      ],
      "GO:0099629": [],
      "GO:0098844": [],
      "GO:0098895": [],
      "GO:0098842": [],
      "GO:0098837": [],
      "GO:0099025": [],
      "GO:0098890": [],
      "GO:0099055": [
        "ENSG00000164588",
        "ENSG00000100095"
      ],
      "SYNGO:postsyn_er_membrane": [],
      "SYNGO:postsyn_ser": [],
      "GO:0099029": [],
      "GO:0098891": [],
      "GO:0099059": [
        "ENSG00000157168",
        "ENSG00000164588"
      ],
      "GO:0098894": [],
      "GO:0099067": [],
      "GO:0098993": [],
      "GO:0098850": [
        "ENSG00000185666"
      ],
      "GO:0030285": [],
      "GO:0098674": [],
      "GO:0099066": [],
      "SYNGO:presyn_er_membrane_integral": [],
      "SYNGO:presyn_ser_membrane": [],
      "GO:0099065": [],
      "GO:0098892": [],
      "GO:0099060": [],
      "GO:0099092": [
        "ENSG00000157782"
      ],
      "GO:0098839": [
        "ENSG00000166342",
        "ENSG00000157168",
        "ENSG00000077943"
      ],
      "GO:0099164": [],
      "GO:0098999": [],
      "GO:0098896": [],
      "GO:0098944": [],
      "SYNGO:postsyn_er_membrane_integral": [],
      "SYNGO:postsyn_ser_membrane": [],
      "SYNGO:presyn_ser_membrane_integral": [],
      "GO:0099031": [],
      "GO:0099147": [],
      "GO:0099061": [
        "ENSG00000166342",
        "ENSG00000157168",
        "ENSG00000077943"
      ],
      "GO:0098998": [],
      "GO:0099033": [],
      "GO:0099063": [],
      "SYNGO:postsyn_ser_membrane_integral": []
    },
    "entrez_id": {
      "GO:0045202": [
        "4685",
        "158038",
        "3084",
        "348980",
        "8224",
        "6323",
        "9456",
        "23236",
        "9478",
        "81832",
        "8516",
        "23544"
      ],
      "GO:0097060": [
        "4685",
        "158038"
      ],
      "GO:0098793": [
        "3084",
        "348980",
        "8224",
        "6323"
      ],
      "GO:0043083": [],
      "GO:0098794": [
        "3084",
        "9456",
        "23236",
        "9478",
        "81832",
        "8516",
        "348980",
        "23544"
      ],
      "GO:0099544": [],
      "GO:0099243": [],
      "GO:0099699": [
        "4685",
        "158038"
      ],
      "GO:0099523": [],
      "GO:0099569": [],
      "GO:0048786": [
        "3084",
        "348980"
      ],
      "GO:0098833": [],
      "GO:0098830": [],
      "GO:0008021": [
        "8224"
      ],
      "GO:0098992": [],
      "GO:0042734": [
        "6323"
      ],
      "SYNGO:presyn_ribosome": [],
      "SYNGO:presyn_er": [],
      "GO:0098965": [],
      "GO:0099524": [
        "9456",
        "23236"
      ],
      "GO:0099571": [],
      "GO:0097444": [],
      "GO:0150051": [],
      "GO:0099572": [
        "9456",
        "9478",
        "81832",
        "3084",
        "8516"
      ],
      "GO:0098843": [],
      "GO:0098845": [],
      "GO:0045211": [
        "348980",
        "23544"
      ],
      "SYNGO:postsyn_ribosome": [],
      "SYNGO:postsyn_er": [],
      "GO:0098966": [],
      "GO:0099182": [],
      "GO:0099143": [],
      "GO:0098831": [],
      "GO:0048787": [
        "3084",
        "348980"
      ],
      "GO:0098835": [],
      "GO:0098954": [],
      "GO:0034592": [],
      "GO:0030672": [
        "8224"
      ],
      "GO:0099013": [],
      "GO:0099012": [],
      "GO:0099026": [],
      "GO:0098888": [],
      "GO:0099056": [
        "6323"
      ],
      "SYNGO:presyn_er_membrane": [],
      "SYNGO:presyn_ser": [],
      "GO:0099160": [],
      "GO:0098871": [],
      "GO:0150050": [],
      "GO:0099189": [],
      "GO:0098897": [],
      "GO:0099091": [],
      "GO:0099634": [],
      "GO:0014069": [
        "9456",
        "9478",
        "81832",
        "3084",
        "8516"
      ],
      "GO:0099629": [],
      "GO:0098844": [],
      "GO:0098895": [],
      "GO:0098842": [],
      "GO:0098837": [],
      "GO:0099025": [],
      "GO:0098890": [],
      "GO:0099055": [
        "348980",
        "23544"
      ],
      "SYNGO:postsyn_er_membrane": [],
      "SYNGO:postsyn_ser": [],
      "GO:0099029": [],
      "GO:0098891": [],
      "GO:0099059": [
        "3084",
        "348980"
      ],
      "GO:0098894": [],
      "GO:0099067": [],
      "GO:0098993": [],
      "GO:0098850": [
        "8224"
      ],
      "GO:0030285": [],
      "GO:0098674": [],
      "GO:0099066": [],
      "SYNGO:presyn_er_membrane_integral": [],
      "SYNGO:presyn_ser_membrane": [],
      "GO:0099065": [],
      "GO:0098892": [],
      "GO:0099060": [],
      "GO:0099092": [
        "9478"
      ],
      "GO:0098839": [
        "81832",
        "3084",
        "8516"
      ],
      "GO:0099164": [],
      "GO:0098999": [],
      "GO:0098896": [],
      "GO:0098944": [],
      "SYNGO:postsyn_er_membrane_integral": [],
      "SYNGO:postsyn_ser_membrane": [],
      "SYNGO:presyn_ser_membrane_integral": [],
      "GO:0099031": [],
      "GO:0099147": [],
      "GO:0099061": [
        "81832",
        "3084",
        "8516"
      ],
      "GO:0098998": [],
      "GO:0099033": [],
      "GO:0099063": [],
      "SYNGO:postsyn_ser_membrane_integral": []
    }
  }
}