{
  "direct": {
    "hgnc_id": {
      "SYNGO:synprocess": [],
      "SYNGO:presynprocess": [],
      "SYNGO:postsynprocess": [],
      "GO:0099536": [],
      "GO:0050808": [],
      "SYNGO:metabolism": [],
      "SYNGO:transport": [],
      "GO:0099509": [],
      "GO:0099505": [],
      "GO:0140238": [],
      "GO:0099504": [
        "HGNC:11496"
      ],
      "GO:0099525": [],
      "GO:0001504": [],
      "GO:0098810": [],
      "SYNGO:presyn_chaperoneProteinFolding": [],
      "GO:0098928": [],
      "GO:0099566": [],
      "GO:0060078": [
        "HGNC:4845"
      ],
      "GO:0098962": [
        "HGNC:17512",
        "HGNC:13823"
      ],
      "GO:0099072": [],
      "GO:0140239": [],
      "GO:0150038": [],
      "GO:0098926": [],
      "GO:0099537": [],
      "GO:0099538": [],
      "GO:0099163": [],
      "GO:0099172": [],
      "GO:0099173": [],
      "GO:0099563": [],
      "GO:0050807": [],
      "GO:0098918": [],
      "GO:0150043": [],
      "GO:0099560": [
        "HGNC:7997"
      ],
      "GO:0008039": [],
      "GO:0007416": [],
      "GO:0098883": [],
      "GO:0060074": [],
      "GO:0099558": [],
      "GO:0099187": [],
      "GO:0099188": [],
      "SYNGO:presyn_ATPmetabolic": [],
      "SYNGO:postsyn_ATPmetabolic": [],
      "GO:0099546": [],
      "GO:0099574": [],
      "GO:0099547": [],
      "GO:0042135": [],
      "GO:0140246": [],
      "GO:0042136": [],
      "GO:0140241": [],
      "GO:0140235": [],
      "GO:0008088": [],
      "GO:0099514": [],
      "GO:0099090": [],
      "GO:0099089": [],
      "GO:0099637": [],
      "GO:1905056": [],
      "GO:0099534": [],
      "GO:0099626": [],
      "GO:0099507": [],
      "GO:0099508": [
        "HGNC:10585"
      ],
      "GO:0150047": [],
      "GO:0140232": [
        "HGNC:4845"
      ],
      "GO:0098693": [],
      "GO:0097091": [
        "HGNC:11496"
      ],
      "GO:0099532": [],
      "GO:0016079": [],
      "GO:0098700": [],
      "GO:0099180": [],
      "GO:0097401": [],
      "GO:0048488": [],
      "GO:0099161": [],
      "GO:0051580": [],
      "GO:0099526": [],
      "GO:1905059": [],
      "GO:0099567": [],
      "GO:1905060": [],
      "GO:0098695": [],
      "GO:0099583": [],
      "GO:0140233": [],
      "GO:1904315": [],
      "GO:1905030": [],
      "GO:0099645": [
        "HGNC:13823"
      ],
      "GO:0098967": [],
      "GO:0098970": [],
      "GO:0098884": [],
      "GO:0150044": [],
      "GO:0099527": [
        "HGNC:1384",
        "HGNC:7997"
      ],
      "GO:0099541": [],
      "GO:0099540": [],
      "GO:0099543": [],
      "GO:0099545": [],
      "GO:0099157": [],
      "GO:0099183": [],
      "GO:0099550": [],
      "GO:0007268": [],
      "GO:0150045": [],
      "GO:0099174": [],
      "GO:0099175": [],
      "GO:0099084": [],
      "GO:0099010": [],
      "GO:0099564": [],
      "GO:1905244": [],
      "GO:0099181": [],
      "GO:0099186": [
        "HGNC:17512"
      ],
      "GO:0099179": [],
      "GO:0099054": [],
      "GO:0051963": [],
      "GO:0098698": [],
      "GO:0097104": [],
      "GO:1905806": [],
      "GO:0090128": [],
      "GO:0099559": [],
      "GO:0098880": [],
      "GO:0099140": [],
      "GO:0098974": [],
      "GO:0099190": [],
      "SYNGO:presyn_regulationATPmetabolic": [],
      "GO:0099576": [],
      "GO:0099575": [],
      "GO:0099578": [],
      "GO:0099577": [],
      "GO:0140247": [],
      "GO:0140249": [],
      "GO:0140236": [],
      "GO:0140242": [],
      "GO:0098930": [],
      "GO:0098935": [],
      "GO:0099517": [],
      "GO:0099158": [],
      "GO:0098968": [],
      "GO:0098877": [],
      "GO:0098943": [],
      "GO:0016182": [],
      "GO:0016189": [],
      "GO:0099502": [],
      "GO:2000300": [],
      "GO:0016081": [],
      "GO:0031629": [],
      "GO:0016082": [],
      "GO:0099162": [],
      "GO:1901546": [],
      "GO:1900242": [],
      "GO:0016185": [],
      "GO:0016191": [],
      "GO:0098872": [],
      "GO:0099579": [],
      "GO:0098696": [],
      "GO:0099145": [],
      "GO:0150054": [],
      "GO:0099149": [
        "HGNC:7997"
      ],
      "GO:1905539": [],
      "GO:0099542": [],
      "GO:0099548": [],
      "GO:0098942": [],
      "GO:0099557": [],
      "GO:0150035": [],
      "GO:0050804": [],
      "GO:0099531": [],
      "GO:0099565": [],
      "GO:0099159": [],
      "GO:0098885": [
        "HGNC:1384"
      ],
      "GO:0098987": [],
      "GO:0098882": [],
      "GO:0098699": [],
      "GO:0098973": [],
      "GO:0099184": [],
      "GO:0098879": [],
      "GO:0098919": [],
      "GO:1905606": [
        "HGNC:7997"
      ],
      "GO:0150052": [],
      "GO:0099150": [],
      "GO:0097107": [],
      "GO:0099562": [],
      "GO:0140251": [],
      "GO:0140252": [],
      "GO:0140245": [],
      "GO:0008089": [],
      "GO:0099088": [],
      "GO:0098937": [],
      "GO:0098939": [],
      "GO:0098961": [],
      "GO:0098934": [],
      "GO:0048490": [],
      "GO:0098969": [],
      "GO:0099639": [],
      "GO:0150037": [],
      "GO:0099148": [],
      "GO:0031630": [],
      "GO:0010807": [],
      "GO:0098694": [],
      "GO:0098921": [],
      "GO:0099553": [],
      "GO:0099555": [],
      "GO:0099171": [],
      "GO:0099170": [
        "HGNC:15917"
      ],
      "GO:1905274": [],
      "GO:0099151": [],
      "GO:0099641": [],
      "GO:0140231": [
        "HGNC:13823"
      ],
      "GO:0098971": [],
      "GO:0098963": [],
      "GO:1903742": [],
      "GO:0098887": [],
      "GO:0099178": [
        "HGNC:15917"
      ],
      "GO:0150036": [],
      "GO:0098925": [],
      "GO:0098964": [],
      "GO:0099152": []
    },
    "hgnc_symbol": {
      "SYNGO:synprocess": [],
      "SYNGO:presynprocess": [],
      "SYNGO:postsynprocess": [],
      "GO:0099536": [],
      "GO:0050808": [],
      "SYNGO:metabolism": [],
      "SYNGO:transport": [],
      "GO:0099509": [],
      "GO:0099505": [],
      "GO:0140238": [],
      "GO:0099504": [
        "SYN3"
      ],
      "GO:0099525": [],
      "GO:0001504": [],
      "GO:0098810": [],
      "SYNGO:presyn_chaperoneProteinFolding": [],
      "GO:0098928": [],
      "GO:0099566": [],
      "GO:0060078": [
        "HCN1"
      ],
      "GO:0098962": [
        "HOMER1",
        "NETO1"
      ],
      "GO:0099072": [],
      "GO:0140239": [],
      "GO:0150038": [],
      "GO:0098926": [],
      "GO:0099537": [],
      "GO:0099538": [],
      "GO:0099163": [],
      "GO:0099172": [],
      "GO:0099173": [],
      "GO:0099563": [],
      "GO:0050807": [],
      "GO:0098918": [],
      "GO:0150043": [],
      "GO:0099560": [
        "NRG1"
      ],
      "GO:0008039": [],
      "GO:0007416": [],
      "GO:0098883": [],
      "GO:0060074": [],
      "GO:0099558": [],
      "GO:0099187": [],
      "GO:0099188": [],
      "SYNGO:presyn_ATPmetabolic": [],
      "SYNGO:postsyn_ATPmetabolic": [],
      "GO:0099546": [],
      "GO:0099574": [],
      "GO:0099547": [],
      "GO:0042135": [],
      "GO:0140246": [],
      "GO:0042136": [],
      "GO:0140241": [],
      "GO:0140235": [],
      "GO:0008088": [],
      "GO:0099514": [],
      "GO:0099090": [],
      "GO:0099089": [],
      "GO:0099637": [],
      "GO:1905056": [],
      "GO:0099534": [],
      "GO:0099626": [],
      "GO:0099507": [],
      "GO:0099508": [
        "SCN1A"
      ],
      "GO:0150047": [],
      "GO:0140232": [
        "HCN1"
      ],
      "GO:0098693": [],
      "GO:0097091": [
        "SYN3"
      ],
      "GO:0099532": [],
      "GO:0016079": [],
      "GO:0098700": [],
      "GO:0099180": [],
      "GO:0097401": [],
      "GO:0048488": [],
      "GO:0099161": [],
      "GO:0051580": [],
      "GO:0099526": [],
      "GO:1905059": [],
      "GO:0099567": [],
      "GO:1905060": [],
      "GO:0098695": [],
      "GO:0099583": [],
      "GO:0140233": [],
      "GO:1904315": [],
      "GO:1905030": [],
      "GO:0099645": [
        "NETO1"
      ],
      "GO:0098967": [],
      "GO:0098970": [],
      "GO:0098884": [],
      "GO:0150044": [],
      "GO:0099527": [
        "CABP1",
        "NRG1"
      ],
      "GO:0099541": [],
      "GO:0099540": [],
      "GO:0099543": [],
      "GO:0099545": [],
      "GO:0099157": [],
      "GO:0099183": [],
      "GO:0099550": [],
      "GO:0007268": [],
      "GO:0150045": [],
      "GO:0099174": [],
      "GO:0099175": [],
      "GO:0099084": [],
      "GO:0099010": [],
      "GO:0099564": [],
      "GO:1905244": [],
      "GO:0099181": [],
      "GO:0099186": [
        "HOMER1"
      ],
      "GO:0099179": [],
      "GO:0099054": [],
      "GO:0051963": [],
      "GO:0098698": [],
      "GO:0097104": [],
      "GO:1905806": [],
      "GO:0090128": [],
      "GO:0099559": [],
      "GO:0098880": [],
      "GO:0099140": [],
      "GO:0098974": [],
      "GO:0099190": [],
      "SYNGO:presyn_regulationATPmetabolic": [],
      "GO:0099576": [],
      "GO:0099575": [],
      "GO:0099578": [],
      "GO:0099577": [],
      "GO:0140247": [],
      "GO:0140249": [],
      "GO:0140236": [],
      "GO:0140242": [],
      "GO:0098930": [],
      "GO:0098935": [],
      "GO:0099517": [],
      "GO:0099158": [],
      "GO:0098968": [],
      "GO:0098877": [],
      "GO:0098943": [],
      "GO:0016182": [],
      "GO:0016189": [],
      "GO:0099502": [],
      "GO:2000300": [],
      "GO:0016081": [],
      "GO:0031629": [],
      "GO:0016082": [],
      "GO:0099162": [],
      "GO:1901546": [],
      "GO:1900242": [],
      "GO:0016185": [],
      "GO:0016191": [],
      "GO:0098872": [],
      "GO:0099579": [],
      "GO:0098696": [],
      "GO:0099145": [],
      "GO:0150054": [],
      "GO:0099149": [
        "NRG1"
      ],
      "GO:1905539": [],
      "GO:0099542": [],
      "GO:0099548": [],
      "GO:0098942": [],
      "GO:0099557": [],
      "GO:0150035": [],
      "GO:0050804": [],
      "GO:0099531": [],
      "GO:0099565": [],
      "GO:0099159": [],
      "GO:0098885": [
        "CABP1"
      ],
      "GO:0098987": [],
      "GO:0098882": [],
      "GO:0098699": [],
      "GO:0098973": [],
      "GO:0099184": [],
      "GO:0098879": [],
      "GO:0098919": [],
      "GO:1905606": [
        "NRG1"
      ],
      "GO:0150052": [],
      "GO:0099150": [],
      "GO:0097107": [],
      "GO:0099562": [],
      "GO:0140251": [],
      "GO:0140252": [],
      "GO:0140245": [],
      "GO:0008089": [],
      "GO:0099088": [],
      "GO:0098937": [],
      "GO:0098939": [],
      "GO:0098961": [],
      "GO:0098934": [],
      "GO:0048490": [],
      "GO:0098969": [],
      "GO:0099639": [],
      "GO:0150037": [],
      "GO:0099148": [],
      "GO:0031630": [],
      "GO:0010807": [],
      "GO:0098694": [],
      "GO:0098921": [],
      "GO:0099553": [],
      "GO:0099555": [],
      "GO:0099171": [],
      "GO:0099170": [
        "PLCB1"
      ],
      "GO:1905274": [],
      "GO:0099151": [],
      "GO:0099641": [],
      "GO:0140231": [
        "NETO1"
      ],
      "GO:0098971": [],
      "GO:0098963": [],
      "GO:1903742": [],
      "GO:0098887": [],
      "GO:0099178": [
        "PLCB1"
      ],
      "GO:0150036": [],
      "GO:0098925": [],
      "GO:0098964": [],
      "GO:0099152": []
    },
    "ensembl_id": {
      "SYNGO:synprocess": [],
      "SYNGO:presynprocess": [],
      "SYNGO:postsynprocess": [],
      "GO:0099536": [],
      "GO:0050808": [],
      "SYNGO:metabolism": [],
      "SYNGO:transport": [],
      "GO:0099509": [],
      "GO:0099505": [],
      "GO:0140238": [],
      "GO:0099504": [
        "ENSG00000185666"
      ],
      "GO:0099525": [],
      "GO:0001504": [],
      "GO:0098810": [],
      "SYNGO:presyn_chaperoneProteinFolding": [],
      "GO:0098928": [],
      "GO:0099566": [],
      "GO:0060078": [
        "ENSG00000164588"
      ],
      "GO:0098962": [
        "ENSG00000152413",
        "ENSG00000166342"
      ],
      "GO:0099072": [],
      "GO:0140239": [],
      "GO:0150038": [],
      "GO:0098926": [],
      "GO:0099537": [],
      "GO:0099538": [],
      "GO:0099163": [],
      "GO:0099172": [],
      "GO:0099173": [],
      "GO:0099563": [],
      "GO:0050807": [],
      "GO:0098918": [],
      "GO:0150043": [],
      "GO:0099560": [
        "ENSG00000157168"
      ],
      "GO:0008039": [],
      "GO:0007416": [],
      "GO:0098883": [],
      "GO:0060074": [],
      "GO:0099558": [],
      "GO:0099187": [],
      "GO:0099188": [],
      "SYNGO:presyn_ATPmetabolic": [],
      "SYNGO:postsyn_ATPmetabolic": [],
      "GO:0099546": [],
      "GO:0099574": [],
      "GO:0099547": [],
      "GO:0042135": [],
      "GO:0140246": [],
      "GO:0042136": [],
      "GO:0140241": [],
      "GO:0140235": [],
      "GO:0008088": [],
      "GO:0099514": [],
      "GO:0099090": [],
      "GO:0099089": [],
      "GO:0099637": [],
      "GO:1905056": [],
      "GO:0099534": [],
      "GO:0099626": [],
      "GO:0099507": [],
      "GO:0099508": [
        "ENSG00000144285"
      ],
      "GO:0150047": [],
      "GO:0140232": [
        "ENSG00000164588"
      ],
      "GO:0098693": [],
      "GO:0097091": [
        "ENSG00000185666"
      ],
      "GO:0099532": [],
      "GO:0016079": [],
      "GO:0098700": [],
      "GO:0099180": [],
      "GO:0097401": [],
      "GO:0048488": [],
      "GO:0099161": [],
      "GO:0051580": [],
      "GO:0099526": [],
      "GO:1905059": [],
      "GO:0099567": [],
      "GO:1905060": [],
      "GO:0098695": [],
      "GO:0099583": [],
      "GO:0140233": [],
      "GO:1904315": [],
      "GO:1905030": [],
      "GO:0099645": [
        "ENSG00000166342"
      ],
      "GO:0098967": [],
      "GO:0098970": [],
      "GO:0098884": [],
      "GO:0150044": [],
      "GO:0099527": [
        "ENSG00000157782",
        "ENSG00000157168"
      ],
      "GO:0099541": [],
      "GO:0099540": [],
      "GO:0099543": [],
      "GO:0099545": [],
      "GO:0099157": [],
      "GO:0099183": [],
      "GO:0099550": [],
      "GO:0007268": [],
      "GO:0150045": [],
      "GO:0099174": [],
      "GO:0099175": [],
      "GO:0099084": [],
      "GO:0099010": [],
      "GO:0099564": [],
      "GO:1905244": [],
      "GO:0099181": [],
      "GO:0099186": [
        "ENSG00000152413"
      ],
      "GO:0099179": [],
      "GO:0099054": [],
      "GO:0051963": [],
      "GO:0098698": [],
      "GO:0097104": [],
      "GO:1905806": [],
      "GO:0090128": [],
      "GO:0099559": [],
      "GO:0098880": [],
      "GO:0099140": [],
      "GO:0098974": [],
      "GO:0099190": [],
      "SYNGO:presyn_regulationATPmetabolic": [],
      "GO:0099576": [],
      "GO:0099575": [],
      "GO:0099578": [],
      "GO:0099577": [],
      "GO:0140247": [],
      "GO:0140249": [],
      "GO:0140236": [],
      "GO:0140242": [],
      "GO:0098930": [],
      "GO:0098935": [],
      "GO:0099517": [],
      "GO:0099158": [],
      "GO:0098968": [],
      "GO:0098877": [],
      "GO:0098943": [],
      "GO:0016182": [],
      "GO:0016189": [],
      "GO:0099502": [],
      "GO:2000300": [],
      "GO:0016081": [],
      "GO:0031629": [],
      "GO:0016082": [],
      "GO:0099162": [],
      "GO:1901546": [],
      "GO:1900242": [],
      "GO:0016185": [],
      "GO:0016191": [],
      "GO:0098872": [],
      "GO:0099579": [],
      "GO:0098696": [],
      "GO:0099145": [],
      "GO:0150054": [],
      "GO:0099149": [
        "ENSG00000157168"
      ],
      "GO:1905539": [],
      "GO:0099542": [],
      "GO:0099548": [],
      "GO:0098942": [],
      "GO:0099557": [],
      "GO:0150035": [],
      "GO:0050804": [],
      "GO:0099531": [],
      "GO:0099565": [],
      "GO:0099159": [],
      "GO:0098885": [
        "ENSG00000157782"
      ],
      "GO:0098987": [],
      "GO:0098882": [],
      "GO:0098699": [],
      "GO:0098973": [],
      "GO:0099184": [],
      "GO:0098879": [],
      "GO:0098919": [],
      "GO:1905606": [
        "ENSG00000157168"
      ],
      "GO:0150052": [],
      "GO:0099150": [],
      "GO:0097107": [],
      "GO:0099562": [],
      "GO:0140251": [],
      "GO:0140252": [],
      "GO:0140245": [],
      "GO:0008089": [],
      "GO:0099088": [],
      "GO:0098937": [],
      "GO:0098939": [],
      "GO:0098961": [],
      "GO:0098934": [],
      "GO:0048490": [],
      "GO:0098969": [],
      "GO:0099639": [],
      "GO:0150037": [],
      "GO:0099148": [],
      "GO:0031630": [],
      "GO:0010807": [],
      "GO:0098694": [],
      "GO:0098921": [],
      "GO:0099553": [],
      "GO:0099555": [],
      "GO:0099171": [],
      "GO:0099170": [
        "ENSG00000182621"
      ],
      "GO:1905274": [],
      "GO:0099151": [],
      "GO:0099641": [],
      "GO:0140231": [
        "ENSG00000166342"
      ],
      "GO:0098971": [],
      "GO:0098963": [],
      "GO:1903742": [],
      "GO:0098887": [],
      "GO:0099178": [
        "ENSG00000182621"
      ],
      "GO:0150036": [],
      "GO:0098925": [],
      "GO:0098964": [],
      "GO:0099152": []
    },
    "entrez_id": {
      "SYNGO:synprocess": [],
      "SYNGO:presynprocess": [],
      "SYNGO:postsynprocess": [],
      "GO:0099536": [],
      "GO:0050808": [],
      "SYNGO:metabolism": [],
      "SYNGO:transport": [],
      "GO:0099509": [],
      "GO:0099505": [],
      "GO:0140238": [],
      "GO:0099504": [
        "8224"
      ],
      "GO:0099525": [],
      "GO:0001504": [],
      "GO:0098810": [],
      "SYNGO:presyn_chaperoneProteinFolding": [],
      "GO:0098928": [],
      "GO:0099566": [],
      "GO:0060078": [
        "348980"
      ],
      "GO:0098962": [
        "9456",
        "81832"
      ],
      "GO:0099072": [],
      "GO:0140239": [],
      "GO:0150038": [],
      "GO:0098926": [],
      "GO:0099537": [],
      "GO:0099538": [],
      "GO:0099163": [],
      "GO:0099172": [],
      "GO:0099173": [],
      "GO:0099563": [],
      "GO:0050807": [],
      "GO:0098918": [],
      "GO:0150043": [],
      "GO:0099560": [
        "3084"
      ],
      "GO:0008039": [],
      "GO:0007416": [],
      "GO:0098883": [],
      "GO:0060074": [],
      "GO:0099558": [],
      "GO:0099187": [],
      "GO:0099188": [],
      "SYNGO:presyn_ATPmetabolic": [],
      "SYNGO:postsyn_ATPmetabolic": [],
      "GO:0099546": [],
      "GO:0099574": [],
      "GO:0099547": [],
      "GO:0042135": [],
      "GO:0140246": [],
      "GO:0042136": [],
      "GO:0140241": [],
      "GO:0140235": [],
      "GO:0008088": [],
      "GO:0099514": [],
      "GO:0099090": [],
      "GO:0099089": [],
      "GO:0099637": [],
      "GO:1905056": [],
      "GO:0099534": [],
      "GO:0099626": [],
      "GO:0099507": [],
      "GO:0099508": [
        "6323"
      ],
      "GO:0150047": [],
      "GO:0140232": [
        "348980"
      ],
      "GO:0098693": [],
      "GO:0097091": [
        "8224"
      ],
      "GO:0099532": [],
      "GO:0016079": [],
      "GO:0098700": [],
      "GO:0099180": [],
      "GO:0097401": [],
      "GO:0048488": [],
      "GO:0099161": [],
      "GO:0051580": [],
      "GO:0099526": [],
      "GO:1905059": [],
      "GO:0099567": [],
      "GO:1905060": [],
      "GO:0098695": [],
      "GO:0099583": [],
      "GO:0140233": [],
      "GO:1904315": [],
      "GO:1905030": [],
      "GO:0099645": [
        "81832"
      ],
      "GO:0098967": [],
      "GO:0098970": [],
      "GO:0098884": [],
      "GO:0150044": [],
      "GO:0099527": [
        "9478",
        "3084"
      ],
      "GO:0099541": [],
      "GO:0099540": [],
      "GO:0099543": [],
      "GO:0099545": [],
      "GO:0099157": [],
      "GO:0099183": [],
      "GO:0099550": [],
      "GO:0007268": [],
      "GO:0150045": [],
      "GO:0099174": [],
      "GO:0099175": [],
      "GO:0099084": [],
      "GO:0099010": [],
      "GO:0099564": [],
      "GO:1905244": [],
      "GO:0099181": [],
      "GO:0099186": [
        "9456"
      ],
      "GO:0099179": [],
      "GO:0099054": [],
      "GO:0051963": [],
      "GO:0098698": [],
      "GO:0097104": [],
      "GO:1905806": [],
      "GO:0090128": [],
      "GO:0099559": [],
      "GO:0098880": [],
      "GO:0099140": [],
      "GO:0098974": [],
      "GO:0099190": [],
      "SYNGO:presyn_regulationATPmetabolic": [],
      "GO:0099576": [],
      "GO:0099575": [],
      "GO:0099578": [],
      "GO:0099577": [],
      "GO:0140247": [],
      "GO:0140249": [],
      "GO:0140236": [],
      "GO:0140242": [],
      "GO:0098930": [],
      "GO:0098935": [],
      "GO:0099517": [],
      "GO:0099158": [],
      "GO:0098968": [],
      "GO:0098877": [],
      "GO:0098943": [],
      "GO:0016182": [],
      "GO:0016189": [],
      "GO:0099502": [],
      "GO:2000300": [],
      "GO:0016081": [],
      "GO:0031629": [],
      "GO:0016082": [],
      "GO:0099162": [],
      "GO:1901546": [],
      "GO:1900242": [],
      "GO:0016185": [],
      "GO:0016191": [],
      "GO:0098872": [],
      "GO:0099579": [],
      "GO:0098696": [],
      "GO:0099145": [],
      "GO:0150054": [],
      "GO:0099149": [
        "3084"
      ],
      "GO:1905539": [],
      "GO:0099542": [],
      "GO:0099548": [],
      "GO:0098942": [],
      "GO:0099557": [],
      "GO:0150035": [],
      "GO:0050804": [],
      "GO:0099531": [],
      "GO:0099565": [],
      "GO:0099159": [],
      "GO:0098885": [
        "9478"
      ],
      "GO:0098987": [],
      "GO:0098882": [],
      "GO:0098699": [],
      "GO:0098973": [],
      "GO:0099184": [],
      "GO:0098879": [],
      "GO:0098919": [],
      "GO:1905606": [
        "3084"
      ],
      "GO:0150052": [],
      "GO:0099150": [],
      "GO:0097107": [],
      "GO:0099562": [],
      "GO:0140251": [],
      "GO:0140252": [],
      "GO:0140245": [],
      "GO:0008089": [],
      "GO:0099088": [],
      "GO:0098937": [],
      "GO:0098939": [],
      "GO:0098961": [],
      "GO:0098934": [],
      "GO:0048490": [],
      "GO:0098969": [],
      "GO:0099639": [],
      "GO:0150037": [],
      "GO:0099148": [],
      "GO:0031630": [],
      "GO:0010807": [],
      "GO:0098694": [],
      "GO:0098921": [],
      "GO:0099553": [],
      "GO:0099555": [],
      "GO:0099171": [],
      "GO:0099170": [
        "23236"
      ],
      "GO:1905274": [],
      "GO:0099151": [],
      "GO:0099641": [],
      "GO:0140231": [
        "81832"
      ],
      "GO:0098971": [],
      "GO:0098963": [],
      "GO:1903742": [],
      "GO:0098887": [],
      "GO:0099178": [
        "23236"
      ],
      "GO:0150036": [],
      "GO:0098925": [],
      "GO:0098964": [],
      "GO:0099152": []
    }
  },
  "aggregate": {
    "hgnc_id": {
      "SYNGO:synprocess": [
        "HGNC:10585",
        "HGNC:4845",
        "HGNC:11496",
        "HGNC:17512",
        "HGNC:13823",
        "HGNC:7997",
        "HGNC:1384",
        "HGNC:15917"
      ],
      "SYNGO:presynprocess": [
        "HGNC:10585",
        "HGNC:4845",
        "HGNC:11496"
      ],
      "SYNGO:postsynprocess": [
        "HGNC:4845",
        "HGNC:17512",
        "HGNC:13823",
        "HGNC:7997",
        "HGNC:1384"
      ],
      "GO:0099536": [
        "HGNC:15917"
      ],
      "GO:0050808": [
        "HGNC:1384",
        "HGNC:17512",
        "HGNC:7997"
      ],
      "SYNGO:metabolism": [],
      "SYNGO:transport": [
        "HGNC:13823"
      ],
      "GO:0099509": [],
      "GO:0099505": [
        "HGNC:10585",
        "HGNC:4845"
      ],
      "GO:0140238": [],
      "GO:0099504": [
        "HGNC:11496"
      ],
      "GO:0099525": [],
      "GO:0001504": [],
      "GO:0098810": [],
      "SYNGO:presyn_chaperoneProteinFolding": [],
      "GO:0098928": [],
      "GO:0099566": [],
      "GO:0060078": [
        "HGNC:4845"
      ],
      "GO:0098962": [
        "HGNC:17512",
        "HGNC:13823"
      ],
      "GO:0099072": [
        "HGNC:13823",
        "HGNC:7997"
      ],
      "GO:0140239": [],
      "GO:0150038": [],
      "GO:0098926": [
        "HGNC:1384",
        "HGNC:7997"
      ],
      "GO:0099537": [
        "HGNC:15917"
      ],
      "GO:0099538": [],
      "GO:0099163": [],
      "GO:0099172": [],
      "GO:0099173": [],
      "GO:0099563": [
        "HGNC:1384"
      ],
      "GO:0050807": [],
      "GO:0098918": [
        "HGNC:17512"
      ],
      "GO:0150043": [],
      "GO:0099560": [
        "HGNC:7997"
      ],
      "GO:0008039": [],
      "GO:0007416": [
        "HGNC:7997"
      ],
      "GO:0098883": [],
      "GO:0060074": [],
      "GO:0099558": [],
      "GO:0099187": [],
      "GO:0099188": [],
      "SYNGO:presyn_ATPmetabolic": [],
      "SYNGO:postsyn_ATPmetabolic": [],
      "GO:0099546": [],
      "GO:0099574": [],
      "GO:0099547": [],
      "GO:0042135": [],
      "GO:0140246": [],
      "GO:0042136": [],
      "GO:0140241": [],
      "GO:0140235": [],
      "GO:0008088": [
        "HGNC:13823"
      ],
      "GO:0099514": [],
      "GO:0099090": [],
      "GO:0099089": [],
      "GO:0099637": [],
      "GO:1905056": [],
      "GO:0099534": [],
      "GO:0099626": [],
      "GO:0099507": [],
      "GO:0099508": [
        "HGNC:10585"
      ],
      "GO:0150047": [],
      "GO:0140232": [
        "HGNC:4845"
      ],
      "GO:0098693": [],
      "GO:0097091": [
        "HGNC:11496"
      ],
      "GO:0099532": [],
      "GO:0016079": [],
      "GO:0098700": [],
      "GO:0099180": [],
      "GO:0097401": [],
      "GO:0048488": [],
      "GO:0099161": [],
      "GO:0051580": [],
      "GO:0099526": [],
      "GO:1905059": [],
      "GO:0099567": [],
      "GO:1905060": [],
      "GO:0098695": [],
      "GO:0099583": [],
      "GO:0140233": [],
      "GO:1904315": [],
      "GO:1905030": [],
      "GO:0099645": [
        "HGNC:13823"
      ],
      "GO:0098967": [],
      "GO:0098970": [],
      "GO:0098884": [
        "HGNC:7997"
      ],
      "GO:0150044": [],
      "GO:0099527": [
        "HGNC:1384",
        "HGNC:7997"
      ],
      "GO:0099541": [
        "HGNC:15917"
      ],
      "GO:0099540": [],
      "GO:0099543": [],
      "GO:0099545": [],
      "GO:0099157": [],
      "GO:0099183": [],
      "GO:0099550": [],
      "GO:0007268": [
        "HGNC:15917"
      ],
      "GO:0150045": [],
      "GO:0099174": [],
      "GO:0099175": [],
      "GO:0099084": [],
      "GO:0099010": [
        "HGNC:1384"
      ],
      "GO:0099564": [],
      "GO:1905244": [],
      "GO:0099181": [],
      "GO:0099186": [
        "HGNC:17512"
      ],
      "GO:0099179": [],
      "GO:0099054": [],
      "GO:0051963": [
        "HGNC:7997"
      ],
      "GO:0098698": [],
      "GO:0097104": [],
      "GO:1905806": [],
      "GO:0090128": [],
      "GO:0099559": [],
      "GO:0098880": [],
      "GO:0099140": [],
      "GO:0098974": [],
      "GO:0099190": [],
      "SYNGO:presyn_regulationATPmetabolic": [],
      "GO:0099576": [],
      "GO:0099575": [],
      "GO:0099578": [],
      "GO:0099577": [],
      "GO:0140247": [],
      "GO:0140249": [],
      "GO:0140236": [],
      "GO:0140242": [],
      "GO:0098930": [
        "HGNC:13823"
      ],
      "GO:0098935": [],
      "GO:0099517": [],
      "GO:0099158": [],
      "GO:0098968": [],
      "GO:0098877": [],
      "GO:0098943": [],
      "GO:0016182": [],
      "GO:0016189": [],
      "GO:0099502": [],
      "GO:2000300": [],
      "GO:0016081": [],
      "GO:0031629": [],
      "GO:0016082": [],
      "GO:0099162": [],
      "GO:1901546": [],
      "GO:1900242": [],
      "GO:0016185": [],
      "GO:0016191": [],
      "GO:0098872": [],
      "GO:0099579": [],
      "GO:0098696": [],
      "GO:0099145": [],
      "GO:0150054": [],
      "GO:0099149": [
        "HGNC:7997"
      ],
      "GO:1905539": [],
      "GO:0099542": [
        "HGNC:15917"
      ],
      "GO:0099548": [],
      "GO:0098942": [],
      "GO:0099557": [],
      "GO:0150035": [],
      "GO:0050804": [],
      "GO:0099531": [],
      "GO:0099565": [
        "HGNC:15917"
      ],
      "GO:0099159": [],
      "GO:0098885": [
        "HGNC:1384"
      ],
      "GO:0098987": [],
      "GO:0098882": [],
      "GO:0098699": [],
      "GO:0098973": [],
      "GO:0099184": [],
      "GO:0098879": [],
      "GO:0098919": [],
      "GO:1905606": [
        "HGNC:7997"
      ],
      "GO:0150052": [],
      "GO:0099150": [],
      "GO:0097107": [],
      "GO:0099562": [],
      "GO:0140251": [],
      "GO:0140252": [],
      "GO:0140245": [],
      "GO:0008089": [
        "HGNC:13823"
      ],
      "GO:0099088": [],
      "GO:0098937": [],
      "GO:0098939": [],
      "GO:0098961": [],
      "GO:0098934": [],
      "GO:0048490": [],
      "GO:0098969": [],
      "GO:0099639": [],
      "GO:0150037": [],
      "GO:0099148": [],
      "GO:0031630": [],
      "GO:0010807": [],
      "GO:0098694": [],
      "GO:0098921": [
        "HGNC:15917"
      ],
      "GO:0099553": [],
      "GO:0099555": [],
      "GO:0099171": [],
      "GO:0099170": [
        "HGNC:15917"
      ],
      "GO:1905274": [],
      "GO:0099151": [],
      "GO:0099641": [],
      "GO:0140231": [
        "HGNC:13823"
      ],
      "GO:0098971": [],
      "GO:0098963": [],
      "GO:1903742": [],
      "GO:0098887": [],
      "GO:0099178": [
        "HGNC:15917"
      ],
      "GO:0150036": [],
      "GO:0098925": [],
      "GO:0098964": [],
      "GO:0099152": []
    },
    "hgnc_symbol": {
      "SYNGO:synprocess": [
        "SCN1A",
        "HCN1",
        "SYN3",
        "HOMER1",
        "NETO1",
        "NRG1",
        "CABP1",
        "PLCB1"
      ],
      "SYNGO:presynprocess": [
        "SCN1A",
        "HCN1",
        "SYN3"
      ],
      "SYNGO:postsynprocess": [
        "HCN1",
        "HOMER1",
        "NETO1",
        "NRG1",
        "CABP1"
      ],
      "GO:0099536": [
        "PLCB1"
      ],
      "GO:0050808": [
        "CABP1",
        "HOMER1",
        "NRG1"
      ],
      "SYNGO:metabolism": [],
      "SYNGO:transport": [
        "NETO1"
      ],
      "GO:0099509": [],
      "GO:0099505": [
        "SCN1A",
        "HCN1"
      ],
      "GO:0140238": [],
      "GO:0099504": [
        "SYN3"
      ],
      "GO:0099525": [],
      "GO:0001504": [],
      "GO:0098810": [],
      "SYNGO:presyn_chaperoneProteinFolding": [],
      "GO:0098928": [],
      "GO:0099566": [],
      "GO:0060078": [
        "HCN1"
      ],
      "GO:0098962": [
        "HOMER1",
        "NETO1"
      ],
      "GO:0099072": [
        "NETO1",
        "NRG1"
      ],
      "GO:0140239": [],
      "GO:0150038": [],
      "GO:0098926": [
        "CABP1",
        "NRG1"
      ],
      "GO:0099537": [
        "PLCB1"
      ],
      "GO:0099538": [],
      "GO:0099163": [],
      "GO:0099172": [],
      "GO:0099173": [],
      "GO:0099563": [
        "CABP1"
      ],
      "GO:0050807": [],
      "GO:0098918": [
        "HOMER1"
      ],
      "GO:0150043": [],
      "GO:0099560": [
        "NRG1"
      ],
      "GO:0008039": [],
      "GO:0007416": [
        "NRG1"
      ],
      "GO:0098883": [],
      "GO:0060074": [],
      "GO:0099558": [],
      "GO:0099187": [],
      "GO:0099188": [],
      "SYNGO:presyn_ATPmetabolic": [],
      "SYNGO:postsyn_ATPmetabolic": [],
      "GO:0099546": [],
      "GO:0099574": [],
      "GO:0099547": [],
      "GO:0042135": [],
      "GO:0140246": [],
      "GO:0042136": [],
      "GO:0140241": [],
      "GO:0140235": [],
      "GO:0008088": [
        "NETO1"
      ],
      "GO:0099514": [],
      "GO:0099090": [],
      "GO:0099089": [],
      "GO:0099637": [],
      "GO:1905056": [],
      "GO:0099534": [],
      "GO:0099626": [],
      "GO:0099507": [],
      "GO:0099508": [
        "SCN1A"
      ],
      "GO:0150047": [],
      "GO:0140232": [
        "HCN1"
      ],
      "GO:0098693": [],
      "GO:0097091": [
        "SYN3"
      ],
      "GO:0099532": [],
      "GO:0016079": [],
      "GO:0098700": [],
      "GO:0099180": [],
      "GO:0097401": [],
      "GO:0048488": [],
      "GO:0099161": [],
      "GO:0051580": [],
      "GO:0099526": [],
      "GO:1905059": [],
      "GO:0099567": [],
      "GO:1905060": [],
      "GO:0098695": [],
      "GO:0099583": [],
      "GO:0140233": [],
      "GO:1904315": [],
      "GO:1905030": [],
      "GO:0099645": [
        "NETO1"
      ],
      "GO:0098967": [],
      "GO:0098970": [],
      "GO:0098884": [
        "NRG1"
      ],
      "GO:0150044": [],
      "GO:0099527": [
        "CABP1",
        "NRG1"
      ],
      "GO:0099541": [
        "PLCB1"
      ],
      "GO:0099540": [],
      "GO:0099543": [],
      "GO:0099545": [],
      "GO:0099157": [],
      "GO:0099183": [],
      "GO:0099550": [],
      "GO:0007268": [
        "PLCB1"
      ],
      "GO:0150045": [],
      "GO:0099174": [],
      "GO:0099175": [],
      "GO:0099084": [],
      "GO:0099010": [
        "CABP1"
      ],
      "GO:0099564": [],
      "GO:1905244": [],
      "GO:0099181": [],
      "GO:0099186": [
        "HOMER1"
      ],
      "GO:0099179": [],
      "GO:0099054": [],
      "GO:0051963": [
        "NRG1"
      ],
      "GO:0098698": [],
      "GO:0097104": [],
      "GO:1905806": [],
      "GO:0090128": [],
      "GO:0099559": [],
      "GO:0098880": [],
      "GO:0099140": [],
      "GO:0098974": [],
      "GO:0099190": [],
      "SYNGO:presyn_regulationATPmetabolic": [],
      "GO:0099576": [],
      "GO:0099575": [],
      "GO:0099578": [],
      "GO:0099577": [],
      "GO:0140247": [],
      "GO:0140249": [],
      "GO:0140236": [],
      "GO:0140242": [],
      "GO:0098930": [
        "NETO1"
      ],
      "GO:0098935": [],
      "GO:0099517": [],
      "GO:0099158": [],
      "GO:0098968": [],
      "GO:0098877": [],
      "GO:0098943": [],
      "GO:0016182": [],
      "GO:0016189": [],
      "GO:0099502": [],
      "GO:2000300": [],
      "GO:0016081": [],
      "GO:0031629": [],
      "GO:0016082": [],
      "GO:0099162": [],
      "GO:1901546": [],
      "GO:1900242": [],
      "GO:0016185": [],
      "GO:0016191": [],
      "GO:0098872": [],
      "GO:0099579": [],
      "GO:0098696": [],
      "GO:0099145": [],
      "GO:0150054": [],
      "GO:0099149": [
        "NRG1"
      ],
      "GO:1905539": [],
      "GO:0099542": [
        "PLCB1"
      ],
      "GO:0099548": [],
      "GO:0098942": [],
      "GO:0099557": [],
      "GO:0150035": [],
      "GO:0050804": [],
      "GO:0099531": [],
      "GO:0099565": [
        "PLCB1"
      ],
      "GO:0099159": [],
      "GO:0098885": [
        "CABP1"
      ],
      "GO:0098987": [],
      "GO:0098882": [],
      "GO:0098699": [],
      "GO:0098973": [],
      "GO:0099184": [],
      "GO:0098879": [],
      "GO:0098919": [],
      "GO:1905606": [
        "NRG1"
      ],
      "GO:0150052": [],
      "GO:0099150": [],
      "GO:0097107": [],
      "GO:0099562": [],
      "GO:0140251": [],
      "GO:0140252": [],
      "GO:0140245": [],
      "GO:0008089": [
        "NETO1"
      ],
      "GO:0099088": [],
      "GO:0098937": [],
      "GO:0098939": [],
      "GO:0098961": [],
      "GO:0098934": [],
      "GO:0048490": [],
      "GO:0098969": [],
      "GO:0099639": [],
      "GO:0150037": [],
      "GO:0099148": [],
      "GO:0031630": [],
      "GO:0010807": [],
      "GO:0098694": [],
      "GO:0098921": [
        "PLCB1"
      ],
      "GO:0099553": [],
      "GO:0099555": [],
      "GO:0099171": [],
      "GO:0099170": [
        "PLCB1"
      ],
      "GO:1905274": [],
      "GO:0099151": [],
      "GO:0099641": [],
      "GO:0140231": [
        "NETO1"
      ],
      "GO:0098971": [],
      "GO:0098963": [],
      "GO:1903742": [],
      "GO:0098887": [],
      "GO:0099178": [
        "PLCB1"
      ],
      "GO:0150036": [],
      "GO:0098925": [],
      "GO:0098964": [],
      "GO:0099152": []
    },
    "ensembl_id": {
      "SYNGO:synprocess": [
        "ENSG00000144285",
        "ENSG00000164588",
        "ENSG00000185666",
        "ENSG00000152413",
        "ENSG00000166342",
        "ENSG00000157168",
        "ENSG00000157782",
        "ENSG00000182621"
      ],
      "SYNGO:presynprocess": [
        "ENSG00000144285",
        "ENSG00000164588",
        "ENSG00000185666"
      ],
      "SYNGO:postsynprocess": [
        "ENSG00000164588",
        "ENSG00000152413",
        "ENSG00000166342",
        "ENSG00000157168",
        "ENSG00000157782"
      ],
      "GO:0099536": [
        "ENSG00000182621"
      ],
      "GO:0050808": [
        "ENSG00000157782",
        "ENSG00000152413",
        "ENSG00000157168"
      ],
      "SYNGO:metabolism": [],
      "SYNGO:transport": [
        "ENSG00000166342"
      ],
      "GO:0099509": [],
      "GO:0099505": [
        "ENSG00000144285",
        "ENSG00000164588"
      ],
      "GO:0140238": [],
      "GO:0099504": [
        "ENSG00000185666"
      ],
      "GO:0099525": [],
      "GO:0001504": [],
      "GO:0098810": [],
      "SYNGO:presyn_chaperoneProteinFolding": [],
      "GO:0098928": [],
      "GO:0099566": [],
      "GO:0060078": [
        "ENSG00000164588"
      ],
      "GO:0098962": [
        "ENSG00000152413",
        "ENSG00000166342"
      ],
      "GO:0099072": [
        "ENSG00000166342",
        "ENSG00000157168"
      ],
      "GO:0140239": [],
      "GO:0150038": [],
      "GO:0098926": [
        "ENSG00000157782",
        "ENSG00000157168"
      ],
      "GO:0099537": [
        "ENSG00000182621"
      ],
      "GO:0099538": [],
      "GO:0099163": [],
      "GO:0099172": [],
      "GO:0099173": [],
      "GO:0099563": [
        "ENSG00000157782"
      ],
      "GO:0050807": [],
      "GO:0098918": [
        "ENSG00000152413"
      ],
      "GO:0150043": [],
      "GO:0099560": [
        "ENSG00000157168"
      ],
      "GO:0008039": [],
      "GO:0007416": [
        "ENSG00000157168"
      ],
      "GO:0098883": [],
      "GO:0060074": [],
      "GO:0099558": [],
      "GO:0099187": [],
      "GO:0099188": [],
      "SYNGO:presyn_ATPmetabolic": [],
      "SYNGO:postsyn_ATPmetabolic": [],
      "GO:0099546": [],
      "GO:0099574": [],
      "GO:0099547": [],
      "GO:0042135": [],
      "GO:0140246": [],
      "GO:0042136": [],
      "GO:0140241": [],
      "GO:0140235": [],
      "GO:0008088": [
        "ENSG00000166342"
      ],
      "GO:0099514": [],
      "GO:0099090": [],
      "GO:0099089": [],
      "GO:0099637": [],
      "GO:1905056": [],
      "GO:0099534": [],
      "GO:0099626": [],
      "GO:0099507": [],
      "GO:0099508": [
        "ENSG00000144285"
      ],
      "GO:0150047": [],
      "GO:0140232": [
        "ENSG00000164588"
      ],
      "GO:0098693": [],
      "GO:0097091": [
        "ENSG00000185666"
      ],
      "GO:0099532": [],
      "GO:0016079": [],
      "GO:0098700": [],
      "GO:0099180": [],
      "GO:0097401": [],
      "GO:0048488": [],
      "GO:0099161": [],
      "GO:0051580": [],
      "GO:0099526": [],
      "GO:1905059": [],
      "GO:0099567": [],
      "GO:1905060": [],
      "GO:0098695": [],
      "GO:0099583": [],
      "GO:0140233": [],
      "GO:1904315": [],
      "GO:1905030": [],
      "GO:0099645": [
        "ENSG00000166342"
      ],
      "GO:0098967": [],
      "GO:0098970": [],
      "GO:0098884": [
        "ENSG00000157168"
      ],
      "GO:0150044": [],
      "GO:0099527": [
        "ENSG00000157782",
        "ENSG00000157168"
      ],
      "GO:0099541": [
        "ENSG00000182621"
      ],
      "GO:0099540": [],
      "GO:0099543": [],
      "GO:0099545": [],
      "GO:0099157": [],
      "GO:0099183": [],
      "GO:0099550": [],
      "GO:0007268": [
        "ENSG00000182621"
      ],
      "GO:0150045": [],
      "GO:0099174": [],
      "GO:0099175": [],
      "GO:0099084": [],
      "GO:0099010": [
        "ENSG00000157782"
      ],
      "GO:0099564": [],
      "GO:1905244": [],
      "GO:0099181": [],
      "GO:0099186": [
        "ENSG00000152413"
      ],
      "GO:0099179": [],
      "GO:0099054": [],
      "GO:0051963": [
        "ENSG00000157168"
      ],
      "GO:0098698": [],
      "GO:0097104": [],
      "GO:1905806": [],
      "GO:0090128": [],
      "GO:0099559": [],
      "GO:0098880": [],
      "GO:0099140": [],
      "GO:0098974": [],
      "GO:0099190": [],
      "SYNGO:presyn_regulationATPmetabolic": [],
      "GO:0099576": [],
      "GO:0099575": [],
      "GO:0099578": [],
      "GO:0099577": [],
      "GO:0140247": [],
      "GO:0140249": [],
      "GO:0140236": [],
      "GO:0140242": [],
      "GO:0098930": [
        "ENSG00000166342"
      ],
      "GO:0098935": [],
      "GO:0099517": [],
      "GO:0099158": [],
      "GO:0098968": [],
      "GO:0098877": [],
      "GO:0098943": [],
      "GO:0016182": [],
      "GO:0016189": [],
      "GO:0099502": [],
      "GO:2000300": [],
      "GO:0016081": [],
      "GO:0031629": [],
      "GO:0016082": [],
      "GO:0099162": [],
      "GO:1901546": [],
      "GO:1900242": [],
      "GO:0016185": [],
      "GO:0016191": [],
      "GO:0098872": [],
      "GO:0099579": [],
      "GO:0098696": [],
      "GO:0099145": [],
      "GO:0150054": [],
      "GO:0099149": [
        "ENSG00000157168"
      ],
      "GO:1905539": [],
      "GO:0099542": [
        "ENSG00000182621"
      ],
      "GO:0099548": [],
      "GO:0098942": [],
      "GO:0099557": [],
      "GO:0150035": [],
      "GO:0050804": [],
      "GO:0099531": [],
      "GO:0099565": [
        "ENSG00000182621"
      ],
      "GO:0099159": [],
      "GO:0098885": [
        "ENSG00000157782"
      ],
      "GO:0098987": [],
      "GO:0098882": [],
      "GO:0098699": [],
      "GO:0098973": [],
      "GO:0099184": [],
      "GO:0098879": [],
      "GO:0098919": [],
      "GO:1905606": [
        "ENSG00000157168"
      ],
      "GO:0150052": [],
      "GO:0099150": [],
      "GO:0097107": [],
      "GO:0099562": [],
      "GO:0140251": [],
      "GO:0140252": [],
      "GO:0140245": [],
      "GO:0008089": [
        "ENSG00000166342"
      ],
      "GO:0099088": [],
      "GO:0098937": [],
      "GO:0098939": [],
      "GO:0098961": [],
      "GO:0098934": [],
      "GO:0048490": [],
      "GO:0098969": [],
      "GO:0099639": [],
      "GO:0150037": [],
      "GO:0099148": [],
      "GO:0031630": [],
      "GO:0010807": [],
      "GO:0098694": [],
      "GO:0098921": [
        "ENSG00000182621"
      ],
      "GO:0099553": [],
      "GO:0099555": [],
      "GO:0099171": [],
      "GO:0099170": [
        "ENSG00000182621"
      ],
      "GO:1905274": [],
      "GO:0099151": [],
      "GO:0099641": [],
      "GO:0140231": [
        "ENSG00000166342"
      ],
      "GO:0098971": [],
      "GO:0098963": [],
      "GO:1903742": [],
      "GO:0098887": [],
      "GO:0099178": [
        "ENSG00000182621"
      ],
      "GO:0150036": [],
      "GO:0098925": [],
      "GO:0098964": [],
      "GO:0099152": []
    },
    "entrez_id": {
      "SYNGO:synprocess": [
        "6323",
        "348980",
        "8224",
        "9456",
        "81832",
        "3084",
        "9478",
        "23236"
      ],
      "SYNGO:presynprocess": [
        "6323",
        "348980",
        "8224"
      ],
      "SYNGO:postsynprocess": [
        "348980",
        "9456",
        "81832",
        "3084",
        "9478"
      ],
      "GO:0099536": [
        "23236"
      ],
      "GO:0050808": [
        "9478",
        "9456",
        "3084"
      ],
      "SYNGO:metabolism": [],
      "SYNGO:transport": [
        "81832"
      ],
      "GO:0099509": [],
      "GO:0099505": [
        "6323",
        "348980"
      ],
      "GO:0140238": [],
      "GO:0099504": [
        "8224"
      ],
      "GO:0099525": [],
      "GO:0001504": [],
      "GO:0098810": [],
      "SYNGO:presyn_chaperoneProteinFolding": [],
      "GO:0098928": [],
      "GO:0099566": [],
      "GO:0060078": [
        "348980"
      ],
      "GO:0098962": [
        "9456",
        "81832"
      ],
      "GO:0099072": [
        "81832",
        "3084"
      ],
      "GO:0140239": [],
      "GO:0150038": [],
      "GO:0098926": [
        "9478",
        "3084"
      ],
      "GO:0099537": [
        "23236"
      ],
      "GO:0099538": [],
      "GO:0099163": [],
      "GO:0099172": [],
      "GO:0099173": [],
      "GO:0099563": [
        "9478"
      ],
      "GO:0050807": [],
      "GO:0098918": [
        "9456"
      ],
      "GO:0150043": [],
      "GO:0099560": [
        "3084"
      ],
      "GO:0008039": [],
      "GO:0007416": [
        "3084"
      ],
      "GO:0098883": [],
      "GO:0060074": [],
      "GO:0099558": [],
      "GO:0099187": [],
      "GO:0099188": [],
      "SYNGO:presyn_ATPmetabolic": [],
      "SYNGO:postsyn_ATPmetabolic": [],
      "GO:0099546": [],
      "GO:0099574": [],
      "GO:0099547": [],
      "GO:0042135": [],
      "GO:0140246": [],
      "GO:0042136": [],
      "GO:0140241": [],
      "GO:0140235": [],
      "GO:0008088": [
        "81832"
      ],
      "GO:0099514": [],
      "GO:0099090": [],
      "GO:0099089": [],
      "GO:0099637": [],
      "GO:1905056": [],
      "GO:0099534": [],
      "GO:0099626": [],
      "GO:0099507": [],
      "GO:0099508": [
        "6323"
      ],
      "GO:0150047": [],
      "GO:0140232": [
        "348980"
      ],
      "GO:0098693": [],
      "GO:0097091": [
        "8224"
      ],
      "GO:0099532": [],
      "GO:0016079": [],
      "GO:0098700": [],
      "GO:0099180": [],
      "GO:0097401": [],
      "GO:0048488": [],
      "GO:0099161": [],
      "GO:0051580": [],
      "GO:0099526": [],
      "GO:1905059": [],
      "GO:0099567": [],
      "GO:1905060": [],
      "GO:0098695": [],
      "GO:0099583": [],
      "GO:0140233": [],
      "GO:1904315": [],
      "GO:1905030": [],
      "GO:0099645": [
        "81832"
      ],
      "GO:0098967": [],
      "GO:0098970": [],
      "GO:0098884": [
        "3084"
      ],
      "GO:0150044": [],
      "GO:0099527": [
        "9478",
        "3084"
      ],
      "GO:0099541": [
        "23236"
      ],
      "GO:0099540": [],
      "GO:0099543": [],
      "GO:0099545": [],
      "GO:0099157": [],
      "GO:0099183": [],
      "GO:0099550": [],
      "GO:0007268": [
        "23236"
      ],
      "GO:0150045": [],
      "GO:0099174": [],
      "GO:0099175": [],
      "GO:0099084": [],
      "GO:0099010": [
        "9478"
      ],
      "GO:0099564": [],
      "GO:1905244": [],
      "GO:0099181": [],
      "GO:0099186": [
        "9456"
      ],
      "GO:0099179": [],
      "GO:0099054": [],
      "GO:0051963": [
        "3084"
      ],
      "GO:0098698": [],
      "GO:0097104": [],
      "GO:1905806": [],
      "GO:0090128": [],
      "GO:0099559": [],
      "GO:0098880": [],
      "GO:0099140": [],
      "GO:0098974": [],
      "GO:0099190": [],
      "SYNGO:presyn_regulationATPmetabolic": [],
      "GO:0099576": [],
      "GO:0099575": [],
      "GO:0099578": [],
      "GO:0099577": [],
      "GO:0140247": [],
      "GO:0140249": [],
      "GO:0140236": [],
      "GO:0140242": [],
      "GO:0098930": [
        "81832"
      ],
      "GO:0098935": [],
      "GO:0099517": [],
      "GO:0099158": [],
      "GO:0098968": [],
      "GO:0098877": [],
      "GO:0098943": [],
      "GO:0016182": [],
      "GO:0016189": [],
      "GO:0099502": [],
      "GO:2000300": [],
      "GO:0016081": [],
      "GO:0031629": [],
      "GO:0016082": [],
      "GO:0099162": [],
      "GO:1901546": [],
      "GO:1900242": [],
      "GO:0016185": [],
      "GO:0016191": [],
      "GO:0098872": [],
      "GO:0099579": [],
      "GO:0098696": [],
      "GO:0099145": [],
      "GO:0150054": [],
      "GO:0099149": [
        "3084"
      ],
      "GO:1905539": [],
      "GO:0099542": [
        "23236"
      ],
      "GO:0099548": [],
      "GO:0098942": [],
      "GO:0099557": [],
      "GO:0150035": [],
      "GO:0050804": [],
      "GO:0099531": [],
      "GO:0099565": [
        "23236"
      ],
      "GO:0099159": [],
      "GO:0098885": [
        "9478"
      ],
      "GO:0098987": [],
      "GO:0098882": [],
      "GO:0098699": [],
      "GO:0098973": [],
      "GO:0099184": [],
      "GO:0098879": [],
      "GO:0098919": [],
      "GO:1905606": [
        "3084"
      ],
      "GO:0150052": [],
      "GO:0099150": [],
      "GO:0097107": [],
      "GO:0099562": [],
      "GO:0140251": [],
      "GO:0140252": [],
      "GO:0140245": [],
      "GO:0008089": [
        "81832"
      ],
      "GO:0099088": [],
      "GO:0098937": [],
      "GO:0098939": [],
      "GO:0098961": [],
      "GO:0098934": [],
      "GO:0048490": [],
      "GO:0098969": [],
      "GO:0099639": [],
      "GO:0150037": [],
      "GO:0099148": [],
      "GO:0031630": [],
      "GO:0010807": [],
      "GO:0098694": [],
      "GO:0098921": [
        "23236"
      ],
      "GO:0099553": [],
      "GO:0099555": [],
      "GO:0099171": [],
      "GO:0099170": [
        "23236"
      ],
      "GO:1905274": [],
      "GO:0099151": [],
      "GO:0099641": [],
      "GO:0140231": [
        "81832"
      ],
      "GO:0098971": [],
      "GO:0098963": [],
      "GO:1903742": [],
      "GO:0098887": [],
      "GO:0099178": [
        "23236"
      ],
      "GO:0150036": [],
      "GO:0098925": [],
      "GO:0098964": [],
      "GO:0099152": []
    }
  }
}