[
  {
    "user_input_genelist": "THEMIS",
    "idmap": []
  },
  {
    "user_input_genelist": "ESRRG",
    "idmap": []
  },
  {
    "user_input_genelist": "PPARGC1A",
    "idmap": []
  },
  {
    "user_input_genelist": "LOC105376596",
    "idmap": []
  },
  {
    "user_input_genelist": "GAB1",
    "idmap": []
  },
  {
    "user_input_genelist": "ARHGAP10",
    "idmap": []
  },
  {
    "user_input_genelist": "LOC101928964",
    "idmap": []
  },
  {
    "user_input_genelist": "SCN1A",
    "idmap": [
      {
        "ensembl_id": "ENSG00000144285",
        "entrez_id": "6323",
        "hgnc_id": "HGNC:10585",
        "hgnc_name": "sodium voltage-gated channel alpha subunit 1",
        "hgnc_symbol": "SCN1A",
        "hgnc_synonyms": [
          "NAV1.1",
          "GEFSP2",
          "SMEI",
          "SCN1",
          "FEB3"
        ],
        "user_input_genelist": [
          "SCN1A"
        ]
      }
    ]
  },
  {
    "user_input_genelist": "LOC105376591",
    "idmap": []
  },
  {
    "user_input_genelist": "SEMA5A",
    "idmap": []
  },
  {
    "user_input_genelist": "DPP4",
    "idmap": []
  },
  {
    "user_input_genelist": "ARHGAP26",
    "idmap": []
  },
  {
    "user_input_genelist": "GRAMD1B",
    "idmap": []
  },
  {
    "user_input_genelist": "SERPINE2",
    "idmap": []
  },
  {
    "user_input_genelist": "TESPA1",
    "idmap": []
  },
  {
    "user_input_genelist": "SYN3",
    "idmap": [
      {
        "ensembl_id": "ENSG00000185666",
        "entrez_id": "8224",
        "hgnc_id": "HGNC:11496",
        "hgnc_name": "synapsin III",
        "hgnc_symbol": "SYN3",
        "hgnc_synonyms": [],
        "user_input_genelist": [
          "SYN3"
        ]
      }
    ]
  },
  {
    "user_input_genelist": "LINC01060",
    "idmap": []
  },
  {
    "user_input_genelist": "LOC729732",
    "idmap": []
  },
  {
    "user_input_genelist": "PITPNC1",
    "idmap": []
  },
  {
    "user_input_genelist": "ITPR2",
    "idmap": []
  },
  {
    "user_input_genelist": "SEMA6D",
    "idmap": []
  },
  {
    "user_input_genelist": "LOC105370983",
    "idmap": []
  },
  {
    "user_input_genelist": "DDR2",
    "idmap": []
  },
  {
    "user_input_genelist": "PCP4",
    "idmap": []
  },
  {
    "user_input_genelist": "ANKRD20A5P",
    "idmap": []
  },
  {
    "user_input_genelist": "NXPH2",
    "idmap": []
  },
  {
    "user_input_genelist": "FOXP1",
    "idmap": []
  },
  {
    "user_input_genelist": "NRG1",
    "idmap": [
      {
        "ensembl_id": "ENSG00000157168",
        "entrez_id": "3084",
        "hgnc_id": "HGNC:7997",
        "hgnc_name": "neuregulin 1",
        "hgnc_symbol": "NRG1",
        "hgnc_synonyms": [
          "NDF",
          "GGF",
          "NRG1-IT2"
        ],
        "user_input_genelist": [
          "NRG1"
        ]
      }
    ]
  },
  {
    "user_input_genelist": "HCN1",
    "idmap": [
      {
        "ensembl_id": "ENSG00000164588",
        "entrez_id": "348980",
        "hgnc_id": "HGNC:4845",
        "hgnc_name": "hyperpolarization activated cyclic nucleotide gated potassium channel 1",
        "hgnc_symbol": "HCN1",
        "hgnc_synonyms": [
          "BCNG-1",
          "HAC-2",
          "BCNG1"
        ],
        "user_input_genelist": [
          "HCN1"
        ]
      }
    ]
  },
  {
    "user_input_genelist": "PLCB1",
    "idmap": [
      {
        "ensembl_id": "ENSG00000182621",
        "entrez_id": "23236",
        "hgnc_id": "HGNC:15917",
        "hgnc_name": "phospholipase C beta 1",
        "hgnc_symbol": "PLCB1",
        "hgnc_synonyms": [
          "KIAA0581",
          "PLC-I",
          "PLC154"
        ],
        "user_input_genelist": [
          "PLCB1"
        ]
      }
    ]
  },
  {
    "user_input_genelist": "LDB2",
    "idmap": []
  },
  {
    "user_input_genelist": "MIR31HG",
    "idmap": []
  },
  {
    "user_input_genelist": "ANO4",
    "idmap": []
  },
  {
    "user_input_genelist": "NPAS3",
    "idmap": []
  },
  {
    "user_input_genelist": "CABP1",
    "idmap": [
      {
        "ensembl_id": "ENSG00000157782",
        "entrez_id": "9478",
        "hgnc_id": "HGNC:1384",
        "hgnc_name": "calcium binding protein 1",
        "hgnc_symbol": "CABP1",
        "hgnc_synonyms": [],
        "user_input_genelist": [
          "CABP1"
        ]
      }
    ]
  },
  {
    "user_input_genelist": "FAT3",
    "idmap": []
  },
  {
    "user_input_genelist": "SEZ6L",
    "idmap": [
      {
        "ensembl_id": "ENSG00000100095",
        "entrez_id": "23544",
        "hgnc_id": "HGNC:10763",
        "hgnc_name": "seizure related 6 homolog like",
        "hgnc_symbol": "SEZ6L",
        "hgnc_synonyms": [
          "SEZ6L1"
        ],
        "user_input_genelist": [
          "SEZ6L"
        ]
      }
    ]
  },
  {
    "user_input_genelist": "NETO1",
    "idmap": [
      {
        "ensembl_id": "ENSG00000166342",
        "entrez_id": "81832",
        "hgnc_id": "HGNC:13823",
        "hgnc_name": "neuropilin and tolloid like 1",
        "hgnc_symbol": "NETO1",
        "hgnc_synonyms": [
          "BTCL1",
          "BCTL1"
        ],
        "user_input_genelist": [
          "NETO1"
        ]
      }
    ]
  },
  {
    "user_input_genelist": "CDC14B",
    "idmap": []
  },
  {
    "user_input_genelist": "ITGA8",
    "idmap": [
      {
        "ensembl_id": "ENSG00000077943",
        "entrez_id": "8516",
        "hgnc_id": "HGNC:6144",
        "hgnc_name": "integrin subunit alpha 8",
        "hgnc_symbol": "ITGA8",
        "hgnc_synonyms": [],
        "user_input_genelist": [
          "ITGA8"
        ]
      }
    ]
  },
  {
    "user_input_genelist": "LOC284930",
    "idmap": []
  },
  {
    "user_input_genelist": "ADAMTS19",
    "idmap": []
  },
  {
    "user_input_genelist": "LUZP2",
    "idmap": []
  },
  {
    "user_input_genelist": "ASTN2",
    "idmap": []
  },
  {
    "user_input_genelist": "PLCL1",
    "idmap": []
  },
  {
    "user_input_genelist": "SDK1",
    "idmap": []
  },
  {
    "user_input_genelist": "FSTL5",
    "idmap": []
  },
  {
    "user_input_genelist": "HOMER1",
    "idmap": [
      {
        "ensembl_id": "ENSG00000152413",
        "entrez_id": "9456",
        "hgnc_id": "HGNC:17512",
        "hgnc_name": "homer scaffold protein 1",
        "hgnc_symbol": "HOMER1",
        "hgnc_synonyms": [
          "VES-1",
          "SYN47",
          "HOMER-1B"
        ],
        "user_input_genelist": [
          "HOMER1"
        ]
      }
    ]
  },
  {
    "user_input_genelist": "LINGO2",
    "idmap": [
      {
        "ensembl_id": "ENSG00000174482",
        "entrez_id": "158038",
        "hgnc_id": "HGNC:21207",
        "hgnc_name": "leucine rich repeat and Ig domain containing 2",
        "hgnc_symbol": "LINGO2",
        "hgnc_synonyms": [
          "LERN3",
          "LRRN6C"
        ],
        "user_input_genelist": [
          "LINGO2"
        ]
      }
    ]
  },
  {
    "user_input_genelist": "NCAM2",
    "idmap": [
      {
        "ensembl_id": "ENSG00000154654",
        "entrez_id": "4685",
        "hgnc_id": "HGNC:7657",
        "hgnc_name": "neural cell adhesion molecule 2",
        "hgnc_symbol": "NCAM2",
        "hgnc_synonyms": [
          "NCAM21",
          "MGC51008"
        ],
        "user_input_genelist": [
          "NCAM2"
        ]
      }
    ]
  },
  {
    "user_input_genelist": "MGAT4C",
    "idmap": []
  }
]