{
  "direct": {
    "hgnc_id": {
      "GO:0045202": [
        "HGNC:4454",
        "HGNC:29229"
      ],
      "GO:0097060": [],
      "GO:0098793": [
        "HGNC:1426",
        "HGNC:2176",
        "HGNC:25209"
      ],
      "GO:0043083": [],
      "GO:0098794": [
        "HGNC:7997"
      ],
      "GO:0099544": [],
      "GO:0099243": [],
      "GO:0099699": [
        "HGNC:7657"
      ],
      "GO:0099523": [],
      "GO:0099569": [],
      "GO:0048786": [],
      "GO:0098833": [],
      "GO:0098830": [],
      "GO:0008021": [],
      "GO:0098992": [],
      "GO:0042734": [],
      "SYNGO:presyn_ribosome": [],
      "SYNGO:presyn_er": [],
      "GO:0098965": [],
      "GO:0099524": [],
      "GO:0099571": [],
      "GO:0097444": [],
      "GO:0150051": [],
      "GO:0099572": [],
      "GO:0098843": [],
      "GO:0098845": [],
      "GO:0045211": [],
      "SYNGO:postsyn_ribosome": [],
      "SYNGO:postsyn_er": [],
      "GO:0098966": [],
      "GO:0099182": [],
      "GO:0099143": [],
      "GO:0098831": [],
      "GO:0048787": [],
      "GO:0098835": [],
      "GO:0098954": [],
      "GO:0034592": [],
      "GO:0030672": [],
      "GO:0099013": [],
      "GO:0099012": [],
      "GO:0099026": [
        "HGNC:2176",
        "HGNC:2175"
      ],
      "GO:0098888": [],
      "GO:0099056": [
        "HGNC:5951",
        "HGNC:277",
        "HGNC:4579"
      ],
      "SYNGO:presyn_er_membrane": [],
      "SYNGO:presyn_ser": [],
      "GO:0099160": [],
      "GO:0098871": [],
      "GO:0150050": [],
      "GO:0099189": [],
      "GO:0098897": [],
      "GO:0099091": [],
      "GO:0099634": [],
      "GO:0014069": [],
      "GO:0099629": [],
      "GO:0098844": [],
      "GO:0098895": [],
      "GO:0098842": [],
      "GO:0098837": [],
      "GO:0099025": [],
      "GO:0098890": [],
      "GO:0099055": [
        "HGNC:5951",
        "HGNC:11068",
        "HGNC:277",
        "HGNC:8005",
        "HGNC:18582",
        "HGNC:6291",
        "HGNC:4580",
        "HGNC:10763"
      ],
      "SYNGO:postsyn_er_membrane": [],
      "SYNGO:postsyn_ser": [],
      "GO:0099029": [
        "HGNC:15460"
      ],
      "GO:0098891": [],
      "GO:0099059": [
        "HGNC:7997"
      ],
      "GO:0098894": [],
      "GO:0099067": [],
      "GO:0098993": [],
      "GO:0098850": [],
      "GO:0030285": [],
      "GO:0098674": [
        "HGNC:1426"
      ],
      "GO:0099066": [],
      "SYNGO:presyn_er_membrane_integral": [],
      "SYNGO:presyn_ser_membrane": [],
      "GO:0099065": [],
      "GO:0098892": [],
      "GO:0099060": [],
      "GO:0099092": [],
      "GO:0098839": [],
      "GO:0099164": [],
      "GO:0098999": [],
      "GO:0098896": [],
      "GO:0098944": [],
      "SYNGO:postsyn_er_membrane_integral": [],
      "SYNGO:postsyn_ser_membrane": [],
      "SYNGO:presyn_ser_membrane_integral": [],
      "GO:0099031": [],
      "GO:0099147": [
        "HGNC:11805",
        "HGNC:2850"
      ],
      "GO:0099061": [
        "HGNC:232",
        "HGNC:2701",
        "HGNC:4576",
        "HGNC:29317",
        "HGNC:9682",
        "HGNC:17664",
        "HGNC:16767",
        "HGNC:7997",
        "HGNC:17448",
        "HGNC:14644"
      ],
      "GO:0098998": [],
      "GO:0099033": [],
      "GO:0099063": [],
      "SYNGO:postsyn_ser_membrane_integral": []
    },
    "hgnc_symbol": {
      "GO:0045202": [
        "GPC6",
        "NWD2"
      ],
      "GO:0097060": [],
      "GO:0098793": [
        "CADPS",
        "CNTN6",
        "PRUNE2"
      ],
      "GO:0043083": [],
      "GO:0098794": [
        "NRG1"
      ],
      "GO:0099544": [],
      "GO:0099243": [],
      "GO:0099699": [
        "NCAM2"
      ],
      "GO:0099523": [],
      "GO:0099569": [],
      "GO:0048786": [],
      "GO:0098833": [],
      "GO:0098830": [],
      "GO:0008021": [],
      "GO:0098992": [],
      "GO:0042734": [],
      "SYNGO:presyn_ribosome": [],
      "SYNGO:presyn_er": [],
      "GO:0098965": [],
      "GO:0099524": [],
      "GO:0099571": [],
      "GO:0097444": [],
      "GO:0150051": [],
      "GO:0099572": [],
      "GO:0098843": [],
      "GO:0098845": [],
      "GO:0045211": [],
      "SYNGO:postsyn_ribosome": [],
      "SYNGO:postsyn_er": [],
      "GO:0098966": [],
      "GO:0099182": [],
      "GO:0099143": [],
      "GO:0098831": [],
      "GO:0048787": [],
      "GO:0098835": [],
      "GO:0098954": [],
      "GO:0034592": [],
      "GO:0030672": [],
      "GO:0099013": [],
      "GO:0099012": [],
      "GO:0099026": [
        "CNTN6",
        "CNTN5"
      ],
      "GO:0098888": [],
      "GO:0099056": [
        "CADM1",
        "ADRA1A",
        "GRIK1"
      ],
      "SYNGO:presyn_er_membrane": [],
      "SYNGO:presyn_ser": [],
      "GO:0099160": [],
      "GO:0098871": [],
      "GO:0150050": [],
      "GO:0099189": [],
      "GO:0098897": [],
      "GO:0099091": [],
      "GO:0099634": [],
      "GO:0014069": [],
      "GO:0099629": [],
      "GO:0098844": [],
      "GO:0098895": [],
      "GO:0098842": [],
      "GO:0098837": [],
      "GO:0099025": [],
      "GO:0098890": [],
      "GO:0099055": [
        "CADM1",
        "SLC8A1",
        "ADRA1A",
        "NRP2",
        "ADGRL2",
        "KCNN2",
        "GRIK2",
        "SEZ6L"
      ],
      "SYNGO:postsyn_er_membrane": [],
      "SYNGO:postsyn_ser": [],
      "GO:0099029": [
        "CACNA2D3"
      ],
      "GO:0098891": [],
      "GO:0099059": [
        "NRG1"
      ],
      "GO:0098894": [],
      "GO:0099067": [],
      "GO:0098993": [],
      "GO:0098850": [],
      "GO:0030285": [],
      "GO:0098674": [
        "CADPS"
      ],
      "GO:0099066": [],
      "SYNGO:presyn_er_membrane_integral": [],
      "SYNGO:presyn_ser_membrane": [],
      "GO:0099065": [],
      "GO:0098892": [],
      "GO:0099060": [],
      "GO:0099092": [],
      "GO:0098839": [],
      "GO:0099164": [],
      "GO:0098999": [],
      "GO:0098896": [],
      "GO:0098944": [],
      "SYNGO:postsyn_er_membrane_integral": [],
      "SYNGO:postsyn_ser_membrane": [],
      "SYNGO:presyn_ser_membrane_integral": [],
      "GO:0099031": [],
      "GO:0099147": [
        "TIAM1",
        "DGKB"
      ],
      "GO:0099061": [
        "ADCY1",
        "DCC",
        "GRID2",
        "LRRC4C",
        "PTPRT",
        "NECTIN3",
        "GRIN3A",
        "NRG1",
        "CLSTN2",
        "NETO2"
      ],
      "GO:0098998": [],
      "GO:0099033": [],
      "GO:0099063": [],
      "SYNGO:postsyn_ser_membrane_integral": []
    },
    "ensembl_id": {
      "GO:0045202": [
        "ENSG00000183098",
        "ENSG00000174145"
      ],
      "GO:0097060": [],
      "GO:0098793": [
        "ENSG00000163618",
        "ENSG00000134115",
        "ENSG00000106772"
      ],
      "GO:0043083": [],
      "GO:0098794": [
        "ENSG00000157168"
      ],
      "GO:0099544": [],
      "GO:0099243": [],
      "GO:0099699": [
        "ENSG00000154654"
      ],
      "GO:0099523": [],
      "GO:0099569": [],
      "GO:0048786": [],
      "GO:0098833": [],
      "GO:0098830": [],
      "GO:0008021": [],
      "GO:0098992": [],
      "GO:0042734": [],
      "SYNGO:presyn_ribosome": [],
      "SYNGO:presyn_er": [],
      "GO:0098965": [],
      "GO:0099524": [],
      "GO:0099571": [],
      "GO:0097444": [],
      "GO:0150051": [],
      "GO:0099572": [],
      "GO:0098843": [],
      "GO:0098845": [],
      "GO:0045211": [],
      "SYNGO:postsyn_ribosome": [],
      "SYNGO:postsyn_er": [],
      "GO:0098966": [],
      "GO:0099182": [],
      "GO:0099143": [],
      "GO:0098831": [],
      "GO:0048787": [],
      "GO:0098835": [],
      "GO:0098954": [],
      "GO:0034592": [],
      "GO:0030672": [],
      "GO:0099013": [],
      "GO:0099012": [],
      "GO:0099026": [
        "ENSG00000134115",
        "ENSG00000149972"
      ],
      "GO:0098888": [],
      "GO:0099056": [
        "ENSG00000182985",
        "ENSG00000120907",
        "ENSG00000171189"
      ],
      "SYNGO:presyn_er_membrane": [],
      "SYNGO:presyn_ser": [],
      "GO:0099160": [],
      "GO:0098871": [],
      "GO:0150050": [],
      "GO:0099189": [],
      "GO:0098897": [],
      "GO:0099091": [],
      "GO:0099634": [],
      "GO:0014069": [],
      "GO:0099629": [],
      "GO:0098844": [],
      "GO:0098895": [],
      "GO:0098842": [],
      "GO:0098837": [],
      "GO:0099025": [],
      "GO:0098890": [],
      "GO:0099055": [
        "ENSG00000182985",
        "ENSG00000183023",
        "ENSG00000120907",
        "ENSG00000118257",
        "ENSG00000117114",
        "ENSG00000080709",
        "ENSG00000164418",
        "ENSG00000100095"
      ],
      "SYNGO:postsyn_er_membrane": [],
      "SYNGO:postsyn_ser": [],
      "GO:0099029": [
        "ENSG00000157445"
      ],
      "GO:0098891": [],
      "GO:0099059": [
        "ENSG00000157168"
      ],
      "GO:0098894": [],
      "GO:0099067": [],
      "GO:0098993": [],
      "GO:0098850": [],
      "GO:0030285": [],
      "GO:0098674": [
        "ENSG00000163618"
      ],
      "GO:0099066": [],
      "SYNGO:presyn_er_membrane_integral": [],
      "SYNGO:presyn_ser_membrane": [],
      "GO:0099065": [],
      "GO:0098892": [],
      "GO:0099060": [],
      "GO:0099092": [],
      "GO:0098839": [],
      "GO:0099164": [],
      "GO:0098999": [],
      "GO:0098896": [],
      "GO:0098944": [],
      "SYNGO:postsyn_er_membrane_integral": [],
      "SYNGO:postsyn_ser_membrane": [],
      "SYNGO:presyn_ser_membrane_integral": [],
      "GO:0099031": [],
      "GO:0099147": [
        "ENSG00000156299",
        "ENSG00000136267"
      ],
      "GO:0099061": [
        "ENSG00000164742",
        "ENSG00000187323",
        "ENSG00000152208",
        "ENSG00000148948",
        "ENSG00000196090",
        "ENSG00000177707",
        "ENSG00000198785",
        "ENSG00000157168",
        "ENSG00000158258",
        "ENSG00000171208"
      ],
      "GO:0098998": [],
      "GO:0099033": [],
      "GO:0099063": [],
      "SYNGO:postsyn_ser_membrane_integral": []
    },
    "entrez_id": {
      "GO:0045202": [
        "10082",
        "57495"
      ],
      "GO:0097060": [],
      "GO:0098793": [
        "8618",
        "27255",
        "158471"
      ],
      "GO:0043083": [],
      "GO:0098794": [
        "3084"
      ],
      "GO:0099544": [],
      "GO:0099243": [],
      "GO:0099699": [
        "4685"
      ],
      "GO:0099523": [],
      "GO:0099569": [],
      "GO:0048786": [],
      "GO:0098833": [],
      "GO:0098830": [],
      "GO:0008021": [],
      "GO:0098992": [],
      "GO:0042734": [],
      "SYNGO:presyn_ribosome": [],
      "SYNGO:presyn_er": [],
      "GO:0098965": [],
      "GO:0099524": [],
      "GO:0099571": [],
      "GO:0097444": [],
      "GO:0150051": [],
      "GO:0099572": [],
      "GO:0098843": [],
      "GO:0098845": [],
      "GO:0045211": [],
      "SYNGO:postsyn_ribosome": [],
      "SYNGO:postsyn_er": [],
      "GO:0098966": [],
      "GO:0099182": [],
      "GO:0099143": [],
      "GO:0098831": [],
      "GO:0048787": [],
      "GO:0098835": [],
      "GO:0098954": [],
      "GO:0034592": [],
      "GO:0030672": [],
      "GO:0099013": [],
      "GO:0099012": [],
      "GO:0099026": [
        "27255",
        "53942"
      ],
      "GO:0098888": [],
      "GO:0099056": [
        "23705",
        "148",
        "2897"
      ],
      "SYNGO:presyn_er_membrane": [],
      "SYNGO:presyn_ser": [],
      "GO:0099160": [],
      "GO:0098871": [],
      "GO:0150050": [],
      "GO:0099189": [],
      "GO:0098897": [],
      "GO:0099091": [],
      "GO:0099634": [],
      "GO:0014069": [],
      "GO:0099629": [],
      "GO:0098844": [],
      "GO:0098895": [],
      "GO:0098842": [],
      "GO:0098837": [],
      "GO:0099025": [],
      "GO:0098890": [],
      "GO:0099055": [
        "23705",
        "6546",
        "148",
        "8828",
        "23266",
        "3781",
        "2898",
        "23544"
      ],
      "SYNGO:postsyn_er_membrane": [],
      "SYNGO:postsyn_ser": [],
      "GO:0099029": [
        "55799"
      ],
      "GO:0098891": [],
      "GO:0099059": [
        "3084"
      ],
      "GO:0098894": [],
      "GO:0099067": [],
      "GO:0098993": [],
      "GO:0098850": [],
      "GO:0030285": [],
      "GO:0098674": [
        "8618"
      ],
      "GO:0099066": [],
      "SYNGO:presyn_er_membrane_integral": [],
      "SYNGO:presyn_ser_membrane": [],
      "GO:0099065": [],
      "GO:0098892": [],
      "GO:0099060": [],
      "GO:0099092": [],
      "GO:0098839": [],
      "GO:0099164": [],
      "GO:0098999": [],
      "GO:0098896": [],
      "GO:0098944": [],
      "SYNGO:postsyn_er_membrane_integral": [],
      "SYNGO:postsyn_ser_membrane": [],
      "SYNGO:presyn_ser_membrane_integral": [],
      "GO:0099031": [],
      "GO:0099147": [
        "7074",
        "1607"
      ],
      "GO:0099061": [
        "107",
        "1630",
        "2895",
        "57689",
        "11122",
        "25945",
        "116443",
        "3084",
        "64084",
        "81831"
      ],
      "GO:0098998": [],
      "GO:0099033": [],
      "GO:0099063": [],
      "SYNGO:postsyn_ser_membrane_integral": []
    }
  },
  "aggregate": {
    "hgnc_id": {
      "GO:0045202": [
        "HGNC:4454",
        "HGNC:29229",
        "HGNC:7657",
        "HGNC:1426",
        "HGNC:2176",
        "HGNC:25209",
        "HGNC:15460",
        "HGNC:7997",
        "HGNC:2175",
        "HGNC:5951",
        "HGNC:277",
        "HGNC:4579",
        "HGNC:11805",
        "HGNC:2850",
        "HGNC:232",
        "HGNC:2701",
        "HGNC:4576",
        "HGNC:29317",
        "HGNC:9682",
        "HGNC:17664",
        "HGNC:16767",
        "HGNC:17448",
        "HGNC:14644",
        "HGNC:11068",
        "HGNC:8005",
        "HGNC:18582",
        "HGNC:6291",
        "HGNC:4580",
        "HGNC:10763"
      ],
      "GO:0097060": [
        "HGNC:7657"
      ],
      "GO:0098793": [
        "HGNC:1426",
        "HGNC:2176",
        "HGNC:25209",
        "HGNC:15460",
        "HGNC:7997",
        "HGNC:2175",
        "HGNC:5951",
        "HGNC:277",
        "HGNC:4579"
      ],
      "GO:0043083": [],
      "GO:0098794": [
        "HGNC:7997",
        "HGNC:11805",
        "HGNC:2850",
        "HGNC:232",
        "HGNC:2701",
        "HGNC:4576",
        "HGNC:29317",
        "HGNC:9682",
        "HGNC:17664",
        "HGNC:16767",
        "HGNC:17448",
        "HGNC:14644",
        "HGNC:5951",
        "HGNC:11068",
        "HGNC:277",
        "HGNC:8005",
        "HGNC:18582",
        "HGNC:6291",
        "HGNC:4580",
        "HGNC:10763"
      ],
      "GO:0099544": [],
      "GO:0099243": [],
      "GO:0099699": [
        "HGNC:7657"
      ],
      "GO:0099523": [],
      "GO:0099569": [],
      "GO:0048786": [
        "HGNC:15460",
        "HGNC:7997"
      ],
      "GO:0098833": [],
      "GO:0098830": [],
      "GO:0008021": [],
      "GO:0098992": [
        "HGNC:1426"
      ],
      "GO:0042734": [
        "HGNC:2176",
        "HGNC:2175",
        "HGNC:5951",
        "HGNC:277",
        "HGNC:4579"
      ],
      "SYNGO:presyn_ribosome": [],
      "SYNGO:presyn_er": [],
      "GO:0098965": [],
      "GO:0099524": [],
      "GO:0099571": [],
      "GO:0097444": [],
      "GO:0150051": [],
      "GO:0099572": [
        "HGNC:11805",
        "HGNC:2850",
        "HGNC:232",
        "HGNC:2701",
        "HGNC:4576",
        "HGNC:29317",
        "HGNC:9682",
        "HGNC:17664",
        "HGNC:16767",
        "HGNC:7997",
        "HGNC:17448",
        "HGNC:14644"
      ],
      "GO:0098843": [],
      "GO:0098845": [],
      "GO:0045211": [
        "HGNC:5951",
        "HGNC:11068",
        "HGNC:277",
        "HGNC:8005",
        "HGNC:18582",
        "HGNC:6291",
        "HGNC:4580",
        "HGNC:10763"
      ],
      "SYNGO:postsyn_ribosome": [],
      "SYNGO:postsyn_er": [],
      "GO:0098966": [],
      "GO:0099182": [],
      "GO:0099143": [],
      "GO:0098831": [],
      "GO:0048787": [
        "HGNC:15460",
        "HGNC:7997"
      ],
      "GO:0098835": [],
      "GO:0098954": [],
      "GO:0034592": [],
      "GO:0030672": [],
      "GO:0099013": [],
      "GO:0099012": [
        "HGNC:1426"
      ],
      "GO:0099026": [
        "HGNC:2176",
        "HGNC:2175"
      ],
      "GO:0098888": [],
      "GO:0099056": [
        "HGNC:5951",
        "HGNC:277",
        "HGNC:4579"
      ],
      "SYNGO:presyn_er_membrane": [],
      "SYNGO:presyn_ser": [],
      "GO:0099160": [],
      "GO:0098871": [],
      "GO:0150050": [],
      "GO:0099189": [],
      "GO:0098897": [],
      "GO:0099091": [],
      "GO:0099634": [],
      "GO:0014069": [
        "HGNC:11805",
        "HGNC:2850",
        "HGNC:232",
        "HGNC:2701",
        "HGNC:4576",
        "HGNC:29317",
        "HGNC:9682",
        "HGNC:17664",
        "HGNC:16767",
        "HGNC:7997",
        "HGNC:17448",
        "HGNC:14644"
      ],
      "GO:0099629": [],
      "GO:0098844": [],
      "GO:0098895": [],
      "GO:0098842": [],
      "GO:0098837": [],
      "GO:0099025": [],
      "GO:0098890": [],
      "GO:0099055": [
        "HGNC:5951",
        "HGNC:11068",
        "HGNC:277",
        "HGNC:8005",
        "HGNC:18582",
        "HGNC:6291",
        "HGNC:4580",
        "HGNC:10763"
      ],
      "SYNGO:postsyn_er_membrane": [],
      "SYNGO:postsyn_ser": [],
      "GO:0099029": [
        "HGNC:15460"
      ],
      "GO:0098891": [],
      "GO:0099059": [
        "HGNC:7997"
      ],
      "GO:0098894": [],
      "GO:0099067": [],
      "GO:0098993": [],
      "GO:0098850": [],
      "GO:0030285": [],
      "GO:0098674": [
        "HGNC:1426"
      ],
      "GO:0099066": [],
      "SYNGO:presyn_er_membrane_integral": [],
      "SYNGO:presyn_ser_membrane": [],
      "GO:0099065": [],
      "GO:0098892": [],
      "GO:0099060": [],
      "GO:0099092": [],
      "GO:0098839": [
        "HGNC:11805",
        "HGNC:2850",
        "HGNC:232",
        "HGNC:2701",
        "HGNC:4576",
        "HGNC:29317",
        "HGNC:9682",
        "HGNC:17664",
        "HGNC:16767",
        "HGNC:7997",
        "HGNC:17448",
        "HGNC:14644"
      ],
      "GO:0099164": [],
      "GO:0098999": [],
      "GO:0098896": [],
      "GO:0098944": [],
      "SYNGO:postsyn_er_membrane_integral": [],
      "SYNGO:postsyn_ser_membrane": [],
      "SYNGO:presyn_ser_membrane_integral": [],
      "GO:0099031": [],
      "GO:0099147": [
        "HGNC:11805",
        "HGNC:2850"
      ],
      "GO:0099061": [
        "HGNC:232",
        "HGNC:2701",
        "HGNC:4576",
        "HGNC:29317",
        "HGNC:9682",
        "HGNC:17664",
        "HGNC:16767",
        "HGNC:7997",
        "HGNC:17448",
        "HGNC:14644"
      ],
      "GO:0098998": [],
      "GO:0099033": [],
      "GO:0099063": [],
      "SYNGO:postsyn_ser_membrane_integral": []
    },
    "hgnc_symbol": {
      "GO:0045202": [
        "GPC6",
        "NWD2",
        "NCAM2",
        "CADPS",
        "CNTN6",
        "PRUNE2",
        "CACNA2D3",
        "NRG1",
        "CNTN5",
        "CADM1",
        "ADRA1A",
        "GRIK1",
        "TIAM1",
        "DGKB",
        "ADCY1",
        "DCC",
        "GRID2",
        "LRRC4C",
        "PTPRT",
        "NECTIN3",
        "GRIN3A",
        "CLSTN2",
        "NETO2",
        "SLC8A1",
        "NRP2",
        "ADGRL2",
        "KCNN2",
        "GRIK2",
        "SEZ6L"
      ],
      "GO:0097060": [
        "NCAM2"
      ],
      "GO:0098793": [
        "CADPS",
        "CNTN6",
        "PRUNE2",
        "CACNA2D3",
        "NRG1",
        "CNTN5",
        "CADM1",
        "ADRA1A",
        "GRIK1"
      ],
      "GO:0043083": [],
      "GO:0098794": [
        "NRG1",
        "TIAM1",
        "DGKB",
        "ADCY1",
        "DCC",
        "GRID2",
        "LRRC4C",
        "PTPRT",
        "NECTIN3",
        "GRIN3A",
        "CLSTN2",
        "NETO2",
        "CADM1",
        "SLC8A1",
        "ADRA1A",
        "NRP2",
        "ADGRL2",
        "KCNN2",
        "GRIK2",
        "SEZ6L"
      ],
      "GO:0099544": [],
      "GO:0099243": [],
      "GO:0099699": [
        "NCAM2"
      ],
      "GO:0099523": [],
      "GO:0099569": [],
      "GO:0048786": [
        "CACNA2D3",
        "NRG1"
      ],
      "GO:0098833": [],
      "GO:0098830": [],
      "GO:0008021": [],
      "GO:0098992": [
        "CADPS"
      ],
      "GO:0042734": [
        "CNTN6",
        "CNTN5",
        "CADM1",
        "ADRA1A",
        "GRIK1"
      ],
      "SYNGO:presyn_ribosome": [],
      "SYNGO:presyn_er": [],
      "GO:0098965": [],
      "GO:0099524": [],
      "GO:0099571": [],
      "GO:0097444": [],
      "GO:0150051": [],
      "GO:0099572": [
        "TIAM1",
        "DGKB",
        "ADCY1",
        "DCC",
        "GRID2",
        "LRRC4C",
        "PTPRT",
        "NECTIN3",
        "GRIN3A",
        "NRG1",
        "CLSTN2",
        "NETO2"
      ],
      "GO:0098843": [],
      "GO:0098845": [],
      "GO:0045211": [
        "CADM1",
        "SLC8A1",
        "ADRA1A",
        "NRP2",
        "ADGRL2",
        "KCNN2",
        "GRIK2",
        "SEZ6L"
      ],
      "SYNGO:postsyn_ribosome": [],
      "SYNGO:postsyn_er": [],
      "GO:0098966": [],
      "GO:0099182": [],
      "GO:0099143": [],
      "GO:0098831": [],
      "GO:0048787": [
        "CACNA2D3",
        "NRG1"
      ],
      "GO:0098835": [],
      "GO:0098954": [],
      "GO:0034592": [],
      "GO:0030672": [],
      "GO:0099013": [],
      "GO:0099012": [
        "CADPS"
      ],
      "GO:0099026": [
        "CNTN6",
        "CNTN5"
      ],
      "GO:0098888": [],
      "GO:0099056": [
        "CADM1",
        "ADRA1A",
        "GRIK1"
      ],
      "SYNGO:presyn_er_membrane": [],
      "SYNGO:presyn_ser": [],
      "GO:0099160": [],
      "GO:0098871": [],
      "GO:0150050": [],
      "GO:0099189": [],
      "GO:0098897": [],
      "GO:0099091": [],
      "GO:0099634": [],
      "GO:0014069": [
        "TIAM1",
        "DGKB",
        "ADCY1",
        "DCC",
        "GRID2",
        "LRRC4C",
        "PTPRT",
        "NECTIN3",
        "GRIN3A",
        "NRG1",
        "CLSTN2",
        "NETO2"
      ],
      "GO:0099629": [],
      "GO:0098844": [],
      "GO:0098895": [],
      "GO:0098842": [],
      "GO:0098837": [],
      "GO:0099025": [],
      "GO:0098890": [],
      "GO:0099055": [
        "CADM1",
        "SLC8A1",
        "ADRA1A",
        "NRP2",
        "ADGRL2",
        "KCNN2",
        "GRIK2",
        "SEZ6L"
      ],
      "SYNGO:postsyn_er_membrane": [],
      "SYNGO:postsyn_ser": [],
      "GO:0099029": [
        "CACNA2D3"
      ],
      "GO:0098891": [],
      "GO:0099059": [
        "NRG1"
      ],
      "GO:0098894": [],
      "GO:0099067": [],
      "GO:0098993": [],
      "GO:0098850": [],
      "GO:0030285": [],
      "GO:0098674": [
        "CADPS"
      ],
      "GO:0099066": [],
      "SYNGO:presyn_er_membrane_integral": [],
      "SYNGO:presyn_ser_membrane": [],
      "GO:0099065": [],
      "GO:0098892": [],
      "GO:0099060": [],
      "GO:0099092": [],
      "GO:0098839": [
        "TIAM1",
        "DGKB",
        "ADCY1",
        "DCC",
        "GRID2",
        "LRRC4C",
        "PTPRT",
        "NECTIN3",
        "GRIN3A",
        "NRG1",
        "CLSTN2",
        "NETO2"
      ],
      "GO:0099164": [],
      "GO:0098999": [],
      "GO:0098896": [],
      "GO:0098944": [],
      "SYNGO:postsyn_er_membrane_integral": [],
      "SYNGO:postsyn_ser_membrane": [],
      "SYNGO:presyn_ser_membrane_integral": [],
      "GO:0099031": [],
      "GO:0099147": [
        "TIAM1",
        "DGKB"
      ],
      "GO:0099061": [
        "ADCY1",
        "DCC",
        "GRID2",
        "LRRC4C",
        "PTPRT",
        "NECTIN3",
        "GRIN3A",
        "NRG1",
        "CLSTN2",
        "NETO2"
      ],
      "GO:0098998": [],
      "GO:0099033": [],
      "GO:0099063": [],
      "SYNGO:postsyn_ser_membrane_integral": []
    },
    "ensembl_id": {
      "GO:0045202": [
        "ENSG00000183098",
        "ENSG00000174145",
        "ENSG00000154654",
        "ENSG00000163618",
        "ENSG00000134115",
        "ENSG00000106772",
        "ENSG00000157445",
        "ENSG00000157168",
        "ENSG00000149972",
        "ENSG00000182985",
        "ENSG00000120907",
        "ENSG00000171189",
        "ENSG00000156299",
        "ENSG00000136267",
        "ENSG00000164742",
        "ENSG00000187323",
        "ENSG00000152208",
        "ENSG00000148948",
        "ENSG00000196090",
        "ENSG00000177707",
        "ENSG00000198785",
        "ENSG00000158258",
        "ENSG00000171208",
        "ENSG00000183023",
        "ENSG00000118257",
        "ENSG00000117114",
        "ENSG00000080709",
        "ENSG00000164418",
        "ENSG00000100095"
      ],
      "GO:0097060": [
        "ENSG00000154654"
      ],
      "GO:0098793": [
        "ENSG00000163618",
        "ENSG00000134115",
        "ENSG00000106772",
        "ENSG00000157445",
        "ENSG00000157168",
        "ENSG00000149972",
        "ENSG00000182985",
        "ENSG00000120907",
        "ENSG00000171189"
      ],
      "GO:0043083": [],
      "GO:0098794": [
        "ENSG00000157168",
        "ENSG00000156299",
        "ENSG00000136267",
        "ENSG00000164742",
        "ENSG00000187323",
        "ENSG00000152208",
        "ENSG00000148948",
        "ENSG00000196090",
        "ENSG00000177707",
        "ENSG00000198785",
        "ENSG00000158258",
        "ENSG00000171208",
        "ENSG00000182985",
        "ENSG00000183023",
        "ENSG00000120907",
        "ENSG00000118257",
        "ENSG00000117114",
        "ENSG00000080709",
        "ENSG00000164418",
        "ENSG00000100095"
      ],
      "GO:0099544": [],
      "GO:0099243": [],
      "GO:0099699": [
        "ENSG00000154654"
      ],
      "GO:0099523": [],
      "GO:0099569": [],
      "GO:0048786": [
        "ENSG00000157445",
        "ENSG00000157168"
      ],
      "GO:0098833": [],
      "GO:0098830": [],
      "GO:0008021": [],
      "GO:0098992": [
        "ENSG00000163618"
      ],
      "GO:0042734": [
        "ENSG00000134115",
        "ENSG00000149972",
        "ENSG00000182985",
        "ENSG00000120907",
        "ENSG00000171189"
      ],
      "SYNGO:presyn_ribosome": [],
      "SYNGO:presyn_er": [],
      "GO:0098965": [],
      "GO:0099524": [],
      "GO:0099571": [],
      "GO:0097444": [],
      "GO:0150051": [],
      "GO:0099572": [
        "ENSG00000156299",
        "ENSG00000136267",
        "ENSG00000164742",
        "ENSG00000187323",
        "ENSG00000152208",
        "ENSG00000148948",
        "ENSG00000196090",
        "ENSG00000177707",
        "ENSG00000198785",
        "ENSG00000157168",
        "ENSG00000158258",
        "ENSG00000171208"
      ],
      "GO:0098843": [],
      "GO:0098845": [],
      "GO:0045211": [
        "ENSG00000182985",
        "ENSG00000183023",
        "ENSG00000120907",
        "ENSG00000118257",
        "ENSG00000117114",
        "ENSG00000080709",
        "ENSG00000164418",
        "ENSG00000100095"
      ],
      "SYNGO:postsyn_ribosome": [],
      "SYNGO:postsyn_er": [],
      "GO:0098966": [],
      "GO:0099182": [],
      "GO:0099143": [],
      "GO:0098831": [],
      "GO:0048787": [
        "ENSG00000157445",
        "ENSG00000157168"
      ],
      "GO:0098835": [],
      "GO:0098954": [],
      "GO:0034592": [],
      "GO:0030672": [],
      "GO:0099013": [],
      "GO:0099012": [
        "ENSG00000163618"
      ],
      "GO:0099026": [
        "ENSG00000134115",
        "ENSG00000149972"
      ],
      "GO:0098888": [],
      "GO:0099056": [
        "ENSG00000182985",
        "ENSG00000120907",
        "ENSG00000171189"
      ],
      "SYNGO:presyn_er_membrane": [],
      "SYNGO:presyn_ser": [],
      "GO:0099160": [],
      "GO:0098871": [],
      "GO:0150050": [],
      "GO:0099189": [],
      "GO:0098897": [],
      "GO:0099091": [],
      "GO:0099634": [],
      "GO:0014069": [
        "ENSG00000156299",
        "ENSG00000136267",
        "ENSG00000164742",
        "ENSG00000187323",
        "ENSG00000152208",
        "ENSG00000148948",
        "ENSG00000196090",
        "ENSG00000177707",
        "ENSG00000198785",
        "ENSG00000157168",
        "ENSG00000158258",
        "ENSG00000171208"
      ],
      "GO:0099629": [],
      "GO:0098844": [],
      "GO:0098895": [],
      "GO:0098842": [],
      "GO:0098837": [],
      "GO:0099025": [],
      "GO:0098890": [],
      "GO:0099055": [
        "ENSG00000182985",
        "ENSG00000183023",
        "ENSG00000120907",
        "ENSG00000118257",
        "ENSG00000117114",
        "ENSG00000080709",
        "ENSG00000164418",
        "ENSG00000100095"
      ],
      "SYNGO:postsyn_er_membrane": [],
      "SYNGO:postsyn_ser": [],
      "GO:0099029": [
        "ENSG00000157445"
      ],
      "GO:0098891": [],
      "GO:0099059": [
        "ENSG00000157168"
      ],
      "GO:0098894": [],
      "GO:0099067": [],
      "GO:0098993": [],
      "GO:0098850": [],
      "GO:0030285": [],
      "GO:0098674": [
        "ENSG00000163618"
      ],
      "GO:0099066": [],
      "SYNGO:presyn_er_membrane_integral": [],
      "SYNGO:presyn_ser_membrane": [],
      "GO:0099065": [],
      "GO:0098892": [],
      "GO:0099060": [],
      "GO:0099092": [],
      "GO:0098839": [
        "ENSG00000156299",
        "ENSG00000136267",
        "ENSG00000164742",
        "ENSG00000187323",
        "ENSG00000152208",
        "ENSG00000148948",
        "ENSG00000196090",
        "ENSG00000177707",
        "ENSG00000198785",
        "ENSG00000157168",
        "ENSG00000158258",
        "ENSG00000171208"
      ],
      "GO:0099164": [],
      "GO:0098999": [],
      "GO:0098896": [],
      "GO:0098944": [],
      "SYNGO:postsyn_er_membrane_integral": [],
      "SYNGO:postsyn_ser_membrane": [],
      "SYNGO:presyn_ser_membrane_integral": [],
      "GO:0099031": [],
      "GO:0099147": [
        "ENSG00000156299",
        "ENSG00000136267"
      ],
      "GO:0099061": [
        "ENSG00000164742",
        "ENSG00000187323",
        "ENSG00000152208",
        "ENSG00000148948",
        "ENSG00000196090",
        "ENSG00000177707",
        "ENSG00000198785",
        "ENSG00000157168",
        "ENSG00000158258",
        "ENSG00000171208"
      ],
      "GO:0098998": [],
      "GO:0099033": [],
      "GO:0099063": [],
      "SYNGO:postsyn_ser_membrane_integral": []
    },
    "entrez_id": {
      "GO:0045202": [
        "10082",
        "57495",
        "4685",
        "8618",
        "27255",
        "158471",
        "55799",
        "3084",
        "53942",
        "23705",
        "148",
        "2897",
        "7074",
        "1607",
        "107",
        "1630",
        "2895",
        "57689",
        "11122",
        "25945",
        "116443",
        "64084",
        "81831",
        "6546",
        "8828",
        "23266",
        "3781",
        "2898",
        "23544"
      ],
      "GO:0097060": [
        "4685"
      ],
      "GO:0098793": [
        "8618",
        "27255",
        "158471",
        "55799",
        "3084",
        "53942",
        "23705",
        "148",
        "2897"
      ],
      "GO:0043083": [],
      "GO:0098794": [
        "3084",
        "7074",
        "1607",
        "107",
        "1630",
        "2895",
        "57689",
        "11122",
        "25945",
        "116443",
        "64084",
        "81831",
        "23705",
        "6546",
        "148",
        "8828",
        "23266",
        "3781",
        "2898",
        "23544"
      ],
      "GO:0099544": [],
      "GO:0099243": [],
      "GO:0099699": [
        "4685"
      ],
      "GO:0099523": [],
      "GO:0099569": [],
      "GO:0048786": [
        "55799",
        "3084"
      ],
      "GO:0098833": [],
      "GO:0098830": [],
      "GO:0008021": [],
      "GO:0098992": [
        "8618"
      ],
      "GO:0042734": [
        "27255",
        "53942",
        "23705",
        "148",
        "2897"
      ],
      "SYNGO:presyn_ribosome": [],
      "SYNGO:presyn_er": [],
      "GO:0098965": [],
      "GO:0099524": [],
      "GO:0099571": [],
      "GO:0097444": [],
      "GO:0150051": [],
      "GO:0099572": [
        "7074",
        "1607",
        "107",
        "1630",
        "2895",
        "57689",
        "11122",
        "25945",
        "116443",
        "3084",
        "64084",
        "81831"
      ],
      "GO:0098843": [],
      "GO:0098845": [],
      "GO:0045211": [
        "23705",
        "6546",
        "148",
        "8828",
        "23266",
        "3781",
        "2898",
        "23544"
      ],
      "SYNGO:postsyn_ribosome": [],
      "SYNGO:postsyn_er": [],
      "GO:0098966": [],
      "GO:0099182": [],
      "GO:0099143": [],
      "GO:0098831": [],
      "GO:0048787": [
        "55799",
        "3084"
      ],
      "GO:0098835": [],
      "GO:0098954": [],
      "GO:0034592": [],
      "GO:0030672": [],
      "GO:0099013": [],
      "GO:0099012": [
        "8618"
      ],
      "GO:0099026": [
        "27255",
        "53942"
      ],
      "GO:0098888": [],
      "GO:0099056": [
        "23705",
        "148",
        "2897"
      ],
      "SYNGO:presyn_er_membrane": [],
      "SYNGO:presyn_ser": [],
      "GO:0099160": [],
      "GO:0098871": [],
      "GO:0150050": [],
      "GO:0099189": [],
      "GO:0098897": [],
      "GO:0099091": [],
      "GO:0099634": [],
      "GO:0014069": [
        "7074",
        "1607",
        "107",
        "1630",
        "2895",
        "57689",
        "11122",
        "25945",
        "116443",
        "3084",
        "64084",
        "81831"
      ],
      "GO:0099629": [],
      "GO:0098844": [],
      "GO:0098895": [],
      "GO:0098842": [],
      "GO:0098837": [],
      "GO:0099025": [],
      "GO:0098890": [],
      "GO:0099055": [
        "23705",
        "6546",
        "148",
        "8828",
        "23266",
        "3781",
        "2898",
        "23544"
      ],
      "SYNGO:postsyn_er_membrane": [],
      "SYNGO:postsyn_ser": [],
      "GO:0099029": [
        "55799"
      ],
      "GO:0098891": [],
      "GO:0099059": [
        "3084"
      ],
      "GO:0098894": [],
      "GO:0099067": [],
      "GO:0098993": [],
      "GO:0098850": [],
      "GO:0030285": [],
      "GO:0098674": [
        "8618"
      ],
      "GO:0099066": [],
      "SYNGO:presyn_er_membrane_integral": [],
      "SYNGO:presyn_ser_membrane": [],
      "GO:0099065": [],
      "GO:0098892": [],
      "GO:0099060": [],
      "GO:0099092": [],
      "GO:0098839": [
        "7074",
        "1607",
        "107",
        "1630",
        "2895",
        "57689",
        "11122",
        "25945",
        "116443",
        "3084",
        "64084",
        "81831"
      ],
      "GO:0099164": [],
      "GO:0098999": [],
      "GO:0098896": [],
      "GO:0098944": [],
      "SYNGO:postsyn_er_membrane_integral": [],
      "SYNGO:postsyn_ser_membrane": [],
      "SYNGO:presyn_ser_membrane_integral": [],
      "GO:0099031": [],
      "GO:0099147": [
        "7074",
        "1607"
      ],
      "GO:0099061": [
        "107",
        "1630",
        "2895",
        "57689",
        "11122",
        "25945",
        "116443",
        "3084",
        "64084",
        "81831"
      ],
      "GO:0098998": [],
      "GO:0099033": [],
      "GO:0099063": [],
      "SYNGO:postsyn_ser_membrane_integral": []
    }
  }
}