{
  "direct": {
    "hgnc_id": {
      "SYNGO:synprocess": [],
      "SYNGO:presynprocess": [],
      "SYNGO:postsynprocess": [],
      "GO:0099536": [],
      "GO:0050808": [
        "HGNC:18582"
      ],
      "SYNGO:metabolism": [],
      "SYNGO:transport": [],
      "GO:0099509": [],
      "GO:0099505": [],
      "GO:0140238": [],
      "GO:0099504": [],
      "GO:0099525": [
        "HGNC:1426"
      ],
      "GO:0001504": [],
      "GO:0098810": [],
      "SYNGO:presyn_chaperoneProteinFolding": [],
      "GO:0098928": [],
      "GO:0099566": [],
      "GO:0060078": [],
      "GO:0098962": [
        "HGNC:14644"
      ],
      "GO:0099072": [
        "HGNC:4576"
      ],
      "GO:0140239": [],
      "GO:0150038": [],
      "GO:0098926": [],
      "GO:0099537": [],
      "GO:0099538": [],
      "GO:0099163": [],
      "GO:0099172": [],
      "GO:0099173": [],
      "GO:0099563": [],
      "GO:0050807": [
        "HGNC:9682"
      ],
      "GO:0098918": [],
      "GO:0150043": [],
      "GO:0099560": [
        "HGNC:5951",
        "HGNC:29317",
        "HGNC:7997"
      ],
      "GO:0008039": [],
      "GO:0007416": [
        "HGNC:5951"
      ],
      "GO:0098883": [],
      "GO:0060074": [],
      "GO:0099558": [],
      "GO:0099187": [],
      "GO:0099188": [],
      "SYNGO:presyn_ATPmetabolic": [],
      "SYNGO:postsyn_ATPmetabolic": [],
      "GO:0099546": [],
      "GO:0099574": [],
      "GO:0099547": [],
      "GO:0042135": [],
      "GO:0140246": [],
      "GO:0042136": [],
      "GO:0140241": [],
      "GO:0140235": [],
      "GO:0008088": [],
      "GO:0099514": [],
      "GO:0099090": [],
      "GO:0099089": [],
      "GO:0099637": [],
      "GO:1905056": [],
      "GO:0099534": [],
      "GO:0099626": [],
      "GO:0099507": [
        "HGNC:4579",
        "HGNC:4580"
      ],
      "GO:0099508": [],
      "GO:0150047": [],
      "GO:0140232": [],
      "GO:0098693": [],
      "GO:0097091": [],
      "GO:0099532": [],
      "GO:0016079": [],
      "GO:0098700": [],
      "GO:0099180": [],
      "GO:0097401": [],
      "GO:0048488": [],
      "GO:0099161": [],
      "GO:0051580": [],
      "GO:0099526": [],
      "GO:1905059": [],
      "GO:0099567": [],
      "GO:1905060": [
        "HGNC:11068"
      ],
      "GO:0098695": [],
      "GO:0099583": [],
      "GO:0140233": [],
      "GO:1904315": [
        "HGNC:4580",
        "HGNC:4579",
        "HGNC:16767"
      ],
      "GO:1905030": [],
      "GO:0099645": [
        "HGNC:14644"
      ],
      "GO:0098967": [],
      "GO:0098970": [],
      "GO:0098884": [],
      "GO:0150044": [],
      "GO:0099527": [
        "HGNC:7997"
      ],
      "GO:0099541": [],
      "GO:0099540": [],
      "GO:0099543": [],
      "GO:0099545": [],
      "GO:0099157": [],
      "GO:0099183": [],
      "GO:0099550": [],
      "GO:0007268": [],
      "GO:0150045": [],
      "GO:0099174": [
        "HGNC:15460"
      ],
      "GO:0099175": [
        "HGNC:8005",
        "HGNC:2850",
        "HGNC:11805"
      ],
      "GO:0099084": [],
      "GO:0099010": [],
      "GO:0099564": [],
      "GO:1905244": [],
      "GO:0099181": [],
      "GO:0099186": [],
      "GO:0099179": [],
      "GO:0099054": [
        "HGNC:2175",
        "HGNC:5951"
      ],
      "GO:0051963": [],
      "GO:0098698": [],
      "GO:0097104": [],
      "GO:1905806": [],
      "GO:0090128": [],
      "GO:0099559": [],
      "GO:0098880": [
        "HGNC:5951"
      ],
      "GO:0099140": [],
      "GO:0098974": [],
      "GO:0099190": [],
      "SYNGO:presyn_regulationATPmetabolic": [],
      "GO:0099576": [],
      "GO:0099575": [],
      "GO:0099578": [],
      "GO:0099577": [],
      "GO:0140247": [],
      "GO:0140249": [],
      "GO:0140236": [],
      "GO:0140242": [],
      "GO:0098930": [],
      "GO:0098935": [],
      "GO:0099517": [],
      "GO:0099158": [],
      "GO:0098968": [],
      "GO:0098877": [],
      "GO:0098943": [],
      "GO:0016182": [],
      "GO:0016189": [],
      "GO:0099502": [],
      "GO:2000300": [],
      "GO:0016081": [],
      "GO:0031629": [],
      "GO:0016082": [
        "HGNC:1426"
      ],
      "GO:0099162": [],
      "GO:1901546": [],
      "GO:1900242": [],
      "GO:0016185": [],
      "GO:0016191": [],
      "GO:0098872": [],
      "GO:0099579": [],
      "GO:0098696": [
        "HGNC:4454",
        "HGNC:14644"
      ],
      "GO:0099145": [],
      "GO:0150054": [],
      "GO:0099149": [
        "HGNC:7997"
      ],
      "GO:1905539": [],
      "GO:0099542": [],
      "GO:0099548": [],
      "GO:0098942": [
        "HGNC:5951"
      ],
      "GO:0099557": [],
      "GO:0150035": [],
      "GO:0050804": [
        "HGNC:232",
        "HGNC:29317",
        "HGNC:2850",
        "HGNC:6291"
      ],
      "GO:0099531": [],
      "GO:0099565": [],
      "GO:0099159": [],
      "GO:0098885": [],
      "GO:0098987": [],
      "GO:0098882": [],
      "GO:0098699": [],
      "GO:0098973": [],
      "GO:0099184": [],
      "GO:0098879": [],
      "GO:0098919": [],
      "GO:1905606": [
        "HGNC:7997",
        "HGNC:4576"
      ],
      "GO:0150052": [
        "HGNC:17664"
      ],
      "GO:0099150": [],
      "GO:0097107": [],
      "GO:0099562": [],
      "GO:0140251": [],
      "GO:0140252": [],
      "GO:0140245": [],
      "GO:0008089": [],
      "GO:0099088": [],
      "GO:0098937": [],
      "GO:0098939": [],
      "GO:0098961": [],
      "GO:0098934": [],
      "GO:0048490": [],
      "GO:0098969": [],
      "GO:0099639": [],
      "GO:0150037": [],
      "GO:0099148": [],
      "GO:0031630": [],
      "GO:0010807": [],
      "GO:0098694": [],
      "GO:0098921": [],
      "GO:0099553": [],
      "GO:0099555": [],
      "GO:0099171": [
        "HGNC:232",
        "HGNC:277",
        "HGNC:16767"
      ],
      "GO:0099170": [
        "HGNC:2701"
      ],
      "GO:1905274": [
        "HGNC:11805"
      ],
      "GO:0099151": [
        "HGNC:4576"
      ],
      "GO:0099641": [],
      "GO:0140231": [],
      "GO:0098971": [],
      "GO:0098963": [],
      "GO:1903742": [],
      "GO:0098887": [],
      "GO:0099178": [],
      "GO:0150036": [],
      "GO:0098925": [],
      "GO:0098964": [],
      "GO:0099152": []
    },
    "hgnc_symbol": {
      "SYNGO:synprocess": [],
      "SYNGO:presynprocess": [],
      "SYNGO:postsynprocess": [],
      "GO:0099536": [],
      "GO:0050808": [
        "ADGRL2"
      ],
      "SYNGO:metabolism": [],
      "SYNGO:transport": [],
      "GO:0099509": [],
      "GO:0099505": [],
      "GO:0140238": [],
      "GO:0099504": [],
      "GO:0099525": [
        "CADPS"
      ],
      "GO:0001504": [],
      "GO:0098810": [],
      "SYNGO:presyn_chaperoneProteinFolding": [],
      "GO:0098928": [],
      "GO:0099566": [],
      "GO:0060078": [],
      "GO:0098962": [
        "NETO2"
      ],
      "GO:0099072": [
        "GRID2"
      ],
      "GO:0140239": [],
      "GO:0150038": [],
      "GO:0098926": [],
      "GO:0099537": [],
      "GO:0099538": [],
      "GO:0099163": [],
      "GO:0099172": [],
      "GO:0099173": [],
      "GO:0099563": [],
      "GO:0050807": [
        "PTPRT"
      ],
      "GO:0098918": [],
      "GO:0150043": [],
      "GO:0099560": [
        "CADM1",
        "LRRC4C",
        "NRG1"
      ],
      "GO:0008039": [],
      "GO:0007416": [
        "CADM1"
      ],
      "GO:0098883": [],
      "GO:0060074": [],
      "GO:0099558": [],
      "GO:0099187": [],
      "GO:0099188": [],
      "SYNGO:presyn_ATPmetabolic": [],
      "SYNGO:postsyn_ATPmetabolic": [],
      "GO:0099546": [],
      "GO:0099574": [],
      "GO:0099547": [],
      "GO:0042135": [],
      "GO:0140246": [],
      "GO:0042136": [],
      "GO:0140241": [],
      "GO:0140235": [],
      "GO:0008088": [],
      "GO:0099514": [],
      "GO:0099090": [],
      "GO:0099089": [],
      "GO:0099637": [],
      "GO:1905056": [],
      "GO:0099534": [],
      "GO:0099626": [],
      "GO:0099507": [
        "GRIK1",
        "GRIK2"
      ],
      "GO:0099508": [],
      "GO:0150047": [],
      "GO:0140232": [],
      "GO:0098693": [],
      "GO:0097091": [],
      "GO:0099532": [],
      "GO:0016079": [],
      "GO:0098700": [],
      "GO:0099180": [],
      "GO:0097401": [],
      "GO:0048488": [],
      "GO:0099161": [],
      "GO:0051580": [],
      "GO:0099526": [],
      "GO:1905059": [],
      "GO:0099567": [],
      "GO:1905060": [
        "SLC8A1"
      ],
      "GO:0098695": [],
      "GO:0099583": [],
      "GO:0140233": [],
      "GO:1904315": [
        "GRIK2",
        "GRIK1",
        "GRIN3A"
      ],
      "GO:1905030": [],
      "GO:0099645": [
        "NETO2"
      ],
      "GO:0098967": [],
      "GO:0098970": [],
      "GO:0098884": [],
      "GO:0150044": [],
      "GO:0099527": [
        "NRG1"
      ],
      "GO:0099541": [],
      "GO:0099540": [],
      "GO:0099543": [],
      "GO:0099545": [],
      "GO:0099157": [],
      "GO:0099183": [],
      "GO:0099550": [],
      "GO:0007268": [],
      "GO:0150045": [],
      "GO:0099174": [
        "CACNA2D3"
      ],
      "GO:0099175": [
        "NRP2",
        "DGKB",
        "TIAM1"
      ],
      "GO:0099084": [],
      "GO:0099010": [],
      "GO:0099564": [],
      "GO:1905244": [],
      "GO:0099181": [],
      "GO:0099186": [],
      "GO:0099179": [],
      "GO:0099054": [
        "CNTN5",
        "CADM1"
      ],
      "GO:0051963": [],
      "GO:0098698": [],
      "GO:0097104": [],
      "GO:1905806": [],
      "GO:0090128": [],
      "GO:0099559": [],
      "GO:0098880": [
        "CADM1"
      ],
      "GO:0099140": [],
      "GO:0098974": [],
      "GO:0099190": [],
      "SYNGO:presyn_regulationATPmetabolic": [],
      "GO:0099576": [],
      "GO:0099575": [],
      "GO:0099578": [],
      "GO:0099577": [],
      "GO:0140247": [],
      "GO:0140249": [],
      "GO:0140236": [],
      "GO:0140242": [],
      "GO:0098930": [],
      "GO:0098935": [],
      "GO:0099517": [],
      "GO:0099158": [],
      "GO:0098968": [],
      "GO:0098877": [],
      "GO:0098943": [],
      "GO:0016182": [],
      "GO:0016189": [],
      "GO:0099502": [],
      "GO:2000300": [],
      "GO:0016081": [],
      "GO:0031629": [],
      "GO:0016082": [
        "CADPS"
      ],
      "GO:0099162": [],
      "GO:1901546": [],
      "GO:1900242": [],
      "GO:0016185": [],
      "GO:0016191": [],
      "GO:0098872": [],
      "GO:0099579": [],
      "GO:0098696": [
        "GPC6",
        "NETO2"
      ],
      "GO:0099145": [],
      "GO:0150054": [],
      "GO:0099149": [
        "NRG1"
      ],
      "GO:1905539": [],
      "GO:0099542": [],
      "GO:0099548": [],
      "GO:0098942": [
        "CADM1"
      ],
      "GO:0099557": [],
      "GO:0150035": [],
      "GO:0050804": [
        "ADCY1",
        "LRRC4C",
        "DGKB",
        "KCNN2"
      ],
      "GO:0099531": [],
      "GO:0099565": [],
      "GO:0099159": [],
      "GO:0098885": [],
      "GO:0098987": [],
      "GO:0098882": [],
      "GO:0098699": [],
      "GO:0098973": [],
      "GO:0099184": [],
      "GO:0098879": [],
      "GO:0098919": [],
      "GO:1905606": [
        "NRG1",
        "GRID2"
      ],
      "GO:0150052": [
        "NECTIN3"
      ],
      "GO:0099150": [],
      "GO:0097107": [],
      "GO:0099562": [],
      "GO:0140251": [],
      "GO:0140252": [],
      "GO:0140245": [],
      "GO:0008089": [],
      "GO:0099088": [],
      "GO:0098937": [],
      "GO:0098939": [],
      "GO:0098961": [],
      "GO:0098934": [],
      "GO:0048490": [],
      "GO:0098969": [],
      "GO:0099639": [],
      "GO:0150037": [],
      "GO:0099148": [],
      "GO:0031630": [],
      "GO:0010807": [],
      "GO:0098694": [],
      "GO:0098921": [],
      "GO:0099553": [],
      "GO:0099555": [],
      "GO:0099171": [
        "ADCY1",
        "ADRA1A",
        "GRIN3A"
      ],
      "GO:0099170": [
        "DCC"
      ],
      "GO:1905274": [
        "TIAM1"
      ],
      "GO:0099151": [
        "GRID2"
      ],
      "GO:0099641": [],
      "GO:0140231": [],
      "GO:0098971": [],
      "GO:0098963": [],
      "GO:1903742": [],
      "GO:0098887": [],
      "GO:0099178": [],
      "GO:0150036": [],
      "GO:0098925": [],
      "GO:0098964": [],
      "GO:0099152": []
    },
    "ensembl_id": {
      "SYNGO:synprocess": [],
      "SYNGO:presynprocess": [],
      "SYNGO:postsynprocess": [],
      "GO:0099536": [],
      "GO:0050808": [
        "ENSG00000117114"
      ],
      "SYNGO:metabolism": [],
      "SYNGO:transport": [],
      "GO:0099509": [],
      "GO:0099505": [],
      "GO:0140238": [],
      "GO:0099504": [],
      "GO:0099525": [
        "ENSG00000163618"
      ],
      "GO:0001504": [],
      "GO:0098810": [],
      "SYNGO:presyn_chaperoneProteinFolding": [],
      "GO:0098928": [],
      "GO:0099566": [],
      "GO:0060078": [],
      "GO:0098962": [
        "ENSG00000171208"
      ],
      "GO:0099072": [
        "ENSG00000152208"
      ],
      "GO:0140239": [],
      "GO:0150038": [],
      "GO:0098926": [],
      "GO:0099537": [],
      "GO:0099538": [],
      "GO:0099163": [],
      "GO:0099172": [],
      "GO:0099173": [],
      "GO:0099563": [],
      "GO:0050807": [
        "ENSG00000196090"
      ],
      "GO:0098918": [],
      "GO:0150043": [],
      "GO:0099560": [
        "ENSG00000182985",
        "ENSG00000148948",
        "ENSG00000157168"
      ],
      "GO:0008039": [],
      "GO:0007416": [
        "ENSG00000182985"
      ],
      "GO:0098883": [],
      "GO:0060074": [],
      "GO:0099558": [],
      "GO:0099187": [],
      "GO:0099188": [],
      "SYNGO:presyn_ATPmetabolic": [],
      "SYNGO:postsyn_ATPmetabolic": [],
      "GO:0099546": [],
      "GO:0099574": [],
      "GO:0099547": [],
      "GO:0042135": [],
      "GO:0140246": [],
      "GO:0042136": [],
      "GO:0140241": [],
      "GO:0140235": [],
      "GO:0008088": [],
      "GO:0099514": [],
      "GO:0099090": [],
      "GO:0099089": [],
      "GO:0099637": [],
      "GO:1905056": [],
      "GO:0099534": [],
      "GO:0099626": [],
      "GO:0099507": [
        "ENSG00000171189",
        "ENSG00000164418"
      ],
      "GO:0099508": [],
      "GO:0150047": [],
      "GO:0140232": [],
      "GO:0098693": [],
      "GO:0097091": [],
      "GO:0099532": [],
      "GO:0016079": [],
      "GO:0098700": [],
      "GO:0099180": [],
      "GO:0097401": [],
      "GO:0048488": [],
      "GO:0099161": [],
      "GO:0051580": [],
      "GO:0099526": [],
      "GO:1905059": [],
      "GO:0099567": [],
      "GO:1905060": [
        "ENSG00000183023"
      ],
      "GO:0098695": [],
      "GO:0099583": [],
      "GO:0140233": [],
      "GO:1904315": [
        "ENSG00000164418",
        "ENSG00000171189",
        "ENSG00000198785"
      ],
      "GO:1905030": [],
      "GO:0099645": [
        "ENSG00000171208"
      ],
      "GO:0098967": [],
      "GO:0098970": [],
      "GO:0098884": [],
      "GO:0150044": [],
      "GO:0099527": [
        "ENSG00000157168"
      ],
      "GO:0099541": [],
      "GO:0099540": [],
      "GO:0099543": [],
      "GO:0099545": [],
      "GO:0099157": [],
      "GO:0099183": [],
      "GO:0099550": [],
      "GO:0007268": [],
      "GO:0150045": [],
      "GO:0099174": [
        "ENSG00000157445"
      ],
      "GO:0099175": [
        "ENSG00000118257",
        "ENSG00000136267",
        "ENSG00000156299"
      ],
      "GO:0099084": [],
      "GO:0099010": [],
      "GO:0099564": [],
      "GO:1905244": [],
      "GO:0099181": [],
      "GO:0099186": [],
      "GO:0099179": [],
      "GO:0099054": [
        "ENSG00000149972",
        "ENSG00000182985"
      ],
      "GO:0051963": [],
      "GO:0098698": [],
      "GO:0097104": [],
      "GO:1905806": [],
      "GO:0090128": [],
      "GO:0099559": [],
      "GO:0098880": [
        "ENSG00000182985"
      ],
      "GO:0099140": [],
      "GO:0098974": [],
      "GO:0099190": [],
      "SYNGO:presyn_regulationATPmetabolic": [],
      "GO:0099576": [],
      "GO:0099575": [],
      "GO:0099578": [],
      "GO:0099577": [],
      "GO:0140247": [],
      "GO:0140249": [],
      "GO:0140236": [],
      "GO:0140242": [],
      "GO:0098930": [],
      "GO:0098935": [],
      "GO:0099517": [],
      "GO:0099158": [],
      "GO:0098968": [],
      "GO:0098877": [],
      "GO:0098943": [],
      "GO:0016182": [],
      "GO:0016189": [],
      "GO:0099502": [],
      "GO:2000300": [],
      "GO:0016081": [],
      "GO:0031629": [],
      "GO:0016082": [
        "ENSG00000163618"
      ],
      "GO:0099162": [],
      "GO:1901546": [],
      "GO:1900242": [],
      "GO:0016185": [],
      "GO:0016191": [],
      "GO:0098872": [],
      "GO:0099579": [],
      "GO:0098696": [
        "ENSG00000183098",
        "ENSG00000171208"
      ],
      "GO:0099145": [],
      "GO:0150054": [],
      "GO:0099149": [
        "ENSG00000157168"
      ],
      "GO:1905539": [],
      "GO:0099542": [],
      "GO:0099548": [],
      "GO:0098942": [
        "ENSG00000182985"
      ],
      "GO:0099557": [],
      "GO:0150035": [],
      "GO:0050804": [
        "ENSG00000164742",
        "ENSG00000148948",
        "ENSG00000136267",
        "ENSG00000080709"
      ],
      "GO:0099531": [],
      "GO:0099565": [],
      "GO:0099159": [],
      "GO:0098885": [],
      "GO:0098987": [],
      "GO:0098882": [],
      "GO:0098699": [],
      "GO:0098973": [],
      "GO:0099184": [],
      "GO:0098879": [],
      "GO:0098919": [],
      "GO:1905606": [
        "ENSG00000157168",
        "ENSG00000152208"
      ],
      "GO:0150052": [
        "ENSG00000177707"
      ],
      "GO:0099150": [],
      "GO:0097107": [],
      "GO:0099562": [],
      "GO:0140251": [],
      "GO:0140252": [],
      "GO:0140245": [],
      "GO:0008089": [],
      "GO:0099088": [],
      "GO:0098937": [],
      "GO:0098939": [],
      "GO:0098961": [],
      "GO:0098934": [],
      "GO:0048490": [],
      "GO:0098969": [],
      "GO:0099639": [],
      "GO:0150037": [],
      "GO:0099148": [],
      "GO:0031630": [],
      "GO:0010807": [],
      "GO:0098694": [],
      "GO:0098921": [],
      "GO:0099553": [],
      "GO:0099555": [],
      "GO:0099171": [
        "ENSG00000164742",
        "ENSG00000120907",
        "ENSG00000198785"
      ],
      "GO:0099170": [
        "ENSG00000187323"
      ],
      "GO:1905274": [
        "ENSG00000156299"
      ],
      "GO:0099151": [
        "ENSG00000152208"
      ],
      "GO:0099641": [],
      "GO:0140231": [],
      "GO:0098971": [],
      "GO:0098963": [],
      "GO:1903742": [],
      "GO:0098887": [],
      "GO:0099178": [],
      "GO:0150036": [],
      "GO:0098925": [],
      "GO:0098964": [],
      "GO:0099152": []
    },
    "entrez_id": {
      "SYNGO:synprocess": [],
      "SYNGO:presynprocess": [],
      "SYNGO:postsynprocess": [],
      "GO:0099536": [],
      "GO:0050808": [
        "23266"
      ],
      "SYNGO:metabolism": [],
      "SYNGO:transport": [],
      "GO:0099509": [],
      "GO:0099505": [],
      "GO:0140238": [],
      "GO:0099504": [],
      "GO:0099525": [
        "8618"
      ],
      "GO:0001504": [],
      "GO:0098810": [],
      "SYNGO:presyn_chaperoneProteinFolding": [],
      "GO:0098928": [],
      "GO:0099566": [],
      "GO:0060078": [],
      "GO:0098962": [
        "81831"
      ],
      "GO:0099072": [
        "2895"
      ],
      "GO:0140239": [],
      "GO:0150038": [],
      "GO:0098926": [],
      "GO:0099537": [],
      "GO:0099538": [],
      "GO:0099163": [],
      "GO:0099172": [],
      "GO:0099173": [],
      "GO:0099563": [],
      "GO:0050807": [
        "11122"
      ],
      "GO:0098918": [],
      "GO:0150043": [],
      "GO:0099560": [
        "23705",
        "57689",
        "3084"
      ],
      "GO:0008039": [],
      "GO:0007416": [
        "23705"
      ],
      "GO:0098883": [],
      "GO:0060074": [],
      "GO:0099558": [],
      "GO:0099187": [],
      "GO:0099188": [],
      "SYNGO:presyn_ATPmetabolic": [],
      "SYNGO:postsyn_ATPmetabolic": [],
      "GO:0099546": [],
      "GO:0099574": [],
      "GO:0099547": [],
      "GO:0042135": [],
      "GO:0140246": [],
      "GO:0042136": [],
      "GO:0140241": [],
      "GO:0140235": [],
      "GO:0008088": [],
      "GO:0099514": [],
      "GO:0099090": [],
      "GO:0099089": [],
      "GO:0099637": [],
      "GO:1905056": [],
      "GO:0099534": [],
      "GO:0099626": [],
      "GO:0099507": [
        "2897",
        "2898"
      ],
      "GO:0099508": [],
      "GO:0150047": [],
      "GO:0140232": [],
      "GO:0098693": [],
      "GO:0097091": [],
      "GO:0099532": [],
      "GO:0016079": [],
      "GO:0098700": [],
      "GO:0099180": [],
      "GO:0097401": [],
      "GO:0048488": [],
      "GO:0099161": [],
      "GO:0051580": [],
      "GO:0099526": [],
      "GO:1905059": [],
      "GO:0099567": [],
      "GO:1905060": [
        "6546"
      ],
      "GO:0098695": [],
      "GO:0099583": [],
      "GO:0140233": [],
      "GO:1904315": [
        "2898",
        "2897",
        "116443"
      ],
      "GO:1905030": [],
      "GO:0099645": [
        "81831"
      ],
      "GO:0098967": [],
      "GO:0098970": [],
      "GO:0098884": [],
      "GO:0150044": [],
      "GO:0099527": [
        "3084"
      ],
      "GO:0099541": [],
      "GO:0099540": [],
      "GO:0099543": [],
      "GO:0099545": [],
      "GO:0099157": [],
      "GO:0099183": [],
      "GO:0099550": [],
      "GO:0007268": [],
      "GO:0150045": [],
      "GO:0099174": [
        "55799"
      ],
      "GO:0099175": [
        "8828",
        "1607",
        "7074"
      ],
      "GO:0099084": [],
      "GO:0099010": [],
      "GO:0099564": [],
      "GO:1905244": [],
      "GO:0099181": [],
      "GO:0099186": [],
      "GO:0099179": [],
      "GO:0099054": [
        "53942",
        "23705"
      ],
      "GO:0051963": [],
      "GO:0098698": [],
      "GO:0097104": [],
      "GO:1905806": [],
      "GO:0090128": [],
      "GO:0099559": [],
      "GO:0098880": [
        "23705"
      ],
      "GO:0099140": [],
      "GO:0098974": [],
      "GO:0099190": [],
      "SYNGO:presyn_regulationATPmetabolic": [],
      "GO:0099576": [],
      "GO:0099575": [],
      "GO:0099578": [],
      "GO:0099577": [],
      "GO:0140247": [],
      "GO:0140249": [],
      "GO:0140236": [],
      "GO:0140242": [],
      "GO:0098930": [],
      "GO:0098935": [],
      "GO:0099517": [],
      "GO:0099158": [],
      "GO:0098968": [],
      "GO:0098877": [],
      "GO:0098943": [],
      "GO:0016182": [],
      "GO:0016189": [],
      "GO:0099502": [],
      "GO:2000300": [],
      "GO:0016081": [],
      "GO:0031629": [],
      "GO:0016082": [
        "8618"
      ],
      "GO:0099162": [],
      "GO:1901546": [],
      "GO:1900242": [],
      "GO:0016185": [],
      "GO:0016191": [],
      "GO:0098872": [],
      "GO:0099579": [],
      "GO:0098696": [
        "10082",
        "81831"
      ],
      "GO:0099145": [],
      "GO:0150054": [],
      "GO:0099149": [
        "3084"
      ],
      "GO:1905539": [],
      "GO:0099542": [],
      "GO:0099548": [],
      "GO:0098942": [
        "23705"
      ],
      "GO:0099557": [],
      "GO:0150035": [],
      "GO:0050804": [
        "107",
        "57689",
        "1607",
        "3781"
      ],
      "GO:0099531": [],
      "GO:0099565": [],
      "GO:0099159": [],
      "GO:0098885": [],
      "GO:0098987": [],
      "GO:0098882": [],
      "GO:0098699": [],
      "GO:0098973": [],
      "GO:0099184": [],
      "GO:0098879": [],
      "GO:0098919": [],
      "GO:1905606": [
        "3084",
        "2895"
      ],
      "GO:0150052": [
        "25945"
      ],
      "GO:0099150": [],
      "GO:0097107": [],
      "GO:0099562": [],
      "GO:0140251": [],
      "GO:0140252": [],
      "GO:0140245": [],
      "GO:0008089": [],
      "GO:0099088": [],
      "GO:0098937": [],
      "GO:0098939": [],
      "GO:0098961": [],
      "GO:0098934": [],
      "GO:0048490": [],
      "GO:0098969": [],
      "GO:0099639": [],
      "GO:0150037": [],
      "GO:0099148": [],
      "GO:0031630": [],
      "GO:0010807": [],
      "GO:0098694": [],
      "GO:0098921": [],
      "GO:0099553": [],
      "GO:0099555": [],
      "GO:0099171": [
        "107",
        "148",
        "116443"
      ],
      "GO:0099170": [
        "1630"
      ],
      "GO:1905274": [
        "7074"
      ],
      "GO:0099151": [
        "2895"
      ],
      "GO:0099641": [],
      "GO:0140231": [],
      "GO:0098971": [],
      "GO:0098963": [],
      "GO:1903742": [],
      "GO:0098887": [],
      "GO:0099178": [],
      "GO:0150036": [],
      "GO:0098925": [],
      "GO:0098964": [],
      "GO:0099152": []
    }
  },
  "aggregate": {
    "hgnc_id": {
      "SYNGO:synprocess": [
        "HGNC:4579",
        "HGNC:4580",
        "HGNC:1426",
        "HGNC:11068",
        "HGNC:16767",
        "HGNC:14644",
        "HGNC:4576",
        "HGNC:4454",
        "HGNC:7997",
        "HGNC:5951",
        "HGNC:232",
        "HGNC:29317",
        "HGNC:2850",
        "HGNC:6291",
        "HGNC:277",
        "HGNC:2701",
        "HGNC:18582",
        "HGNC:15460",
        "HGNC:8005",
        "HGNC:11805",
        "HGNC:9682",
        "HGNC:2175",
        "HGNC:17664"
      ],
      "SYNGO:presynprocess": [
        "HGNC:4579",
        "HGNC:4580",
        "HGNC:1426"
      ],
      "SYNGO:postsynprocess": [
        "HGNC:11068",
        "HGNC:4580",
        "HGNC:4579",
        "HGNC:16767",
        "HGNC:14644",
        "HGNC:4576",
        "HGNC:4454",
        "HGNC:7997"
      ],
      "GO:0099536": [
        "HGNC:5951",
        "HGNC:232",
        "HGNC:29317",
        "HGNC:2850",
        "HGNC:6291",
        "HGNC:277",
        "HGNC:16767",
        "HGNC:2701"
      ],
      "GO:0050808": [
        "HGNC:18582",
        "HGNC:15460",
        "HGNC:8005",
        "HGNC:2850",
        "HGNC:11805",
        "HGNC:9682",
        "HGNC:5951",
        "HGNC:29317",
        "HGNC:7997",
        "HGNC:2175",
        "HGNC:4576",
        "HGNC:17664"
      ],
      "SYNGO:metabolism": [],
      "SYNGO:transport": [],
      "GO:0099509": [],
      "GO:0099505": [
        "HGNC:4579",
        "HGNC:4580"
      ],
      "GO:0140238": [],
      "GO:0099504": [
        "HGNC:1426"
      ],
      "GO:0099525": [
        "HGNC:1426"
      ],
      "GO:0001504": [],
      "GO:0098810": [],
      "SYNGO:presyn_chaperoneProteinFolding": [],
      "GO:0098928": [],
      "GO:0099566": [
        "HGNC:11068"
      ],
      "GO:0060078": [
        "HGNC:4580",
        "HGNC:4579",
        "HGNC:16767"
      ],
      "GO:0098962": [
        "HGNC:14644"
      ],
      "GO:0099072": [
        "HGNC:4576",
        "HGNC:14644",
        "HGNC:4454",
        "HGNC:7997"
      ],
      "GO:0140239": [],
      "GO:0150038": [],
      "GO:0098926": [
        "HGNC:7997"
      ],
      "GO:0099537": [
        "HGNC:5951",
        "HGNC:232",
        "HGNC:29317",
        "HGNC:2850",
        "HGNC:6291",
        "HGNC:277",
        "HGNC:16767",
        "HGNC:2701"
      ],
      "GO:0099538": [],
      "GO:0099163": [],
      "GO:0099172": [
        "HGNC:15460"
      ],
      "GO:0099173": [
        "HGNC:8005",
        "HGNC:2850",
        "HGNC:11805"
      ],
      "GO:0099563": [
        "HGNC:11805"
      ],
      "GO:0050807": [
        "HGNC:9682"
      ],
      "GO:0098918": [],
      "GO:0150043": [],
      "GO:0099560": [
        "HGNC:5951",
        "HGNC:29317",
        "HGNC:7997"
      ],
      "GO:0008039": [],
      "GO:0007416": [
        "HGNC:5951",
        "HGNC:2175",
        "HGNC:7997",
        "HGNC:4576",
        "HGNC:17664"
      ],
      "GO:0098883": [],
      "GO:0060074": [],
      "GO:0099558": [
        "HGNC:5951"
      ],
      "GO:0099187": [],
      "GO:0099188": [],
      "SYNGO:presyn_ATPmetabolic": [],
      "SYNGO:postsyn_ATPmetabolic": [],
      "GO:0099546": [],
      "GO:0099574": [],
      "GO:0099547": [],
      "GO:0042135": [],
      "GO:0140246": [],
      "GO:0042136": [],
      "GO:0140241": [],
      "GO:0140235": [],
      "GO:0008088": [],
      "GO:0099514": [],
      "GO:0099090": [],
      "GO:0099089": [],
      "GO:0099637": [],
      "GO:1905056": [],
      "GO:0099534": [],
      "GO:0099626": [],
      "GO:0099507": [
        "HGNC:4579",
        "HGNC:4580"
      ],
      "GO:0099508": [],
      "GO:0150047": [],
      "GO:0140232": [],
      "GO:0098693": [],
      "GO:0097091": [],
      "GO:0099532": [],
      "GO:0016079": [
        "HGNC:1426"
      ],
      "GO:0098700": [],
      "GO:0099180": [],
      "GO:0097401": [],
      "GO:0048488": [],
      "GO:0099161": [],
      "GO:0051580": [],
      "GO:0099526": [],
      "GO:1905059": [],
      "GO:0099567": [],
      "GO:1905060": [
        "HGNC:11068"
      ],
      "GO:0098695": [],
      "GO:0099583": [],
      "GO:0140233": [],
      "GO:1904315": [
        "HGNC:4580",
        "HGNC:4579",
        "HGNC:16767"
      ],
      "GO:1905030": [],
      "GO:0099645": [
        "HGNC:14644",
        "HGNC:4454"
      ],
      "GO:0098967": [],
      "GO:0098970": [],
      "GO:0098884": [
        "HGNC:7997"
      ],
      "GO:0150044": [],
      "GO:0099527": [
        "HGNC:7997"
      ],
      "GO:0099541": [],
      "GO:0099540": [],
      "GO:0099543": [],
      "GO:0099545": [
        "HGNC:5951"
      ],
      "GO:0099157": [],
      "GO:0099183": [],
      "GO:0099550": [],
      "GO:0007268": [
        "HGNC:232",
        "HGNC:29317",
        "HGNC:2850",
        "HGNC:6291",
        "HGNC:277",
        "HGNC:16767",
        "HGNC:2701"
      ],
      "GO:0150045": [],
      "GO:0099174": [
        "HGNC:15460"
      ],
      "GO:0099175": [
        "HGNC:8005",
        "HGNC:2850",
        "HGNC:11805"
      ],
      "GO:0099084": [],
      "GO:0099010": [
        "HGNC:11805"
      ],
      "GO:0099564": [],
      "GO:1905244": [],
      "GO:0099181": [],
      "GO:0099186": [],
      "GO:0099179": [],
      "GO:0099054": [
        "HGNC:2175",
        "HGNC:5951"
      ],
      "GO:0051963": [
        "HGNC:7997",
        "HGNC:4576",
        "HGNC:17664"
      ],
      "GO:0098698": [
        "HGNC:4576"
      ],
      "GO:0097104": [],
      "GO:1905806": [],
      "GO:0090128": [],
      "GO:0099559": [],
      "GO:0098880": [
        "HGNC:5951"
      ],
      "GO:0099140": [],
      "GO:0098974": [],
      "GO:0099190": [],
      "SYNGO:presyn_regulationATPmetabolic": [],
      "GO:0099576": [],
      "GO:0099575": [],
      "GO:0099578": [],
      "GO:0099577": [],
      "GO:0140247": [],
      "GO:0140249": [],
      "GO:0140236": [],
      "GO:0140242": [],
      "GO:0098930": [],
      "GO:0098935": [],
      "GO:0099517": [],
      "GO:0099158": [],
      "GO:0098968": [],
      "GO:0098877": [],
      "GO:0098943": [],
      "GO:0016182": [],
      "GO:0016189": [],
      "GO:0099502": [],
      "GO:2000300": [],
      "GO:0016081": [],
      "GO:0031629": [],
      "GO:0016082": [
        "HGNC:1426"
      ],
      "GO:0099162": [],
      "GO:1901546": [],
      "GO:1900242": [],
      "GO:0016185": [],
      "GO:0016191": [],
      "GO:0098872": [],
      "GO:0099579": [],
      "GO:0098696": [
        "HGNC:4454",
        "HGNC:14644"
      ],
      "GO:0099145": [],
      "GO:0150054": [],
      "GO:0099149": [
        "HGNC:7997"
      ],
      "GO:1905539": [],
      "GO:0099542": [],
      "GO:0099548": [],
      "GO:0098942": [
        "HGNC:5951"
      ],
      "GO:0099557": [],
      "GO:0150035": [],
      "GO:0050804": [
        "HGNC:232",
        "HGNC:29317",
        "HGNC:2850",
        "HGNC:6291"
      ],
      "GO:0099531": [
        "HGNC:232",
        "HGNC:277",
        "HGNC:16767"
      ],
      "GO:0099565": [
        "HGNC:2701"
      ],
      "GO:0099159": [],
      "GO:0098885": [
        "HGNC:11805"
      ],
      "GO:0098987": [],
      "GO:0098882": [],
      "GO:0098699": [],
      "GO:0098973": [],
      "GO:0099184": [],
      "GO:0098879": [],
      "GO:0098919": [],
      "GO:1905606": [
        "HGNC:7997",
        "HGNC:4576"
      ],
      "GO:0150052": [
        "HGNC:17664"
      ],
      "GO:0099150": [],
      "GO:0097107": [
        "HGNC:4576"
      ],
      "GO:0099562": [],
      "GO:0140251": [],
      "GO:0140252": [],
      "GO:0140245": [],
      "GO:0008089": [],
      "GO:0099088": [],
      "GO:0098937": [],
      "GO:0098939": [],
      "GO:0098961": [],
      "GO:0098934": [],
      "GO:0048490": [],
      "GO:0098969": [],
      "GO:0099639": [],
      "GO:0150037": [],
      "GO:0099148": [],
      "GO:0031630": [],
      "GO:0010807": [],
      "GO:0098694": [],
      "GO:0098921": [],
      "GO:0099553": [],
      "GO:0099555": [],
      "GO:0099171": [
        "HGNC:232",
        "HGNC:277",
        "HGNC:16767"
      ],
      "GO:0099170": [
        "HGNC:2701"
      ],
      "GO:1905274": [
        "HGNC:11805"
      ],
      "GO:0099151": [
        "HGNC:4576"
      ],
      "GO:0099641": [],
      "GO:0140231": [],
      "GO:0098971": [],
      "GO:0098963": [],
      "GO:1903742": [],
      "GO:0098887": [],
      "GO:0099178": [],
      "GO:0150036": [],
      "GO:0098925": [],
      "GO:0098964": [],
      "GO:0099152": []
    },
    "hgnc_symbol": {
      "SYNGO:synprocess": [
        "GRIK1",
        "GRIK2",
        "CADPS",
        "SLC8A1",
        "GRIN3A",
        "NETO2",
        "GRID2",
        "GPC6",
        "NRG1",
        "CADM1",
        "ADCY1",
        "LRRC4C",
        "DGKB",
        "KCNN2",
        "ADRA1A",
        "DCC",
        "ADGRL2",
        "CACNA2D3",
        "NRP2",
        "TIAM1",
        "PTPRT",
        "CNTN5",
        "NECTIN3"
      ],
      "SYNGO:presynprocess": [
        "GRIK1",
        "GRIK2",
        "CADPS"
      ],
      "SYNGO:postsynprocess": [
        "SLC8A1",
        "GRIK2",
        "GRIK1",
        "GRIN3A",
        "NETO2",
        "GRID2",
        "GPC6",
        "NRG1"
      ],
      "GO:0099536": [
        "CADM1",
        "ADCY1",
        "LRRC4C",
        "DGKB",
        "KCNN2",
        "ADRA1A",
        "GRIN3A",
        "DCC"
      ],
      "GO:0050808": [
        "ADGRL2",
        "CACNA2D3",
        "NRP2",
        "DGKB",
        "TIAM1",
        "PTPRT",
        "CADM1",
        "LRRC4C",
        "NRG1",
        "CNTN5",
        "GRID2",
        "NECTIN3"
      ],
      "SYNGO:metabolism": [],
      "SYNGO:transport": [],
      "GO:0099509": [],
      "GO:0099505": [
        "GRIK1",
        "GRIK2"
      ],
      "GO:0140238": [],
      "GO:0099504": [
        "CADPS"
      ],
      "GO:0099525": [
        "CADPS"
      ],
      "GO:0001504": [],
      "GO:0098810": [],
      "SYNGO:presyn_chaperoneProteinFolding": [],
      "GO:0098928": [],
      "GO:0099566": [
        "SLC8A1"
      ],
      "GO:0060078": [
        "GRIK2",
        "GRIK1",
        "GRIN3A"
      ],
      "GO:0098962": [
        "NETO2"
      ],
      "GO:0099072": [
        "GRID2",
        "NETO2",
        "GPC6",
        "NRG1"
      ],
      "GO:0140239": [],
      "GO:0150038": [],
      "GO:0098926": [
        "NRG1"
      ],
      "GO:0099537": [
        "CADM1",
        "ADCY1",
        "LRRC4C",
        "DGKB",
        "KCNN2",
        "ADRA1A",
        "GRIN3A",
        "DCC"
      ],
      "GO:0099538": [],
      "GO:0099163": [],
      "GO:0099172": [
        "CACNA2D3"
      ],
      "GO:0099173": [
        "NRP2",
        "DGKB",
        "TIAM1"
      ],
      "GO:0099563": [
        "TIAM1"
      ],
      "GO:0050807": [
        "PTPRT"
      ],
      "GO:0098918": [],
      "GO:0150043": [],
      "GO:0099560": [
        "CADM1",
        "LRRC4C",
        "NRG1"
      ],
      "GO:0008039": [],
      "GO:0007416": [
        "CADM1",
        "CNTN5",
        "NRG1",
        "GRID2",
        "NECTIN3"
      ],
      "GO:0098883": [],
      "GO:0060074": [],
      "GO:0099558": [
        "CADM1"
      ],
      "GO:0099187": [],
      "GO:0099188": [],
      "SYNGO:presyn_ATPmetabolic": [],
      "SYNGO:postsyn_ATPmetabolic": [],
      "GO:0099546": [],
      "GO:0099574": [],
      "GO:0099547": [],
      "GO:0042135": [],
      "GO:0140246": [],
      "GO:0042136": [],
      "GO:0140241": [],
      "GO:0140235": [],
      "GO:0008088": [],
      "GO:0099514": [],
      "GO:0099090": [],
      "GO:0099089": [],
      "GO:0099637": [],
      "GO:1905056": [],
      "GO:0099534": [],
      "GO:0099626": [],
      "GO:0099507": [
        "GRIK1",
        "GRIK2"
      ],
      "GO:0099508": [],
      "GO:0150047": [],
      "GO:0140232": [],
      "GO:0098693": [],
      "GO:0097091": [],
      "GO:0099532": [],
      "GO:0016079": [
        "CADPS"
      ],
      "GO:0098700": [],
      "GO:0099180": [],
      "GO:0097401": [],
      "GO:0048488": [],
      "GO:0099161": [],
      "GO:0051580": [],
      "GO:0099526": [],
      "GO:1905059": [],
      "GO:0099567": [],
      "GO:1905060": [
        "SLC8A1"
      ],
      "GO:0098695": [],
      "GO:0099583": [],
      "GO:0140233": [],
      "GO:1904315": [
        "GRIK2",
        "GRIK1",
        "GRIN3A"
      ],
      "GO:1905030": [],
      "GO:0099645": [
        "NETO2",
        "GPC6"
      ],
      "GO:0098967": [],
      "GO:0098970": [],
      "GO:0098884": [
        "NRG1"
      ],
      "GO:0150044": [],
      "GO:0099527": [
        "NRG1"
      ],
      "GO:0099541": [],
      "GO:0099540": [],
      "GO:0099543": [],
      "GO:0099545": [
        "CADM1"
      ],
      "GO:0099157": [],
      "GO:0099183": [],
      "GO:0099550": [],
      "GO:0007268": [
        "ADCY1",
        "LRRC4C",
        "DGKB",
        "KCNN2",
        "ADRA1A",
        "GRIN3A",
        "DCC"
      ],
      "GO:0150045": [],
      "GO:0099174": [
        "CACNA2D3"
      ],
      "GO:0099175": [
        "NRP2",
        "DGKB",
        "TIAM1"
      ],
      "GO:0099084": [],
      "GO:0099010": [
        "TIAM1"
      ],
      "GO:0099564": [],
      "GO:1905244": [],
      "GO:0099181": [],
      "GO:0099186": [],
      "GO:0099179": [],
      "GO:0099054": [
        "CNTN5",
        "CADM1"
      ],
      "GO:0051963": [
        "NRG1",
        "GRID2",
        "NECTIN3"
      ],
      "GO:0098698": [
        "GRID2"
      ],
      "GO:0097104": [],
      "GO:1905806": [],
      "GO:0090128": [],
      "GO:0099559": [],
      "GO:0098880": [
        "CADM1"
      ],
      "GO:0099140": [],
      "GO:0098974": [],
      "GO:0099190": [],
      "SYNGO:presyn_regulationATPmetabolic": [],
      "GO:0099576": [],
      "GO:0099575": [],
      "GO:0099578": [],
      "GO:0099577": [],
      "GO:0140247": [],
      "GO:0140249": [],
      "GO:0140236": [],
      "GO:0140242": [],
      "GO:0098930": [],
      "GO:0098935": [],
      "GO:0099517": [],
      "GO:0099158": [],
      "GO:0098968": [],
      "GO:0098877": [],
      "GO:0098943": [],
      "GO:0016182": [],
      "GO:0016189": [],
      "GO:0099502": [],
      "GO:2000300": [],
      "GO:0016081": [],
      "GO:0031629": [],
      "GO:0016082": [
        "CADPS"
      ],
      "GO:0099162": [],
      "GO:1901546": [],
      "GO:1900242": [],
      "GO:0016185": [],
      "GO:0016191": [],
      "GO:0098872": [],
      "GO:0099579": [],
      "GO:0098696": [
        "GPC6",
        "NETO2"
      ],
      "GO:0099145": [],
      "GO:0150054": [],
      "GO:0099149": [
        "NRG1"
      ],
      "GO:1905539": [],
      "GO:0099542": [],
      "GO:0099548": [],
      "GO:0098942": [
        "CADM1"
      ],
      "GO:0099557": [],
      "GO:0150035": [],
      "GO:0050804": [
        "ADCY1",
        "LRRC4C",
        "DGKB",
        "KCNN2"
      ],
      "GO:0099531": [
        "ADCY1",
        "ADRA1A",
        "GRIN3A"
      ],
      "GO:0099565": [
        "DCC"
      ],
      "GO:0099159": [],
      "GO:0098885": [
        "TIAM1"
      ],
      "GO:0098987": [],
      "GO:0098882": [],
      "GO:0098699": [],
      "GO:0098973": [],
      "GO:0099184": [],
      "GO:0098879": [],
      "GO:0098919": [],
      "GO:1905606": [
        "NRG1",
        "GRID2"
      ],
      "GO:0150052": [
        "NECTIN3"
      ],
      "GO:0099150": [],
      "GO:0097107": [
        "GRID2"
      ],
      "GO:0099562": [],
      "GO:0140251": [],
      "GO:0140252": [],
      "GO:0140245": [],
      "GO:0008089": [],
      "GO:0099088": [],
      "GO:0098937": [],
      "GO:0098939": [],
      "GO:0098961": [],
      "GO:0098934": [],
      "GO:0048490": [],
      "GO:0098969": [],
      "GO:0099639": [],
      "GO:0150037": [],
      "GO:0099148": [],
      "GO:0031630": [],
      "GO:0010807": [],
      "GO:0098694": [],
      "GO:0098921": [],
      "GO:0099553": [],
      "GO:0099555": [],
      "GO:0099171": [
        "ADCY1",
        "ADRA1A",
        "GRIN3A"
      ],
      "GO:0099170": [
        "DCC"
      ],
      "GO:1905274": [
        "TIAM1"
      ],
      "GO:0099151": [
        "GRID2"
      ],
      "GO:0099641": [],
      "GO:0140231": [],
      "GO:0098971": [],
      "GO:0098963": [],
      "GO:1903742": [],
      "GO:0098887": [],
      "GO:0099178": [],
      "GO:0150036": [],
      "GO:0098925": [],
      "GO:0098964": [],
      "GO:0099152": []
    },
    "ensembl_id": {
      "SYNGO:synprocess": [
        "ENSG00000171189",
        "ENSG00000164418",
        "ENSG00000163618",
        "ENSG00000183023",
        "ENSG00000198785",
        "ENSG00000171208",
        "ENSG00000152208",
        "ENSG00000183098",
        "ENSG00000157168",
        "ENSG00000182985",
        "ENSG00000164742",
        "ENSG00000148948",
        "ENSG00000136267",
        "ENSG00000080709",
        "ENSG00000120907",
        "ENSG00000187323",
        "ENSG00000117114",
        "ENSG00000157445",
        "ENSG00000118257",
        "ENSG00000156299",
        "ENSG00000196090",
        "ENSG00000149972",
        "ENSG00000177707"
      ],
      "SYNGO:presynprocess": [
        "ENSG00000171189",
        "ENSG00000164418",
        "ENSG00000163618"
      ],
      "SYNGO:postsynprocess": [
        "ENSG00000183023",
        "ENSG00000164418",
        "ENSG00000171189",
        "ENSG00000198785",
        "ENSG00000171208",
        "ENSG00000152208",
        "ENSG00000183098",
        "ENSG00000157168"
      ],
      "GO:0099536": [
        "ENSG00000182985",
        "ENSG00000164742",
        "ENSG00000148948",
        "ENSG00000136267",
        "ENSG00000080709",
        "ENSG00000120907",
        "ENSG00000198785",
        "ENSG00000187323"
      ],
      "GO:0050808": [
        "ENSG00000117114",
        "ENSG00000157445",
        "ENSG00000118257",
        "ENSG00000136267",
        "ENSG00000156299",
        "ENSG00000196090",
        "ENSG00000182985",
        "ENSG00000148948",
        "ENSG00000157168",
        "ENSG00000149972",
        "ENSG00000152208",
        "ENSG00000177707"
      ],
      "SYNGO:metabolism": [],
      "SYNGO:transport": [],
      "GO:0099509": [],
      "GO:0099505": [
        "ENSG00000171189",
        "ENSG00000164418"
      ],
      "GO:0140238": [],
      "GO:0099504": [
        "ENSG00000163618"
      ],
      "GO:0099525": [
        "ENSG00000163618"
      ],
      "GO:0001504": [],
      "GO:0098810": [],
      "SYNGO:presyn_chaperoneProteinFolding": [],
      "GO:0098928": [],
      "GO:0099566": [
        "ENSG00000183023"
      ],
      "GO:0060078": [
        "ENSG00000164418",
        "ENSG00000171189",
        "ENSG00000198785"
      ],
      "GO:0098962": [
        "ENSG00000171208"
      ],
      "GO:0099072": [
        "ENSG00000152208",
        "ENSG00000171208",
        "ENSG00000183098",
        "ENSG00000157168"
      ],
      "GO:0140239": [],
      "GO:0150038": [],
      "GO:0098926": [
        "ENSG00000157168"
      ],
      "GO:0099537": [
        "ENSG00000182985",
        "ENSG00000164742",
        "ENSG00000148948",
        "ENSG00000136267",
        "ENSG00000080709",
        "ENSG00000120907",
        "ENSG00000198785",
        "ENSG00000187323"
      ],
      "GO:0099538": [],
      "GO:0099163": [],
      "GO:0099172": [
        "ENSG00000157445"
      ],
      "GO:0099173": [
        "ENSG00000118257",
        "ENSG00000136267",
        "ENSG00000156299"
      ],
      "GO:0099563": [
        "ENSG00000156299"
      ],
      "GO:0050807": [
        "ENSG00000196090"
      ],
      "GO:0098918": [],
      "GO:0150043": [],
      "GO:0099560": [
        "ENSG00000182985",
        "ENSG00000148948",
        "ENSG00000157168"
      ],
      "GO:0008039": [],
      "GO:0007416": [
        "ENSG00000182985",
        "ENSG00000149972",
        "ENSG00000157168",
        "ENSG00000152208",
        "ENSG00000177707"
      ],
      "GO:0098883": [],
      "GO:0060074": [],
      "GO:0099558": [
        "ENSG00000182985"
      ],
      "GO:0099187": [],
      "GO:0099188": [],
      "SYNGO:presyn_ATPmetabolic": [],
      "SYNGO:postsyn_ATPmetabolic": [],
      "GO:0099546": [],
      "GO:0099574": [],
      "GO:0099547": [],
      "GO:0042135": [],
      "GO:0140246": [],
      "GO:0042136": [],
      "GO:0140241": [],
      "GO:0140235": [],
      "GO:0008088": [],
      "GO:0099514": [],
      "GO:0099090": [],
      "GO:0099089": [],
      "GO:0099637": [],
      "GO:1905056": [],
      "GO:0099534": [],
      "GO:0099626": [],
      "GO:0099507": [
        "ENSG00000171189",
        "ENSG00000164418"
      ],
      "GO:0099508": [],
      "GO:0150047": [],
      "GO:0140232": [],
      "GO:0098693": [],
      "GO:0097091": [],
      "GO:0099532": [],
      "GO:0016079": [
        "ENSG00000163618"
      ],
      "GO:0098700": [],
      "GO:0099180": [],
      "GO:0097401": [],
      "GO:0048488": [],
      "GO:0099161": [],
      "GO:0051580": [],
      "GO:0099526": [],
      "GO:1905059": [],
      "GO:0099567": [],
      "GO:1905060": [
        "ENSG00000183023"
      ],
      "GO:0098695": [],
      "GO:0099583": [],
      "GO:0140233": [],
      "GO:1904315": [
        "ENSG00000164418",
        "ENSG00000171189",
        "ENSG00000198785"
      ],
      "GO:1905030": [],
      "GO:0099645": [
        "ENSG00000171208",
        "ENSG00000183098"
      ],
      "GO:0098967": [],
      "GO:0098970": [],
      "GO:0098884": [
        "ENSG00000157168"
      ],
      "GO:0150044": [],
      "GO:0099527": [
        "ENSG00000157168"
      ],
      "GO:0099541": [],
      "GO:0099540": [],
      "GO:0099543": [],
      "GO:0099545": [
        "ENSG00000182985"
      ],
      "GO:0099157": [],
      "GO:0099183": [],
      "GO:0099550": [],
      "GO:0007268": [
        "ENSG00000164742",
        "ENSG00000148948",
        "ENSG00000136267",
        "ENSG00000080709",
        "ENSG00000120907",
        "ENSG00000198785",
        "ENSG00000187323"
      ],
      "GO:0150045": [],
      "GO:0099174": [
        "ENSG00000157445"
      ],
      "GO:0099175": [
        "ENSG00000118257",
        "ENSG00000136267",
        "ENSG00000156299"
      ],
      "GO:0099084": [],
      "GO:0099010": [
        "ENSG00000156299"
      ],
      "GO:0099564": [],
      "GO:1905244": [],
      "GO:0099181": [],
      "GO:0099186": [],
      "GO:0099179": [],
      "GO:0099054": [
        "ENSG00000149972",
        "ENSG00000182985"
      ],
      "GO:0051963": [
        "ENSG00000157168",
        "ENSG00000152208",
        "ENSG00000177707"
      ],
      "GO:0098698": [
        "ENSG00000152208"
      ],
      "GO:0097104": [],
      "GO:1905806": [],
      "GO:0090128": [],
      "GO:0099559": [],
      "GO:0098880": [
        "ENSG00000182985"
      ],
      "GO:0099140": [],
      "GO:0098974": [],
      "GO:0099190": [],
      "SYNGO:presyn_regulationATPmetabolic": [],
      "GO:0099576": [],
      "GO:0099575": [],
      "GO:0099578": [],
      "GO:0099577": [],
      "GO:0140247": [],
      "GO:0140249": [],
      "GO:0140236": [],
      "GO:0140242": [],
      "GO:0098930": [],
      "GO:0098935": [],
      "GO:0099517": [],
      "GO:0099158": [],
      "GO:0098968": [],
      "GO:0098877": [],
      "GO:0098943": [],
      "GO:0016182": [],
      "GO:0016189": [],
      "GO:0099502": [],
      "GO:2000300": [],
      "GO:0016081": [],
      "GO:0031629": [],
      "GO:0016082": [
        "ENSG00000163618"
      ],
      "GO:0099162": [],
      "GO:1901546": [],
      "GO:1900242": [],
      "GO:0016185": [],
      "GO:0016191": [],
      "GO:0098872": [],
      "GO:0099579": [],
      "GO:0098696": [
        "ENSG00000183098",
        "ENSG00000171208"
      ],
      "GO:0099145": [],
      "GO:0150054": [],
      "GO:0099149": [
        "ENSG00000157168"
      ],
      "GO:1905539": [],
      "GO:0099542": [],
      "GO:0099548": [],
      "GO:0098942": [
        "ENSG00000182985"
      ],
      "GO:0099557": [],
      "GO:0150035": [],
      "GO:0050804": [
        "ENSG00000164742",
        "ENSG00000148948",
        "ENSG00000136267",
        "ENSG00000080709"
      ],
      "GO:0099531": [
        "ENSG00000164742",
        "ENSG00000120907",
        "ENSG00000198785"
      ],
      "GO:0099565": [
        "ENSG00000187323"
      ],
      "GO:0099159": [],
      "GO:0098885": [
        "ENSG00000156299"
      ],
      "GO:0098987": [],
      "GO:0098882": [],
      "GO:0098699": [],
      "GO:0098973": [],
      "GO:0099184": [],
      "GO:0098879": [],
      "GO:0098919": [],
      "GO:1905606": [
        "ENSG00000157168",
        "ENSG00000152208"
      ],
      "GO:0150052": [
        "ENSG00000177707"
      ],
      "GO:0099150": [],
      "GO:0097107": [
        "ENSG00000152208"
      ],
      "GO:0099562": [],
      "GO:0140251": [],
      "GO:0140252": [],
      "GO:0140245": [],
      "GO:0008089": [],
      "GO:0099088": [],
      "GO:0098937": [],
      "GO:0098939": [],
      "GO:0098961": [],
      "GO:0098934": [],
      "GO:0048490": [],
      "GO:0098969": [],
      "GO:0099639": [],
      "GO:0150037": [],
      "GO:0099148": [],
      "GO:0031630": [],
      "GO:0010807": [],
      "GO:0098694": [],
      "GO:0098921": [],
      "GO:0099553": [],
      "GO:0099555": [],
      "GO:0099171": [
        "ENSG00000164742",
        "ENSG00000120907",
        "ENSG00000198785"
      ],
      "GO:0099170": [
        "ENSG00000187323"
      ],
      "GO:1905274": [
        "ENSG00000156299"
      ],
      "GO:0099151": [
        "ENSG00000152208"
      ],
      "GO:0099641": [],
      "GO:0140231": [],
      "GO:0098971": [],
      "GO:0098963": [],
      "GO:1903742": [],
      "GO:0098887": [],
      "GO:0099178": [],
      "GO:0150036": [],
      "GO:0098925": [],
      "GO:0098964": [],
      "GO:0099152": []
    },
    "entrez_id": {
      "SYNGO:synprocess": [
        "2897",
        "2898",
        "8618",
        "6546",
        "116443",
        "81831",
        "2895",
        "10082",
        "3084",
        "23705",
        "107",
        "57689",
        "1607",
        "3781",
        "148",
        "1630",
        "23266",
        "55799",
        "8828",
        "7074",
        "11122",
        "53942",
        "25945"
      ],
      "SYNGO:presynprocess": [
        "2897",
        "2898",
        "8618"
      ],
      "SYNGO:postsynprocess": [
        "6546",
        "2898",
        "2897",
        "116443",
        "81831",
        "2895",
        "10082",
        "3084"
      ],
      "GO:0099536": [
        "23705",
        "107",
        "57689",
        "1607",
        "3781",
        "148",
        "116443",
        "1630"
      ],
      "GO:0050808": [
        "23266",
        "55799",
        "8828",
        "1607",
        "7074",
        "11122",
        "23705",
        "57689",
        "3084",
        "53942",
        "2895",
        "25945"
      ],
      "SYNGO:metabolism": [],
      "SYNGO:transport": [],
      "GO:0099509": [],
      "GO:0099505": [
        "2897",
        "2898"
      ],
      "GO:0140238": [],
      "GO:0099504": [
        "8618"
      ],
      "GO:0099525": [
        "8618"
      ],
      "GO:0001504": [],
      "GO:0098810": [],
      "SYNGO:presyn_chaperoneProteinFolding": [],
      "GO:0098928": [],
      "GO:0099566": [
        "6546"
      ],
      "GO:0060078": [
        "2898",
        "2897",
        "116443"
      ],
      "GO:0098962": [
        "81831"
      ],
      "GO:0099072": [
        "2895",
        "81831",
        "10082",
        "3084"
      ],
      "GO:0140239": [],
      "GO:0150038": [],
      "GO:0098926": [
        "3084"
      ],
      "GO:0099537": [
        "23705",
        "107",
        "57689",
        "1607",
        "3781",
        "148",
        "116443",
        "1630"
      ],
      "GO:0099538": [],
      "GO:0099163": [],
      "GO:0099172": [
        "55799"
      ],
      "GO:0099173": [
        "8828",
        "1607",
        "7074"
      ],
      "GO:0099563": [
        "7074"
      ],
      "GO:0050807": [
        "11122"
      ],
      "GO:0098918": [],
      "GO:0150043": [],
      "GO:0099560": [
        "23705",
        "57689",
        "3084"
      ],
      "GO:0008039": [],
      "GO:0007416": [
        "23705",
        "53942",
        "3084",
        "2895",
        "25945"
      ],
      "GO:0098883": [],
      "GO:0060074": [],
      "GO:0099558": [
        "23705"
      ],
      "GO:0099187": [],
      "GO:0099188": [],
      "SYNGO:presyn_ATPmetabolic": [],
      "SYNGO:postsyn_ATPmetabolic": [],
      "GO:0099546": [],
      "GO:0099574": [],
      "GO:0099547": [],
      "GO:0042135": [],
      "GO:0140246": [],
      "GO:0042136": [],
      "GO:0140241": [],
      "GO:0140235": [],
      "GO:0008088": [],
      "GO:0099514": [],
      "GO:0099090": [],
      "GO:0099089": [],
      "GO:0099637": [],
      "GO:1905056": [],
      "GO:0099534": [],
      "GO:0099626": [],
      "GO:0099507": [
        "2897",
        "2898"
      ],
      "GO:0099508": [],
      "GO:0150047": [],
      "GO:0140232": [],
      "GO:0098693": [],
      "GO:0097091": [],
      "GO:0099532": [],
      "GO:0016079": [
        "8618"
      ],
      "GO:0098700": [],
      "GO:0099180": [],
      "GO:0097401": [],
      "GO:0048488": [],
      "GO:0099161": [],
      "GO:0051580": [],
      "GO:0099526": [],
      "GO:1905059": [],
      "GO:0099567": [],
      "GO:1905060": [
        "6546"
      ],
      "GO:0098695": [],
      "GO:0099583": [],
      "GO:0140233": [],
      "GO:1904315": [
        "2898",
        "2897",
        "116443"
      ],
      "GO:1905030": [],
      "GO:0099645": [
        "81831",
        "10082"
      ],
      "GO:0098967": [],
      "GO:0098970": [],
      "GO:0098884": [
        "3084"
      ],
      "GO:0150044": [],
      "GO:0099527": [
        "3084"
      ],
      "GO:0099541": [],
      "GO:0099540": [],
      "GO:0099543": [],
      "GO:0099545": [
        "23705"
      ],
      "GO:0099157": [],
      "GO:0099183": [],
      "GO:0099550": [],
      "GO:0007268": [
        "107",
        "57689",
        "1607",
        "3781",
        "148",
        "116443",
        "1630"
      ],
      "GO:0150045": [],
      "GO:0099174": [
        "55799"
      ],
      "GO:0099175": [
        "8828",
        "1607",
        "7074"
      ],
      "GO:0099084": [],
      "GO:0099010": [
        "7074"
      ],
      "GO:0099564": [],
      "GO:1905244": [],
      "GO:0099181": [],
      "GO:0099186": [],
      "GO:0099179": [],
      "GO:0099054": [
        "53942",
        "23705"
      ],
      "GO:0051963": [
        "3084",
        "2895",
        "25945"
      ],
      "GO:0098698": [
        "2895"
      ],
      "GO:0097104": [],
      "GO:1905806": [],
      "GO:0090128": [],
      "GO:0099559": [],
      "GO:0098880": [
        "23705"
      ],
      "GO:0099140": [],
      "GO:0098974": [],
      "GO:0099190": [],
      "SYNGO:presyn_regulationATPmetabolic": [],
      "GO:0099576": [],
      "GO:0099575": [],
      "GO:0099578": [],
      "GO:0099577": [],
      "GO:0140247": [],
      "GO:0140249": [],
      "GO:0140236": [],
      "GO:0140242": [],
      "GO:0098930": [],
      "GO:0098935": [],
      "GO:0099517": [],
      "GO:0099158": [],
      "GO:0098968": [],
      "GO:0098877": [],
      "GO:0098943": [],
      "GO:0016182": [],
      "GO:0016189": [],
      "GO:0099502": [],
      "GO:2000300": [],
      "GO:0016081": [],
      "GO:0031629": [],
      "GO:0016082": [
        "8618"
      ],
      "GO:0099162": [],
      "GO:1901546": [],
      "GO:1900242": [],
      "GO:0016185": [],
      "GO:0016191": [],
      "GO:0098872": [],
      "GO:0099579": [],
      "GO:0098696": [
        "10082",
        "81831"
      ],
      "GO:0099145": [],
      "GO:0150054": [],
      "GO:0099149": [
        "3084"
      ],
      "GO:1905539": [],
      "GO:0099542": [],
      "GO:0099548": [],
      "GO:0098942": [
        "23705"
      ],
      "GO:0099557": [],
      "GO:0150035": [],
      "GO:0050804": [
        "107",
        "57689",
        "1607",
        "3781"
      ],
      "GO:0099531": [
        "107",
        "148",
        "116443"
      ],
      "GO:0099565": [
        "1630"
      ],
      "GO:0099159": [],
      "GO:0098885": [
        "7074"
      ],
      "GO:0098987": [],
      "GO:0098882": [],
      "GO:0098699": [],
      "GO:0098973": [],
      "GO:0099184": [],
      "GO:0098879": [],
      "GO:0098919": [],
      "GO:1905606": [
        "3084",
        "2895"
      ],
      "GO:0150052": [
        "25945"
      ],
      "GO:0099150": [],
      "GO:0097107": [
        "2895"
      ],
      "GO:0099562": [],
      "GO:0140251": [],
      "GO:0140252": [],
      "GO:0140245": [],
      "GO:0008089": [],
      "GO:0099088": [],
      "GO:0098937": [],
      "GO:0098939": [],
      "GO:0098961": [],
      "GO:0098934": [],
      "GO:0048490": [],
      "GO:0098969": [],
      "GO:0099639": [],
      "GO:0150037": [],
      "GO:0099148": [],
      "GO:0031630": [],
      "GO:0010807": [],
      "GO:0098694": [],
      "GO:0098921": [],
      "GO:0099553": [],
      "GO:0099555": [],
      "GO:0099171": [
        "107",
        "148",
        "116443"
      ],
      "GO:0099170": [
        "1630"
      ],
      "GO:1905274": [
        "7074"
      ],
      "GO:0099151": [
        "2895"
      ],
      "GO:0099641": [],
      "GO:0140231": [],
      "GO:0098971": [],
      "GO:0098963": [],
      "GO:1903742": [],
      "GO:0098887": [],
      "GO:0099178": [],
      "GO:0150036": [],
      "GO:0098925": [],
      "GO:0098964": [],
      "GO:0099152": []
    }
  }
}