[
  {
    "user_input_genelist": "TAFA2",
    "idmap": []
  },
  {
    "user_input_genelist": "ARHGAP42",
    "idmap": []
  },
  {
    "user_input_genelist": "SEMA5A",
    "idmap": []
  },
  {
    "user_input_genelist": "TAFA1",
    "idmap": []
  },
  {
    "user_input_genelist": "PDE1A",
    "idmap": []
  },
  {
    "user_input_genelist": "NRG1",
    "idmap": [
      {
        "ensembl_id": "ENSG00000157168",
        "entrez_id": "3084",
        "hgnc_id": "HGNC:7997",
        "hgnc_name": "neuregulin 1",
        "hgnc_symbol": "NRG1",
        "hgnc_synonyms": [
          "NDF",
          "GGF",
          "NRG1-IT2"
        ],
        "user_input_genelist": [
          "NRG1"
        ]
      }
    ]
  },
  {
    "user_input_genelist": "RYR3",
    "idmap": []
  },
  {
    "user_input_genelist": "RUNX2",
    "idmap": []
  },
  {
    "user_input_genelist": "ZMAT4",
    "idmap": []
  },
  {
    "user_input_genelist": "GRIK1",
    "idmap": [
      {
        "ensembl_id": "ENSG00000171189",
        "entrez_id": "2897",
        "hgnc_id": "HGNC:4579",
        "hgnc_name": "glutamate ionotropic receptor kainate type subunit 1",
        "hgnc_symbol": "GRIK1",
        "hgnc_synonyms": [
          "GLUK1",
          "GLUR5"
        ],
        "user_input_genelist": [
          "GRIK1"
        ]
      }
    ]
  },
  {
    "user_input_genelist": "PVRL3",
    "idmap": [
      {
        "ensembl_id": "ENSG00000177707",
        "entrez_id": "25945",
        "hgnc_id": "HGNC:17664",
        "hgnc_name": "nectin cell adhesion molecule 3",
        "hgnc_symbol": "NECTIN3",
        "hgnc_synonyms": [
          "NECTIN-3",
          "PPR3",
          "PVRR3",
          "DKFZP566B0846",
          "CDW113",
          "CD113",
          "PVRL3"
        ],
        "user_input_genelist": [
          "PVRL3"
        ]
      }
    ]
  },
  {
    "user_input_genelist": "ADRA1A",
    "idmap": [
      {
        "ensembl_id": "ENSG00000120907",
        "entrez_id": "148",
        "hgnc_id": "HGNC:277",
        "hgnc_name": "adrenoceptor alpha 1A",
        "hgnc_symbol": "ADRA1A",
        "hgnc_synonyms": [
          "ADRA1L1",
          "ADRA1C"
        ],
        "user_input_genelist": [
          "ADRA1A"
        ]
      }
    ]
  },
  {
    "user_input_genelist": "LARGE",
    "idmap": []
  },
  {
    "user_input_genelist": "CNTN5",
    "idmap": [
      {
        "ensembl_id": "ENSG00000149972",
        "entrez_id": "53942",
        "hgnc_id": "HGNC:2175",
        "hgnc_name": "contactin 5",
        "hgnc_symbol": "CNTN5",
        "hgnc_synonyms": [
          "NB-2",
          "HNB-2"
        ],
        "user_input_genelist": [
          "CNTN5"
        ]
      }
    ]
  },
  {
    "user_input_genelist": "LINC01435",
    "idmap": []
  },
  {
    "user_input_genelist": "TRPM3",
    "idmap": []
  },
  {
    "user_input_genelist": "CACNA2D3",
    "idmap": [
      {
        "ensembl_id": "ENSG00000157445",
        "entrez_id": "55799",
        "hgnc_id": "HGNC:15460",
        "hgnc_name": "calcium voltage-gated channel auxiliary subunit alpha2delta 3",
        "hgnc_symbol": "CACNA2D3",
        "hgnc_synonyms": [
          "HSA272268",
          "ALPHA2DELTA-3"
        ],
        "user_input_genelist": [
          "CACNA2D3"
        ]
      }
    ]
  },
  {
    "user_input_genelist": "PCSK6",
    "idmap": []
  },
  {
    "user_input_genelist": "FHOD3",
    "idmap": []
  },
  {
    "user_input_genelist": "GPC5",
    "idmap": []
  },
  {
    "user_input_genelist": "TIAM1",
    "idmap": [
      {
        "ensembl_id": "ENSG00000156299",
        "entrez_id": "7074",
        "hgnc_id": "HGNC:11805",
        "hgnc_name": "TIAM Rac1 associated GEF 1",
        "hgnc_symbol": "TIAM1",
        "hgnc_synonyms": [],
        "user_input_genelist": [
          "TIAM1"
        ]
      }
    ]
  },
  {
    "user_input_genelist": "GRID2",
    "idmap": [
      {
        "ensembl_id": "ENSG00000152208",
        "entrez_id": "2895",
        "hgnc_id": "HGNC:4576",
        "hgnc_name": "glutamate ionotropic receptor delta type subunit 2",
        "hgnc_symbol": "GRID2",
        "hgnc_synonyms": [
          "GLUR-DELTA-2"
        ],
        "user_input_genelist": [
          "GRID2"
        ]
      }
    ]
  },
  {
    "user_input_genelist": "ANO4",
    "idmap": []
  },
  {
    "user_input_genelist": "CNTN6",
    "idmap": [
      {
        "ensembl_id": "ENSG00000134115",
        "entrez_id": "27255",
        "hgnc_id": "HGNC:2176",
        "hgnc_name": "contactin 6",
        "hgnc_symbol": "CNTN6",
        "hgnc_synonyms": [
          "NB-3"
        ],
        "user_input_genelist": [
          "CNTN6"
        ]
      }
    ]
  },
  {
    "user_input_genelist": "PLD5",
    "idmap": []
  },
  {
    "user_input_genelist": "SEZ6L",
    "idmap": [
      {
        "ensembl_id": "ENSG00000100095",
        "entrez_id": "23544",
        "hgnc_id": "HGNC:10763",
        "hgnc_name": "seizure related 6 homolog like",
        "hgnc_symbol": "SEZ6L",
        "hgnc_synonyms": [
          "SEZ6L1"
        ],
        "user_input_genelist": [
          "SEZ6L"
        ]
      }
    ]
  },
  {
    "user_input_genelist": "CDH20",
    "idmap": []
  },
  {
    "user_input_genelist": "COL24A1",
    "idmap": []
  },
  {
    "user_input_genelist": "NWD2",
    "idmap": [
      {
        "ensembl_id": "ENSG00000174145",
        "entrez_id": "57495",
        "hgnc_id": "HGNC:29229",
        "hgnc_name": "NACHT and WD repeat domain containing 2",
        "hgnc_symbol": "NWD2",
        "hgnc_synonyms": [
          "KIAA1239"
        ],
        "user_input_genelist": [
          "NWD2"
        ]
      }
    ]
  },
  {
    "user_input_genelist": "HCRTR2",
    "idmap": []
  },
  {
    "user_input_genelist": "LMO4",
    "idmap": []
  },
  {
    "user_input_genelist": "CADM1",
    "idmap": [
      {
        "ensembl_id": "ENSG00000182985",
        "entrez_id": "23705",
        "hgnc_id": "HGNC:5951",
        "hgnc_name": "cell adhesion molecule 1",
        "hgnc_symbol": "CADM1",
        "hgnc_synonyms": [
          "NECL2",
          "ST17",
          "BL2",
          "SYNCAM",
          "IGSF4A",
          "NECL-2",
          "SYNCAM1",
          "RA175",
          "TSLC1",
          "IGSF4"
        ],
        "user_input_genelist": [
          "CADM1"
        ]
      }
    ]
  },
  {
    "user_input_genelist": "GPC6",
    "idmap": [
      {
        "ensembl_id": "ENSG00000183098",
        "entrez_id": "10082",
        "hgnc_id": "HGNC:4454",
        "hgnc_name": "glypican 6",
        "hgnc_symbol": "GPC6",
        "hgnc_synonyms": [],
        "user_input_genelist": [
          "GPC6"
        ]
      }
    ]
  },
  {
    "user_input_genelist": "LINC00836",
    "idmap": []
  },
  {
    "user_input_genelist": "CNTN4",
    "idmap": []
  },
  {
    "user_input_genelist": "ARHGAP26",
    "idmap": []
  },
  {
    "user_input_genelist": "CLSTN2",
    "idmap": [
      {
        "ensembl_id": "ENSG00000158258",
        "entrez_id": "64084",
        "hgnc_id": "HGNC:17448",
        "hgnc_name": "calsyntenin 2",
        "hgnc_symbol": "CLSTN2",
        "hgnc_synonyms": [
          "CSTN2",
          "CS2",
          "FLJ39113",
          "CDHR13"
        ],
        "user_input_genelist": [
          "CLSTN2"
        ]
      }
    ]
  },
  {
    "user_input_genelist": "NCALD",
    "idmap": []
  },
  {
    "user_input_genelist": "SORCS1",
    "idmap": []
  },
  {
    "user_input_genelist": "ADGRL2",
    "idmap": [
      {
        "ensembl_id": "ENSG00000117114",
        "entrez_id": "23266",
        "hgnc_id": "HGNC:18582",
        "hgnc_name": "adhesion G protein-coupled receptor L2",
        "hgnc_symbol": "ADGRL2",
        "hgnc_synonyms": [
          "KIAA0786",
          "LEC1",
          "CIRL2",
          "LPHH1",
          "LPHN2"
        ],
        "user_input_genelist": [
          "ADGRL2"
        ]
      }
    ]
  },
  {
    "user_input_genelist": "LRRC4C",
    "idmap": [
      {
        "ensembl_id": "ENSG00000148948",
        "entrez_id": "57689",
        "hgnc_id": "HGNC:29317",
        "hgnc_name": "leucine rich repeat containing 4C",
        "hgnc_symbol": "LRRC4C",
        "hgnc_synonyms": [
          "KIAA1580",
          "NGL-1"
        ],
        "user_input_genelist": [
          "LRRC4C"
        ]
      }
    ]
  },
  {
    "user_input_genelist": "NRP2",
    "idmap": [
      {
        "ensembl_id": "ENSG00000118257",
        "entrez_id": "8828",
        "hgnc_id": "HGNC:8005",
        "hgnc_name": "neuropilin 2",
        "hgnc_symbol": "NRP2",
        "hgnc_synonyms": [
          "VEGF165R2"
        ],
        "user_input_genelist": [
          "NRP2"
        ]
      }
    ]
  },
  {
    "user_input_genelist": "SLC8A1",
    "idmap": [
      {
        "ensembl_id": "ENSG00000183023",
        "entrez_id": "6546",
        "hgnc_id": "HGNC:11068",
        "hgnc_name": "solute carrier family 8 member A1",
        "hgnc_symbol": "SLC8A1",
        "hgnc_synonyms": [
          "NCX1"
        ],
        "user_input_genelist": [
          "SLC8A1"
        ]
      }
    ]
  },
  {
    "user_input_genelist": "MAMDC2",
    "idmap": []
  },
  {
    "user_input_genelist": "CAMK1D",
    "idmap": []
  },
  {
    "user_input_genelist": "SLC2A13",
    "idmap": []
  },
  {
    "user_input_genelist": "CADPS",
    "idmap": [
      {
        "ensembl_id": "ENSG00000163618",
        "entrez_id": "8618",
        "hgnc_id": "HGNC:1426",
        "hgnc_name": "calcium dependent secretion activator",
        "hgnc_symbol": "CADPS",
        "hgnc_synonyms": [
          "KIAA1121",
          "UNC-31",
          "CADPS1"
        ],
        "user_input_genelist": [
          "CADPS"
        ]
      }
    ]
  },
  {
    "user_input_genelist": "SUPT3H",
    "idmap": []
  },
  {
    "user_input_genelist": "ISPD",
    "idmap": []
  },
  {
    "user_input_genelist": "RALYL",
    "idmap": []
  },
  {
    "user_input_genelist": "PDE4D",
    "idmap": []
  },
  {
    "user_input_genelist": "LOC101927026",
    "idmap": []
  },
  {
    "user_input_genelist": "ATP1A1",
    "idmap": []
  },
  {
    "user_input_genelist": "EDIL3",
    "idmap": []
  },
  {
    "user_input_genelist": "LRRC1",
    "idmap": []
  },
  {
    "user_input_genelist": "SORBS1",
    "idmap": []
  },
  {
    "user_input_genelist": "ENOX1",
    "idmap": []
  },
  {
    "user_input_genelist": "CNTN3",
    "idmap": []
  },
  {
    "user_input_genelist": "ARAP2",
    "idmap": []
  },
  {
    "user_input_genelist": "SRRM4",
    "idmap": []
  },
  {
    "user_input_genelist": "MAST4",
    "idmap": []
  },
  {
    "user_input_genelist": "KHDRBS3",
    "idmap": []
  },
  {
    "user_input_genelist": "AFF3",
    "idmap": []
  },
  {
    "user_input_genelist": "NELL1",
    "idmap": []
  },
  {
    "user_input_genelist": "ESRRG",
    "idmap": []
  },
  {
    "user_input_genelist": "COL12A1",
    "idmap": []
  },
  {
    "user_input_genelist": "ARID5B",
    "idmap": []
  },
  {
    "user_input_genelist": "SDK1",
    "idmap": []
  },
  {
    "user_input_genelist": "TCF12",
    "idmap": []
  },
  {
    "user_input_genelist": "PRUNE2",
    "idmap": [
      {
        "ensembl_id": "ENSG00000106772",
        "entrez_id": "158471",
        "hgnc_id": "HGNC:25209",
        "hgnc_name": "prune homolog 2 with BCH domain",
        "hgnc_symbol": "PRUNE2",
        "hgnc_synonyms": [
          "BMCC1",
          "BNIPXL",
          "A214N16.3",
          "BA214N16.3",
          "C9ORF65",
          "KIAA0367"
        ],
        "user_input_genelist": [
          "PRUNE2"
        ]
      }
    ]
  },
  {
    "user_input_genelist": "ADCY1",
    "idmap": [
      {
        "ensembl_id": "ENSG00000164742",
        "entrez_id": "107",
        "hgnc_id": "HGNC:232",
        "hgnc_name": "adenylate cyclase 1",
        "hgnc_symbol": "ADCY1",
        "hgnc_synonyms": [
          "DFNB44"
        ],
        "user_input_genelist": [
          "ADCY1"
        ]
      }
    ]
  },
  {
    "user_input_genelist": "GAS2",
    "idmap": []
  },
  {
    "user_input_genelist": "GRIK2",
    "idmap": [
      {
        "ensembl_id": "ENSG00000164418",
        "entrez_id": "2898",
        "hgnc_id": "HGNC:4580",
        "hgnc_name": "glutamate ionotropic receptor kainate type subunit 2",
        "hgnc_symbol": "GRIK2",
        "hgnc_synonyms": [
          "GLUK2",
          "MRT6",
          "GLUR-6",
          "EAA4",
          "GLUK6",
          "GLUR6"
        ],
        "user_input_genelist": [
          "GRIK2"
        ]
      }
    ]
  },
  {
    "user_input_genelist": "NETO2",
    "idmap": [
      {
        "ensembl_id": "ENSG00000171208",
        "entrez_id": "81831",
        "hgnc_id": "HGNC:14644",
        "hgnc_name": "neuropilin and tolloid like 2",
        "hgnc_symbol": "NETO2",
        "hgnc_synonyms": [
          "FLJ10430",
          "NEOT2"
        ],
        "user_input_genelist": [
          "NETO2"
        ]
      }
    ]
  },
  {
    "user_input_genelist": "LOC100506457",
    "idmap": []
  },
  {
    "user_input_genelist": "C8ORF34",
    "idmap": []
  },
  {
    "user_input_genelist": "PCSK2",
    "idmap": []
  },
  {
    "user_input_genelist": "KCNN2",
    "idmap": [
      {
        "ensembl_id": "ENSG00000080709",
        "entrez_id": "3781",
        "hgnc_id": "HGNC:6291",
        "hgnc_name": "potassium calcium-activated channel subfamily N member 2",
        "hgnc_symbol": "KCNN2",
        "hgnc_synonyms": [
          "KCA2.2",
          "HSK2"
        ],
        "user_input_genelist": [
          "KCNN2"
        ]
      }
    ]
  },
  {
    "user_input_genelist": "ROBO1",
    "idmap": []
  },
  {
    "user_input_genelist": "PPARGC1A",
    "idmap": []
  },
  {
    "user_input_genelist": "MAN1A1",
    "idmap": []
  },
  {
    "user_input_genelist": "ZNF804A",
    "idmap": []
  },
  {
    "user_input_genelist": "GRIN3A",
    "idmap": [
      {
        "ensembl_id": "ENSG00000198785",
        "entrez_id": "116443",
        "hgnc_id": "HGNC:16767",
        "hgnc_name": "glutamate ionotropic receptor NMDA type subunit 3A",
        "hgnc_symbol": "GRIN3A",
        "hgnc_synonyms": [
          "GLUN3A"
        ],
        "user_input_genelist": [
          "GRIN3A"
        ]
      }
    ]
  },
  {
    "user_input_genelist": "NCAM2",
    "idmap": [
      {
        "ensembl_id": "ENSG00000154654",
        "entrez_id": "4685",
        "hgnc_id": "HGNC:7657",
        "hgnc_name": "neural cell adhesion molecule 2",
        "hgnc_symbol": "NCAM2",
        "hgnc_synonyms": [
          "NCAM21",
          "MGC51008"
        ],
        "user_input_genelist": [
          "NCAM2"
        ]
      }
    ]
  },
  {
    "user_input_genelist": "DCC",
    "idmap": [
      {
        "ensembl_id": "ENSG00000187323",
        "entrez_id": "1630",
        "hgnc_id": "HGNC:2701",
        "hgnc_name": "DCC netrin 1 receptor",
        "hgnc_symbol": "DCC",
        "hgnc_synonyms": [
          "IGDCC1",
          "NTN1R1"
        ],
        "user_input_genelist": [
          "DCC"
        ]
      }
    ]
  },
  {
    "user_input_genelist": "DGKB",
    "idmap": [
      {
        "ensembl_id": "ENSG00000136267",
        "entrez_id": "1607",
        "hgnc_id": "HGNC:2850",
        "hgnc_name": "diacylglycerol kinase beta",
        "hgnc_symbol": "DGKB",
        "hgnc_synonyms": [
          "KIAA0718",
          "DGK-BETA",
          "DAGK2"
        ],
        "user_input_genelist": [
          "DGKB"
        ]
      }
    ]
  },
  {
    "user_input_genelist": "PDZRN4",
    "idmap": []
  },
  {
    "user_input_genelist": "SPON1",
    "idmap": []
  },
  {
    "user_input_genelist": "B3GALT1",
    "idmap": []
  },
  {
    "user_input_genelist": "PTPRT",
    "idmap": [
      {
        "ensembl_id": "ENSG00000196090",
        "entrez_id": "11122",
        "hgnc_id": "HGNC:9682",
        "hgnc_name": "protein tyrosine phosphatase receptor type T",
        "hgnc_symbol": "PTPRT",
        "hgnc_synonyms": [
          "RPTPRHO",
          "KIAA0283"
        ],
        "user_input_genelist": [
          "PTPRT"
        ]
      }
    ]
  }
]