{
  "direct": {
    "hgnc_id": {
      "GO:0045202": [
        "HGNC:2661"
      ],
      "GO:0097060": [],
      "GO:0098793": [],
      "GO:0043083": [],
      "GO:0098794": [
        "HGNC:22394"
      ],
      "GO:0099544": [],
      "GO:0099243": [],
      "GO:0099699": [
        "HGNC:7657",
        "HGNC:21207"
      ],
      "GO:0099523": [
        "HGNC:9393",
        "HGNC:2495"
      ],
      "GO:0099569": [],
      "GO:0048786": [],
      "GO:0098833": [],
      "GO:0098830": [],
      "GO:0008021": [],
      "GO:0098992": [],
      "GO:0042734": [
        "HGNC:22394"
      ],
      "SYNGO:presyn_ribosome": [],
      "SYNGO:presyn_er": [],
      "GO:0098965": [],
      "GO:0099524": [],
      "GO:0099571": [],
      "GO:0097444": [],
      "GO:0150051": [],
      "GO:0099572": [],
      "GO:0098843": [],
      "GO:0098845": [],
      "GO:0045211": [],
      "SYNGO:postsyn_ribosome": [],
      "SYNGO:postsyn_er": [],
      "GO:0098966": [],
      "GO:0099182": [],
      "GO:0099143": [],
      "GO:0098831": [
        "HGNC:2495"
      ],
      "GO:0048787": [
        "HGNC:22394"
      ],
      "GO:0098835": [],
      "GO:0098954": [],
      "GO:0034592": [],
      "GO:0030672": [],
      "GO:0099013": [],
      "GO:0099012": [],
      "GO:0099026": [],
      "GO:0098888": [],
      "GO:0099056": [],
      "SYNGO:presyn_er_membrane": [],
      "SYNGO:presyn_ser": [],
      "GO:0099160": [],
      "GO:0098871": [],
      "GO:0150050": [],
      "GO:0099189": [],
      "GO:0098897": [],
      "GO:0099091": [],
      "GO:0099634": [],
      "GO:0014069": [],
      "GO:0099629": [],
      "GO:0098844": [],
      "GO:0098895": [],
      "GO:0098842": [],
      "GO:0098837": [],
      "GO:0099025": [],
      "GO:0098890": [],
      "GO:0099055": [
        "HGNC:10763"
      ],
      "SYNGO:postsyn_er_membrane": [],
      "SYNGO:postsyn_ser": [],
      "GO:0099029": [],
      "GO:0098891": [],
      "GO:0099059": [],
      "GO:0098894": [],
      "GO:0099067": [],
      "GO:0098993": [],
      "GO:0098850": [],
      "GO:0030285": [],
      "GO:0098674": [],
      "GO:0099066": [],
      "SYNGO:presyn_er_membrane_integral": [],
      "SYNGO:presyn_ser_membrane": [],
      "GO:0099065": [],
      "GO:0098892": [],
      "GO:0099060": [],
      "GO:0099092": [],
      "GO:0098839": [],
      "GO:0099164": [],
      "GO:0098999": [],
      "GO:0098896": [],
      "GO:0098944": [],
      "SYNGO:postsyn_er_membrane_integral": [],
      "SYNGO:postsyn_ser_membrane": [],
      "SYNGO:presyn_ser_membrane_integral": [],
      "GO:0099031": [],
      "GO:0099147": [],
      "GO:0099061": [
        "HGNC:6144"
      ],
      "GO:0098998": [],
      "GO:0099033": [],
      "GO:0099063": [],
      "SYNGO:postsyn_ser_membrane_integral": []
    },
    "hgnc_symbol": {
      "GO:0045202": [
        "DAB1"
      ],
      "GO:0097060": [],
      "GO:0098793": [],
      "GO:0043083": [],
      "GO:0098794": [
        "KCTD8"
      ],
      "GO:0099544": [],
      "GO:0099243": [],
      "GO:0099699": [
        "NCAM2",
        "LINGO2"
      ],
      "GO:0099523": [
        "PRKCA",
        "CTBP2"
      ],
      "GO:0099569": [],
      "GO:0048786": [],
      "GO:0098833": [],
      "GO:0098830": [],
      "GO:0008021": [],
      "GO:0098992": [],
      "GO:0042734": [
        "KCTD8"
      ],
      "SYNGO:presyn_ribosome": [],
      "SYNGO:presyn_er": [],
      "GO:0098965": [],
      "GO:0099524": [],
      "GO:0099571": [],
      "GO:0097444": [],
      "GO:0150051": [],
      "GO:0099572": [],
      "GO:0098843": [],
      "GO:0098845": [],
      "GO:0045211": [],
      "SYNGO:postsyn_ribosome": [],
      "SYNGO:postsyn_er": [],
      "GO:0098966": [],
      "GO:0099182": [],
      "GO:0099143": [],
      "GO:0098831": [
        "CTBP2"
      ],
      "GO:0048787": [
        "KCTD8"
      ],
      "GO:0098835": [],
      "GO:0098954": [],
      "GO:0034592": [],
      "GO:0030672": [],
      "GO:0099013": [],
      "GO:0099012": [],
      "GO:0099026": [],
      "GO:0098888": [],
      "GO:0099056": [],
      "SYNGO:presyn_er_membrane": [],
      "SYNGO:presyn_ser": [],
      "GO:0099160": [],
      "GO:0098871": [],
      "GO:0150050": [],
      "GO:0099189": [],
      "GO:0098897": [],
      "GO:0099091": [],
      "GO:0099634": [],
      "GO:0014069": [],
      "GO:0099629": [],
      "GO:0098844": [],
      "GO:0098895": [],
      "GO:0098842": [],
      "GO:0098837": [],
      "GO:0099025": [],
      "GO:0098890": [],
      "GO:0099055": [
        "SEZ6L"
      ],
      "SYNGO:postsyn_er_membrane": [],
      "SYNGO:postsyn_ser": [],
      "GO:0099029": [],
      "GO:0098891": [],
      "GO:0099059": [],
      "GO:0098894": [],
      "GO:0099067": [],
      "GO:0098993": [],
      "GO:0098850": [],
      "GO:0030285": [],
      "GO:0098674": [],
      "GO:0099066": [],
      "SYNGO:presyn_er_membrane_integral": [],
      "SYNGO:presyn_ser_membrane": [],
      "GO:0099065": [],
      "GO:0098892": [],
      "GO:0099060": [],
      "GO:0099092": [],
      "GO:0098839": [],
      "GO:0099164": [],
      "GO:0098999": [],
      "GO:0098896": [],
      "GO:0098944": [],
      "SYNGO:postsyn_er_membrane_integral": [],
      "SYNGO:postsyn_ser_membrane": [],
      "SYNGO:presyn_ser_membrane_integral": [],
      "GO:0099031": [],
      "GO:0099147": [],
      "GO:0099061": [
        "ITGA8"
      ],
      "GO:0098998": [],
      "GO:0099033": [],
      "GO:0099063": [],
      "SYNGO:postsyn_ser_membrane_integral": []
    },
    "ensembl_id": {
      "GO:0045202": [
        "ENSG00000173406"
      ],
      "GO:0097060": [],
      "GO:0098793": [],
      "GO:0043083": [],
      "GO:0098794": [
        "ENSG00000183783"
      ],
      "GO:0099544": [],
      "GO:0099243": [],
      "GO:0099699": [
        "ENSG00000154654",
        "ENSG00000174482"
      ],
      "GO:0099523": [
        "ENSG00000154229",
        "ENSG00000175029"
      ],
      "GO:0099569": [],
      "GO:0048786": [],
      "GO:0098833": [],
      "GO:0098830": [],
      "GO:0008021": [],
      "GO:0098992": [],
      "GO:0042734": [
        "ENSG00000183783"
      ],
      "SYNGO:presyn_ribosome": [],
      "SYNGO:presyn_er": [],
      "GO:0098965": [],
      "GO:0099524": [],
      "GO:0099571": [],
      "GO:0097444": [],
      "GO:0150051": [],
      "GO:0099572": [],
      "GO:0098843": [],
      "GO:0098845": [],
      "GO:0045211": [],
      "SYNGO:postsyn_ribosome": [],
      "SYNGO:postsyn_er": [],
      "GO:0098966": [],
      "GO:0099182": [],
      "GO:0099143": [],
      "GO:0098831": [
        "ENSG00000175029"
      ],
      "GO:0048787": [
        "ENSG00000183783"
      ],
      "GO:0098835": [],
      "GO:0098954": [],
      "GO:0034592": [],
      "GO:0030672": [],
      "GO:0099013": [],
      "GO:0099012": [],
      "GO:0099026": [],
      "GO:0098888": [],
      "GO:0099056": [],
      "SYNGO:presyn_er_membrane": [],
      "SYNGO:presyn_ser": [],
      "GO:0099160": [],
      "GO:0098871": [],
      "GO:0150050": [],
      "GO:0099189": [],
      "GO:0098897": [],
      "GO:0099091": [],
      "GO:0099634": [],
      "GO:0014069": [],
      "GO:0099629": [],
      "GO:0098844": [],
      "GO:0098895": [],
      "GO:0098842": [],
      "GO:0098837": [],
      "GO:0099025": [],
      "GO:0098890": [],
      "GO:0099055": [
        "ENSG00000100095"
      ],
      "SYNGO:postsyn_er_membrane": [],
      "SYNGO:postsyn_ser": [],
      "GO:0099029": [],
      "GO:0098891": [],
      "GO:0099059": [],
      "GO:0098894": [],
      "GO:0099067": [],
      "GO:0098993": [],
      "GO:0098850": [],
      "GO:0030285": [],
      "GO:0098674": [],
      "GO:0099066": [],
      "SYNGO:presyn_er_membrane_integral": [],
      "SYNGO:presyn_ser_membrane": [],
      "GO:0099065": [],
      "GO:0098892": [],
      "GO:0099060": [],
      "GO:0099092": [],
      "GO:0098839": [],
      "GO:0099164": [],
      "GO:0098999": [],
      "GO:0098896": [],
      "GO:0098944": [],
      "SYNGO:postsyn_er_membrane_integral": [],
      "SYNGO:postsyn_ser_membrane": [],
      "SYNGO:presyn_ser_membrane_integral": [],
      "GO:0099031": [],
      "GO:0099147": [],
      "GO:0099061": [
        "ENSG00000077943"
      ],
      "GO:0098998": [],
      "GO:0099033": [],
      "GO:0099063": [],
      "SYNGO:postsyn_ser_membrane_integral": []
    },
    "entrez_id": {
      "GO:0045202": [
        "1600"
      ],
      "GO:0097060": [],
      "GO:0098793": [],
      "GO:0043083": [],
      "GO:0098794": [
        "386617"
      ],
      "GO:0099544": [],
      "GO:0099243": [],
      "GO:0099699": [
        "4685",
        "158038"
      ],
      "GO:0099523": [
        "5578",
        "1488"
      ],
      "GO:0099569": [],
      "GO:0048786": [],
      "GO:0098833": [],
      "GO:0098830": [],
      "GO:0008021": [],
      "GO:0098992": [],
      "GO:0042734": [
        "386617"
      ],
      "SYNGO:presyn_ribosome": [],
      "SYNGO:presyn_er": [],
      "GO:0098965": [],
      "GO:0099524": [],
      "GO:0099571": [],
      "GO:0097444": [],
      "GO:0150051": [],
      "GO:0099572": [],
      "GO:0098843": [],
      "GO:0098845": [],
      "GO:0045211": [],
      "SYNGO:postsyn_ribosome": [],
      "SYNGO:postsyn_er": [],
      "GO:0098966": [],
      "GO:0099182": [],
      "GO:0099143": [],
      "GO:0098831": [
        "1488"
      ],
      "GO:0048787": [
        "386617"
      ],
      "GO:0098835": [],
      "GO:0098954": [],
      "GO:0034592": [],
      "GO:0030672": [],
      "GO:0099013": [],
      "GO:0099012": [],
      "GO:0099026": [],
      "GO:0098888": [],
      "GO:0099056": [],
      "SYNGO:presyn_er_membrane": [],
      "SYNGO:presyn_ser": [],
      "GO:0099160": [],
      "GO:0098871": [],
      "GO:0150050": [],
      "GO:0099189": [],
      "GO:0098897": [],
      "GO:0099091": [],
      "GO:0099634": [],
      "GO:0014069": [],
      "GO:0099629": [],
      "GO:0098844": [],
      "GO:0098895": [],
      "GO:0098842": [],
      "GO:0098837": [],
      "GO:0099025": [],
      "GO:0098890": [],
      "GO:0099055": [
        "23544"
      ],
      "SYNGO:postsyn_er_membrane": [],
      "SYNGO:postsyn_ser": [],
      "GO:0099029": [],
      "GO:0098891": [],
      "GO:0099059": [],
      "GO:0098894": [],
      "GO:0099067": [],
      "GO:0098993": [],
      "GO:0098850": [],
      "GO:0030285": [],
      "GO:0098674": [],
      "GO:0099066": [],
      "SYNGO:presyn_er_membrane_integral": [],
      "SYNGO:presyn_ser_membrane": [],
      "GO:0099065": [],
      "GO:0098892": [],
      "GO:0099060": [],
      "GO:0099092": [],
      "GO:0098839": [],
      "GO:0099164": [],
      "GO:0098999": [],
      "GO:0098896": [],
      "GO:0098944": [],
      "SYNGO:postsyn_er_membrane_integral": [],
      "SYNGO:postsyn_ser_membrane": [],
      "SYNGO:presyn_ser_membrane_integral": [],
      "GO:0099031": [],
      "GO:0099147": [],
      "GO:0099061": [
        "8516"
      ],
      "GO:0098998": [],
      "GO:0099033": [],
      "GO:0099063": [],
      "SYNGO:postsyn_ser_membrane_integral": []
    }
  },
  "aggregate": {
    "hgnc_id": {
      "GO:0045202": [
        "HGNC:2661",
        "HGNC:7657",
        "HGNC:21207",
        "HGNC:9393",
        "HGNC:2495",
        "HGNC:22394",
        "HGNC:6144",
        "HGNC:10763"
      ],
      "GO:0097060": [
        "HGNC:7657",
        "HGNC:21207"
      ],
      "GO:0098793": [
        "HGNC:9393",
        "HGNC:2495",
        "HGNC:22394"
      ],
      "GO:0043083": [],
      "GO:0098794": [
        "HGNC:22394",
        "HGNC:6144",
        "HGNC:10763"
      ],
      "GO:0099544": [],
      "GO:0099243": [],
      "GO:0099699": [
        "HGNC:7657",
        "HGNC:21207"
      ],
      "GO:0099523": [
        "HGNC:9393",
        "HGNC:2495"
      ],
      "GO:0099569": [],
      "GO:0048786": [
        "HGNC:2495",
        "HGNC:22394"
      ],
      "GO:0098833": [],
      "GO:0098830": [],
      "GO:0008021": [],
      "GO:0098992": [],
      "GO:0042734": [
        "HGNC:22394"
      ],
      "SYNGO:presyn_ribosome": [],
      "SYNGO:presyn_er": [],
      "GO:0098965": [],
      "GO:0099524": [],
      "GO:0099571": [],
      "GO:0097444": [],
      "GO:0150051": [],
      "GO:0099572": [
        "HGNC:6144"
      ],
      "GO:0098843": [],
      "GO:0098845": [],
      "GO:0045211": [
        "HGNC:10763"
      ],
      "SYNGO:postsyn_ribosome": [],
      "SYNGO:postsyn_er": [],
      "GO:0098966": [],
      "GO:0099182": [],
      "GO:0099143": [],
      "GO:0098831": [
        "HGNC:2495"
      ],
      "GO:0048787": [
        "HGNC:22394"
      ],
      "GO:0098835": [],
      "GO:0098954": [],
      "GO:0034592": [],
      "GO:0030672": [],
      "GO:0099013": [],
      "GO:0099012": [],
      "GO:0099026": [],
      "GO:0098888": [],
      "GO:0099056": [],
      "SYNGO:presyn_er_membrane": [],
      "SYNGO:presyn_ser": [],
      "GO:0099160": [],
      "GO:0098871": [],
      "GO:0150050": [],
      "GO:0099189": [],
      "GO:0098897": [],
      "GO:0099091": [],
      "GO:0099634": [],
      "GO:0014069": [
        "HGNC:6144"
      ],
      "GO:0099629": [],
      "GO:0098844": [],
      "GO:0098895": [],
      "GO:0098842": [],
      "GO:0098837": [],
      "GO:0099025": [],
      "GO:0098890": [],
      "GO:0099055": [
        "HGNC:10763"
      ],
      "SYNGO:postsyn_er_membrane": [],
      "SYNGO:postsyn_ser": [],
      "GO:0099029": [],
      "GO:0098891": [],
      "GO:0099059": [],
      "GO:0098894": [],
      "GO:0099067": [],
      "GO:0098993": [],
      "GO:0098850": [],
      "GO:0030285": [],
      "GO:0098674": [],
      "GO:0099066": [],
      "SYNGO:presyn_er_membrane_integral": [],
      "SYNGO:presyn_ser_membrane": [],
      "GO:0099065": [],
      "GO:0098892": [],
      "GO:0099060": [],
      "GO:0099092": [],
      "GO:0098839": [
        "HGNC:6144"
      ],
      "GO:0099164": [],
      "GO:0098999": [],
      "GO:0098896": [],
      "GO:0098944": [],
      "SYNGO:postsyn_er_membrane_integral": [],
      "SYNGO:postsyn_ser_membrane": [],
      "SYNGO:presyn_ser_membrane_integral": [],
      "GO:0099031": [],
      "GO:0099147": [],
      "GO:0099061": [
        "HGNC:6144"
      ],
      "GO:0098998": [],
      "GO:0099033": [],
      "GO:0099063": [],
      "SYNGO:postsyn_ser_membrane_integral": []
    },
    "hgnc_symbol": {
      "GO:0045202": [
        "DAB1",
        "NCAM2",
        "LINGO2",
        "PRKCA",
        "CTBP2",
        "KCTD8",
        "ITGA8",
        "SEZ6L"
      ],
      "GO:0097060": [
        "NCAM2",
        "LINGO2"
      ],
      "GO:0098793": [
        "PRKCA",
        "CTBP2",
        "KCTD8"
      ],
      "GO:0043083": [],
      "GO:0098794": [
        "KCTD8",
        "ITGA8",
        "SEZ6L"
      ],
      "GO:0099544": [],
      "GO:0099243": [],
      "GO:0099699": [
        "NCAM2",
        "LINGO2"
      ],
      "GO:0099523": [
        "PRKCA",
        "CTBP2"
      ],
      "GO:0099569": [],
      "GO:0048786": [
        "CTBP2",
        "KCTD8"
      ],
      "GO:0098833": [],
      "GO:0098830": [],
      "GO:0008021": [],
      "GO:0098992": [],
      "GO:0042734": [
        "KCTD8"
      ],
      "SYNGO:presyn_ribosome": [],
      "SYNGO:presyn_er": [],
      "GO:0098965": [],
      "GO:0099524": [],
      "GO:0099571": [],
      "GO:0097444": [],
      "GO:0150051": [],
      "GO:0099572": [
        "ITGA8"
      ],
      "GO:0098843": [],
      "GO:0098845": [],
      "GO:0045211": [
        "SEZ6L"
      ],
      "SYNGO:postsyn_ribosome": [],
      "SYNGO:postsyn_er": [],
      "GO:0098966": [],
      "GO:0099182": [],
      "GO:0099143": [],
      "GO:0098831": [
        "CTBP2"
      ],
      "GO:0048787": [
        "KCTD8"
      ],
      "GO:0098835": [],
      "GO:0098954": [],
      "GO:0034592": [],
      "GO:0030672": [],
      "GO:0099013": [],
      "GO:0099012": [],
      "GO:0099026": [],
      "GO:0098888": [],
      "GO:0099056": [],
      "SYNGO:presyn_er_membrane": [],
      "SYNGO:presyn_ser": [],
      "GO:0099160": [],
      "GO:0098871": [],
      "GO:0150050": [],
      "GO:0099189": [],
      "GO:0098897": [],
      "GO:0099091": [],
      "GO:0099634": [],
      "GO:0014069": [
        "ITGA8"
      ],
      "GO:0099629": [],
      "GO:0098844": [],
      "GO:0098895": [],
      "GO:0098842": [],
      "GO:0098837": [],
      "GO:0099025": [],
      "GO:0098890": [],
      "GO:0099055": [
        "SEZ6L"
      ],
      "SYNGO:postsyn_er_membrane": [],
      "SYNGO:postsyn_ser": [],
      "GO:0099029": [],
      "GO:0098891": [],
      "GO:0099059": [],
      "GO:0098894": [],
      "GO:0099067": [],
      "GO:0098993": [],
      "GO:0098850": [],
      "GO:0030285": [],
      "GO:0098674": [],
      "GO:0099066": [],
      "SYNGO:presyn_er_membrane_integral": [],
      "SYNGO:presyn_ser_membrane": [],
      "GO:0099065": [],
      "GO:0098892": [],
      "GO:0099060": [],
      "GO:0099092": [],
      "GO:0098839": [
        "ITGA8"
      ],
      "GO:0099164": [],
      "GO:0098999": [],
      "GO:0098896": [],
      "GO:0098944": [],
      "SYNGO:postsyn_er_membrane_integral": [],
      "SYNGO:postsyn_ser_membrane": [],
      "SYNGO:presyn_ser_membrane_integral": [],
      "GO:0099031": [],
      "GO:0099147": [],
      "GO:0099061": [
        "ITGA8"
      ],
      "GO:0098998": [],
      "GO:0099033": [],
      "GO:0099063": [],
      "SYNGO:postsyn_ser_membrane_integral": []
    },
    "ensembl_id": {
      "GO:0045202": [
        "ENSG00000173406",
        "ENSG00000154654",
        "ENSG00000174482",
        "ENSG00000154229",
        "ENSG00000175029",
        "ENSG00000183783",
        "ENSG00000077943",
        "ENSG00000100095"
      ],
      "GO:0097060": [
        "ENSG00000154654",
        "ENSG00000174482"
      ],
      "GO:0098793": [
        "ENSG00000154229",
        "ENSG00000175029",
        "ENSG00000183783"
      ],
      "GO:0043083": [],
      "GO:0098794": [
        "ENSG00000183783",
        "ENSG00000077943",
        "ENSG00000100095"
      ],
      "GO:0099544": [],
      "GO:0099243": [],
      "GO:0099699": [
        "ENSG00000154654",
        "ENSG00000174482"
      ],
      "GO:0099523": [
        "ENSG00000154229",
        "ENSG00000175029"
      ],
      "GO:0099569": [],
      "GO:0048786": [
        "ENSG00000175029",
        "ENSG00000183783"
      ],
      "GO:0098833": [],
      "GO:0098830": [],
      "GO:0008021": [],
      "GO:0098992": [],
      "GO:0042734": [
        "ENSG00000183783"
      ],
      "SYNGO:presyn_ribosome": [],
      "SYNGO:presyn_er": [],
      "GO:0098965": [],
      "GO:0099524": [],
      "GO:0099571": [],
      "GO:0097444": [],
      "GO:0150051": [],
      "GO:0099572": [
        "ENSG00000077943"
      ],
      "GO:0098843": [],
      "GO:0098845": [],
      "GO:0045211": [
        "ENSG00000100095"
      ],
      "SYNGO:postsyn_ribosome": [],
      "SYNGO:postsyn_er": [],
      "GO:0098966": [],
      "GO:0099182": [],
      "GO:0099143": [],
      "GO:0098831": [
        "ENSG00000175029"
      ],
      "GO:0048787": [
        "ENSG00000183783"
      ],
      "GO:0098835": [],
      "GO:0098954": [],
      "GO:0034592": [],
      "GO:0030672": [],
      "GO:0099013": [],
      "GO:0099012": [],
      "GO:0099026": [],
      "GO:0098888": [],
      "GO:0099056": [],
      "SYNGO:presyn_er_membrane": [],
      "SYNGO:presyn_ser": [],
      "GO:0099160": [],
      "GO:0098871": [],
      "GO:0150050": [],
      "GO:0099189": [],
      "GO:0098897": [],
      "GO:0099091": [],
      "GO:0099634": [],
      "GO:0014069": [
        "ENSG00000077943"
      ],
      "GO:0099629": [],
      "GO:0098844": [],
      "GO:0098895": [],
      "GO:0098842": [],
      "GO:0098837": [],
      "GO:0099025": [],
      "GO:0098890": [],
      "GO:0099055": [
        "ENSG00000100095"
      ],
      "SYNGO:postsyn_er_membrane": [],
      "SYNGO:postsyn_ser": [],
      "GO:0099029": [],
      "GO:0098891": [],
      "GO:0099059": [],
      "GO:0098894": [],
      "GO:0099067": [],
      "GO:0098993": [],
      "GO:0098850": [],
      "GO:0030285": [],
      "GO:0098674": [],
      "GO:0099066": [],
      "SYNGO:presyn_er_membrane_integral": [],
      "SYNGO:presyn_ser_membrane": [],
      "GO:0099065": [],
      "GO:0098892": [],
      "GO:0099060": [],
      "GO:0099092": [],
      "GO:0098839": [
        "ENSG00000077943"
      ],
      "GO:0099164": [],
      "GO:0098999": [],
      "GO:0098896": [],
      "GO:0098944": [],
      "SYNGO:postsyn_er_membrane_integral": [],
      "SYNGO:postsyn_ser_membrane": [],
      "SYNGO:presyn_ser_membrane_integral": [],
      "GO:0099031": [],
      "GO:0099147": [],
      "GO:0099061": [
        "ENSG00000077943"
      ],
      "GO:0098998": [],
      "GO:0099033": [],
      "GO:0099063": [],
      "SYNGO:postsyn_ser_membrane_integral": []
    },
    "entrez_id": {
      "GO:0045202": [
        "1600",
        "4685",
        "158038",
        "5578",
        "1488",
        "386617",
        "8516",
        "23544"
      ],
      "GO:0097060": [
        "4685",
        "158038"
      ],
      "GO:0098793": [
        "5578",
        "1488",
        "386617"
      ],
      "GO:0043083": [],
      "GO:0098794": [
        "386617",
        "8516",
        "23544"
      ],
      "GO:0099544": [],
      "GO:0099243": [],
      "GO:0099699": [
        "4685",
        "158038"
      ],
      "GO:0099523": [
        "5578",
        "1488"
      ],
      "GO:0099569": [],
      "GO:0048786": [
        "1488",
        "386617"
      ],
      "GO:0098833": [],
      "GO:0098830": [],
      "GO:0008021": [],
      "GO:0098992": [],
      "GO:0042734": [
        "386617"
      ],
      "SYNGO:presyn_ribosome": [],
      "SYNGO:presyn_er": [],
      "GO:0098965": [],
      "GO:0099524": [],
      "GO:0099571": [],
      "GO:0097444": [],
      "GO:0150051": [],
      "GO:0099572": [
        "8516"
      ],
      "GO:0098843": [],
      "GO:0098845": [],
      "GO:0045211": [
        "23544"
      ],
      "SYNGO:postsyn_ribosome": [],
      "SYNGO:postsyn_er": [],
      "GO:0098966": [],
      "GO:0099182": [],
      "GO:0099143": [],
      "GO:0098831": [
        "1488"
      ],
      "GO:0048787": [
        "386617"
      ],
      "GO:0098835": [],
      "GO:0098954": [],
      "GO:0034592": [],
      "GO:0030672": [],
      "GO:0099013": [],
      "GO:0099012": [],
      "GO:0099026": [],
      "GO:0098888": [],
      "GO:0099056": [],
      "SYNGO:presyn_er_membrane": [],
      "SYNGO:presyn_ser": [],
      "GO:0099160": [],
      "GO:0098871": [],
      "GO:0150050": [],
      "GO:0099189": [],
      "GO:0098897": [],
      "GO:0099091": [],
      "GO:0099634": [],
      "GO:0014069": [
        "8516"
      ],
      "GO:0099629": [],
      "GO:0098844": [],
      "GO:0098895": [],
      "GO:0098842": [],
      "GO:0098837": [],
      "GO:0099025": [],
      "GO:0098890": [],
      "GO:0099055": [
        "23544"
      ],
      "SYNGO:postsyn_er_membrane": [],
      "SYNGO:postsyn_ser": [],
      "GO:0099029": [],
      "GO:0098891": [],
      "GO:0099059": [],
      "GO:0098894": [],
      "GO:0099067": [],
      "GO:0098993": [],
      "GO:0098850": [],
      "GO:0030285": [],
      "GO:0098674": [],
      "GO:0099066": [],
      "SYNGO:presyn_er_membrane_integral": [],
      "SYNGO:presyn_ser_membrane": [],
      "GO:0099065": [],
      "GO:0098892": [],
      "GO:0099060": [],
      "GO:0099092": [],
      "GO:0098839": [
        "8516"
      ],
      "GO:0099164": [],
      "GO:0098999": [],
      "GO:0098896": [],
      "GO:0098944": [],
      "SYNGO:postsyn_er_membrane_integral": [],
      "SYNGO:postsyn_ser_membrane": [],
      "SYNGO:presyn_ser_membrane_integral": [],
      "GO:0099031": [],
      "GO:0099147": [],
      "GO:0099061": [
        "8516"
      ],
      "GO:0098998": [],
      "GO:0099033": [],
      "GO:0099063": [],
      "SYNGO:postsyn_ser_membrane_integral": []
    }
  }
}