[
  {
    "user_input_genelist": "PAPSS2",
    "idmap": []
  },
  {
    "user_input_genelist": "CTBP2",
    "idmap": [
      {
        "ensembl_id": "ENSG00000175029",
        "entrez_id": "1488",
        "hgnc_id": "HGNC:2495",
        "hgnc_name": "C-terminal binding protein 2",
        "hgnc_symbol": "CTBP2",
        "hgnc_synonyms": [
          "RIBEYE"
        ],
        "user_input_genelist": [
          "CTBP2"
        ]
      }
    ]
  },
  {
    "user_input_genelist": "PCDH15",
    "idmap": []
  },
  {
    "user_input_genelist": "FHOD3",
    "idmap": []
  },
  {
    "user_input_genelist": "PTPN13",
    "idmap": []
  },
  {
    "user_input_genelist": "KCNT2",
    "idmap": []
  },
  {
    "user_input_genelist": "LOC401478",
    "idmap": []
  },
  {
    "user_input_genelist": "NXPH2",
    "idmap": []
  },
  {
    "user_input_genelist": "CRACD",
    "idmap": []
  },
  {
    "user_input_genelist": "DIAPH2",
    "idmap": []
  },
  {
    "user_input_genelist": "COL12A1",
    "idmap": []
  },
  {
    "user_input_genelist": "RGS6",
    "idmap": []
  },
  {
    "user_input_genelist": "WBSCR17",
    "idmap": []
  },
  {
    "user_input_genelist": "LOC729732",
    "idmap": []
  },
  {
    "user_input_genelist": "DAB1",
    "idmap": [
      {
        "ensembl_id": "ENSG00000173406",
        "entrez_id": "1600",
        "hgnc_id": "HGNC:2661",
        "hgnc_name": "DAB adaptor protein 1",
        "hgnc_symbol": "DAB1",
        "hgnc_synonyms": [],
        "user_input_genelist": [
          "DAB1"
        ]
      }
    ]
  },
  {
    "user_input_genelist": "BAALC",
    "idmap": []
  },
  {
    "user_input_genelist": "LOC101928095",
    "idmap": []
  },
  {
    "user_input_genelist": "ITGA8",
    "idmap": [
      {
        "ensembl_id": "ENSG00000077943",
        "entrez_id": "8516",
        "hgnc_id": "HGNC:6144",
        "hgnc_name": "integrin subunit alpha 8",
        "hgnc_symbol": "ITGA8",
        "hgnc_synonyms": [],
        "user_input_genelist": [
          "ITGA8"
        ]
      }
    ]
  },
  {
    "user_input_genelist": "FAT3",
    "idmap": []
  },
  {
    "user_input_genelist": "PTPRM",
    "idmap": []
  },
  {
    "user_input_genelist": "MGAT4C",
    "idmap": []
  },
  {
    "user_input_genelist": "PCP4",
    "idmap": []
  },
  {
    "user_input_genelist": "FMN1",
    "idmap": []
  },
  {
    "user_input_genelist": "COL11A1",
    "idmap": []
  },
  {
    "user_input_genelist": "CHN2",
    "idmap": []
  },
  {
    "user_input_genelist": "NRSN1",
    "idmap": []
  },
  {
    "user_input_genelist": "ETV6",
    "idmap": []
  },
  {
    "user_input_genelist": "ENOX1",
    "idmap": []
  },
  {
    "user_input_genelist": "HDAC9",
    "idmap": []
  },
  {
    "user_input_genelist": "PBX1",
    "idmap": []
  },
  {
    "user_input_genelist": "MAST4",
    "idmap": []
  },
  {
    "user_input_genelist": "FNBP1L",
    "idmap": []
  },
  {
    "user_input_genelist": "ANO4",
    "idmap": []
  },
  {
    "user_input_genelist": "MEIS2",
    "idmap": []
  },
  {
    "user_input_genelist": "SEZ6L",
    "idmap": [
      {
        "ensembl_id": "ENSG00000100095",
        "entrez_id": "23544",
        "hgnc_id": "HGNC:10763",
        "hgnc_name": "seizure related 6 homolog like",
        "hgnc_symbol": "SEZ6L",
        "hgnc_synonyms": [
          "SEZ6L1"
        ],
        "user_input_genelist": [
          "SEZ6L"
        ]
      }
    ]
  },
  {
    "user_input_genelist": "PRKCA",
    "idmap": [
      {
        "ensembl_id": "ENSG00000154229",
        "entrez_id": "5578",
        "hgnc_id": "HGNC:9393",
        "hgnc_name": "protein kinase C alpha",
        "hgnc_symbol": "PRKCA",
        "hgnc_synonyms": [
          "PKCA",
          "PKCA"
        ],
        "user_input_genelist": [
          "PRKCA"
        ]
      }
    ]
  },
  {
    "user_input_genelist": "NPAS3",
    "idmap": []
  },
  {
    "user_input_genelist": "PRKG1",
    "idmap": []
  },
  {
    "user_input_genelist": "LINGO2",
    "idmap": [
      {
        "ensembl_id": "ENSG00000174482",
        "entrez_id": "158038",
        "hgnc_id": "HGNC:21207",
        "hgnc_name": "leucine rich repeat and Ig domain containing 2",
        "hgnc_symbol": "LINGO2",
        "hgnc_synonyms": [
          "LERN3",
          "LRRN6C"
        ],
        "user_input_genelist": [
          "LINGO2"
        ]
      }
    ]
  },
  {
    "user_input_genelist": "RANBP17",
    "idmap": []
  },
  {
    "user_input_genelist": "DDR2",
    "idmap": []
  },
  {
    "user_input_genelist": "PPARGC1A",
    "idmap": []
  },
  {
    "user_input_genelist": "RAPGEF5",
    "idmap": []
  },
  {
    "user_input_genelist": "ASTN2",
    "idmap": []
  },
  {
    "user_input_genelist": "LOC100132891",
    "idmap": []
  },
  {
    "user_input_genelist": "LOC284930",
    "idmap": []
  },
  {
    "user_input_genelist": "TESPA1",
    "idmap": []
  },
  {
    "user_input_genelist": "PTCHD1-AS",
    "idmap": []
  },
  {
    "user_input_genelist": "NCAM2",
    "idmap": [
      {
        "ensembl_id": "ENSG00000154654",
        "entrez_id": "4685",
        "hgnc_id": "HGNC:7657",
        "hgnc_name": "neural cell adhesion molecule 2",
        "hgnc_symbol": "NCAM2",
        "hgnc_synonyms": [
          "NCAM21",
          "MGC51008"
        ],
        "user_input_genelist": [
          "NCAM2"
        ]
      }
    ]
  },
  {
    "user_input_genelist": "KCTD8",
    "idmap": [
      {
        "ensembl_id": "ENSG00000183783",
        "entrez_id": "386617",
        "hgnc_id": "HGNC:22394",
        "hgnc_name": "potassium channel tetramerization domain containing 8",
        "hgnc_symbol": "KCTD8",
        "hgnc_synonyms": [],
        "user_input_genelist": [
          "KCTD8"
        ]
      }
    ]
  },
  {
    "user_input_genelist": "ESRRG",
    "idmap": []
  },
  {
    "user_input_genelist": "TOX",
    "idmap": []
  }
]