{
  "direct": {
    "hgnc_id": {
      "GO:0045202": [
        "HGNC:29647",
        "HGNC:4454",
        "HGNC:1765",
        "HGNC:1749",
        "HGNC:2317"
      ],
      "GO:0097060": [],
      "GO:0098793": [
        "HGNC:3387",
        "HGNC:16018",
        "HGNC:11504",
        "HGNC:2176",
        "HGNC:10976",
        "HGNC:12337"
      ],
      "GO:0043083": [
        "HGNC:1544"
      ],
      "GO:0098794": [
        "HGNC:8000",
        "HGNC:7997",
        "HGNC:22394",
        "HGNC:10976"
      ],
      "GO:0099544": [],
      "GO:0099243": [],
      "GO:0099699": [
        "HGNC:7657",
        "HGNC:21207"
      ],
      "GO:0099523": [],
      "GO:0099569": [],
      "GO:0048786": [],
      "GO:0098833": [],
      "GO:0098830": [],
      "GO:0008021": [],
      "GO:0098992": [
        "HGNC:1033"
      ],
      "GO:0042734": [
        "HGNC:814",
        "HGNC:22394"
      ],
      "SYNGO:presyn_ribosome": [],
      "SYNGO:presyn_er": [],
      "GO:0098965": [
        "HGNC:11220",
        "HGNC:5318"
      ],
      "GO:0099524": [
        "HGNC:17512"
      ],
      "GO:0099571": [],
      "GO:0097444": [],
      "GO:0150051": [],
      "GO:0099572": [],
      "GO:0098843": [],
      "GO:0098845": [],
      "GO:0045211": [
        "HGNC:8000"
      ],
      "SYNGO:postsyn_ribosome": [],
      "SYNGO:postsyn_er": [],
      "GO:0098966": [
        "HGNC:5318"
      ],
      "GO:0099182": [],
      "GO:0099143": [],
      "GO:0098831": [
        "HGNC:17282",
        "HGNC:2510"
      ],
      "GO:0048787": [
        "HGNC:22394"
      ],
      "GO:0098835": [],
      "GO:0098954": [],
      "GO:0034592": [],
      "GO:0030672": [],
      "GO:0099013": [
        "HGNC:2355",
        "HGNC:1569"
      ],
      "GO:0099012": [],
      "GO:0099026": [
        "HGNC:2176"
      ],
      "GO:0098888": [
        "HGNC:2510"
      ],
      "GO:0099056": [
        "HGNC:18747",
        "HGNC:3761"
      ],
      "SYNGO:presyn_er_membrane": [],
      "SYNGO:presyn_ser": [],
      "GO:0099160": [],
      "GO:0098871": [],
      "GO:0150050": [],
      "GO:0099189": [],
      "GO:0098897": [],
      "GO:0099091": [],
      "GO:0099634": [],
      "GO:0014069": [
        "HGNC:17512",
        "HGNC:30036",
        "HGNC:8143",
        "HGNC:17019",
        "HGNC:8659",
        "HGNC:11251"
      ],
      "GO:0099629": [],
      "GO:0098844": [],
      "GO:0098895": [],
      "GO:0098842": [],
      "GO:0098837": [],
      "GO:0099025": [],
      "GO:0098890": [
        "HGNC:2510"
      ],
      "GO:0099055": [
        "HGNC:18582",
        "HGNC:13404",
        "HGNC:3761"
      ],
      "SYNGO:postsyn_er_membrane": [],
      "SYNGO:postsyn_ser": [],
      "GO:0099029": [],
      "GO:0098891": [
        "HGNC:17282"
      ],
      "GO:0099059": [
        "HGNC:814",
        "HGNC:1749",
        "HGNC:7997",
        "HGNC:8010"
      ],
      "GO:0098894": [],
      "GO:0099067": [],
      "GO:0098993": [],
      "GO:0098850": [],
      "GO:0030285": [],
      "GO:0098674": [],
      "GO:0099066": [],
      "SYNGO:presyn_er_membrane_integral": [],
      "SYNGO:presyn_ser_membrane": [],
      "GO:0099065": [],
      "GO:0098892": [],
      "GO:0099060": [
        "HGNC:1749"
      ],
      "GO:0099092": [
        "HGNC:2510"
      ],
      "GO:0098839": [],
      "GO:0099164": [],
      "GO:0098999": [],
      "GO:0098896": [],
      "GO:0098944": [],
      "SYNGO:postsyn_er_membrane_integral": [],
      "SYNGO:postsyn_ser_membrane": [],
      "SYNGO:presyn_ser_membrane_integral": [],
      "GO:0099031": [],
      "GO:0099147": [],
      "GO:0099061": [
        "HGNC:2701",
        "HGNC:13823",
        "HGNC:9678",
        "HGNC:16699",
        "HGNC:7997",
        "HGNC:99"
      ],
      "GO:0098998": [],
      "GO:0099033": [],
      "GO:0099063": [],
      "SYNGO:postsyn_ser_membrane_integral": []
    },
    "hgnc_symbol": {
      "GO:0045202": [
        "MAGI3",
        "GPC6",
        "CDH6",
        "CDH10",
        "CPNE4"
      ],
      "GO:0097060": [],
      "GO:0098793": [
        "EPHA3",
        "CADPS2",
        "SYNJ2",
        "CNTN6",
        "SLC24A2",
        "TRPC5"
      ],
      "GO:0043083": [
        "CBLN2"
      ],
      "GO:0098794": [
        "NRGN",
        "NRG1",
        "KCTD8",
        "SLC24A2"
      ],
      "GO:0099544": [],
      "GO:0099243": [],
      "GO:0099699": [
        "NCAM2",
        "LINGO2"
      ],
      "GO:0099523": [],
      "GO:0099569": [],
      "GO:0048786": [],
      "GO:0098833": [],
      "GO:0098830": [],
      "GO:0008021": [],
      "GO:0098992": [
        "BDNF"
      ],
      "GO:0042734": [
        "ATP2B1",
        "KCTD8"
      ],
      "SYNGO:presyn_ribosome": [],
      "SYNGO:presyn_er": [],
      "GO:0098965": [
        "SPARCL1",
        "TNC"
      ],
      "GO:0099524": [
        "HOMER1"
      ],
      "GO:0099571": [],
      "GO:0097444": [],
      "GO:0150051": [],
      "GO:0099572": [],
      "GO:0098843": [],
      "GO:0098845": [],
      "GO:0045211": [
        "NRGN"
      ],
      "SYNGO:postsyn_ribosome": [],
      "SYNGO:postsyn_er": [],
      "GO:0098966": [
        "TNC"
      ],
      "GO:0099182": [],
      "GO:0099143": [],
      "GO:0098831": [
        "RIMS1",
        "CTNNA2"
      ],
      "GO:0048787": [
        "KCTD8"
      ],
      "GO:0098835": [],
      "GO:0098954": [],
      "GO:0034592": [],
      "GO:0030672": [],
      "GO:0099013": [
        "CRH",
        "CCK"
      ],
      "GO:0099012": [],
      "GO:0099026": [
        "CNTN6"
      ],
      "GO:0098888": [
        "CTNNA2"
      ],
      "GO:0099056": [
        "CNTNAP4",
        "FLRT2"
      ],
      "SYNGO:presyn_er_membrane": [],
      "SYNGO:presyn_ser": [],
      "GO:0099160": [],
      "GO:0098871": [],
      "GO:0150050": [],
      "GO:0099189": [],
      "GO:0098897": [],
      "GO:0099091": [],
      "GO:0099634": [],
      "GO:0014069": [
        "HOMER1",
        "PLEKHA5",
        "OPCML",
        "PRICKLE1",
        "PCDH7",
        "SPOCK1"
      ],
      "GO:0099629": [],
      "GO:0098844": [],
      "GO:0098895": [],
      "GO:0098842": [],
      "GO:0098837": [],
      "GO:0099025": [],
      "GO:0098890": [
        "CTNNA2"
      ],
      "GO:0099055": [
        "ADGRL2",
        "PCDH10",
        "FLRT2"
      ],
      "SYNGO:postsyn_er_membrane": [],
      "SYNGO:postsyn_ser": [],
      "GO:0099029": [],
      "GO:0098891": [
        "RIMS1"
      ],
      "GO:0099059": [
        "ATP2B1",
        "CDH10",
        "NRG1",
        "NRXN3"
      ],
      "GO:0098894": [],
      "GO:0099067": [],
      "GO:0098993": [],
      "GO:0098850": [],
      "GO:0030285": [],
      "GO:0098674": [],
      "GO:0099066": [],
      "SYNGO:presyn_er_membrane_integral": [],
      "SYNGO:presyn_ser_membrane": [],
      "GO:0099065": [],
      "GO:0098892": [],
      "GO:0099060": [
        "CDH10"
      ],
      "GO:0099092": [
        "CTNNA2"
      ],
      "GO:0098839": [],
      "GO:0099164": [],
      "GO:0098999": [],
      "GO:0098896": [],
      "GO:0098944": [],
      "SYNGO:postsyn_er_membrane_integral": [],
      "SYNGO:postsyn_ser_membrane": [],
      "SYNGO:presyn_ser_membrane_integral": [],
      "GO:0099031": [],
      "GO:0099147": [],
      "GO:0099061": [
        "DCC",
        "NETO1",
        "PTPRO",
        "SORCS3",
        "NRG1",
        "ASIC2"
      ],
      "GO:0098998": [],
      "GO:0099033": [],
      "GO:0099063": [],
      "SYNGO:postsyn_ser_membrane_integral": []
    },
    "ensembl_id": {
      "GO:0045202": [
        "ENSG00000081026",
        "ENSG00000183098",
        "ENSG00000113361",
        "ENSG00000040731",
        "ENSG00000196353"
      ],
      "GO:0097060": [],
      "GO:0098793": [
        "ENSG00000044524",
        "ENSG00000081803",
        "ENSG00000078269",
        "ENSG00000134115",
        "ENSG00000155886",
        "ENSG00000072315"
      ],
      "GO:0043083": [
        "ENSG00000141668"
      ],
      "GO:0098794": [
        "ENSG00000154146",
        "ENSG00000157168",
        "ENSG00000183783",
        "ENSG00000155886"
      ],
      "GO:0099544": [],
      "GO:0099243": [],
      "GO:0099699": [
        "ENSG00000154654",
        "ENSG00000174482"
      ],
      "GO:0099523": [],
      "GO:0099569": [],
      "GO:0048786": [],
      "GO:0098833": [],
      "GO:0098830": [],
      "GO:0008021": [],
      "GO:0098992": [
        "ENSG00000176697"
      ],
      "GO:0042734": [
        "ENSG00000070961",
        "ENSG00000183783"
      ],
      "SYNGO:presyn_ribosome": [],
      "SYNGO:presyn_er": [],
      "GO:0098965": [
        "ENSG00000152583",
        "ENSG00000041982"
      ],
      "GO:0099524": [
        "ENSG00000152413"
      ],
      "GO:0099571": [],
      "GO:0097444": [],
      "GO:0150051": [],
      "GO:0099572": [],
      "GO:0098843": [],
      "GO:0098845": [],
      "GO:0045211": [
        "ENSG00000154146"
      ],
      "SYNGO:postsyn_ribosome": [],
      "SYNGO:postsyn_er": [],
      "GO:0098966": [
        "ENSG00000041982"
      ],
      "GO:0099182": [],
      "GO:0099143": [],
      "GO:0098831": [
        "ENSG00000079841",
        "ENSG00000066032"
      ],
      "GO:0048787": [
        "ENSG00000183783"
      ],
      "GO:0098835": [],
      "GO:0098954": [],
      "GO:0034592": [],
      "GO:0030672": [],
      "GO:0099013": [
        "ENSG00000147571",
        "ENSG00000187094"
      ],
      "GO:0099012": [],
      "GO:0099026": [
        "ENSG00000134115"
      ],
      "GO:0098888": [
        "ENSG00000066032"
      ],
      "GO:0099056": [
        "ENSG00000152910",
        "ENSG00000185070"
      ],
      "SYNGO:presyn_er_membrane": [],
      "SYNGO:presyn_ser": [],
      "GO:0099160": [],
      "GO:0098871": [],
      "GO:0150050": [],
      "GO:0099189": [],
      "GO:0098897": [],
      "GO:0099091": [],
      "GO:0099634": [],
      "GO:0014069": [
        "ENSG00000152413",
        "ENSG00000052126",
        "ENSG00000183715",
        "ENSG00000139174",
        "ENSG00000169851",
        "ENSG00000152377"
      ],
      "GO:0099629": [],
      "GO:0098844": [],
      "GO:0098895": [],
      "GO:0098842": [],
      "GO:0098837": [],
      "GO:0099025": [],
      "GO:0098890": [
        "ENSG00000066032"
      ],
      "GO:0099055": [
        "ENSG00000117114",
        "ENSG00000138650",
        "ENSG00000185070"
      ],
      "SYNGO:postsyn_er_membrane": [],
      "SYNGO:postsyn_ser": [],
      "GO:0099029": [],
      "GO:0098891": [
        "ENSG00000079841"
      ],
      "GO:0099059": [
        "ENSG00000070961",
        "ENSG00000040731",
        "ENSG00000157168",
        "ENSG00000021645"
      ],
      "GO:0098894": [],
      "GO:0099067": [],
      "GO:0098993": [],
      "GO:0098850": [],
      "GO:0030285": [],
      "GO:0098674": [],
      "GO:0099066": [],
      "SYNGO:presyn_er_membrane_integral": [],
      "SYNGO:presyn_ser_membrane": [],
      "GO:0099065": [],
      "GO:0098892": [],
      "GO:0099060": [
        "ENSG00000040731"
      ],
      "GO:0099092": [
        "ENSG00000066032"
      ],
      "GO:0098839": [],
      "GO:0099164": [],
      "GO:0098999": [],
      "GO:0098896": [],
      "GO:0098944": [],
      "SYNGO:postsyn_er_membrane_integral": [],
      "SYNGO:postsyn_ser_membrane": [],
      "SYNGO:presyn_ser_membrane_integral": [],
      "GO:0099031": [],
      "GO:0099147": [],
      "GO:0099061": [
        "ENSG00000187323",
        "ENSG00000166342",
        "ENSG00000151490",
        "ENSG00000156395",
        "ENSG00000157168",
        "ENSG00000108684"
      ],
      "GO:0098998": [],
      "GO:0099033": [],
      "GO:0099063": [],
      "SYNGO:postsyn_ser_membrane_integral": []
    },
    "entrez_id": {
      "GO:0045202": [
        "260425",
        "10082",
        "1004",
        "1008",
        "131034"
      ],
      "GO:0097060": [],
      "GO:0098793": [
        "2042",
        "93664",
        "8871",
        "27255",
        "25769",
        "7224"
      ],
      "GO:0043083": [
        "147381"
      ],
      "GO:0098794": [
        "4900",
        "3084",
        "386617",
        "25769"
      ],
      "GO:0099544": [],
      "GO:0099243": [],
      "GO:0099699": [
        "4685",
        "158038"
      ],
      "GO:0099523": [],
      "GO:0099569": [],
      "GO:0048786": [],
      "GO:0098833": [],
      "GO:0098830": [],
      "GO:0008021": [],
      "GO:0098992": [
        "627"
      ],
      "GO:0042734": [
        "490",
        "386617"
      ],
      "SYNGO:presyn_ribosome": [],
      "SYNGO:presyn_er": [],
      "GO:0098965": [
        "8404",
        "3371"
      ],
      "GO:0099524": [
        "9456"
      ],
      "GO:0099571": [],
      "GO:0097444": [],
      "GO:0150051": [],
      "GO:0099572": [],
      "GO:0098843": [],
      "GO:0098845": [],
      "GO:0045211": [
        "4900"
      ],
      "SYNGO:postsyn_ribosome": [],
      "SYNGO:postsyn_er": [],
      "GO:0098966": [
        "3371"
      ],
      "GO:0099182": [],
      "GO:0099143": [],
      "GO:0098831": [
        "22999",
        "1496"
      ],
      "GO:0048787": [
        "386617"
      ],
      "GO:0098835": [],
      "GO:0098954": [],
      "GO:0034592": [],
      "GO:0030672": [],
      "GO:0099013": [
        "1392",
        "885"
      ],
      "GO:0099012": [],
      "GO:0099026": [
        "27255"
      ],
      "GO:0098888": [
        "1496"
      ],
      "GO:0099056": [
        "85445",
        "23768"
      ],
      "SYNGO:presyn_er_membrane": [],
      "SYNGO:presyn_ser": [],
      "GO:0099160": [],
      "GO:0098871": [],
      "GO:0150050": [],
      "GO:0099189": [],
      "GO:0098897": [],
      "GO:0099091": [],
      "GO:0099634": [],
      "GO:0014069": [
        "9456",
        "54477",
        "4978",
        "144165",
        "5099",
        "6695"
      ],
      "GO:0099629": [],
      "GO:0098844": [],
      "GO:0098895": [],
      "GO:0098842": [],
      "GO:0098837": [],
      "GO:0099025": [],
      "GO:0098890": [
        "1496"
      ],
      "GO:0099055": [
        "23266",
        "57575",
        "23768"
      ],
      "SYNGO:postsyn_er_membrane": [],
      "SYNGO:postsyn_ser": [],
      "GO:0099029": [],
      "GO:0098891": [
        "22999"
      ],
      "GO:0099059": [
        "490",
        "1008",
        "3084",
        "9369"
      ],
      "GO:0098894": [],
      "GO:0099067": [],
      "GO:0098993": [],
      "GO:0098850": [],
      "GO:0030285": [],
      "GO:0098674": [],
      "GO:0099066": [],
      "SYNGO:presyn_er_membrane_integral": [],
      "SYNGO:presyn_ser_membrane": [],
      "GO:0099065": [],
      "GO:0098892": [],
      "GO:0099060": [
        "1008"
      ],
      "GO:0099092": [
        "1496"
      ],
      "GO:0098839": [],
      "GO:0099164": [],
      "GO:0098999": [],
      "GO:0098896": [],
      "GO:0098944": [],
      "SYNGO:postsyn_er_membrane_integral": [],
      "SYNGO:postsyn_ser_membrane": [],
      "SYNGO:presyn_ser_membrane_integral": [],
      "GO:0099031": [],
      "GO:0099147": [],
      "GO:0099061": [
        "1630",
        "81832",
        "5800",
        "22986",
        "3084",
        "40"
      ],
      "GO:0098998": [],
      "GO:0099033": [],
      "GO:0099063": [],
      "SYNGO:postsyn_ser_membrane_integral": []
    }
  },
  "aggregate": {
    "hgnc_id": {
      "GO:0045202": [
        "HGNC:29647",
        "HGNC:4454",
        "HGNC:1765",
        "HGNC:1749",
        "HGNC:2317",
        "HGNC:7657",
        "HGNC:21207",
        "HGNC:3387",
        "HGNC:16018",
        "HGNC:11504",
        "HGNC:2176",
        "HGNC:10976",
        "HGNC:12337",
        "HGNC:17282",
        "HGNC:2510",
        "HGNC:22394",
        "HGNC:814",
        "HGNC:7997",
        "HGNC:8010",
        "HGNC:1033",
        "HGNC:2355",
        "HGNC:1569",
        "HGNC:18747",
        "HGNC:3761",
        "HGNC:1544",
        "HGNC:11220",
        "HGNC:5318",
        "HGNC:8000",
        "HGNC:17512",
        "HGNC:30036",
        "HGNC:8143",
        "HGNC:17019",
        "HGNC:8659",
        "HGNC:11251",
        "HGNC:2701",
        "HGNC:13823",
        "HGNC:9678",
        "HGNC:16699",
        "HGNC:99",
        "HGNC:18582",
        "HGNC:13404"
      ],
      "GO:0097060": [
        "HGNC:7657",
        "HGNC:21207"
      ],
      "GO:0098793": [
        "HGNC:3387",
        "HGNC:16018",
        "HGNC:11504",
        "HGNC:2176",
        "HGNC:10976",
        "HGNC:12337",
        "HGNC:17282",
        "HGNC:2510",
        "HGNC:22394",
        "HGNC:814",
        "HGNC:1749",
        "HGNC:7997",
        "HGNC:8010",
        "HGNC:1033",
        "HGNC:2355",
        "HGNC:1569",
        "HGNC:18747",
        "HGNC:3761"
      ],
      "GO:0043083": [
        "HGNC:1544",
        "HGNC:11220",
        "HGNC:5318"
      ],
      "GO:0098794": [
        "HGNC:8000",
        "HGNC:7997",
        "HGNC:22394",
        "HGNC:10976",
        "HGNC:17512",
        "HGNC:1749",
        "HGNC:30036",
        "HGNC:8143",
        "HGNC:17019",
        "HGNC:8659",
        "HGNC:11251",
        "HGNC:2510",
        "HGNC:2701",
        "HGNC:13823",
        "HGNC:9678",
        "HGNC:16699",
        "HGNC:99",
        "HGNC:18582",
        "HGNC:13404",
        "HGNC:3761"
      ],
      "GO:0099544": [
        "HGNC:5318"
      ],
      "GO:0099243": [],
      "GO:0099699": [
        "HGNC:7657",
        "HGNC:21207"
      ],
      "GO:0099523": [],
      "GO:0099569": [],
      "GO:0048786": [
        "HGNC:17282",
        "HGNC:2510",
        "HGNC:22394",
        "HGNC:814",
        "HGNC:1749",
        "HGNC:7997",
        "HGNC:8010"
      ],
      "GO:0098833": [],
      "GO:0098830": [],
      "GO:0008021": [],
      "GO:0098992": [
        "HGNC:1033",
        "HGNC:2355",
        "HGNC:1569"
      ],
      "GO:0042734": [
        "HGNC:814",
        "HGNC:22394",
        "HGNC:2176",
        "HGNC:2510",
        "HGNC:18747",
        "HGNC:3761"
      ],
      "SYNGO:presyn_ribosome": [],
      "SYNGO:presyn_er": [],
      "GO:0098965": [
        "HGNC:11220",
        "HGNC:5318"
      ],
      "GO:0099524": [
        "HGNC:17512"
      ],
      "GO:0099571": [],
      "GO:0097444": [],
      "GO:0150051": [],
      "GO:0099572": [
        "HGNC:1749",
        "HGNC:17512",
        "HGNC:30036",
        "HGNC:8143",
        "HGNC:17019",
        "HGNC:8659",
        "HGNC:11251",
        "HGNC:2510",
        "HGNC:2701",
        "HGNC:13823",
        "HGNC:9678",
        "HGNC:16699",
        "HGNC:7997",
        "HGNC:99"
      ],
      "GO:0098843": [],
      "GO:0098845": [],
      "GO:0045211": [
        "HGNC:8000",
        "HGNC:2510",
        "HGNC:18582",
        "HGNC:13404",
        "HGNC:3761"
      ],
      "SYNGO:postsyn_ribosome": [],
      "SYNGO:postsyn_er": [],
      "GO:0098966": [
        "HGNC:5318"
      ],
      "GO:0099182": [],
      "GO:0099143": [],
      "GO:0098831": [
        "HGNC:17282",
        "HGNC:2510"
      ],
      "GO:0048787": [
        "HGNC:22394",
        "HGNC:17282",
        "HGNC:814",
        "HGNC:1749",
        "HGNC:7997",
        "HGNC:8010"
      ],
      "GO:0098835": [],
      "GO:0098954": [],
      "GO:0034592": [],
      "GO:0030672": [],
      "GO:0099013": [
        "HGNC:2355",
        "HGNC:1569"
      ],
      "GO:0099012": [],
      "GO:0099026": [
        "HGNC:2176"
      ],
      "GO:0098888": [
        "HGNC:2510"
      ],
      "GO:0099056": [
        "HGNC:18747",
        "HGNC:3761"
      ],
      "SYNGO:presyn_er_membrane": [],
      "SYNGO:presyn_ser": [],
      "GO:0099160": [],
      "GO:0098871": [],
      "GO:0150050": [],
      "GO:0099189": [],
      "GO:0098897": [],
      "GO:0099091": [],
      "GO:0099634": [
        "HGNC:1749"
      ],
      "GO:0014069": [
        "HGNC:17512",
        "HGNC:30036",
        "HGNC:8143",
        "HGNC:17019",
        "HGNC:8659",
        "HGNC:11251",
        "HGNC:2510",
        "HGNC:2701",
        "HGNC:13823",
        "HGNC:9678",
        "HGNC:16699",
        "HGNC:7997",
        "HGNC:99"
      ],
      "GO:0099629": [],
      "GO:0098844": [],
      "GO:0098895": [],
      "GO:0098842": [],
      "GO:0098837": [],
      "GO:0099025": [],
      "GO:0098890": [
        "HGNC:2510"
      ],
      "GO:0099055": [
        "HGNC:18582",
        "HGNC:13404",
        "HGNC:3761"
      ],
      "SYNGO:postsyn_er_membrane": [],
      "SYNGO:postsyn_ser": [],
      "GO:0099029": [],
      "GO:0098891": [
        "HGNC:17282"
      ],
      "GO:0099059": [
        "HGNC:814",
        "HGNC:1749",
        "HGNC:7997",
        "HGNC:8010"
      ],
      "GO:0098894": [],
      "GO:0099067": [],
      "GO:0098993": [],
      "GO:0098850": [],
      "GO:0030285": [],
      "GO:0098674": [],
      "GO:0099066": [],
      "SYNGO:presyn_er_membrane_integral": [],
      "SYNGO:presyn_ser_membrane": [],
      "GO:0099065": [],
      "GO:0098892": [],
      "GO:0099060": [
        "HGNC:1749"
      ],
      "GO:0099092": [
        "HGNC:2510"
      ],
      "GO:0098839": [
        "HGNC:2701",
        "HGNC:13823",
        "HGNC:9678",
        "HGNC:16699",
        "HGNC:7997",
        "HGNC:99"
      ],
      "GO:0099164": [],
      "GO:0098999": [],
      "GO:0098896": [],
      "GO:0098944": [],
      "SYNGO:postsyn_er_membrane_integral": [],
      "SYNGO:postsyn_ser_membrane": [],
      "SYNGO:presyn_ser_membrane_integral": [],
      "GO:0099031": [],
      "GO:0099147": [],
      "GO:0099061": [
        "HGNC:2701",
        "HGNC:13823",
        "HGNC:9678",
        "HGNC:16699",
        "HGNC:7997",
        "HGNC:99"
      ],
      "GO:0098998": [],
      "GO:0099033": [],
      "GO:0099063": [],
      "SYNGO:postsyn_ser_membrane_integral": []
    },
    "hgnc_symbol": {
      "GO:0045202": [
        "MAGI3",
        "GPC6",
        "CDH6",
        "CDH10",
        "CPNE4",
        "NCAM2",
        "LINGO2",
        "EPHA3",
        "CADPS2",
        "SYNJ2",
        "CNTN6",
        "SLC24A2",
        "TRPC5",
        "RIMS1",
        "CTNNA2",
        "KCTD8",
        "ATP2B1",
        "NRG1",
        "NRXN3",
        "BDNF",
        "CRH",
        "CCK",
        "CNTNAP4",
        "FLRT2",
        "CBLN2",
        "SPARCL1",
        "TNC",
        "NRGN",
        "HOMER1",
        "PLEKHA5",
        "OPCML",
        "PRICKLE1",
        "PCDH7",
        "SPOCK1",
        "DCC",
        "NETO1",
        "PTPRO",
        "SORCS3",
        "ASIC2",
        "ADGRL2",
        "PCDH10"
      ],
      "GO:0097060": [
        "NCAM2",
        "LINGO2"
      ],
      "GO:0098793": [
        "EPHA3",
        "CADPS2",
        "SYNJ2",
        "CNTN6",
        "SLC24A2",
        "TRPC5",
        "RIMS1",
        "CTNNA2",
        "KCTD8",
        "ATP2B1",
        "CDH10",
        "NRG1",
        "NRXN3",
        "BDNF",
        "CRH",
        "CCK",
        "CNTNAP4",
        "FLRT2"
      ],
      "GO:0043083": [
        "CBLN2",
        "SPARCL1",
        "TNC"
      ],
      "GO:0098794": [
        "NRGN",
        "NRG1",
        "KCTD8",
        "SLC24A2",
        "HOMER1",
        "CDH10",
        "PLEKHA5",
        "OPCML",
        "PRICKLE1",
        "PCDH7",
        "SPOCK1",
        "CTNNA2",
        "DCC",
        "NETO1",
        "PTPRO",
        "SORCS3",
        "ASIC2",
        "ADGRL2",
        "PCDH10",
        "FLRT2"
      ],
      "GO:0099544": [
        "TNC"
      ],
      "GO:0099243": [],
      "GO:0099699": [
        "NCAM2",
        "LINGO2"
      ],
      "GO:0099523": [],
      "GO:0099569": [],
      "GO:0048786": [
        "RIMS1",
        "CTNNA2",
        "KCTD8",
        "ATP2B1",
        "CDH10",
        "NRG1",
        "NRXN3"
      ],
      "GO:0098833": [],
      "GO:0098830": [],
      "GO:0008021": [],
      "GO:0098992": [
        "BDNF",
        "CRH",
        "CCK"
      ],
      "GO:0042734": [
        "ATP2B1",
        "KCTD8",
        "CNTN6",
        "CTNNA2",
        "CNTNAP4",
        "FLRT2"
      ],
      "SYNGO:presyn_ribosome": [],
      "SYNGO:presyn_er": [],
      "GO:0098965": [
        "SPARCL1",
        "TNC"
      ],
      "GO:0099524": [
        "HOMER1"
      ],
      "GO:0099571": [],
      "GO:0097444": [],
      "GO:0150051": [],
      "GO:0099572": [
        "CDH10",
        "HOMER1",
        "PLEKHA5",
        "OPCML",
        "PRICKLE1",
        "PCDH7",
        "SPOCK1",
        "CTNNA2",
        "DCC",
        "NETO1",
        "PTPRO",
        "SORCS3",
        "NRG1",
        "ASIC2"
      ],
      "GO:0098843": [],
      "GO:0098845": [],
      "GO:0045211": [
        "NRGN",
        "CTNNA2",
        "ADGRL2",
        "PCDH10",
        "FLRT2"
      ],
      "SYNGO:postsyn_ribosome": [],
      "SYNGO:postsyn_er": [],
      "GO:0098966": [
        "TNC"
      ],
      "GO:0099182": [],
      "GO:0099143": [],
      "GO:0098831": [
        "RIMS1",
        "CTNNA2"
      ],
      "GO:0048787": [
        "KCTD8",
        "RIMS1",
        "ATP2B1",
        "CDH10",
        "NRG1",
        "NRXN3"
      ],
      "GO:0098835": [],
      "GO:0098954": [],
      "GO:0034592": [],
      "GO:0030672": [],
      "GO:0099013": [
        "CRH",
        "CCK"
      ],
      "GO:0099012": [],
      "GO:0099026": [
        "CNTN6"
      ],
      "GO:0098888": [
        "CTNNA2"
      ],
      "GO:0099056": [
        "CNTNAP4",
        "FLRT2"
      ],
      "SYNGO:presyn_er_membrane": [],
      "SYNGO:presyn_ser": [],
      "GO:0099160": [],
      "GO:0098871": [],
      "GO:0150050": [],
      "GO:0099189": [],
      "GO:0098897": [],
      "GO:0099091": [],
      "GO:0099634": [
        "CDH10"
      ],
      "GO:0014069": [
        "HOMER1",
        "PLEKHA5",
        "OPCML",
        "PRICKLE1",
        "PCDH7",
        "SPOCK1",
        "CTNNA2",
        "DCC",
        "NETO1",
        "PTPRO",
        "SORCS3",
        "NRG1",
        "ASIC2"
      ],
      "GO:0099629": [],
      "GO:0098844": [],
      "GO:0098895": [],
      "GO:0098842": [],
      "GO:0098837": [],
      "GO:0099025": [],
      "GO:0098890": [
        "CTNNA2"
      ],
      "GO:0099055": [
        "ADGRL2",
        "PCDH10",
        "FLRT2"
      ],
      "SYNGO:postsyn_er_membrane": [],
      "SYNGO:postsyn_ser": [],
      "GO:0099029": [],
      "GO:0098891": [
        "RIMS1"
      ],
      "GO:0099059": [
        "ATP2B1",
        "CDH10",
        "NRG1",
        "NRXN3"
      ],
      "GO:0098894": [],
      "GO:0099067": [],
      "GO:0098993": [],
      "GO:0098850": [],
      "GO:0030285": [],
      "GO:0098674": [],
      "GO:0099066": [],
      "SYNGO:presyn_er_membrane_integral": [],
      "SYNGO:presyn_ser_membrane": [],
      "GO:0099065": [],
      "GO:0098892": [],
      "GO:0099060": [
        "CDH10"
      ],
      "GO:0099092": [
        "CTNNA2"
      ],
      "GO:0098839": [
        "DCC",
        "NETO1",
        "PTPRO",
        "SORCS3",
        "NRG1",
        "ASIC2"
      ],
      "GO:0099164": [],
      "GO:0098999": [],
      "GO:0098896": [],
      "GO:0098944": [],
      "SYNGO:postsyn_er_membrane_integral": [],
      "SYNGO:postsyn_ser_membrane": [],
      "SYNGO:presyn_ser_membrane_integral": [],
      "GO:0099031": [],
      "GO:0099147": [],
      "GO:0099061": [
        "DCC",
        "NETO1",
        "PTPRO",
        "SORCS3",
        "NRG1",
        "ASIC2"
      ],
      "GO:0098998": [],
      "GO:0099033": [],
      "GO:0099063": [],
      "SYNGO:postsyn_ser_membrane_integral": []
    },
    "ensembl_id": {
      "GO:0045202": [
        "ENSG00000081026",
        "ENSG00000183098",
        "ENSG00000113361",
        "ENSG00000040731",
        "ENSG00000196353",
        "ENSG00000154654",
        "ENSG00000174482",
        "ENSG00000044524",
        "ENSG00000081803",
        "ENSG00000078269",
        "ENSG00000134115",
        "ENSG00000155886",
        "ENSG00000072315",
        "ENSG00000079841",
        "ENSG00000066032",
        "ENSG00000183783",
        "ENSG00000070961",
        "ENSG00000157168",
        "ENSG00000021645",
        "ENSG00000176697",
        "ENSG00000147571",
        "ENSG00000187094",
        "ENSG00000152910",
        "ENSG00000185070",
        "ENSG00000141668",
        "ENSG00000152583",
        "ENSG00000041982",
        "ENSG00000154146",
        "ENSG00000152413",
        "ENSG00000052126",
        "ENSG00000183715",
        "ENSG00000139174",
        "ENSG00000169851",
        "ENSG00000152377",
        "ENSG00000187323",
        "ENSG00000166342",
        "ENSG00000151490",
        "ENSG00000156395",
        "ENSG00000108684",
        "ENSG00000117114",
        "ENSG00000138650"
      ],
      "GO:0097060": [
        "ENSG00000154654",
        "ENSG00000174482"
      ],
      "GO:0098793": [
        "ENSG00000044524",
        "ENSG00000081803",
        "ENSG00000078269",
        "ENSG00000134115",
        "ENSG00000155886",
        "ENSG00000072315",
        "ENSG00000079841",
        "ENSG00000066032",
        "ENSG00000183783",
        "ENSG00000070961",
        "ENSG00000040731",
        "ENSG00000157168",
        "ENSG00000021645",
        "ENSG00000176697",
        "ENSG00000147571",
        "ENSG00000187094",
        "ENSG00000152910",
        "ENSG00000185070"
      ],
      "GO:0043083": [
        "ENSG00000141668",
        "ENSG00000152583",
        "ENSG00000041982"
      ],
      "GO:0098794": [
        "ENSG00000154146",
        "ENSG00000157168",
        "ENSG00000183783",
        "ENSG00000155886",
        "ENSG00000152413",
        "ENSG00000040731",
        "ENSG00000052126",
        "ENSG00000183715",
        "ENSG00000139174",
        "ENSG00000169851",
        "ENSG00000152377",
        "ENSG00000066032",
        "ENSG00000187323",
        "ENSG00000166342",
        "ENSG00000151490",
        "ENSG00000156395",
        "ENSG00000108684",
        "ENSG00000117114",
        "ENSG00000138650",
        "ENSG00000185070"
      ],
      "GO:0099544": [
        "ENSG00000041982"
      ],
      "GO:0099243": [],
      "GO:0099699": [
        "ENSG00000154654",
        "ENSG00000174482"
      ],
      "GO:0099523": [],
      "GO:0099569": [],
      "GO:0048786": [
        "ENSG00000079841",
        "ENSG00000066032",
        "ENSG00000183783",
        "ENSG00000070961",
        "ENSG00000040731",
        "ENSG00000157168",
        "ENSG00000021645"
      ],
      "GO:0098833": [],
      "GO:0098830": [],
      "GO:0008021": [],
      "GO:0098992": [
        "ENSG00000176697",
        "ENSG00000147571",
        "ENSG00000187094"
      ],
      "GO:0042734": [
        "ENSG00000070961",
        "ENSG00000183783",
        "ENSG00000134115",
        "ENSG00000066032",
        "ENSG00000152910",
        "ENSG00000185070"
      ],
      "SYNGO:presyn_ribosome": [],
      "SYNGO:presyn_er": [],
      "GO:0098965": [
        "ENSG00000152583",
        "ENSG00000041982"
      ],
      "GO:0099524": [
        "ENSG00000152413"
      ],
      "GO:0099571": [],
      "GO:0097444": [],
      "GO:0150051": [],
      "GO:0099572": [
        "ENSG00000040731",
        "ENSG00000152413",
        "ENSG00000052126",
        "ENSG00000183715",
        "ENSG00000139174",
        "ENSG00000169851",
        "ENSG00000152377",
        "ENSG00000066032",
        "ENSG00000187323",
        "ENSG00000166342",
        "ENSG00000151490",
        "ENSG00000156395",
        "ENSG00000157168",
        "ENSG00000108684"
      ],
      "GO:0098843": [],
      "GO:0098845": [],
      "GO:0045211": [
        "ENSG00000154146",
        "ENSG00000066032",
        "ENSG00000117114",
        "ENSG00000138650",
        "ENSG00000185070"
      ],
      "SYNGO:postsyn_ribosome": [],
      "SYNGO:postsyn_er": [],
      "GO:0098966": [
        "ENSG00000041982"
      ],
      "GO:0099182": [],
      "GO:0099143": [],
      "GO:0098831": [
        "ENSG00000079841",
        "ENSG00000066032"
      ],
      "GO:0048787": [
        "ENSG00000183783",
        "ENSG00000079841",
        "ENSG00000070961",
        "ENSG00000040731",
        "ENSG00000157168",
        "ENSG00000021645"
      ],
      "GO:0098835": [],
      "GO:0098954": [],
      "GO:0034592": [],
      "GO:0030672": [],
      "GO:0099013": [
        "ENSG00000147571",
        "ENSG00000187094"
      ],
      "GO:0099012": [],
      "GO:0099026": [
        "ENSG00000134115"
      ],
      "GO:0098888": [
        "ENSG00000066032"
      ],
      "GO:0099056": [
        "ENSG00000152910",
        "ENSG00000185070"
      ],
      "SYNGO:presyn_er_membrane": [],
      "SYNGO:presyn_ser": [],
      "GO:0099160": [],
      "GO:0098871": [],
      "GO:0150050": [],
      "GO:0099189": [],
      "GO:0098897": [],
      "GO:0099091": [],
      "GO:0099634": [
        "ENSG00000040731"
      ],
      "GO:0014069": [
        "ENSG00000152413",
        "ENSG00000052126",
        "ENSG00000183715",
        "ENSG00000139174",
        "ENSG00000169851",
        "ENSG00000152377",
        "ENSG00000066032",
        "ENSG00000187323",
        "ENSG00000166342",
        "ENSG00000151490",
        "ENSG00000156395",
        "ENSG00000157168",
        "ENSG00000108684"
      ],
      "GO:0099629": [],
      "GO:0098844": [],
      "GO:0098895": [],
      "GO:0098842": [],
      "GO:0098837": [],
      "GO:0099025": [],
      "GO:0098890": [
        "ENSG00000066032"
      ],
      "GO:0099055": [
        "ENSG00000117114",
        "ENSG00000138650",
        "ENSG00000185070"
      ],
      "SYNGO:postsyn_er_membrane": [],
      "SYNGO:postsyn_ser": [],
      "GO:0099029": [],
      "GO:0098891": [
        "ENSG00000079841"
      ],
      "GO:0099059": [
        "ENSG00000070961",
        "ENSG00000040731",
        "ENSG00000157168",
        "ENSG00000021645"
      ],
      "GO:0098894": [],
      "GO:0099067": [],
      "GO:0098993": [],
      "GO:0098850": [],
      "GO:0030285": [],
      "GO:0098674": [],
      "GO:0099066": [],
      "SYNGO:presyn_er_membrane_integral": [],
      "SYNGO:presyn_ser_membrane": [],
      "GO:0099065": [],
      "GO:0098892": [],
      "GO:0099060": [
        "ENSG00000040731"
      ],
      "GO:0099092": [
        "ENSG00000066032"
      ],
      "GO:0098839": [
        "ENSG00000187323",
        "ENSG00000166342",
        "ENSG00000151490",
        "ENSG00000156395",
        "ENSG00000157168",
        "ENSG00000108684"
      ],
      "GO:0099164": [],
      "GO:0098999": [],
      "GO:0098896": [],
      "GO:0098944": [],
      "SYNGO:postsyn_er_membrane_integral": [],
      "SYNGO:postsyn_ser_membrane": [],
      "SYNGO:presyn_ser_membrane_integral": [],
      "GO:0099031": [],
      "GO:0099147": [],
      "GO:0099061": [
        "ENSG00000187323",
        "ENSG00000166342",
        "ENSG00000151490",
        "ENSG00000156395",
        "ENSG00000157168",
        "ENSG00000108684"
      ],
      "GO:0098998": [],
      "GO:0099033": [],
      "GO:0099063": [],
      "SYNGO:postsyn_ser_membrane_integral": []
    },
    "entrez_id": {
      "GO:0045202": [
        "260425",
        "10082",
        "1004",
        "1008",
        "131034",
        "4685",
        "158038",
        "2042",
        "93664",
        "8871",
        "27255",
        "25769",
        "7224",
        "22999",
        "1496",
        "386617",
        "490",
        "3084",
        "9369",
        "627",
        "1392",
        "885",
        "85445",
        "23768",
        "147381",
        "8404",
        "3371",
        "4900",
        "9456",
        "54477",
        "4978",
        "144165",
        "5099",
        "6695",
        "1630",
        "81832",
        "5800",
        "22986",
        "40",
        "23266",
        "57575"
      ],
      "GO:0097060": [
        "4685",
        "158038"
      ],
      "GO:0098793": [
        "2042",
        "93664",
        "8871",
        "27255",
        "25769",
        "7224",
        "22999",
        "1496",
        "386617",
        "490",
        "1008",
        "3084",
        "9369",
        "627",
        "1392",
        "885",
        "85445",
        "23768"
      ],
      "GO:0043083": [
        "147381",
        "8404",
        "3371"
      ],
      "GO:0098794": [
        "4900",
        "3084",
        "386617",
        "25769",
        "9456",
        "1008",
        "54477",
        "4978",
        "144165",
        "5099",
        "6695",
        "1496",
        "1630",
        "81832",
        "5800",
        "22986",
        "40",
        "23266",
        "57575",
        "23768"
      ],
      "GO:0099544": [
        "3371"
      ],
      "GO:0099243": [],
      "GO:0099699": [
        "4685",
        "158038"
      ],
      "GO:0099523": [],
      "GO:0099569": [],
      "GO:0048786": [
        "22999",
        "1496",
        "386617",
        "490",
        "1008",
        "3084",
        "9369"
      ],
      "GO:0098833": [],
      "GO:0098830": [],
      "GO:0008021": [],
      "GO:0098992": [
        "627",
        "1392",
        "885"
      ],
      "GO:0042734": [
        "490",
        "386617",
        "27255",
        "1496",
        "85445",
        "23768"
      ],
      "SYNGO:presyn_ribosome": [],
      "SYNGO:presyn_er": [],
      "GO:0098965": [
        "8404",
        "3371"
      ],
      "GO:0099524": [
        "9456"
      ],
      "GO:0099571": [],
      "GO:0097444": [],
      "GO:0150051": [],
      "GO:0099572": [
        "1008",
        "9456",
        "54477",
        "4978",
        "144165",
        "5099",
        "6695",
        "1496",
        "1630",
        "81832",
        "5800",
        "22986",
        "3084",
        "40"
      ],
      "GO:0098843": [],
      "GO:0098845": [],
      "GO:0045211": [
        "4900",
        "1496",
        "23266",
        "57575",
        "23768"
      ],
      "SYNGO:postsyn_ribosome": [],
      "SYNGO:postsyn_er": [],
      "GO:0098966": [
        "3371"
      ],
      "GO:0099182": [],
      "GO:0099143": [],
      "GO:0098831": [
        "22999",
        "1496"
      ],
      "GO:0048787": [
        "386617",
        "22999",
        "490",
        "1008",
        "3084",
        "9369"
      ],
      "GO:0098835": [],
      "GO:0098954": [],
      "GO:0034592": [],
      "GO:0030672": [],
      "GO:0099013": [
        "1392",
        "885"
      ],
      "GO:0099012": [],
      "GO:0099026": [
        "27255"
      ],
      "GO:0098888": [
        "1496"
      ],
      "GO:0099056": [
        "85445",
        "23768"
      ],
      "SYNGO:presyn_er_membrane": [],
      "SYNGO:presyn_ser": [],
      "GO:0099160": [],
      "GO:0098871": [],
      "GO:0150050": [],
      "GO:0099189": [],
      "GO:0098897": [],
      "GO:0099091": [],
      "GO:0099634": [
        "1008"
      ],
      "GO:0014069": [
        "9456",
        "54477",
        "4978",
        "144165",
        "5099",
        "6695",
        "1496",
        "1630",
        "81832",
        "5800",
        "22986",
        "3084",
        "40"
      ],
      "GO:0099629": [],
      "GO:0098844": [],
      "GO:0098895": [],
      "GO:0098842": [],
      "GO:0098837": [],
      "GO:0099025": [],
      "GO:0098890": [
        "1496"
      ],
      "GO:0099055": [
        "23266",
        "57575",
        "23768"
      ],
      "SYNGO:postsyn_er_membrane": [],
      "SYNGO:postsyn_ser": [],
      "GO:0099029": [],
      "GO:0098891": [
        "22999"
      ],
      "GO:0099059": [
        "490",
        "1008",
        "3084",
        "9369"
      ],
      "GO:0098894": [],
      "GO:0099067": [],
      "GO:0098993": [],
      "GO:0098850": [],
      "GO:0030285": [],
      "GO:0098674": [],
      "GO:0099066": [],
      "SYNGO:presyn_er_membrane_integral": [],
      "SYNGO:presyn_ser_membrane": [],
      "GO:0099065": [],
      "GO:0098892": [],
      "GO:0099060": [
        "1008"
      ],
      "GO:0099092": [
        "1496"
      ],
      "GO:0098839": [
        "1630",
        "81832",
        "5800",
        "22986",
        "3084",
        "40"
      ],
      "GO:0099164": [],
      "GO:0098999": [],
      "GO:0098896": [],
      "GO:0098944": [],
      "SYNGO:postsyn_er_membrane_integral": [],
      "SYNGO:postsyn_ser_membrane": [],
      "SYNGO:presyn_ser_membrane_integral": [],
      "GO:0099031": [],
      "GO:0099147": [],
      "GO:0099061": [
        "1630",
        "81832",
        "5800",
        "22986",
        "3084",
        "40"
      ],
      "GO:0098998": [],
      "GO:0099033": [],
      "GO:0099063": [],
      "SYNGO:postsyn_ser_membrane_integral": []
    }
  }
}