{
  "direct": {
    "hgnc_id": {
      "SYNGO:synprocess": [],
      "SYNGO:presynprocess": [],
      "SYNGO:postsynprocess": [],
      "GO:0099536": [],
      "GO:0050808": [
        "HGNC:18582"
      ],
      "SYNGO:metabolism": [],
      "SYNGO:transport": [],
      "GO:0099509": [],
      "GO:0099505": [],
      "GO:0140238": [],
      "GO:0099504": [],
      "GO:0099525": [
        "HGNC:17282",
        "HGNC:16018"
      ],
      "GO:0001504": [],
      "GO:0098810": [],
      "SYNGO:presyn_chaperoneProteinFolding": [],
      "GO:0098928": [],
      "GO:0099566": [],
      "GO:0060078": [],
      "GO:0098962": [
        "HGNC:17512",
        "HGNC:13823"
      ],
      "GO:0099072": [
        "HGNC:8010"
      ],
      "GO:0140239": [],
      "GO:0150038": [],
      "GO:0098926": [],
      "GO:0099537": [
        "HGNC:8010"
      ],
      "GO:0099538": [
        "HGNC:1569"
      ],
      "GO:0099163": [],
      "GO:0099172": [],
      "GO:0099173": [],
      "GO:0099563": [],
      "GO:0050807": [
        "HGNC:18747",
        "HGNC:11220",
        "HGNC:9678"
      ],
      "GO:0098918": [],
      "GO:0150043": [],
      "GO:0099560": [
        "HGNC:11220",
        "HGNC:3387",
        "HGNC:7997",
        "HGNC:1749",
        "HGNC:1765"
      ],
      "GO:0008039": [],
      "GO:0007416": [],
      "GO:0098883": [],
      "GO:0060074": [],
      "GO:0099558": [],
      "GO:0099187": [],
      "GO:0099188": [],
      "SYNGO:presyn_ATPmetabolic": [],
      "SYNGO:postsyn_ATPmetabolic": [],
      "GO:0099546": [],
      "GO:0099574": [],
      "GO:0099547": [],
      "GO:0042135": [],
      "GO:0140246": [],
      "GO:0042136": [],
      "GO:0140241": [],
      "GO:0140235": [],
      "GO:0008088": [],
      "GO:0099514": [],
      "GO:0099090": [],
      "GO:0099089": [],
      "GO:0099637": [],
      "GO:1905056": [],
      "GO:0099534": [],
      "GO:0099626": [],
      "GO:0099507": [],
      "GO:0099508": [],
      "GO:0150047": [
        "HGNC:22394"
      ],
      "GO:0140232": [],
      "GO:0098693": [],
      "GO:0097091": [],
      "GO:0099532": [],
      "GO:0016079": [],
      "GO:0098700": [],
      "GO:0099180": [],
      "GO:0097401": [],
      "GO:0048488": [
        "HGNC:11504"
      ],
      "GO:0099161": [],
      "GO:0051580": [],
      "GO:0099526": [],
      "GO:1905059": [],
      "GO:0099567": [],
      "GO:1905060": [],
      "GO:0098695": [],
      "GO:0099583": [],
      "GO:0140233": [],
      "GO:1904315": [],
      "GO:1905030": [],
      "GO:0099645": [
        "HGNC:8010",
        "HGNC:13823"
      ],
      "GO:0098967": [],
      "GO:0098970": [],
      "GO:0098884": [],
      "GO:0150044": [],
      "GO:0099527": [
        "HGNC:7997"
      ],
      "GO:0099541": [],
      "GO:0099540": [],
      "GO:0099543": [],
      "GO:0099545": [],
      "GO:0099157": [],
      "GO:0099183": [
        "HGNC:1033"
      ],
      "GO:0099550": [
        "HGNC:1544",
        "HGNC:8010"
      ],
      "GO:0007268": [],
      "GO:0150045": [],
      "GO:0099174": [],
      "GO:0099175": [],
      "GO:0099084": [],
      "GO:0099010": [],
      "GO:0099564": [],
      "GO:1905244": [],
      "GO:0099181": [],
      "GO:0099186": [
        "HGNC:17512"
      ],
      "GO:0099179": [],
      "GO:0099054": [],
      "GO:0051963": [],
      "GO:0098698": [],
      "GO:0097104": [],
      "GO:1905806": [],
      "GO:0090128": [],
      "GO:0099559": [],
      "GO:0098880": [],
      "GO:0099140": [],
      "GO:0098974": [],
      "GO:0099190": [],
      "SYNGO:presyn_regulationATPmetabolic": [],
      "GO:0099576": [],
      "GO:0099575": [],
      "GO:0099578": [],
      "GO:0099577": [],
      "GO:0140247": [],
      "GO:0140249": [],
      "GO:0140236": [],
      "GO:0140242": [],
      "GO:0098930": [],
      "GO:0098935": [],
      "GO:0099517": [],
      "GO:0099158": [],
      "GO:0098968": [],
      "GO:0098877": [],
      "GO:0098943": [],
      "GO:0016182": [],
      "GO:0016189": [],
      "GO:0099502": [],
      "GO:2000300": [],
      "GO:0016081": [
        "HGNC:17282"
      ],
      "GO:0031629": [],
      "GO:0016082": [
        "HGNC:17282",
        "HGNC:16018"
      ],
      "GO:0099162": [],
      "GO:1901546": [],
      "GO:1900242": [],
      "GO:0016185": [],
      "GO:0016191": [],
      "GO:0098872": [],
      "GO:0099579": [],
      "GO:0098696": [
        "HGNC:4454"
      ],
      "GO:0099145": [],
      "GO:0150054": [],
      "GO:0099149": [
        "HGNC:7997"
      ],
      "GO:1905539": [],
      "GO:0099542": [],
      "GO:0099548": [],
      "GO:0098942": [],
      "GO:0099557": [],
      "GO:0150035": [],
      "GO:0050804": [
        "HGNC:18747"
      ],
      "GO:0099531": [],
      "GO:0099565": [],
      "GO:0099159": [],
      "GO:0098885": [
        "HGNC:2510"
      ],
      "GO:0098987": [],
      "GO:0098882": [
        "HGNC:17282"
      ],
      "GO:0098699": [],
      "GO:0098973": [],
      "GO:0099184": [],
      "GO:0098879": [],
      "GO:0098919": [],
      "GO:1905606": [
        "HGNC:7997"
      ],
      "GO:0150052": [
        "HGNC:3761",
        "HGNC:8659",
        "HGNC:99"
      ],
      "GO:0099150": [],
      "GO:0097107": [
        "HGNC:8010"
      ],
      "GO:0099562": [
        "HGNC:17019"
      ],
      "GO:0140251": [],
      "GO:0140252": [],
      "GO:0140245": [],
      "GO:0008089": [],
      "GO:0099088": [],
      "GO:0098937": [],
      "GO:0098939": [],
      "GO:0098961": [],
      "GO:0098934": [],
      "GO:0048490": [],
      "GO:0098969": [],
      "GO:0099639": [],
      "GO:0150037": [
        "HGNC:17282"
      ],
      "GO:0099148": [],
      "GO:0031630": [],
      "GO:0010807": [],
      "GO:0098694": [],
      "GO:0098921": [],
      "GO:0099553": [],
      "GO:0099555": [],
      "GO:0099171": [
        "HGNC:8010"
      ],
      "GO:0099170": [
        "HGNC:2701",
        "HGNC:8000",
        "HGNC:16699"
      ],
      "GO:1905274": [],
      "GO:0099151": [
        "HGNC:17019"
      ],
      "GO:0099641": [],
      "GO:0140231": [
        "HGNC:13823"
      ],
      "GO:0098971": [],
      "GO:0098963": [],
      "GO:1903742": [],
      "GO:0098887": [],
      "GO:0099178": [],
      "GO:0150036": [],
      "GO:0098925": [],
      "GO:0098964": [],
      "GO:0099152": []
    },
    "hgnc_symbol": {
      "SYNGO:synprocess": [],
      "SYNGO:presynprocess": [],
      "SYNGO:postsynprocess": [],
      "GO:0099536": [],
      "GO:0050808": [
        "ADGRL2"
      ],
      "SYNGO:metabolism": [],
      "SYNGO:transport": [],
      "GO:0099509": [],
      "GO:0099505": [],
      "GO:0140238": [],
      "GO:0099504": [],
      "GO:0099525": [
        "RIMS1",
        "CADPS2"
      ],
      "GO:0001504": [],
      "GO:0098810": [],
      "SYNGO:presyn_chaperoneProteinFolding": [],
      "GO:0098928": [],
      "GO:0099566": [],
      "GO:0060078": [],
      "GO:0098962": [
        "HOMER1",
        "NETO1"
      ],
      "GO:0099072": [
        "NRXN3"
      ],
      "GO:0140239": [],
      "GO:0150038": [],
      "GO:0098926": [],
      "GO:0099537": [
        "NRXN3"
      ],
      "GO:0099538": [
        "CCK"
      ],
      "GO:0099163": [],
      "GO:0099172": [],
      "GO:0099173": [],
      "GO:0099563": [],
      "GO:0050807": [
        "CNTNAP4",
        "SPARCL1",
        "PTPRO"
      ],
      "GO:0098918": [],
      "GO:0150043": [],
      "GO:0099560": [
        "SPARCL1",
        "EPHA3",
        "NRG1",
        "CDH10",
        "CDH6"
      ],
      "GO:0008039": [],
      "GO:0007416": [],
      "GO:0098883": [],
      "GO:0060074": [],
      "GO:0099558": [],
      "GO:0099187": [],
      "GO:0099188": [],
      "SYNGO:presyn_ATPmetabolic": [],
      "SYNGO:postsyn_ATPmetabolic": [],
      "GO:0099546": [],
      "GO:0099574": [],
      "GO:0099547": [],
      "GO:0042135": [],
      "GO:0140246": [],
      "GO:0042136": [],
      "GO:0140241": [],
      "GO:0140235": [],
      "GO:0008088": [],
      "GO:0099514": [],
      "GO:0099090": [],
      "GO:0099089": [],
      "GO:0099637": [],
      "GO:1905056": [],
      "GO:0099534": [],
      "GO:0099626": [],
      "GO:0099507": [],
      "GO:0099508": [],
      "GO:0150047": [
        "KCTD8"
      ],
      "GO:0140232": [],
      "GO:0098693": [],
      "GO:0097091": [],
      "GO:0099532": [],
      "GO:0016079": [],
      "GO:0098700": [],
      "GO:0099180": [],
      "GO:0097401": [],
      "GO:0048488": [
        "SYNJ2"
      ],
      "GO:0099161": [],
      "GO:0051580": [],
      "GO:0099526": [],
      "GO:1905059": [],
      "GO:0099567": [],
      "GO:1905060": [],
      "GO:0098695": [],
      "GO:0099583": [],
      "GO:0140233": [],
      "GO:1904315": [],
      "GO:1905030": [],
      "GO:0099645": [
        "NRXN3",
        "NETO1"
      ],
      "GO:0098967": [],
      "GO:0098970": [],
      "GO:0098884": [],
      "GO:0150044": [],
      "GO:0099527": [
        "NRG1"
      ],
      "GO:0099541": [],
      "GO:0099540": [],
      "GO:0099543": [],
      "GO:0099545": [],
      "GO:0099157": [],
      "GO:0099183": [
        "BDNF"
      ],
      "GO:0099550": [
        "CBLN2",
        "NRXN3"
      ],
      "GO:0007268": [],
      "GO:0150045": [],
      "GO:0099174": [],
      "GO:0099175": [],
      "GO:0099084": [],
      "GO:0099010": [],
      "GO:0099564": [],
      "GO:1905244": [],
      "GO:0099181": [],
      "GO:0099186": [
        "HOMER1"
      ],
      "GO:0099179": [],
      "GO:0099054": [],
      "GO:0051963": [],
      "GO:0098698": [],
      "GO:0097104": [],
      "GO:1905806": [],
      "GO:0090128": [],
      "GO:0099559": [],
      "GO:0098880": [],
      "GO:0099140": [],
      "GO:0098974": [],
      "GO:0099190": [],
      "SYNGO:presyn_regulationATPmetabolic": [],
      "GO:0099576": [],
      "GO:0099575": [],
      "GO:0099578": [],
      "GO:0099577": [],
      "GO:0140247": [],
      "GO:0140249": [],
      "GO:0140236": [],
      "GO:0140242": [],
      "GO:0098930": [],
      "GO:0098935": [],
      "GO:0099517": [],
      "GO:0099158": [],
      "GO:0098968": [],
      "GO:0098877": [],
      "GO:0098943": [],
      "GO:0016182": [],
      "GO:0016189": [],
      "GO:0099502": [],
      "GO:2000300": [],
      "GO:0016081": [
        "RIMS1"
      ],
      "GO:0031629": [],
      "GO:0016082": [
        "RIMS1",
        "CADPS2"
      ],
      "GO:0099162": [],
      "GO:1901546": [],
      "GO:1900242": [],
      "GO:0016185": [],
      "GO:0016191": [],
      "GO:0098872": [],
      "GO:0099579": [],
      "GO:0098696": [
        "GPC6"
      ],
      "GO:0099145": [],
      "GO:0150054": [],
      "GO:0099149": [
        "NRG1"
      ],
      "GO:1905539": [],
      "GO:0099542": [],
      "GO:0099548": [],
      "GO:0098942": [],
      "GO:0099557": [],
      "GO:0150035": [],
      "GO:0050804": [
        "CNTNAP4"
      ],
      "GO:0099531": [],
      "GO:0099565": [],
      "GO:0099159": [],
      "GO:0098885": [
        "CTNNA2"
      ],
      "GO:0098987": [],
      "GO:0098882": [
        "RIMS1"
      ],
      "GO:0098699": [],
      "GO:0098973": [],
      "GO:0099184": [],
      "GO:0098879": [],
      "GO:0098919": [],
      "GO:1905606": [
        "NRG1"
      ],
      "GO:0150052": [
        "FLRT2",
        "PCDH7",
        "ASIC2"
      ],
      "GO:0099150": [],
      "GO:0097107": [
        "NRXN3"
      ],
      "GO:0099562": [
        "PRICKLE1"
      ],
      "GO:0140251": [],
      "GO:0140252": [],
      "GO:0140245": [],
      "GO:0008089": [],
      "GO:0099088": [],
      "GO:0098937": [],
      "GO:0098939": [],
      "GO:0098961": [],
      "GO:0098934": [],
      "GO:0048490": [],
      "GO:0098969": [],
      "GO:0099639": [],
      "GO:0150037": [
        "RIMS1"
      ],
      "GO:0099148": [],
      "GO:0031630": [],
      "GO:0010807": [],
      "GO:0098694": [],
      "GO:0098921": [],
      "GO:0099553": [],
      "GO:0099555": [],
      "GO:0099171": [
        "NRXN3"
      ],
      "GO:0099170": [
        "DCC",
        "NRGN",
        "SORCS3"
      ],
      "GO:1905274": [],
      "GO:0099151": [
        "PRICKLE1"
      ],
      "GO:0099641": [],
      "GO:0140231": [
        "NETO1"
      ],
      "GO:0098971": [],
      "GO:0098963": [],
      "GO:1903742": [],
      "GO:0098887": [],
      "GO:0099178": [],
      "GO:0150036": [],
      "GO:0098925": [],
      "GO:0098964": [],
      "GO:0099152": []
    },
    "ensembl_id": {
      "SYNGO:synprocess": [],
      "SYNGO:presynprocess": [],
      "SYNGO:postsynprocess": [],
      "GO:0099536": [],
      "GO:0050808": [
        "ENSG00000117114"
      ],
      "SYNGO:metabolism": [],
      "SYNGO:transport": [],
      "GO:0099509": [],
      "GO:0099505": [],
      "GO:0140238": [],
      "GO:0099504": [],
      "GO:0099525": [
        "ENSG00000079841",
        "ENSG00000081803"
      ],
      "GO:0001504": [],
      "GO:0098810": [],
      "SYNGO:presyn_chaperoneProteinFolding": [],
      "GO:0098928": [],
      "GO:0099566": [],
      "GO:0060078": [],
      "GO:0098962": [
        "ENSG00000152413",
        "ENSG00000166342"
      ],
      "GO:0099072": [
        "ENSG00000021645"
      ],
      "GO:0140239": [],
      "GO:0150038": [],
      "GO:0098926": [],
      "GO:0099537": [
        "ENSG00000021645"
      ],
      "GO:0099538": [
        "ENSG00000187094"
      ],
      "GO:0099163": [],
      "GO:0099172": [],
      "GO:0099173": [],
      "GO:0099563": [],
      "GO:0050807": [
        "ENSG00000152910",
        "ENSG00000152583",
        "ENSG00000151490"
      ],
      "GO:0098918": [],
      "GO:0150043": [],
      "GO:0099560": [
        "ENSG00000152583",
        "ENSG00000044524",
        "ENSG00000157168",
        "ENSG00000040731",
        "ENSG00000113361"
      ],
      "GO:0008039": [],
      "GO:0007416": [],
      "GO:0098883": [],
      "GO:0060074": [],
      "GO:0099558": [],
      "GO:0099187": [],
      "GO:0099188": [],
      "SYNGO:presyn_ATPmetabolic": [],
      "SYNGO:postsyn_ATPmetabolic": [],
      "GO:0099546": [],
      "GO:0099574": [],
      "GO:0099547": [],
      "GO:0042135": [],
      "GO:0140246": [],
      "GO:0042136": [],
      "GO:0140241": [],
      "GO:0140235": [],
      "GO:0008088": [],
      "GO:0099514": [],
      "GO:0099090": [],
      "GO:0099089": [],
      "GO:0099637": [],
      "GO:1905056": [],
      "GO:0099534": [],
      "GO:0099626": [],
      "GO:0099507": [],
      "GO:0099508": [],
      "GO:0150047": [
        "ENSG00000183783"
      ],
      "GO:0140232": [],
      "GO:0098693": [],
      "GO:0097091": [],
      "GO:0099532": [],
      "GO:0016079": [],
      "GO:0098700": [],
      "GO:0099180": [],
      "GO:0097401": [],
      "GO:0048488": [
        "ENSG00000078269"
      ],
      "GO:0099161": [],
      "GO:0051580": [],
      "GO:0099526": [],
      "GO:1905059": [],
      "GO:0099567": [],
      "GO:1905060": [],
      "GO:0098695": [],
      "GO:0099583": [],
      "GO:0140233": [],
      "GO:1904315": [],
      "GO:1905030": [],
      "GO:0099645": [
        "ENSG00000021645",
        "ENSG00000166342"
      ],
      "GO:0098967": [],
      "GO:0098970": [],
      "GO:0098884": [],
      "GO:0150044": [],
      "GO:0099527": [
        "ENSG00000157168"
      ],
      "GO:0099541": [],
      "GO:0099540": [],
      "GO:0099543": [],
      "GO:0099545": [],
      "GO:0099157": [],
      "GO:0099183": [
        "ENSG00000176697"
      ],
      "GO:0099550": [
        "ENSG00000141668",
        "ENSG00000021645"
      ],
      "GO:0007268": [],
      "GO:0150045": [],
      "GO:0099174": [],
      "GO:0099175": [],
      "GO:0099084": [],
      "GO:0099010": [],
      "GO:0099564": [],
      "GO:1905244": [],
      "GO:0099181": [],
      "GO:0099186": [
        "ENSG00000152413"
      ],
      "GO:0099179": [],
      "GO:0099054": [],
      "GO:0051963": [],
      "GO:0098698": [],
      "GO:0097104": [],
      "GO:1905806": [],
      "GO:0090128": [],
      "GO:0099559": [],
      "GO:0098880": [],
      "GO:0099140": [],
      "GO:0098974": [],
      "GO:0099190": [],
      "SYNGO:presyn_regulationATPmetabolic": [],
      "GO:0099576": [],
      "GO:0099575": [],
      "GO:0099578": [],
      "GO:0099577": [],
      "GO:0140247": [],
      "GO:0140249": [],
      "GO:0140236": [],
      "GO:0140242": [],
      "GO:0098930": [],
      "GO:0098935": [],
      "GO:0099517": [],
      "GO:0099158": [],
      "GO:0098968": [],
      "GO:0098877": [],
      "GO:0098943": [],
      "GO:0016182": [],
      "GO:0016189": [],
      "GO:0099502": [],
      "GO:2000300": [],
      "GO:0016081": [
        "ENSG00000079841"
      ],
      "GO:0031629": [],
      "GO:0016082": [
        "ENSG00000079841",
        "ENSG00000081803"
      ],
      "GO:0099162": [],
      "GO:1901546": [],
      "GO:1900242": [],
      "GO:0016185": [],
      "GO:0016191": [],
      "GO:0098872": [],
      "GO:0099579": [],
      "GO:0098696": [
        "ENSG00000183098"
      ],
      "GO:0099145": [],
      "GO:0150054": [],
      "GO:0099149": [
        "ENSG00000157168"
      ],
      "GO:1905539": [],
      "GO:0099542": [],
      "GO:0099548": [],
      "GO:0098942": [],
      "GO:0099557": [],
      "GO:0150035": [],
      "GO:0050804": [
        "ENSG00000152910"
      ],
      "GO:0099531": [],
      "GO:0099565": [],
      "GO:0099159": [],
      "GO:0098885": [
        "ENSG00000066032"
      ],
      "GO:0098987": [],
      "GO:0098882": [
        "ENSG00000079841"
      ],
      "GO:0098699": [],
      "GO:0098973": [],
      "GO:0099184": [],
      "GO:0098879": [],
      "GO:0098919": [],
      "GO:1905606": [
        "ENSG00000157168"
      ],
      "GO:0150052": [
        "ENSG00000185070",
        "ENSG00000169851",
        "ENSG00000108684"
      ],
      "GO:0099150": [],
      "GO:0097107": [
        "ENSG00000021645"
      ],
      "GO:0099562": [
        "ENSG00000139174"
      ],
      "GO:0140251": [],
      "GO:0140252": [],
      "GO:0140245": [],
      "GO:0008089": [],
      "GO:0099088": [],
      "GO:0098937": [],
      "GO:0098939": [],
      "GO:0098961": [],
      "GO:0098934": [],
      "GO:0048490": [],
      "GO:0098969": [],
      "GO:0099639": [],
      "GO:0150037": [
        "ENSG00000079841"
      ],
      "GO:0099148": [],
      "GO:0031630": [],
      "GO:0010807": [],
      "GO:0098694": [],
      "GO:0098921": [],
      "GO:0099553": [],
      "GO:0099555": [],
      "GO:0099171": [
        "ENSG00000021645"
      ],
      "GO:0099170": [
        "ENSG00000187323",
        "ENSG00000154146",
        "ENSG00000156395"
      ],
      "GO:1905274": [],
      "GO:0099151": [
        "ENSG00000139174"
      ],
      "GO:0099641": [],
      "GO:0140231": [
        "ENSG00000166342"
      ],
      "GO:0098971": [],
      "GO:0098963": [],
      "GO:1903742": [],
      "GO:0098887": [],
      "GO:0099178": [],
      "GO:0150036": [],
      "GO:0098925": [],
      "GO:0098964": [],
      "GO:0099152": []
    },
    "entrez_id": {
      "SYNGO:synprocess": [],
      "SYNGO:presynprocess": [],
      "SYNGO:postsynprocess": [],
      "GO:0099536": [],
      "GO:0050808": [
        "23266"
      ],
      "SYNGO:metabolism": [],
      "SYNGO:transport": [],
      "GO:0099509": [],
      "GO:0099505": [],
      "GO:0140238": [],
      "GO:0099504": [],
      "GO:0099525": [
        "22999",
        "93664"
      ],
      "GO:0001504": [],
      "GO:0098810": [],
      "SYNGO:presyn_chaperoneProteinFolding": [],
      "GO:0098928": [],
      "GO:0099566": [],
      "GO:0060078": [],
      "GO:0098962": [
        "9456",
        "81832"
      ],
      "GO:0099072": [
        "9369"
      ],
      "GO:0140239": [],
      "GO:0150038": [],
      "GO:0098926": [],
      "GO:0099537": [
        "9369"
      ],
      "GO:0099538": [
        "885"
      ],
      "GO:0099163": [],
      "GO:0099172": [],
      "GO:0099173": [],
      "GO:0099563": [],
      "GO:0050807": [
        "85445",
        "8404",
        "5800"
      ],
      "GO:0098918": [],
      "GO:0150043": [],
      "GO:0099560": [
        "8404",
        "2042",
        "3084",
        "1008",
        "1004"
      ],
      "GO:0008039": [],
      "GO:0007416": [],
      "GO:0098883": [],
      "GO:0060074": [],
      "GO:0099558": [],
      "GO:0099187": [],
      "GO:0099188": [],
      "SYNGO:presyn_ATPmetabolic": [],
      "SYNGO:postsyn_ATPmetabolic": [],
      "GO:0099546": [],
      "GO:0099574": [],
      "GO:0099547": [],
      "GO:0042135": [],
      "GO:0140246": [],
      "GO:0042136": [],
      "GO:0140241": [],
      "GO:0140235": [],
      "GO:0008088": [],
      "GO:0099514": [],
      "GO:0099090": [],
      "GO:0099089": [],
      "GO:0099637": [],
      "GO:1905056": [],
      "GO:0099534": [],
      "GO:0099626": [],
      "GO:0099507": [],
      "GO:0099508": [],
      "GO:0150047": [
        "386617"
      ],
      "GO:0140232": [],
      "GO:0098693": [],
      "GO:0097091": [],
      "GO:0099532": [],
      "GO:0016079": [],
      "GO:0098700": [],
      "GO:0099180": [],
      "GO:0097401": [],
      "GO:0048488": [
        "8871"
      ],
      "GO:0099161": [],
      "GO:0051580": [],
      "GO:0099526": [],
      "GO:1905059": [],
      "GO:0099567": [],
      "GO:1905060": [],
      "GO:0098695": [],
      "GO:0099583": [],
      "GO:0140233": [],
      "GO:1904315": [],
      "GO:1905030": [],
      "GO:0099645": [
        "9369",
        "81832"
      ],
      "GO:0098967": [],
      "GO:0098970": [],
      "GO:0098884": [],
      "GO:0150044": [],
      "GO:0099527": [
        "3084"
      ],
      "GO:0099541": [],
      "GO:0099540": [],
      "GO:0099543": [],
      "GO:0099545": [],
      "GO:0099157": [],
      "GO:0099183": [
        "627"
      ],
      "GO:0099550": [
        "147381",
        "9369"
      ],
      "GO:0007268": [],
      "GO:0150045": [],
      "GO:0099174": [],
      "GO:0099175": [],
      "GO:0099084": [],
      "GO:0099010": [],
      "GO:0099564": [],
      "GO:1905244": [],
      "GO:0099181": [],
      "GO:0099186": [
        "9456"
      ],
      "GO:0099179": [],
      "GO:0099054": [],
      "GO:0051963": [],
      "GO:0098698": [],
      "GO:0097104": [],
      "GO:1905806": [],
      "GO:0090128": [],
      "GO:0099559": [],
      "GO:0098880": [],
      "GO:0099140": [],
      "GO:0098974": [],
      "GO:0099190": [],
      "SYNGO:presyn_regulationATPmetabolic": [],
      "GO:0099576": [],
      "GO:0099575": [],
      "GO:0099578": [],
      "GO:0099577": [],
      "GO:0140247": [],
      "GO:0140249": [],
      "GO:0140236": [],
      "GO:0140242": [],
      "GO:0098930": [],
      "GO:0098935": [],
      "GO:0099517": [],
      "GO:0099158": [],
      "GO:0098968": [],
      "GO:0098877": [],
      "GO:0098943": [],
      "GO:0016182": [],
      "GO:0016189": [],
      "GO:0099502": [],
      "GO:2000300": [],
      "GO:0016081": [
        "22999"
      ],
      "GO:0031629": [],
      "GO:0016082": [
        "22999",
        "93664"
      ],
      "GO:0099162": [],
      "GO:1901546": [],
      "GO:1900242": [],
      "GO:0016185": [],
      "GO:0016191": [],
      "GO:0098872": [],
      "GO:0099579": [],
      "GO:0098696": [
        "10082"
      ],
      "GO:0099145": [],
      "GO:0150054": [],
      "GO:0099149": [
        "3084"
      ],
      "GO:1905539": [],
      "GO:0099542": [],
      "GO:0099548": [],
      "GO:0098942": [],
      "GO:0099557": [],
      "GO:0150035": [],
      "GO:0050804": [
        "85445"
      ],
      "GO:0099531": [],
      "GO:0099565": [],
      "GO:0099159": [],
      "GO:0098885": [
        "1496"
      ],
      "GO:0098987": [],
      "GO:0098882": [
        "22999"
      ],
      "GO:0098699": [],
      "GO:0098973": [],
      "GO:0099184": [],
      "GO:0098879": [],
      "GO:0098919": [],
      "GO:1905606": [
        "3084"
      ],
      "GO:0150052": [
        "23768",
        "5099",
        "40"
      ],
      "GO:0099150": [],
      "GO:0097107": [
        "9369"
      ],
      "GO:0099562": [
        "144165"
      ],
      "GO:0140251": [],
      "GO:0140252": [],
      "GO:0140245": [],
      "GO:0008089": [],
      "GO:0099088": [],
      "GO:0098937": [],
      "GO:0098939": [],
      "GO:0098961": [],
      "GO:0098934": [],
      "GO:0048490": [],
      "GO:0098969": [],
      "GO:0099639": [],
      "GO:0150037": [
        "22999"
      ],
      "GO:0099148": [],
      "GO:0031630": [],
      "GO:0010807": [],
      "GO:0098694": [],
      "GO:0098921": [],
      "GO:0099553": [],
      "GO:0099555": [],
      "GO:0099171": [
        "9369"
      ],
      "GO:0099170": [
        "1630",
        "4900",
        "22986"
      ],
      "GO:1905274": [],
      "GO:0099151": [
        "144165"
      ],
      "GO:0099641": [],
      "GO:0140231": [
        "81832"
      ],
      "GO:0098971": [],
      "GO:0098963": [],
      "GO:1903742": [],
      "GO:0098887": [],
      "GO:0099178": [],
      "GO:0150036": [],
      "GO:0098925": [],
      "GO:0098964": [],
      "GO:0099152": []
    }
  },
  "aggregate": {
    "hgnc_id": {
      "SYNGO:synprocess": [
        "HGNC:22394",
        "HGNC:17282",
        "HGNC:16018",
        "HGNC:11504",
        "HGNC:17512",
        "HGNC:13823",
        "HGNC:8010",
        "HGNC:4454",
        "HGNC:7997",
        "HGNC:1033",
        "HGNC:1544",
        "HGNC:18747",
        "HGNC:2701",
        "HGNC:8000",
        "HGNC:16699",
        "HGNC:1569",
        "HGNC:18582",
        "HGNC:2510",
        "HGNC:11220",
        "HGNC:9678",
        "HGNC:3387",
        "HGNC:1749",
        "HGNC:1765",
        "HGNC:3761",
        "HGNC:8659",
        "HGNC:99",
        "HGNC:17019"
      ],
      "SYNGO:presynprocess": [
        "HGNC:22394",
        "HGNC:17282",
        "HGNC:16018",
        "HGNC:11504"
      ],
      "SYNGO:postsynprocess": [
        "HGNC:17512",
        "HGNC:13823",
        "HGNC:8010",
        "HGNC:4454",
        "HGNC:7997"
      ],
      "GO:0099536": [
        "HGNC:8010",
        "HGNC:1033",
        "HGNC:1544",
        "HGNC:18747",
        "HGNC:2701",
        "HGNC:8000",
        "HGNC:16699",
        "HGNC:1569"
      ],
      "GO:0050808": [
        "HGNC:18582",
        "HGNC:2510",
        "HGNC:18747",
        "HGNC:11220",
        "HGNC:9678",
        "HGNC:17282",
        "HGNC:17512",
        "HGNC:3387",
        "HGNC:7997",
        "HGNC:1749",
        "HGNC:1765",
        "HGNC:3761",
        "HGNC:8659",
        "HGNC:99",
        "HGNC:8010",
        "HGNC:17019"
      ],
      "SYNGO:metabolism": [],
      "SYNGO:transport": [
        "HGNC:13823"
      ],
      "GO:0099509": [],
      "GO:0099505": [
        "HGNC:22394"
      ],
      "GO:0140238": [],
      "GO:0099504": [
        "HGNC:17282",
        "HGNC:16018",
        "HGNC:11504"
      ],
      "GO:0099525": [
        "HGNC:17282",
        "HGNC:16018"
      ],
      "GO:0001504": [],
      "GO:0098810": [],
      "SYNGO:presyn_chaperoneProteinFolding": [],
      "GO:0098928": [],
      "GO:0099566": [],
      "GO:0060078": [],
      "GO:0098962": [
        "HGNC:17512",
        "HGNC:13823"
      ],
      "GO:0099072": [
        "HGNC:8010",
        "HGNC:13823",
        "HGNC:4454",
        "HGNC:7997"
      ],
      "GO:0140239": [],
      "GO:0150038": [],
      "GO:0098926": [
        "HGNC:7997"
      ],
      "GO:0099537": [
        "HGNC:8010",
        "HGNC:1033",
        "HGNC:1544",
        "HGNC:18747",
        "HGNC:2701",
        "HGNC:8000",
        "HGNC:16699"
      ],
      "GO:0099538": [
        "HGNC:1569"
      ],
      "GO:0099163": [],
      "GO:0099172": [],
      "GO:0099173": [],
      "GO:0099563": [
        "HGNC:2510"
      ],
      "GO:0050807": [
        "HGNC:18747",
        "HGNC:11220",
        "HGNC:9678"
      ],
      "GO:0098918": [
        "HGNC:17282",
        "HGNC:17512"
      ],
      "GO:0150043": [],
      "GO:0099560": [
        "HGNC:11220",
        "HGNC:3387",
        "HGNC:7997",
        "HGNC:1749",
        "HGNC:1765"
      ],
      "GO:0008039": [],
      "GO:0007416": [
        "HGNC:7997",
        "HGNC:3761",
        "HGNC:8659",
        "HGNC:99",
        "HGNC:8010",
        "HGNC:17019"
      ],
      "GO:0098883": [],
      "GO:0060074": [],
      "GO:0099558": [
        "HGNC:17019"
      ],
      "GO:0099187": [],
      "GO:0099188": [],
      "SYNGO:presyn_ATPmetabolic": [],
      "SYNGO:postsyn_ATPmetabolic": [],
      "GO:0099546": [],
      "GO:0099574": [],
      "GO:0099547": [],
      "GO:0042135": [],
      "GO:0140246": [],
      "GO:0042136": [],
      "GO:0140241": [],
      "GO:0140235": [],
      "GO:0008088": [
        "HGNC:13823"
      ],
      "GO:0099514": [],
      "GO:0099090": [],
      "GO:0099089": [],
      "GO:0099637": [],
      "GO:1905056": [],
      "GO:0099534": [],
      "GO:0099626": [],
      "GO:0099507": [],
      "GO:0099508": [],
      "GO:0150047": [
        "HGNC:22394"
      ],
      "GO:0140232": [],
      "GO:0098693": [],
      "GO:0097091": [],
      "GO:0099532": [],
      "GO:0016079": [
        "HGNC:17282",
        "HGNC:16018"
      ],
      "GO:0098700": [],
      "GO:0099180": [],
      "GO:0097401": [],
      "GO:0048488": [
        "HGNC:11504"
      ],
      "GO:0099161": [],
      "GO:0051580": [],
      "GO:0099526": [],
      "GO:1905059": [],
      "GO:0099567": [],
      "GO:1905060": [],
      "GO:0098695": [],
      "GO:0099583": [],
      "GO:0140233": [],
      "GO:1904315": [],
      "GO:1905030": [],
      "GO:0099645": [
        "HGNC:8010",
        "HGNC:13823",
        "HGNC:4454"
      ],
      "GO:0098967": [],
      "GO:0098970": [],
      "GO:0098884": [
        "HGNC:7997"
      ],
      "GO:0150044": [],
      "GO:0099527": [
        "HGNC:7997"
      ],
      "GO:0099541": [],
      "GO:0099540": [],
      "GO:0099543": [],
      "GO:0099545": [],
      "GO:0099157": [],
      "GO:0099183": [
        "HGNC:1033"
      ],
      "GO:0099550": [
        "HGNC:1544",
        "HGNC:8010"
      ],
      "GO:0007268": [
        "HGNC:18747",
        "HGNC:8010",
        "HGNC:2701",
        "HGNC:8000",
        "HGNC:16699"
      ],
      "GO:0150045": [],
      "GO:0099174": [],
      "GO:0099175": [],
      "GO:0099084": [],
      "GO:0099010": [
        "HGNC:2510"
      ],
      "GO:0099564": [],
      "GO:1905244": [],
      "GO:0099181": [
        "HGNC:17282"
      ],
      "GO:0099186": [
        "HGNC:17512"
      ],
      "GO:0099179": [],
      "GO:0099054": [],
      "GO:0051963": [
        "HGNC:7997",
        "HGNC:3761",
        "HGNC:8659",
        "HGNC:99"
      ],
      "GO:0098698": [
        "HGNC:8010",
        "HGNC:17019"
      ],
      "GO:0097104": [],
      "GO:1905806": [],
      "GO:0090128": [],
      "GO:0099559": [],
      "GO:0098880": [
        "HGNC:17019"
      ],
      "GO:0099140": [],
      "GO:0098974": [],
      "GO:0099190": [],
      "SYNGO:presyn_regulationATPmetabolic": [],
      "GO:0099576": [],
      "GO:0099575": [],
      "GO:0099578": [],
      "GO:0099577": [],
      "GO:0140247": [],
      "GO:0140249": [],
      "GO:0140236": [],
      "GO:0140242": [],
      "GO:0098930": [
        "HGNC:13823"
      ],
      "GO:0098935": [],
      "GO:0099517": [],
      "GO:0099158": [],
      "GO:0098968": [],
      "GO:0098877": [],
      "GO:0098943": [],
      "GO:0016182": [],
      "GO:0016189": [],
      "GO:0099502": [
        "HGNC:17282"
      ],
      "GO:2000300": [],
      "GO:0016081": [
        "HGNC:17282"
      ],
      "GO:0031629": [],
      "GO:0016082": [
        "HGNC:17282",
        "HGNC:16018"
      ],
      "GO:0099162": [],
      "GO:1901546": [],
      "GO:1900242": [],
      "GO:0016185": [],
      "GO:0016191": [],
      "GO:0098872": [],
      "GO:0099579": [],
      "GO:0098696": [
        "HGNC:4454"
      ],
      "GO:0099145": [],
      "GO:0150054": [],
      "GO:0099149": [
        "HGNC:7997"
      ],
      "GO:1905539": [],
      "GO:0099542": [],
      "GO:0099548": [],
      "GO:0098942": [],
      "GO:0099557": [],
      "GO:0150035": [],
      "GO:0050804": [
        "HGNC:18747"
      ],
      "GO:0099531": [
        "HGNC:8010"
      ],
      "GO:0099565": [
        "HGNC:2701",
        "HGNC:8000",
        "HGNC:16699"
      ],
      "GO:0099159": [],
      "GO:0098885": [
        "HGNC:2510"
      ],
      "GO:0098987": [],
      "GO:0098882": [
        "HGNC:17282"
      ],
      "GO:0098699": [],
      "GO:0098973": [],
      "GO:0099184": [],
      "GO:0098879": [],
      "GO:0098919": [],
      "GO:1905606": [
        "HGNC:7997"
      ],
      "GO:0150052": [
        "HGNC:3761",
        "HGNC:8659",
        "HGNC:99"
      ],
      "GO:0099150": [],
      "GO:0097107": [
        "HGNC:8010",
        "HGNC:17019"
      ],
      "GO:0099562": [
        "HGNC:17019"
      ],
      "GO:0140251": [],
      "GO:0140252": [],
      "GO:0140245": [],
      "GO:0008089": [
        "HGNC:13823"
      ],
      "GO:0099088": [],
      "GO:0098937": [],
      "GO:0098939": [],
      "GO:0098961": [],
      "GO:0098934": [],
      "GO:0048490": [],
      "GO:0098969": [],
      "GO:0099639": [],
      "GO:0150037": [
        "HGNC:17282"
      ],
      "GO:0099148": [],
      "GO:0031630": [],
      "GO:0010807": [],
      "GO:0098694": [],
      "GO:0098921": [],
      "GO:0099553": [],
      "GO:0099555": [],
      "GO:0099171": [
        "HGNC:8010"
      ],
      "GO:0099170": [
        "HGNC:2701",
        "HGNC:8000",
        "HGNC:16699"
      ],
      "GO:1905274": [],
      "GO:0099151": [
        "HGNC:17019"
      ],
      "GO:0099641": [],
      "GO:0140231": [
        "HGNC:13823"
      ],
      "GO:0098971": [],
      "GO:0098963": [],
      "GO:1903742": [],
      "GO:0098887": [],
      "GO:0099178": [],
      "GO:0150036": [],
      "GO:0098925": [],
      "GO:0098964": [],
      "GO:0099152": []
    },
    "hgnc_symbol": {
      "SYNGO:synprocess": [
        "KCTD8",
        "RIMS1",
        "CADPS2",
        "SYNJ2",
        "HOMER1",
        "NETO1",
        "NRXN3",
        "GPC6",
        "NRG1",
        "BDNF",
        "CBLN2",
        "CNTNAP4",
        "DCC",
        "NRGN",
        "SORCS3",
        "CCK",
        "ADGRL2",
        "CTNNA2",
        "SPARCL1",
        "PTPRO",
        "EPHA3",
        "CDH10",
        "CDH6",
        "FLRT2",
        "PCDH7",
        "ASIC2",
        "PRICKLE1"
      ],
      "SYNGO:presynprocess": [
        "KCTD8",
        "RIMS1",
        "CADPS2",
        "SYNJ2"
      ],
      "SYNGO:postsynprocess": [
        "HOMER1",
        "NETO1",
        "NRXN3",
        "GPC6",
        "NRG1"
      ],
      "GO:0099536": [
        "NRXN3",
        "BDNF",
        "CBLN2",
        "CNTNAP4",
        "DCC",
        "NRGN",
        "SORCS3",
        "CCK"
      ],
      "GO:0050808": [
        "ADGRL2",
        "CTNNA2",
        "CNTNAP4",
        "SPARCL1",
        "PTPRO",
        "RIMS1",
        "HOMER1",
        "EPHA3",
        "NRG1",
        "CDH10",
        "CDH6",
        "FLRT2",
        "PCDH7",
        "ASIC2",
        "NRXN3",
        "PRICKLE1"
      ],
      "SYNGO:metabolism": [],
      "SYNGO:transport": [
        "NETO1"
      ],
      "GO:0099509": [],
      "GO:0099505": [
        "KCTD8"
      ],
      "GO:0140238": [],
      "GO:0099504": [
        "RIMS1",
        "CADPS2",
        "SYNJ2"
      ],
      "GO:0099525": [
        "RIMS1",
        "CADPS2"
      ],
      "GO:0001504": [],
      "GO:0098810": [],
      "SYNGO:presyn_chaperoneProteinFolding": [],
      "GO:0098928": [],
      "GO:0099566": [],
      "GO:0060078": [],
      "GO:0098962": [
        "HOMER1",
        "NETO1"
      ],
      "GO:0099072": [
        "NRXN3",
        "NETO1",
        "GPC6",
        "NRG1"
      ],
      "GO:0140239": [],
      "GO:0150038": [],
      "GO:0098926": [
        "NRG1"
      ],
      "GO:0099537": [
        "NRXN3",
        "BDNF",
        "CBLN2",
        "CNTNAP4",
        "DCC",
        "NRGN",
        "SORCS3"
      ],
      "GO:0099538": [
        "CCK"
      ],
      "GO:0099163": [],
      "GO:0099172": [],
      "GO:0099173": [],
      "GO:0099563": [
        "CTNNA2"
      ],
      "GO:0050807": [
        "CNTNAP4",
        "SPARCL1",
        "PTPRO"
      ],
      "GO:0098918": [
        "RIMS1",
        "HOMER1"
      ],
      "GO:0150043": [],
      "GO:0099560": [
        "SPARCL1",
        "EPHA3",
        "NRG1",
        "CDH10",
        "CDH6"
      ],
      "GO:0008039": [],
      "GO:0007416": [
        "NRG1",
        "FLRT2",
        "PCDH7",
        "ASIC2",
        "NRXN3",
        "PRICKLE1"
      ],
      "GO:0098883": [],
      "GO:0060074": [],
      "GO:0099558": [
        "PRICKLE1"
      ],
      "GO:0099187": [],
      "GO:0099188": [],
      "SYNGO:presyn_ATPmetabolic": [],
      "SYNGO:postsyn_ATPmetabolic": [],
      "GO:0099546": [],
      "GO:0099574": [],
      "GO:0099547": [],
      "GO:0042135": [],
      "GO:0140246": [],
      "GO:0042136": [],
      "GO:0140241": [],
      "GO:0140235": [],
      "GO:0008088": [
        "NETO1"
      ],
      "GO:0099514": [],
      "GO:0099090": [],
      "GO:0099089": [],
      "GO:0099637": [],
      "GO:1905056": [],
      "GO:0099534": [],
      "GO:0099626": [],
      "GO:0099507": [],
      "GO:0099508": [],
      "GO:0150047": [
        "KCTD8"
      ],
      "GO:0140232": [],
      "GO:0098693": [],
      "GO:0097091": [],
      "GO:0099532": [],
      "GO:0016079": [
        "RIMS1",
        "CADPS2"
      ],
      "GO:0098700": [],
      "GO:0099180": [],
      "GO:0097401": [],
      "GO:0048488": [
        "SYNJ2"
      ],
      "GO:0099161": [],
      "GO:0051580": [],
      "GO:0099526": [],
      "GO:1905059": [],
      "GO:0099567": [],
      "GO:1905060": [],
      "GO:0098695": [],
      "GO:0099583": [],
      "GO:0140233": [],
      "GO:1904315": [],
      "GO:1905030": [],
      "GO:0099645": [
        "NRXN3",
        "NETO1",
        "GPC6"
      ],
      "GO:0098967": [],
      "GO:0098970": [],
      "GO:0098884": [
        "NRG1"
      ],
      "GO:0150044": [],
      "GO:0099527": [
        "NRG1"
      ],
      "GO:0099541": [],
      "GO:0099540": [],
      "GO:0099543": [],
      "GO:0099545": [],
      "GO:0099157": [],
      "GO:0099183": [
        "BDNF"
      ],
      "GO:0099550": [
        "CBLN2",
        "NRXN3"
      ],
      "GO:0007268": [
        "CNTNAP4",
        "NRXN3",
        "DCC",
        "NRGN",
        "SORCS3"
      ],
      "GO:0150045": [],
      "GO:0099174": [],
      "GO:0099175": [],
      "GO:0099084": [],
      "GO:0099010": [
        "CTNNA2"
      ],
      "GO:0099564": [],
      "GO:1905244": [],
      "GO:0099181": [
        "RIMS1"
      ],
      "GO:0099186": [
        "HOMER1"
      ],
      "GO:0099179": [],
      "GO:0099054": [],
      "GO:0051963": [
        "NRG1",
        "FLRT2",
        "PCDH7",
        "ASIC2"
      ],
      "GO:0098698": [
        "NRXN3",
        "PRICKLE1"
      ],
      "GO:0097104": [],
      "GO:1905806": [],
      "GO:0090128": [],
      "GO:0099559": [],
      "GO:0098880": [
        "PRICKLE1"
      ],
      "GO:0099140": [],
      "GO:0098974": [],
      "GO:0099190": [],
      "SYNGO:presyn_regulationATPmetabolic": [],
      "GO:0099576": [],
      "GO:0099575": [],
      "GO:0099578": [],
      "GO:0099577": [],
      "GO:0140247": [],
      "GO:0140249": [],
      "GO:0140236": [],
      "GO:0140242": [],
      "GO:0098930": [
        "NETO1"
      ],
      "GO:0098935": [],
      "GO:0099517": [],
      "GO:0099158": [],
      "GO:0098968": [],
      "GO:0098877": [],
      "GO:0098943": [],
      "GO:0016182": [],
      "GO:0016189": [],
      "GO:0099502": [
        "RIMS1"
      ],
      "GO:2000300": [],
      "GO:0016081": [
        "RIMS1"
      ],
      "GO:0031629": [],
      "GO:0016082": [
        "RIMS1",
        "CADPS2"
      ],
      "GO:0099162": [],
      "GO:1901546": [],
      "GO:1900242": [],
      "GO:0016185": [],
      "GO:0016191": [],
      "GO:0098872": [],
      "GO:0099579": [],
      "GO:0098696": [
        "GPC6"
      ],
      "GO:0099145": [],
      "GO:0150054": [],
      "GO:0099149": [
        "NRG1"
      ],
      "GO:1905539": [],
      "GO:0099542": [],
      "GO:0099548": [],
      "GO:0098942": [],
      "GO:0099557": [],
      "GO:0150035": [],
      "GO:0050804": [
        "CNTNAP4"
      ],
      "GO:0099531": [
        "NRXN3"
      ],
      "GO:0099565": [
        "DCC",
        "NRGN",
        "SORCS3"
      ],
      "GO:0099159": [],
      "GO:0098885": [
        "CTNNA2"
      ],
      "GO:0098987": [],
      "GO:0098882": [
        "RIMS1"
      ],
      "GO:0098699": [],
      "GO:0098973": [],
      "GO:0099184": [],
      "GO:0098879": [],
      "GO:0098919": [],
      "GO:1905606": [
        "NRG1"
      ],
      "GO:0150052": [
        "FLRT2",
        "PCDH7",
        "ASIC2"
      ],
      "GO:0099150": [],
      "GO:0097107": [
        "NRXN3",
        "PRICKLE1"
      ],
      "GO:0099562": [
        "PRICKLE1"
      ],
      "GO:0140251": [],
      "GO:0140252": [],
      "GO:0140245": [],
      "GO:0008089": [
        "NETO1"
      ],
      "GO:0099088": [],
      "GO:0098937": [],
      "GO:0098939": [],
      "GO:0098961": [],
      "GO:0098934": [],
      "GO:0048490": [],
      "GO:0098969": [],
      "GO:0099639": [],
      "GO:0150037": [
        "RIMS1"
      ],
      "GO:0099148": [],
      "GO:0031630": [],
      "GO:0010807": [],
      "GO:0098694": [],
      "GO:0098921": [],
      "GO:0099553": [],
      "GO:0099555": [],
      "GO:0099171": [
        "NRXN3"
      ],
      "GO:0099170": [
        "DCC",
        "NRGN",
        "SORCS3"
      ],
      "GO:1905274": [],
      "GO:0099151": [
        "PRICKLE1"
      ],
      "GO:0099641": [],
      "GO:0140231": [
        "NETO1"
      ],
      "GO:0098971": [],
      "GO:0098963": [],
      "GO:1903742": [],
      "GO:0098887": [],
      "GO:0099178": [],
      "GO:0150036": [],
      "GO:0098925": [],
      "GO:0098964": [],
      "GO:0099152": []
    },
    "ensembl_id": {
      "SYNGO:synprocess": [
        "ENSG00000183783",
        "ENSG00000079841",
        "ENSG00000081803",
        "ENSG00000078269",
        "ENSG00000152413",
        "ENSG00000166342",
        "ENSG00000021645",
        "ENSG00000183098",
        "ENSG00000157168",
        "ENSG00000176697",
        "ENSG00000141668",
        "ENSG00000152910",
        "ENSG00000187323",
        "ENSG00000154146",
        "ENSG00000156395",
        "ENSG00000187094",
        "ENSG00000117114",
        "ENSG00000066032",
        "ENSG00000152583",
        "ENSG00000151490",
        "ENSG00000044524",
        "ENSG00000040731",
        "ENSG00000113361",
        "ENSG00000185070",
        "ENSG00000169851",
        "ENSG00000108684",
        "ENSG00000139174"
      ],
      "SYNGO:presynprocess": [
        "ENSG00000183783",
        "ENSG00000079841",
        "ENSG00000081803",
        "ENSG00000078269"
      ],
      "SYNGO:postsynprocess": [
        "ENSG00000152413",
        "ENSG00000166342",
        "ENSG00000021645",
        "ENSG00000183098",
        "ENSG00000157168"
      ],
      "GO:0099536": [
        "ENSG00000021645",
        "ENSG00000176697",
        "ENSG00000141668",
        "ENSG00000152910",
        "ENSG00000187323",
        "ENSG00000154146",
        "ENSG00000156395",
        "ENSG00000187094"
      ],
      "GO:0050808": [
        "ENSG00000117114",
        "ENSG00000066032",
        "ENSG00000152910",
        "ENSG00000152583",
        "ENSG00000151490",
        "ENSG00000079841",
        "ENSG00000152413",
        "ENSG00000044524",
        "ENSG00000157168",
        "ENSG00000040731",
        "ENSG00000113361",
        "ENSG00000185070",
        "ENSG00000169851",
        "ENSG00000108684",
        "ENSG00000021645",
        "ENSG00000139174"
      ],
      "SYNGO:metabolism": [],
      "SYNGO:transport": [
        "ENSG00000166342"
      ],
      "GO:0099509": [],
      "GO:0099505": [
        "ENSG00000183783"
      ],
      "GO:0140238": [],
      "GO:0099504": [
        "ENSG00000079841",
        "ENSG00000081803",
        "ENSG00000078269"
      ],
      "GO:0099525": [
        "ENSG00000079841",
        "ENSG00000081803"
      ],
      "GO:0001504": [],
      "GO:0098810": [],
      "SYNGO:presyn_chaperoneProteinFolding": [],
      "GO:0098928": [],
      "GO:0099566": [],
      "GO:0060078": [],
      "GO:0098962": [
        "ENSG00000152413",
        "ENSG00000166342"
      ],
      "GO:0099072": [
        "ENSG00000021645",
        "ENSG00000166342",
        "ENSG00000183098",
        "ENSG00000157168"
      ],
      "GO:0140239": [],
      "GO:0150038": [],
      "GO:0098926": [
        "ENSG00000157168"
      ],
      "GO:0099537": [
        "ENSG00000021645",
        "ENSG00000176697",
        "ENSG00000141668",
        "ENSG00000152910",
        "ENSG00000187323",
        "ENSG00000154146",
        "ENSG00000156395"
      ],
      "GO:0099538": [
        "ENSG00000187094"
      ],
      "GO:0099163": [],
      "GO:0099172": [],
      "GO:0099173": [],
      "GO:0099563": [
        "ENSG00000066032"
      ],
      "GO:0050807": [
        "ENSG00000152910",
        "ENSG00000152583",
        "ENSG00000151490"
      ],
      "GO:0098918": [
        "ENSG00000079841",
        "ENSG00000152413"
      ],
      "GO:0150043": [],
      "GO:0099560": [
        "ENSG00000152583",
        "ENSG00000044524",
        "ENSG00000157168",
        "ENSG00000040731",
        "ENSG00000113361"
      ],
      "GO:0008039": [],
      "GO:0007416": [
        "ENSG00000157168",
        "ENSG00000185070",
        "ENSG00000169851",
        "ENSG00000108684",
        "ENSG00000021645",
        "ENSG00000139174"
      ],
      "GO:0098883": [],
      "GO:0060074": [],
      "GO:0099558": [
        "ENSG00000139174"
      ],
      "GO:0099187": [],
      "GO:0099188": [],
      "SYNGO:presyn_ATPmetabolic": [],
      "SYNGO:postsyn_ATPmetabolic": [],
      "GO:0099546": [],
      "GO:0099574": [],
      "GO:0099547": [],
      "GO:0042135": [],
      "GO:0140246": [],
      "GO:0042136": [],
      "GO:0140241": [],
      "GO:0140235": [],
      "GO:0008088": [
        "ENSG00000166342"
      ],
      "GO:0099514": [],
      "GO:0099090": [],
      "GO:0099089": [],
      "GO:0099637": [],
      "GO:1905056": [],
      "GO:0099534": [],
      "GO:0099626": [],
      "GO:0099507": [],
      "GO:0099508": [],
      "GO:0150047": [
        "ENSG00000183783"
      ],
      "GO:0140232": [],
      "GO:0098693": [],
      "GO:0097091": [],
      "GO:0099532": [],
      "GO:0016079": [
        "ENSG00000079841",
        "ENSG00000081803"
      ],
      "GO:0098700": [],
      "GO:0099180": [],
      "GO:0097401": [],
      "GO:0048488": [
        "ENSG00000078269"
      ],
      "GO:0099161": [],
      "GO:0051580": [],
      "GO:0099526": [],
      "GO:1905059": [],
      "GO:0099567": [],
      "GO:1905060": [],
      "GO:0098695": [],
      "GO:0099583": [],
      "GO:0140233": [],
      "GO:1904315": [],
      "GO:1905030": [],
      "GO:0099645": [
        "ENSG00000021645",
        "ENSG00000166342",
        "ENSG00000183098"
      ],
      "GO:0098967": [],
      "GO:0098970": [],
      "GO:0098884": [
        "ENSG00000157168"
      ],
      "GO:0150044": [],
      "GO:0099527": [
        "ENSG00000157168"
      ],
      "GO:0099541": [],
      "GO:0099540": [],
      "GO:0099543": [],
      "GO:0099545": [],
      "GO:0099157": [],
      "GO:0099183": [
        "ENSG00000176697"
      ],
      "GO:0099550": [
        "ENSG00000141668",
        "ENSG00000021645"
      ],
      "GO:0007268": [
        "ENSG00000152910",
        "ENSG00000021645",
        "ENSG00000187323",
        "ENSG00000154146",
        "ENSG00000156395"
      ],
      "GO:0150045": [],
      "GO:0099174": [],
      "GO:0099175": [],
      "GO:0099084": [],
      "GO:0099010": [
        "ENSG00000066032"
      ],
      "GO:0099564": [],
      "GO:1905244": [],
      "GO:0099181": [
        "ENSG00000079841"
      ],
      "GO:0099186": [
        "ENSG00000152413"
      ],
      "GO:0099179": [],
      "GO:0099054": [],
      "GO:0051963": [
        "ENSG00000157168",
        "ENSG00000185070",
        "ENSG00000169851",
        "ENSG00000108684"
      ],
      "GO:0098698": [
        "ENSG00000021645",
        "ENSG00000139174"
      ],
      "GO:0097104": [],
      "GO:1905806": [],
      "GO:0090128": [],
      "GO:0099559": [],
      "GO:0098880": [
        "ENSG00000139174"
      ],
      "GO:0099140": [],
      "GO:0098974": [],
      "GO:0099190": [],
      "SYNGO:presyn_regulationATPmetabolic": [],
      "GO:0099576": [],
      "GO:0099575": [],
      "GO:0099578": [],
      "GO:0099577": [],
      "GO:0140247": [],
      "GO:0140249": [],
      "GO:0140236": [],
      "GO:0140242": [],
      "GO:0098930": [
        "ENSG00000166342"
      ],
      "GO:0098935": [],
      "GO:0099517": [],
      "GO:0099158": [],
      "GO:0098968": [],
      "GO:0098877": [],
      "GO:0098943": [],
      "GO:0016182": [],
      "GO:0016189": [],
      "GO:0099502": [
        "ENSG00000079841"
      ],
      "GO:2000300": [],
      "GO:0016081": [
        "ENSG00000079841"
      ],
      "GO:0031629": [],
      "GO:0016082": [
        "ENSG00000079841",
        "ENSG00000081803"
      ],
      "GO:0099162": [],
      "GO:1901546": [],
      "GO:1900242": [],
      "GO:0016185": [],
      "GO:0016191": [],
      "GO:0098872": [],
      "GO:0099579": [],
      "GO:0098696": [
        "ENSG00000183098"
      ],
      "GO:0099145": [],
      "GO:0150054": [],
      "GO:0099149": [
        "ENSG00000157168"
      ],
      "GO:1905539": [],
      "GO:0099542": [],
      "GO:0099548": [],
      "GO:0098942": [],
      "GO:0099557": [],
      "GO:0150035": [],
      "GO:0050804": [
        "ENSG00000152910"
      ],
      "GO:0099531": [
        "ENSG00000021645"
      ],
      "GO:0099565": [
        "ENSG00000187323",
        "ENSG00000154146",
        "ENSG00000156395"
      ],
      "GO:0099159": [],
      "GO:0098885": [
        "ENSG00000066032"
      ],
      "GO:0098987": [],
      "GO:0098882": [
        "ENSG00000079841"
      ],
      "GO:0098699": [],
      "GO:0098973": [],
      "GO:0099184": [],
      "GO:0098879": [],
      "GO:0098919": [],
      "GO:1905606": [
        "ENSG00000157168"
      ],
      "GO:0150052": [
        "ENSG00000185070",
        "ENSG00000169851",
        "ENSG00000108684"
      ],
      "GO:0099150": [],
      "GO:0097107": [
        "ENSG00000021645",
        "ENSG00000139174"
      ],
      "GO:0099562": [
        "ENSG00000139174"
      ],
      "GO:0140251": [],
      "GO:0140252": [],
      "GO:0140245": [],
      "GO:0008089": [
        "ENSG00000166342"
      ],
      "GO:0099088": [],
      "GO:0098937": [],
      "GO:0098939": [],
      "GO:0098961": [],
      "GO:0098934": [],
      "GO:0048490": [],
      "GO:0098969": [],
      "GO:0099639": [],
      "GO:0150037": [
        "ENSG00000079841"
      ],
      "GO:0099148": [],
      "GO:0031630": [],
      "GO:0010807": [],
      "GO:0098694": [],
      "GO:0098921": [],
      "GO:0099553": [],
      "GO:0099555": [],
      "GO:0099171": [
        "ENSG00000021645"
      ],
      "GO:0099170": [
        "ENSG00000187323",
        "ENSG00000154146",
        "ENSG00000156395"
      ],
      "GO:1905274": [],
      "GO:0099151": [
        "ENSG00000139174"
      ],
      "GO:0099641": [],
      "GO:0140231": [
        "ENSG00000166342"
      ],
      "GO:0098971": [],
      "GO:0098963": [],
      "GO:1903742": [],
      "GO:0098887": [],
      "GO:0099178": [],
      "GO:0150036": [],
      "GO:0098925": [],
      "GO:0098964": [],
      "GO:0099152": []
    },
    "entrez_id": {
      "SYNGO:synprocess": [
        "386617",
        "22999",
        "93664",
        "8871",
        "9456",
        "81832",
        "9369",
        "10082",
        "3084",
        "627",
        "147381",
        "85445",
        "1630",
        "4900",
        "22986",
        "885",
        "23266",
        "1496",
        "8404",
        "5800",
        "2042",
        "1008",
        "1004",
        "23768",
        "5099",
        "40",
        "144165"
      ],
      "SYNGO:presynprocess": [
        "386617",
        "22999",
        "93664",
        "8871"
      ],
      "SYNGO:postsynprocess": [
        "9456",
        "81832",
        "9369",
        "10082",
        "3084"
      ],
      "GO:0099536": [
        "9369",
        "627",
        "147381",
        "85445",
        "1630",
        "4900",
        "22986",
        "885"
      ],
      "GO:0050808": [
        "23266",
        "1496",
        "85445",
        "8404",
        "5800",
        "22999",
        "9456",
        "2042",
        "3084",
        "1008",
        "1004",
        "23768",
        "5099",
        "40",
        "9369",
        "144165"
      ],
      "SYNGO:metabolism": [],
      "SYNGO:transport": [
        "81832"
      ],
      "GO:0099509": [],
      "GO:0099505": [
        "386617"
      ],
      "GO:0140238": [],
      "GO:0099504": [
        "22999",
        "93664",
        "8871"
      ],
      "GO:0099525": [
        "22999",
        "93664"
      ],
      "GO:0001504": [],
      "GO:0098810": [],
      "SYNGO:presyn_chaperoneProteinFolding": [],
      "GO:0098928": [],
      "GO:0099566": [],
      "GO:0060078": [],
      "GO:0098962": [
        "9456",
        "81832"
      ],
      "GO:0099072": [
        "9369",
        "81832",
        "10082",
        "3084"
      ],
      "GO:0140239": [],
      "GO:0150038": [],
      "GO:0098926": [
        "3084"
      ],
      "GO:0099537": [
        "9369",
        "627",
        "147381",
        "85445",
        "1630",
        "4900",
        "22986"
      ],
      "GO:0099538": [
        "885"
      ],
      "GO:0099163": [],
      "GO:0099172": [],
      "GO:0099173": [],
      "GO:0099563": [
        "1496"
      ],
      "GO:0050807": [
        "85445",
        "8404",
        "5800"
      ],
      "GO:0098918": [
        "22999",
        "9456"
      ],
      "GO:0150043": [],
      "GO:0099560": [
        "8404",
        "2042",
        "3084",
        "1008",
        "1004"
      ],
      "GO:0008039": [],
      "GO:0007416": [
        "3084",
        "23768",
        "5099",
        "40",
        "9369",
        "144165"
      ],
      "GO:0098883": [],
      "GO:0060074": [],
      "GO:0099558": [
        "144165"
      ],
      "GO:0099187": [],
      "GO:0099188": [],
      "SYNGO:presyn_ATPmetabolic": [],
      "SYNGO:postsyn_ATPmetabolic": [],
      "GO:0099546": [],
      "GO:0099574": [],
      "GO:0099547": [],
      "GO:0042135": [],
      "GO:0140246": [],
      "GO:0042136": [],
      "GO:0140241": [],
      "GO:0140235": [],
      "GO:0008088": [
        "81832"
      ],
      "GO:0099514": [],
      "GO:0099090": [],
      "GO:0099089": [],
      "GO:0099637": [],
      "GO:1905056": [],
      "GO:0099534": [],
      "GO:0099626": [],
      "GO:0099507": [],
      "GO:0099508": [],
      "GO:0150047": [
        "386617"
      ],
      "GO:0140232": [],
      "GO:0098693": [],
      "GO:0097091": [],
      "GO:0099532": [],
      "GO:0016079": [
        "22999",
        "93664"
      ],
      "GO:0098700": [],
      "GO:0099180": [],
      "GO:0097401": [],
      "GO:0048488": [
        "8871"
      ],
      "GO:0099161": [],
      "GO:0051580": [],
      "GO:0099526": [],
      "GO:1905059": [],
      "GO:0099567": [],
      "GO:1905060": [],
      "GO:0098695": [],
      "GO:0099583": [],
      "GO:0140233": [],
      "GO:1904315": [],
      "GO:1905030": [],
      "GO:0099645": [
        "9369",
        "81832",
        "10082"
      ],
      "GO:0098967": [],
      "GO:0098970": [],
      "GO:0098884": [
        "3084"
      ],
      "GO:0150044": [],
      "GO:0099527": [
        "3084"
      ],
      "GO:0099541": [],
      "GO:0099540": [],
      "GO:0099543": [],
      "GO:0099545": [],
      "GO:0099157": [],
      "GO:0099183": [
        "627"
      ],
      "GO:0099550": [
        "147381",
        "9369"
      ],
      "GO:0007268": [
        "85445",
        "9369",
        "1630",
        "4900",
        "22986"
      ],
      "GO:0150045": [],
      "GO:0099174": [],
      "GO:0099175": [],
      "GO:0099084": [],
      "GO:0099010": [
        "1496"
      ],
      "GO:0099564": [],
      "GO:1905244": [],
      "GO:0099181": [
        "22999"
      ],
      "GO:0099186": [
        "9456"
      ],
      "GO:0099179": [],
      "GO:0099054": [],
      "GO:0051963": [
        "3084",
        "23768",
        "5099",
        "40"
      ],
      "GO:0098698": [
        "9369",
        "144165"
      ],
      "GO:0097104": [],
      "GO:1905806": [],
      "GO:0090128": [],
      "GO:0099559": [],
      "GO:0098880": [
        "144165"
      ],
      "GO:0099140": [],
      "GO:0098974": [],
      "GO:0099190": [],
      "SYNGO:presyn_regulationATPmetabolic": [],
      "GO:0099576": [],
      "GO:0099575": [],
      "GO:0099578": [],
      "GO:0099577": [],
      "GO:0140247": [],
      "GO:0140249": [],
      "GO:0140236": [],
      "GO:0140242": [],
      "GO:0098930": [
        "81832"
      ],
      "GO:0098935": [],
      "GO:0099517": [],
      "GO:0099158": [],
      "GO:0098968": [],
      "GO:0098877": [],
      "GO:0098943": [],
      "GO:0016182": [],
      "GO:0016189": [],
      "GO:0099502": [
        "22999"
      ],
      "GO:2000300": [],
      "GO:0016081": [
        "22999"
      ],
      "GO:0031629": [],
      "GO:0016082": [
        "22999",
        "93664"
      ],
      "GO:0099162": [],
      "GO:1901546": [],
      "GO:1900242": [],
      "GO:0016185": [],
      "GO:0016191": [],
      "GO:0098872": [],
      "GO:0099579": [],
      "GO:0098696": [
        "10082"
      ],
      "GO:0099145": [],
      "GO:0150054": [],
      "GO:0099149": [
        "3084"
      ],
      "GO:1905539": [],
      "GO:0099542": [],
      "GO:0099548": [],
      "GO:0098942": [],
      "GO:0099557": [],
      "GO:0150035": [],
      "GO:0050804": [
        "85445"
      ],
      "GO:0099531": [
        "9369"
      ],
      "GO:0099565": [
        "1630",
        "4900",
        "22986"
      ],
      "GO:0099159": [],
      "GO:0098885": [
        "1496"
      ],
      "GO:0098987": [],
      "GO:0098882": [
        "22999"
      ],
      "GO:0098699": [],
      "GO:0098973": [],
      "GO:0099184": [],
      "GO:0098879": [],
      "GO:0098919": [],
      "GO:1905606": [
        "3084"
      ],
      "GO:0150052": [
        "23768",
        "5099",
        "40"
      ],
      "GO:0099150": [],
      "GO:0097107": [
        "9369",
        "144165"
      ],
      "GO:0099562": [
        "144165"
      ],
      "GO:0140251": [],
      "GO:0140252": [],
      "GO:0140245": [],
      "GO:0008089": [
        "81832"
      ],
      "GO:0099088": [],
      "GO:0098937": [],
      "GO:0098939": [],
      "GO:0098961": [],
      "GO:0098934": [],
      "GO:0048490": [],
      "GO:0098969": [],
      "GO:0099639": [],
      "GO:0150037": [
        "22999"
      ],
      "GO:0099148": [],
      "GO:0031630": [],
      "GO:0010807": [],
      "GO:0098694": [],
      "GO:0098921": [],
      "GO:0099553": [],
      "GO:0099555": [],
      "GO:0099171": [
        "9369"
      ],
      "GO:0099170": [
        "1630",
        "4900",
        "22986"
      ],
      "GO:1905274": [],
      "GO:0099151": [
        "144165"
      ],
      "GO:0099641": [],
      "GO:0140231": [
        "81832"
      ],
      "GO:0098971": [],
      "GO:0098963": [],
      "GO:1903742": [],
      "GO:0098887": [],
      "GO:0099178": [],
      "GO:0150036": [],
      "GO:0098925": [],
      "GO:0098964": [],
      "GO:0099152": []
    }
  }
}