[
  {
    "user_input_genelist": "NPFFR2",
    "idmap": []
  },
  {
    "user_input_genelist": "CRH",
    "idmap": [
      {
        "ensembl_id": "ENSG00000147571",
        "entrez_id": "1392",
        "hgnc_id": "HGNC:2355",
        "hgnc_name": "corticotropin releasing hormone",
        "hgnc_symbol": "CRH",
        "hgnc_synonyms": [
          "CRH1"
        ],
        "user_input_genelist": [
          "CRH"
        ]
      }
    ]
  },
  {
    "user_input_genelist": "ART3",
    "idmap": []
  },
  {
    "user_input_genelist": "BDNF",
    "idmap": [
      {
        "ensembl_id": "ENSG00000176697",
        "entrez_id": "627",
        "hgnc_id": "HGNC:1033",
        "hgnc_name": "brain derived neurotrophic factor",
        "hgnc_symbol": "BDNF",
        "hgnc_synonyms": [],
        "user_input_genelist": [
          "BDNF"
        ]
      }
    ]
  },
  {
    "user_input_genelist": "DCHS2",
    "idmap": []
  },
  {
    "user_input_genelist": "PLEKHH2",
    "idmap": []
  },
  {
    "user_input_genelist": "OXR1",
    "idmap": []
  },
  {
    "user_input_genelist": "EPB41L4A",
    "idmap": []
  },
  {
    "user_input_genelist": "DACH1",
    "idmap": []
  },
  {
    "user_input_genelist": "ZNF804A",
    "idmap": []
  },
  {
    "user_input_genelist": "TOX",
    "idmap": []
  },
  {
    "user_input_genelist": "TNC",
    "idmap": [
      {
        "ensembl_id": "ENSG00000041982",
        "entrez_id": "3371",
        "hgnc_id": "HGNC:5318",
        "hgnc_name": "tenascin C",
        "hgnc_symbol": "TNC",
        "hgnc_synonyms": [
          "MGC167029",
          "HXB",
          "DFNA56"
        ],
        "user_input_genelist": [
          "TNC"
        ]
      }
    ]
  },
  {
    "user_input_genelist": "RUNX2",
    "idmap": []
  },
  {
    "user_input_genelist": "FAP",
    "idmap": []
  },
  {
    "user_input_genelist": "COL24A1",
    "idmap": []
  },
  {
    "user_input_genelist": "ST6GAL2",
    "idmap": []
  },
  {
    "user_input_genelist": "PTPRO",
    "idmap": [
      {
        "ensembl_id": "ENSG00000151490",
        "entrez_id": "5800",
        "hgnc_id": "HGNC:9678",
        "hgnc_name": "protein tyrosine phosphatase receptor type O",
        "hgnc_symbol": "PTPRO",
        "hgnc_synonyms": [
          "PTPU2",
          "GLEPP1",
          "PTP-U2",
          "PTP-OC",
          "NPHS6"
        ],
        "user_input_genelist": [
          "PTPRO"
        ]
      }
    ]
  },
  {
    "user_input_genelist": "LRP1B",
    "idmap": []
  },
  {
    "user_input_genelist": "B3GLCT",
    "idmap": []
  },
  {
    "user_input_genelist": "FAR2",
    "idmap": []
  },
  {
    "user_input_genelist": "CSGALNACT1",
    "idmap": []
  },
  {
    "user_input_genelist": "CCK",
    "idmap": [
      {
        "ensembl_id": "ENSG00000187094",
        "entrez_id": "885",
        "hgnc_id": "HGNC:1569",
        "hgnc_name": "cholecystokinin",
        "hgnc_symbol": "CCK",
        "hgnc_synonyms": [],
        "user_input_genelist": [
          "CCK"
        ]
      }
    ]
  },
  {
    "user_input_genelist": "MAGI3",
    "idmap": [
      {
        "ensembl_id": "ENSG00000081026",
        "entrez_id": "260425",
        "hgnc_id": "HGNC:29647",
        "hgnc_name": "membrane associated guanylate kinase, WW and PDZ domain containing 3",
        "hgnc_symbol": "MAGI3",
        "hgnc_synonyms": [
          "MAGI-3"
        ],
        "user_input_genelist": [
          "MAGI3"
        ]
      }
    ]
  },
  {
    "user_input_genelist": "LOC401134",
    "idmap": []
  },
  {
    "user_input_genelist": "TRPC5",
    "idmap": [
      {
        "ensembl_id": "ENSG00000072315",
        "entrez_id": "7224",
        "hgnc_id": "HGNC:12337",
        "hgnc_name": "transient receptor potential cation channel subfamily C member 5",
        "hgnc_symbol": "TRPC5",
        "hgnc_synonyms": [
          "PPP1R159"
        ],
        "user_input_genelist": [
          "TRPC5"
        ]
      }
    ]
  },
  {
    "user_input_genelist": "PLOD2",
    "idmap": []
  },
  {
    "user_input_genelist": "INPP4B",
    "idmap": []
  },
  {
    "user_input_genelist": "EPHA5",
    "idmap": []
  },
  {
    "user_input_genelist": "SLC7A11",
    "idmap": []
  },
  {
    "user_input_genelist": "KHDRBS2",
    "idmap": []
  },
  {
    "user_input_genelist": "PLD5",
    "idmap": []
  },
  {
    "user_input_genelist": "SYNJ2",
    "idmap": [
      {
        "ensembl_id": "ENSG00000078269",
        "entrez_id": "8871",
        "hgnc_id": "HGNC:11504",
        "hgnc_name": "synaptojanin 2",
        "hgnc_symbol": "SYNJ2",
        "hgnc_synonyms": [
          "INPP5H"
        ],
        "user_input_genelist": [
          "SYNJ2"
        ]
      }
    ]
  },
  {
    "user_input_genelist": "PCDH10",
    "idmap": [
      {
        "ensembl_id": "ENSG00000138650",
        "entrez_id": "57575",
        "hgnc_id": "HGNC:13404",
        "hgnc_name": "protocadherin 10",
        "hgnc_symbol": "PCDH10",
        "hgnc_synonyms": [
          "OL-PCDH",
          "KIAA1400"
        ],
        "user_input_genelist": [
          "PCDH10"
        ]
      }
    ]
  },
  {
    "user_input_genelist": "KCTD8",
    "idmap": [
      {
        "ensembl_id": "ENSG00000183783",
        "entrez_id": "386617",
        "hgnc_id": "HGNC:22394",
        "hgnc_name": "potassium channel tetramerization domain containing 8",
        "hgnc_symbol": "KCTD8",
        "hgnc_synonyms": [],
        "user_input_genelist": [
          "KCTD8"
        ]
      }
    ]
  },
  {
    "user_input_genelist": "PDZRN4",
    "idmap": []
  },
  {
    "user_input_genelist": "GALNT14",
    "idmap": []
  },
  {
    "user_input_genelist": "ITPR2",
    "idmap": []
  },
  {
    "user_input_genelist": "RXFP1",
    "idmap": []
  },
  {
    "user_input_genelist": "CDH6",
    "idmap": [
      {
        "ensembl_id": "ENSG00000113361",
        "entrez_id": "1004",
        "hgnc_id": "HGNC:1765",
        "hgnc_name": "cadherin 6",
        "hgnc_symbol": "CDH6",
        "hgnc_synonyms": [],
        "user_input_genelist": [
          "CDH6"
        ]
      }
    ]
  },
  {
    "user_input_genelist": "PCSK1",
    "idmap": []
  },
  {
    "user_input_genelist": "RIMS1",
    "idmap": [
      {
        "ensembl_id": "ENSG00000079841",
        "entrez_id": "22999",
        "hgnc_id": "HGNC:17282",
        "hgnc_name": "regulating synaptic membrane exocytosis 1",
        "hgnc_symbol": "RIMS1",
        "hgnc_synonyms": [
          "KIAA0340",
          "RIM1",
          "RAB3IP2",
          "CORD7"
        ],
        "user_input_genelist": [
          "RIMS1"
        ]
      }
    ]
  },
  {
    "user_input_genelist": "HS3ST5",
    "idmap": []
  },
  {
    "user_input_genelist": "SGCD",
    "idmap": []
  },
  {
    "user_input_genelist": "CDC14B",
    "idmap": []
  },
  {
    "user_input_genelist": "PRKD1",
    "idmap": []
  },
  {
    "user_input_genelist": "EPHA3",
    "idmap": [
      {
        "ensembl_id": "ENSG00000044524",
        "entrez_id": "2042",
        "hgnc_id": "HGNC:3387",
        "hgnc_name": "EPH receptor A3",
        "hgnc_symbol": "EPHA3",
        "hgnc_synonyms": [
          "HEK",
          "HEK4",
          "ETK1"
        ],
        "user_input_genelist": [
          "EPHA3"
        ]
      }
    ]
  },
  {
    "user_input_genelist": "PEX5L",
    "idmap": []
  },
  {
    "user_input_genelist": "PLEKHA5",
    "idmap": [
      {
        "ensembl_id": "ENSG00000052126",
        "entrez_id": "54477",
        "hgnc_id": "HGNC:30036",
        "hgnc_name": "pleckstrin homology domain containing A5",
        "hgnc_symbol": "PLEKHA5",
        "hgnc_synonyms": [
          "KIAA1686",
          "FLJ10667"
        ],
        "user_input_genelist": [
          "PLEKHA5"
        ]
      }
    ]
  },
  {
    "user_input_genelist": "FLRT2",
    "idmap": [
      {
        "ensembl_id": "ENSG00000185070",
        "entrez_id": "23768",
        "hgnc_id": "HGNC:3761",
        "hgnc_name": "fibronectin leucine rich transmembrane protein 2",
        "hgnc_symbol": "FLRT2",
        "hgnc_synonyms": [],
        "user_input_genelist": [
          "FLRT2"
        ]
      }
    ]
  },
  {
    "user_input_genelist": "ZNF804B",
    "idmap": []
  },
  {
    "user_input_genelist": "SNTG1",
    "idmap": []
  },
  {
    "user_input_genelist": "ZNF385D",
    "idmap": []
  },
  {
    "user_input_genelist": "MMP16",
    "idmap": []
  },
  {
    "user_input_genelist": "NRXN3",
    "idmap": [
      {
        "ensembl_id": "ENSG00000021645",
        "entrez_id": "9369",
        "hgnc_id": "HGNC:8010",
        "hgnc_name": "neurexin 3",
        "hgnc_symbol": "NRXN3",
        "hgnc_synonyms": [
          "KIAA0743",
          "C14ORF60"
        ],
        "user_input_genelist": [
          "NRXN3"
        ]
      }
    ]
  },
  {
    "user_input_genelist": "FOXP2",
    "idmap": []
  },
  {
    "user_input_genelist": "KAZN",
    "idmap": []
  },
  {
    "user_input_genelist": "CDH12",
    "idmap": []
  },
  {
    "user_input_genelist": "ZNF385B",
    "idmap": []
  },
  {
    "user_input_genelist": "ZEB2",
    "idmap": []
  },
  {
    "user_input_genelist": "PSME4",
    "idmap": []
  },
  {
    "user_input_genelist": "NT5DC1",
    "idmap": []
  },
  {
    "user_input_genelist": "THEMIS",
    "idmap": []
  },
  {
    "user_input_genelist": "NELL1",
    "idmap": []
  },
  {
    "user_input_genelist": "ARHGAP26",
    "idmap": []
  },
  {
    "user_input_genelist": "SPARCL1",
    "idmap": [
      {
        "ensembl_id": "ENSG00000152583",
        "entrez_id": "8404",
        "hgnc_id": "HGNC:11220",
        "hgnc_name": "SPARC like 1",
        "hgnc_symbol": "SPARCL1",
        "hgnc_synonyms": [
          "MAST9"
        ],
        "user_input_genelist": [
          "SPARCL1"
        ]
      }
    ]
  },
  {
    "user_input_genelist": "CALN1",
    "idmap": []
  },
  {
    "user_input_genelist": "NELL2",
    "idmap": []
  },
  {
    "user_input_genelist": "SLC39A10",
    "idmap": []
  },
  {
    "user_input_genelist": "GCC2",
    "idmap": []
  },
  {
    "user_input_genelist": "CPNE4",
    "idmap": [
      {
        "ensembl_id": "ENSG00000196353",
        "entrez_id": "131034",
        "hgnc_id": "HGNC:2317",
        "hgnc_name": "copine 4",
        "hgnc_symbol": "CPNE4",
        "hgnc_synonyms": [
          "COPN4",
          "CPN4"
        ],
        "user_input_genelist": [
          "CPNE4"
        ]
      }
    ]
  },
  {
    "user_input_genelist": "RASA1",
    "idmap": []
  },
  {
    "user_input_genelist": "SORCS3",
    "idmap": [
      {
        "ensembl_id": "ENSG00000156395",
        "entrez_id": "22986",
        "hgnc_id": "HGNC:16699",
        "hgnc_name": "sortilin related VPS10 domain containing receptor 3",
        "hgnc_symbol": "SORCS3",
        "hgnc_synonyms": [
          "KIAA1059",
          "SORCS"
        ],
        "user_input_genelist": [
          "SORCS3"
        ]
      }
    ]
  },
  {
    "user_input_genelist": "SLC9A9",
    "idmap": []
  },
  {
    "user_input_genelist": "HOMER1",
    "idmap": [
      {
        "ensembl_id": "ENSG00000152413",
        "entrez_id": "9456",
        "hgnc_id": "HGNC:17512",
        "hgnc_name": "homer scaffold protein 1",
        "hgnc_symbol": "HOMER1",
        "hgnc_synonyms": [
          "VES-1",
          "SYN47",
          "HOMER-1B"
        ],
        "user_input_genelist": [
          "HOMER1"
        ]
      }
    ]
  },
  {
    "user_input_genelist": "ATP2B1",
    "idmap": [
      {
        "ensembl_id": "ENSG00000070961",
        "entrez_id": "490",
        "hgnc_id": "HGNC:814",
        "hgnc_name": "ATPase plasma membrane Ca2+ transporting 1",
        "hgnc_symbol": "ATP2B1",
        "hgnc_synonyms": [
          "PMCA1"
        ],
        "user_input_genelist": [
          "ATP2B1"
        ]
      }
    ]
  },
  {
    "user_input_genelist": "LRRN3",
    "idmap": []
  },
  {
    "user_input_genelist": "CBLN2",
    "idmap": [
      {
        "ensembl_id": "ENSG00000141668",
        "entrez_id": "147381",
        "hgnc_id": "HGNC:1544",
        "hgnc_name": "cerebellin 2 precursor",
        "hgnc_symbol": "CBLN2",
        "hgnc_synonyms": [],
        "user_input_genelist": [
          "CBLN2"
        ]
      }
    ]
  },
  {
    "user_input_genelist": "HIVEP2",
    "idmap": []
  },
  {
    "user_input_genelist": "CADPS2",
    "idmap": [
      {
        "ensembl_id": "ENSG00000081803",
        "entrez_id": "93664",
        "hgnc_id": "HGNC:16018",
        "hgnc_name": "calcium dependent secretion activator 2",
        "hgnc_symbol": "CADPS2",
        "hgnc_synonyms": [],
        "user_input_genelist": [
          "CADPS2"
        ]
      }
    ]
  },
  {
    "user_input_genelist": "SPOCK1",
    "idmap": [
      {
        "ensembl_id": "ENSG00000152377",
        "entrez_id": "6695",
        "hgnc_id": "HGNC:11251",
        "hgnc_name": "SPARC (osteonectin), cwcv and kazal like domains proteoglycan 1",
        "hgnc_symbol": "SPOCK1",
        "hgnc_synonyms": [
          "TESTICAN-1",
          "TIC1",
          "SPOCK"
        ],
        "user_input_genelist": [
          "SPOCK1"
        ]
      }
    ]
  },
  {
    "user_input_genelist": "CTNNA2",
    "idmap": [
      {
        "ensembl_id": "ENSG00000066032",
        "entrez_id": "1496",
        "hgnc_id": "HGNC:2510",
        "hgnc_name": "catenin alpha 2",
        "hgnc_symbol": "CTNNA2",
        "hgnc_synonyms": [
          "CAP-R",
          "CT114"
        ],
        "user_input_genelist": [
          "CTNNA2"
        ]
      }
    ]
  },
  {
    "user_input_genelist": "PRICKLE1",
    "idmap": [
      {
        "ensembl_id": "ENSG00000139174",
        "entrez_id": "144165",
        "hgnc_id": "HGNC:17019",
        "hgnc_name": "prickle planar cell polarity protein 1",
        "hgnc_symbol": "PRICKLE1",
        "hgnc_synonyms": [
          "FLJ31937",
          "EPM1B"
        ],
        "user_input_genelist": [
          "PRICKLE1"
        ]
      }
    ]
  },
  {
    "user_input_genelist": "SOX5",
    "idmap": []
  },
  {
    "user_input_genelist": "NETO1",
    "idmap": [
      {
        "ensembl_id": "ENSG00000166342",
        "entrez_id": "81832",
        "hgnc_id": "HGNC:13823",
        "hgnc_name": "neuropilin and tolloid like 1",
        "hgnc_symbol": "NETO1",
        "hgnc_synonyms": [
          "BTCL1",
          "BCTL1"
        ],
        "user_input_genelist": [
          "NETO1"
        ]
      }
    ]
  },
  {
    "user_input_genelist": "OPCML",
    "idmap": [
      {
        "ensembl_id": "ENSG00000183715",
        "entrez_id": "4978",
        "hgnc_id": "HGNC:8143",
        "hgnc_name": "opioid binding protein/cell adhesion molecule like",
        "hgnc_symbol": "OPCML",
        "hgnc_synonyms": [
          "OPCM",
          "OBCAM",
          "IGLON1"
        ],
        "user_input_genelist": [
          "OPCML"
        ]
      }
    ]
  },
  {
    "user_input_genelist": "SLC39A11",
    "idmap": []
  },
  {
    "user_input_genelist": "PCSK2",
    "idmap": []
  },
  {
    "user_input_genelist": "GBE1",
    "idmap": []
  },
  {
    "user_input_genelist": "GPC6",
    "idmap": [
      {
        "ensembl_id": "ENSG00000183098",
        "entrez_id": "10082",
        "hgnc_id": "HGNC:4454",
        "hgnc_name": "glypican 6",
        "hgnc_symbol": "GPC6",
        "hgnc_synonyms": [],
        "user_input_genelist": [
          "GPC6"
        ]
      }
    ]
  },
  {
    "user_input_genelist": "CDH10",
    "idmap": [
      {
        "ensembl_id": "ENSG00000040731",
        "entrez_id": "1008",
        "hgnc_id": "HGNC:1749",
        "hgnc_name": "cadherin 10",
        "hgnc_symbol": "CDH10",
        "hgnc_synonyms": [],
        "user_input_genelist": [
          "CDH10"
        ]
      }
    ]
  },
  {
    "user_input_genelist": "SLC24A2",
    "idmap": [
      {
        "ensembl_id": "ENSG00000155886",
        "entrez_id": "25769",
        "hgnc_id": "HGNC:10976",
        "hgnc_name": "solute carrier family 24 member 2",
        "hgnc_symbol": "SLC24A2",
        "hgnc_synonyms": [
          "NCKX2"
        ],
        "user_input_genelist": [
          "SLC24A2"
        ]
      }
    ]
  },
  {
    "user_input_genelist": "ADGRL2",
    "idmap": [
      {
        "ensembl_id": "ENSG00000117114",
        "entrez_id": "23266",
        "hgnc_id": "HGNC:18582",
        "hgnc_name": "adhesion G protein-coupled receptor L2",
        "hgnc_symbol": "ADGRL2",
        "hgnc_synonyms": [
          "KIAA0786",
          "LEC1",
          "CIRL2",
          "LPHH1",
          "LPHN2"
        ],
        "user_input_genelist": [
          "ADGRL2"
        ]
      }
    ]
  },
  {
    "user_input_genelist": "ZBBX",
    "idmap": []
  },
  {
    "user_input_genelist": "STXBP5-AS1",
    "idmap": []
  },
  {
    "user_input_genelist": "CNTNAP4",
    "idmap": [
      {
        "ensembl_id": "ENSG00000152910",
        "entrez_id": "85445",
        "hgnc_id": "HGNC:18747",
        "hgnc_name": "contactin associated protein family member 4",
        "hgnc_symbol": "CNTNAP4",
        "hgnc_synonyms": [
          "CASPR4",
          "KIAA1763"
        ],
        "user_input_genelist": [
          "CNTNAP4"
        ]
      }
    ]
  },
  {
    "user_input_genelist": "CA10",
    "idmap": []
  },
  {
    "user_input_genelist": "LOC105378031",
    "idmap": []
  },
  {
    "user_input_genelist": "LOC100132891",
    "idmap": []
  },
  {
    "user_input_genelist": "NCAM2",
    "idmap": [
      {
        "ensembl_id": "ENSG00000154654",
        "entrez_id": "4685",
        "hgnc_id": "HGNC:7657",
        "hgnc_name": "neural cell adhesion molecule 2",
        "hgnc_symbol": "NCAM2",
        "hgnc_synonyms": [
          "NCAM21",
          "MGC51008"
        ],
        "user_input_genelist": [
          "NCAM2"
        ]
      }
    ]
  },
  {
    "user_input_genelist": "CNTN4",
    "idmap": []
  },
  {
    "user_input_genelist": "NRGN",
    "idmap": [
      {
        "ensembl_id": "ENSG00000154146",
        "entrez_id": "4900",
        "hgnc_id": "HGNC:8000",
        "hgnc_name": "neurogranin",
        "hgnc_symbol": "NRGN",
        "hgnc_synonyms": [],
        "user_input_genelist": [
          "NRGN"
        ]
      }
    ]
  },
  {
    "user_input_genelist": "TESPA1",
    "idmap": []
  },
  {
    "user_input_genelist": "RCAN2",
    "idmap": []
  },
  {
    "user_input_genelist": "CNTN6",
    "idmap": [
      {
        "ensembl_id": "ENSG00000134115",
        "entrez_id": "27255",
        "hgnc_id": "HGNC:2176",
        "hgnc_name": "contactin 6",
        "hgnc_symbol": "CNTN6",
        "hgnc_synonyms": [
          "NB-3"
        ],
        "user_input_genelist": [
          "CNTN6"
        ]
      }
    ]
  },
  {
    "user_input_genelist": "LOC101928964",
    "idmap": []
  },
  {
    "user_input_genelist": "RIT2",
    "idmap": []
  },
  {
    "user_input_genelist": "ESRRG",
    "idmap": []
  },
  {
    "user_input_genelist": "ASIC2",
    "idmap": [
      {
        "ensembl_id": "ENSG00000108684",
        "entrez_id": "40",
        "hgnc_id": "HGNC:99",
        "hgnc_name": "acid sensing ion channel subunit 2",
        "hgnc_symbol": "ASIC2",
        "hgnc_synonyms": [
          "ASIC2A",
          "BNAC1",
          "HBNAC1",
          "MDEG",
          "ACCN",
          "ACCN1"
        ],
        "user_input_genelist": [
          "ASIC2"
        ]
      }
    ]
  },
  {
    "user_input_genelist": "SORCS1",
    "idmap": []
  },
  {
    "user_input_genelist": "DCC",
    "idmap": [
      {
        "ensembl_id": "ENSG00000187323",
        "entrez_id": "1630",
        "hgnc_id": "HGNC:2701",
        "hgnc_name": "DCC netrin 1 receptor",
        "hgnc_symbol": "DCC",
        "hgnc_synonyms": [
          "IGDCC1",
          "NTN1R1"
        ],
        "user_input_genelist": [
          "DCC"
        ]
      }
    ]
  },
  {
    "user_input_genelist": "LINGO2",
    "idmap": [
      {
        "ensembl_id": "ENSG00000174482",
        "entrez_id": "158038",
        "hgnc_id": "HGNC:21207",
        "hgnc_name": "leucine rich repeat and Ig domain containing 2",
        "hgnc_symbol": "LINGO2",
        "hgnc_synonyms": [
          "LERN3",
          "LRRN6C"
        ],
        "user_input_genelist": [
          "LINGO2"
        ]
      }
    ]
  },
  {
    "user_input_genelist": "LOC105371308",
    "idmap": []
  },
  {
    "user_input_genelist": "LOC105373893",
    "idmap": []
  },
  {
    "user_input_genelist": "PCDH7",
    "idmap": [
      {
        "ensembl_id": "ENSG00000169851",
        "entrez_id": "5099",
        "hgnc_id": "HGNC:8659",
        "hgnc_name": "protocadherin 7",
        "hgnc_symbol": "PCDH7",
        "hgnc_synonyms": [
          "BH-PCDH",
          "PPP1R120"
        ],
        "user_input_genelist": [
          "PCDH7"
        ]
      }
    ]
  },
  {
    "user_input_genelist": "NRG1",
    "idmap": [
      {
        "ensembl_id": "ENSG00000157168",
        "entrez_id": "3084",
        "hgnc_id": "HGNC:7997",
        "hgnc_name": "neuregulin 1",
        "hgnc_symbol": "NRG1",
        "hgnc_synonyms": [
          "NDF",
          "GGF",
          "NRG1-IT2"
        ],
        "user_input_genelist": [
          "NRG1"
        ]
      }
    ]
  }
]