{
  "direct": {
    "hgnc_id": {
      "SYNGO:synprocess": [],
      "SYNGO:presynprocess": [],
      "SYNGO:postsynprocess": [],
      "GO:0099536": [],
      "GO:0050808": [
        "HGNC:18582"
      ],
      "SYNGO:metabolism": [],
      "SYNGO:transport": [],
      "GO:0099509": [],
      "GO:0099505": [],
      "GO:0140238": [],
      "GO:0099504": [],
      "GO:0099525": [
        "HGNC:11132",
        "HGNC:29125"
      ],
      "GO:0001504": [],
      "GO:0098810": [
        "HGNC:10940"
      ],
      "SYNGO:presyn_chaperoneProteinFolding": [],
      "GO:0098928": [],
      "GO:0099566": [],
      "GO:0060078": [],
      "GO:0098962": [],
      "GO:0099072": [
        "HGNC:8010",
        "HGNC:2516",
        "HGNC:5253",
        "HGNC:4576"
      ],
      "GO:0140239": [],
      "GO:0150038": [],
      "GO:0098926": [],
      "GO:0099537": [
        "HGNC:8010"
      ],
      "GO:0099538": [],
      "GO:0099163": [],
      "GO:0099172": [],
      "GO:0099173": [],
      "GO:0099563": [],
      "GO:0050807": [
        "HGNC:9682"
      ],
      "GO:0098918": [],
      "GO:0150043": [],
      "GO:0099560": [
        "HGNC:5951",
        "HGNC:7997",
        "HGNC:1765"
      ],
      "GO:0008039": [],
      "GO:0007416": [
        "HGNC:5951"
      ],
      "GO:0098883": [],
      "GO:0060074": [
        "HGNC:10250"
      ],
      "GO:0099558": [],
      "GO:0099187": [],
      "GO:0099188": [],
      "SYNGO:presyn_ATPmetabolic": [],
      "SYNGO:postsyn_ATPmetabolic": [
        "HGNC:4141"
      ],
      "GO:0099546": [],
      "GO:0099574": [],
      "GO:0099547": [],
      "GO:0042135": [],
      "GO:0140246": [],
      "GO:0042136": [],
      "GO:0140241": [],
      "GO:0140235": [],
      "GO:0008088": [],
      "GO:0099514": [],
      "GO:0099090": [],
      "GO:0099089": [],
      "GO:0099637": [],
      "GO:1905056": [],
      "GO:0099534": [],
      "GO:0099626": [],
      "GO:0099507": [
        "HGNC:4081"
      ],
      "GO:0099508": [
        "HGNC:6234"
      ],
      "GO:0150047": [
        "HGNC:4070",
        "HGNC:4081"
      ],
      "GO:0140232": [],
      "GO:0098693": [
        "HGNC:9778"
      ],
      "GO:0097091": [],
      "GO:0099532": [],
      "GO:0016079": [
        "HGNC:11132",
        "HGNC:12643",
        "HGNC:23149"
      ],
      "GO:0098700": [],
      "GO:0099180": [],
      "GO:0097401": [
        "HGNC:851"
      ],
      "GO:0048488": [
        "HGNC:9767",
        "HGNC:29125",
        "HGNC:471"
      ],
      "GO:0099161": [],
      "GO:0051580": [],
      "GO:0099526": [],
      "GO:1905059": [],
      "GO:0099567": [],
      "GO:1905060": [],
      "GO:0098695": [],
      "GO:0099583": [],
      "GO:0140233": [],
      "GO:1904315": [
        "HGNC:4081"
      ],
      "GO:1905030": [],
      "GO:0099645": [
        "HGNC:8010",
        "HGNC:30200"
      ],
      "GO:0098967": [
        "HGNC:12643"
      ],
      "GO:0098970": [],
      "GO:0098884": [],
      "GO:0150044": [],
      "GO:0099527": [
        "HGNC:7997"
      ],
      "GO:0099541": [],
      "GO:0099540": [],
      "GO:0099543": [],
      "GO:0099545": [],
      "GO:0099157": [],
      "GO:0099183": [],
      "GO:0099550": [
        "HGNC:8010"
      ],
      "GO:0007268": [],
      "GO:0150045": [],
      "GO:0099174": [],
      "GO:0099175": [],
      "GO:0099084": [],
      "GO:0099010": [],
      "GO:0099564": [],
      "GO:1905244": [],
      "GO:0099181": [],
      "GO:0099186": [
        "HGNC:29125"
      ],
      "GO:0099179": [
        "HGNC:18957"
      ],
      "GO:0099054": [
        "HGNC:2175",
        "HGNC:5951"
      ],
      "GO:0051963": [
        "HGNC:3313"
      ],
      "GO:0098698": [],
      "GO:0097104": [],
      "GO:1905806": [],
      "GO:0090128": [],
      "GO:0099559": [
        "HGNC:8117"
      ],
      "GO:0098880": [
        "HGNC:5951"
      ],
      "GO:0099140": [],
      "GO:0098974": [],
      "GO:0099190": [
        "HGNC:8117"
      ],
      "SYNGO:presyn_regulationATPmetabolic": [],
      "GO:0099576": [],
      "GO:0099575": [],
      "GO:0099578": [],
      "GO:0099577": [],
      "GO:0140247": [],
      "GO:0140249": [],
      "GO:0140236": [],
      "GO:0140242": [],
      "GO:0098930": [],
      "GO:0098935": [],
      "GO:0099517": [],
      "GO:0099158": [],
      "GO:0098968": [],
      "GO:0098877": [],
      "GO:0098943": [],
      "GO:0016182": [],
      "GO:0016189": [],
      "GO:0099502": [],
      "GO:2000300": [],
      "GO:0016081": [
        "HGNC:12643"
      ],
      "GO:0031629": [],
      "GO:0016082": [],
      "GO:0099162": [
        "HGNC:4141"
      ],
      "GO:1901546": [],
      "GO:1900242": [
        "HGNC:144"
      ],
      "GO:0016185": [],
      "GO:0016191": [],
      "GO:0098872": [],
      "GO:0099579": [
        "HGNC:4070"
      ],
      "GO:0098696": [
        "HGNC:18957"
      ],
      "GO:0099145": [],
      "GO:0150054": [],
      "GO:0099149": [
        "HGNC:7997",
        "HGNC:25552"
      ],
      "GO:1905539": [],
      "GO:0099542": [],
      "GO:0099548": [],
      "GO:0098942": [
        "HGNC:5951"
      ],
      "GO:0099557": [],
      "GO:0150035": [],
      "GO:0050804": [
        "HGNC:1750",
        "HGNC:9630"
      ],
      "GO:0099531": [],
      "GO:0099565": [
        "HGNC:6277"
      ],
      "GO:0099159": [],
      "GO:0098885": [],
      "GO:0098987": [],
      "GO:0098882": [],
      "GO:0098699": [],
      "GO:0098973": [
        "HGNC:144"
      ],
      "GO:0099184": [],
      "GO:0098879": [
        "HGNC:18957"
      ],
      "GO:0098919": [
        "HGNC:18957",
        "HGNC:2516"
      ],
      "GO:1905606": [
        "HGNC:7997",
        "HGNC:4576"
      ],
      "GO:0150052": [
        "HGNC:2714",
        "HGNC:6836",
        "HGNC:5299"
      ],
      "GO:0099150": [],
      "GO:0097107": [
        "HGNC:8010"
      ],
      "GO:0099562": [],
      "GO:0140251": [],
      "GO:0140252": [],
      "GO:0140245": [],
      "GO:0008089": [],
      "GO:0099088": [],
      "GO:0098937": [],
      "GO:0098939": [],
      "GO:0098961": [],
      "GO:0098934": [],
      "GO:0048490": [],
      "GO:0098969": [],
      "GO:0099639": [],
      "GO:0150037": [],
      "GO:0099148": [],
      "GO:0031630": [],
      "GO:0010807": [],
      "GO:0098694": [],
      "GO:0098921": [],
      "GO:0099553": [],
      "GO:0099555": [],
      "GO:0099171": [
        "HGNC:578",
        "HGNC:8010",
        "HGNC:5293",
        "HGNC:1951"
      ],
      "GO:0099170": [
        "HGNC:2701"
      ],
      "GO:1905274": [],
      "GO:0099151": [
        "HGNC:4576"
      ],
      "GO:0099641": [],
      "GO:0140231": [],
      "GO:0098971": [],
      "GO:0098963": [],
      "GO:1903742": [],
      "GO:0098887": [],
      "GO:0099178": [],
      "GO:0150036": [],
      "GO:0098925": [],
      "GO:0098964": [],
      "GO:0099152": []
    },
    "hgnc_symbol": {
      "SYNGO:synprocess": [],
      "SYNGO:presynprocess": [],
      "SYNGO:postsynprocess": [],
      "GO:0099536": [],
      "GO:0050808": [
        "ADGRL2"
      ],
      "SYNGO:metabolism": [],
      "SYNGO:transport": [],
      "GO:0099509": [],
      "GO:0099505": [],
      "GO:0140238": [],
      "GO:0099504": [],
      "GO:0099525": [
        "SNAP25",
        "DNM3"
      ],
      "GO:0001504": [],
      "GO:0098810": [
        "SLC1A2"
      ],
      "SYNGO:presyn_chaperoneProteinFolding": [],
      "GO:0098928": [],
      "GO:0099566": [],
      "GO:0060078": [],
      "GO:0098962": [],
      "GO:0099072": [
        "NRXN3",
        "CTNND2",
        "HSP90AA1",
        "GRID2"
      ],
      "GO:0140239": [],
      "GO:0150038": [],
      "GO:0098926": [],
      "GO:0099537": [
        "NRXN3"
      ],
      "GO:0099538": [],
      "GO:0099163": [],
      "GO:0099172": [],
      "GO:0099173": [],
      "GO:0099563": [],
      "GO:0050807": [
        "PTPRT"
      ],
      "GO:0098918": [],
      "GO:0150043": [],
      "GO:0099560": [
        "CADM1",
        "NRG1",
        "CDH6"
      ],
      "GO:0008039": [],
      "GO:0007416": [
        "CADM1"
      ],
      "GO:0098883": [],
      "GO:0060074": [
        "ROBO2"
      ],
      "GO:0099558": [],
      "GO:0099187": [],
      "GO:0099188": [],
      "SYNGO:presyn_ATPmetabolic": [],
      "SYNGO:postsyn_ATPmetabolic": [
        "GAPDH"
      ],
      "GO:0099546": [],
      "GO:0099574": [],
      "GO:0099547": [],
      "GO:0042135": [],
      "GO:0140246": [],
      "GO:0042136": [],
      "GO:0140241": [],
      "GO:0140235": [],
      "GO:0008088": [],
      "GO:0099514": [],
      "GO:0099090": [],
      "GO:0099089": [],
      "GO:0099637": [],
      "GO:1905056": [],
      "GO:0099534": [],
      "GO:0099626": [],
      "GO:0099507": [
        "GABRB1"
      ],
      "GO:0099508": [
        "KCNC2"
      ],
      "GO:0150047": [
        "GABBR1",
        "GABRB1"
      ],
      "GO:0140232": [],
      "GO:0098693": [
        "RAB3B"
      ],
      "GO:0097091": [],
      "GO:0099532": [],
      "GO:0016079": [
        "SNAP25",
        "VAMP2",
        "UNC13C"
      ],
      "GO:0098700": [],
      "GO:0099180": [],
      "GO:0097401": [
        "ATP6V1A"
      ],
      "GO:0048488": [
        "RAB27B",
        "DNM3",
        "AMPH"
      ],
      "GO:0099161": [],
      "GO:0051580": [],
      "GO:0099526": [],
      "GO:1905059": [],
      "GO:0099567": [],
      "GO:1905060": [],
      "GO:0098695": [],
      "GO:0099583": [],
      "GO:0140233": [],
      "GO:1904315": [
        "GABRB1"
      ],
      "GO:1905030": [],
      "GO:0099645": [
        "NRXN3",
        "VWC2"
      ],
      "GO:0098967": [
        "VAMP2"
      ],
      "GO:0098970": [],
      "GO:0098884": [],
      "GO:0150044": [],
      "GO:0099527": [
        "NRG1"
      ],
      "GO:0099541": [],
      "GO:0099540": [],
      "GO:0099543": [],
      "GO:0099545": [],
      "GO:0099157": [],
      "GO:0099183": [],
      "GO:0099550": [
        "NRXN3"
      ],
      "GO:0007268": [],
      "GO:0150045": [],
      "GO:0099174": [],
      "GO:0099175": [],
      "GO:0099084": [],
      "GO:0099010": [],
      "GO:0099564": [],
      "GO:1905244": [],
      "GO:0099181": [],
      "GO:0099186": [
        "DNM3"
      ],
      "GO:0099179": [
        "MAGI2"
      ],
      "GO:0099054": [
        "CNTN5",
        "CADM1"
      ],
      "GO:0051963": [
        "ELAVL2"
      ],
      "GO:0098698": [],
      "GO:0097104": [],
      "GO:1905806": [],
      "GO:0090128": [],
      "GO:0099559": [
        "TENM1"
      ],
      "GO:0098880": [
        "CADM1"
      ],
      "GO:0099140": [],
      "GO:0098974": [],
      "GO:0099190": [
        "TENM1"
      ],
      "SYNGO:presyn_regulationATPmetabolic": [],
      "GO:0099576": [],
      "GO:0099575": [],
      "GO:0099578": [],
      "GO:0099577": [],
      "GO:0140247": [],
      "GO:0140249": [],
      "GO:0140236": [],
      "GO:0140242": [],
      "GO:0098930": [],
      "GO:0098935": [],
      "GO:0099517": [],
      "GO:0099158": [],
      "GO:0098968": [],
      "GO:0098877": [],
      "GO:0098943": [],
      "GO:0016182": [],
      "GO:0016189": [],
      "GO:0099502": [],
      "GO:2000300": [],
      "GO:0016081": [
        "VAMP2"
      ],
      "GO:0031629": [],
      "GO:0016082": [],
      "GO:0099162": [
        "GAPDH"
      ],
      "GO:1901546": [],
      "GO:1900242": [
        "ACTG1"
      ],
      "GO:0016185": [],
      "GO:0016191": [],
      "GO:0098872": [],
      "GO:0099579": [
        "GABBR1"
      ],
      "GO:0098696": [
        "MAGI2"
      ],
      "GO:0099145": [],
      "GO:0150054": [],
      "GO:0099149": [
        "NRG1",
        "RNF220"
      ],
      "GO:1905539": [],
      "GO:0099542": [],
      "GO:0099548": [],
      "GO:0098942": [
        "CADM1"
      ],
      "GO:0099557": [],
      "GO:0150035": [],
      "GO:0050804": [
        "CDH11",
        "PTN"
      ],
      "GO:0099531": [],
      "GO:0099565": [
        "KCNK2"
      ],
      "GO:0099159": [],
      "GO:0098885": [],
      "GO:0098987": [],
      "GO:0098882": [],
      "GO:0098699": [],
      "GO:0098973": [
        "ACTG1"
      ],
      "GO:0099184": [],
      "GO:0098879": [
        "MAGI2"
      ],
      "GO:0098919": [
        "MAGI2",
        "CTNND2"
      ],
      "GO:1905606": [
        "NRG1",
        "GRID2"
      ],
      "GO:0150052": [
        "DCX",
        "MAP1B",
        "HTR4"
      ],
      "GO:0099150": [],
      "GO:0097107": [
        "NRXN3"
      ],
      "GO:0099562": [],
      "GO:0140251": [],
      "GO:0140252": [],
      "GO:0140245": [],
      "GO:0008089": [],
      "GO:0099088": [],
      "GO:0098937": [],
      "GO:0098939": [],
      "GO:0098961": [],
      "GO:0098934": [],
      "GO:0048490": [],
      "GO:0098969": [],
      "GO:0099639": [],
      "GO:0150037": [],
      "GO:0099148": [],
      "GO:0031630": [],
      "GO:0010807": [],
      "GO:0098694": [],
      "GO:0098921": [],
      "GO:0099553": [],
      "GO:0099555": [],
      "GO:0099171": [
        "APBA1",
        "NRXN3",
        "HTR2A",
        "CHRM2"
      ],
      "GO:0099170": [
        "DCC"
      ],
      "GO:1905274": [],
      "GO:0099151": [
        "GRID2"
      ],
      "GO:0099641": [],
      "GO:0140231": [],
      "GO:0098971": [],
      "GO:0098963": [],
      "GO:1903742": [],
      "GO:0098887": [],
      "GO:0099178": [],
      "GO:0150036": [],
      "GO:0098925": [],
      "GO:0098964": [],
      "GO:0099152": []
    },
    "ensembl_id": {
      "SYNGO:synprocess": [],
      "SYNGO:presynprocess": [],
      "SYNGO:postsynprocess": [],
      "GO:0099536": [],
      "GO:0050808": [
        "ENSG00000117114"
      ],
      "SYNGO:metabolism": [],
      "SYNGO:transport": [],
      "GO:0099509": [],
      "GO:0099505": [],
      "GO:0140238": [],
      "GO:0099504": [],
      "GO:0099525": [
        "ENSG00000132639",
        "ENSG00000197959"
      ],
      "GO:0001504": [],
      "GO:0098810": [
        "ENSG00000110436"
      ],
      "SYNGO:presyn_chaperoneProteinFolding": [],
      "GO:0098928": [],
      "GO:0099566": [],
      "GO:0060078": [],
      "GO:0098962": [],
      "GO:0099072": [
        "ENSG00000021645",
        "ENSG00000169862",
        "ENSG00000080824",
        "ENSG00000152208"
      ],
      "GO:0140239": [],
      "GO:0150038": [],
      "GO:0098926": [],
      "GO:0099537": [
        "ENSG00000021645"
      ],
      "GO:0099538": [],
      "GO:0099163": [],
      "GO:0099172": [],
      "GO:0099173": [],
      "GO:0099563": [],
      "GO:0050807": [
        "ENSG00000196090"
      ],
      "GO:0098918": [],
      "GO:0150043": [],
      "GO:0099560": [
        "ENSG00000182985",
        "ENSG00000157168",
        "ENSG00000113361"
      ],
      "GO:0008039": [],
      "GO:0007416": [
        "ENSG00000182985"
      ],
      "GO:0098883": [],
      "GO:0060074": [
        "ENSG00000185008"
      ],
      "GO:0099558": [],
      "GO:0099187": [],
      "GO:0099188": [],
      "SYNGO:presyn_ATPmetabolic": [],
      "SYNGO:postsyn_ATPmetabolic": [
        "ENSG00000111640"
      ],
      "GO:0099546": [],
      "GO:0099574": [],
      "GO:0099547": [],
      "GO:0042135": [],
      "GO:0140246": [],
      "GO:0042136": [],
      "GO:0140241": [],
      "GO:0140235": [],
      "GO:0008088": [],
      "GO:0099514": [],
      "GO:0099090": [],
      "GO:0099089": [],
      "GO:0099637": [],
      "GO:1905056": [],
      "GO:0099534": [],
      "GO:0099626": [],
      "GO:0099507": [
        "ENSG00000163288"
      ],
      "GO:0099508": [
        "ENSG00000166006"
      ],
      "GO:0150047": [
        "ENSG00000204681",
        "ENSG00000163288"
      ],
      "GO:0140232": [],
      "GO:0098693": [
        "ENSG00000169213"
      ],
      "GO:0097091": [],
      "GO:0099532": [],
      "GO:0016079": [
        "ENSG00000132639",
        "ENSG00000220205",
        "ENSG00000137766"
      ],
      "GO:0098700": [],
      "GO:0099180": [],
      "GO:0097401": [
        "ENSG00000114573"
      ],
      "GO:0048488": [
        "ENSG00000041353",
        "ENSG00000197959",
        "ENSG00000078053"
      ],
      "GO:0099161": [],
      "GO:0051580": [],
      "GO:0099526": [],
      "GO:1905059": [],
      "GO:0099567": [],
      "GO:1905060": [],
      "GO:0098695": [],
      "GO:0099583": [],
      "GO:0140233": [],
      "GO:1904315": [
        "ENSG00000163288"
      ],
      "GO:1905030": [],
      "GO:0099645": [
        "ENSG00000021645",
        "ENSG00000188730"
      ],
      "GO:0098967": [
        "ENSG00000220205"
      ],
      "GO:0098970": [],
      "GO:0098884": [],
      "GO:0150044": [],
      "GO:0099527": [
        "ENSG00000157168"
      ],
      "GO:0099541": [],
      "GO:0099540": [],
      "GO:0099543": [],
      "GO:0099545": [],
      "GO:0099157": [],
      "GO:0099183": [],
      "GO:0099550": [
        "ENSG00000021645"
      ],
      "GO:0007268": [],
      "GO:0150045": [],
      "GO:0099174": [],
      "GO:0099175": [],
      "GO:0099084": [],
      "GO:0099010": [],
      "GO:0099564": [],
      "GO:1905244": [],
      "GO:0099181": [],
      "GO:0099186": [
        "ENSG00000197959"
      ],
      "GO:0099179": [
        "ENSG00000187391"
      ],
      "GO:0099054": [
        "ENSG00000149972",
        "ENSG00000182985"
      ],
      "GO:0051963": [
        "ENSG00000107105"
      ],
      "GO:0098698": [],
      "GO:0097104": [],
      "GO:1905806": [],
      "GO:0090128": [],
      "GO:0099559": [
        "ENSG00000009694"
      ],
      "GO:0098880": [
        "ENSG00000182985"
      ],
      "GO:0099140": [],
      "GO:0098974": [],
      "GO:0099190": [
        "ENSG00000009694"
      ],
      "SYNGO:presyn_regulationATPmetabolic": [],
      "GO:0099576": [],
      "GO:0099575": [],
      "GO:0099578": [],
      "GO:0099577": [],
      "GO:0140247": [],
      "GO:0140249": [],
      "GO:0140236": [],
      "GO:0140242": [],
      "GO:0098930": [],
      "GO:0098935": [],
      "GO:0099517": [],
      "GO:0099158": [],
      "GO:0098968": [],
      "GO:0098877": [],
      "GO:0098943": [],
      "GO:0016182": [],
      "GO:0016189": [],
      "GO:0099502": [],
      "GO:2000300": [],
      "GO:0016081": [
        "ENSG00000220205"
      ],
      "GO:0031629": [],
      "GO:0016082": [],
      "GO:0099162": [
        "ENSG00000111640"
      ],
      "GO:1901546": [],
      "GO:1900242": [
        "ENSG00000184009"
      ],
      "GO:0016185": [],
      "GO:0016191": [],
      "GO:0098872": [],
      "GO:0099579": [
        "ENSG00000204681"
      ],
      "GO:0098696": [
        "ENSG00000187391"
      ],
      "GO:0099145": [],
      "GO:0150054": [],
      "GO:0099149": [
        "ENSG00000157168",
        "ENSG00000187147"
      ],
      "GO:1905539": [],
      "GO:0099542": [],
      "GO:0099548": [],
      "GO:0098942": [
        "ENSG00000182985"
      ],
      "GO:0099557": [],
      "GO:0150035": [],
      "GO:0050804": [
        "ENSG00000140937",
        "ENSG00000105894"
      ],
      "GO:0099531": [],
      "GO:0099565": [
        "ENSG00000082482"
      ],
      "GO:0099159": [],
      "GO:0098885": [],
      "GO:0098987": [],
      "GO:0098882": [],
      "GO:0098699": [],
      "GO:0098973": [
        "ENSG00000184009"
      ],
      "GO:0099184": [],
      "GO:0098879": [
        "ENSG00000187391"
      ],
      "GO:0098919": [
        "ENSG00000187391",
        "ENSG00000169862"
      ],
      "GO:1905606": [
        "ENSG00000157168",
        "ENSG00000152208"
      ],
      "GO:0150052": [
        "ENSG00000077279",
        "ENSG00000131711",
        "ENSG00000164270"
      ],
      "GO:0099150": [],
      "GO:0097107": [
        "ENSG00000021645"
      ],
      "GO:0099562": [],
      "GO:0140251": [],
      "GO:0140252": [],
      "GO:0140245": [],
      "GO:0008089": [],
      "GO:0099088": [],
      "GO:0098937": [],
      "GO:0098939": [],
      "GO:0098961": [],
      "GO:0098934": [],
      "GO:0048490": [],
      "GO:0098969": [],
      "GO:0099639": [],
      "GO:0150037": [],
      "GO:0099148": [],
      "GO:0031630": [],
      "GO:0010807": [],
      "GO:0098694": [],
      "GO:0098921": [],
      "GO:0099553": [],
      "GO:0099555": [],
      "GO:0099171": [
        "ENSG00000107282",
        "ENSG00000021645",
        "ENSG00000102468",
        "ENSG00000181072"
      ],
      "GO:0099170": [
        "ENSG00000187323"
      ],
      "GO:1905274": [],
      "GO:0099151": [
        "ENSG00000152208"
      ],
      "GO:0099641": [],
      "GO:0140231": [],
      "GO:0098971": [],
      "GO:0098963": [],
      "GO:1903742": [],
      "GO:0098887": [],
      "GO:0099178": [],
      "GO:0150036": [],
      "GO:0098925": [],
      "GO:0098964": [],
      "GO:0099152": []
    },
    "entrez_id": {
      "SYNGO:synprocess": [],
      "SYNGO:presynprocess": [],
      "SYNGO:postsynprocess": [],
      "GO:0099536": [],
      "GO:0050808": [
        "23266"
      ],
      "SYNGO:metabolism": [],
      "SYNGO:transport": [],
      "GO:0099509": [],
      "GO:0099505": [],
      "GO:0140238": [],
      "GO:0099504": [],
      "GO:0099525": [
        "6616",
        "26052"
      ],
      "GO:0001504": [],
      "GO:0098810": [
        "6506"
      ],
      "SYNGO:presyn_chaperoneProteinFolding": [],
      "GO:0098928": [],
      "GO:0099566": [],
      "GO:0060078": [],
      "GO:0098962": [],
      "GO:0099072": [
        "9369",
        "1501",
        "3320",
        "2895"
      ],
      "GO:0140239": [],
      "GO:0150038": [],
      "GO:0098926": [],
      "GO:0099537": [
        "9369"
      ],
      "GO:0099538": [],
      "GO:0099163": [],
      "GO:0099172": [],
      "GO:0099173": [],
      "GO:0099563": [],
      "GO:0050807": [
        "11122"
      ],
      "GO:0098918": [],
      "GO:0150043": [],
      "GO:0099560": [
        "23705",
        "3084",
        "1004"
      ],
      "GO:0008039": [],
      "GO:0007416": [
        "23705"
      ],
      "GO:0098883": [],
      "GO:0060074": [
        "6092"
      ],
      "GO:0099558": [],
      "GO:0099187": [],
      "GO:0099188": [],
      "SYNGO:presyn_ATPmetabolic": [],
      "SYNGO:postsyn_ATPmetabolic": [
        "2597"
      ],
      "GO:0099546": [],
      "GO:0099574": [],
      "GO:0099547": [],
      "GO:0042135": [],
      "GO:0140246": [],
      "GO:0042136": [],
      "GO:0140241": [],
      "GO:0140235": [],
      "GO:0008088": [],
      "GO:0099514": [],
      "GO:0099090": [],
      "GO:0099089": [],
      "GO:0099637": [],
      "GO:1905056": [],
      "GO:0099534": [],
      "GO:0099626": [],
      "GO:0099507": [
        "2560"
      ],
      "GO:0099508": [
        "3747"
      ],
      "GO:0150047": [
        "2550",
        "2560"
      ],
      "GO:0140232": [],
      "GO:0098693": [
        "5865"
      ],
      "GO:0097091": [],
      "GO:0099532": [],
      "GO:0016079": [
        "6616",
        "6844",
        "440279"
      ],
      "GO:0098700": [],
      "GO:0099180": [],
      "GO:0097401": [
        "523"
      ],
      "GO:0048488": [
        "5874",
        "26052",
        "273"
      ],
      "GO:0099161": [],
      "GO:0051580": [],
      "GO:0099526": [],
      "GO:1905059": [],
      "GO:0099567": [],
      "GO:1905060": [],
      "GO:0098695": [],
      "GO:0099583": [],
      "GO:0140233": [],
      "GO:1904315": [
        "2560"
      ],
      "GO:1905030": [],
      "GO:0099645": [
        "9369",
        "375567"
      ],
      "GO:0098967": [
        "6844"
      ],
      "GO:0098970": [],
      "GO:0098884": [],
      "GO:0150044": [],
      "GO:0099527": [
        "3084"
      ],
      "GO:0099541": [],
      "GO:0099540": [],
      "GO:0099543": [],
      "GO:0099545": [],
      "GO:0099157": [],
      "GO:0099183": [],
      "GO:0099550": [
        "9369"
      ],
      "GO:0007268": [],
      "GO:0150045": [],
      "GO:0099174": [],
      "GO:0099175": [],
      "GO:0099084": [],
      "GO:0099010": [],
      "GO:0099564": [],
      "GO:1905244": [],
      "GO:0099181": [],
      "GO:0099186": [
        "26052"
      ],
      "GO:0099179": [
        "9863"
      ],
      "GO:0099054": [
        "53942",
        "23705"
      ],
      "GO:0051963": [
        "1993"
      ],
      "GO:0098698": [],
      "GO:0097104": [],
      "GO:1905806": [],
      "GO:0090128": [],
      "GO:0099559": [
        "10178"
      ],
      "GO:0098880": [
        "23705"
      ],
      "GO:0099140": [],
      "GO:0098974": [],
      "GO:0099190": [
        "10178"
      ],
      "SYNGO:presyn_regulationATPmetabolic": [],
      "GO:0099576": [],
      "GO:0099575": [],
      "GO:0099578": [],
      "GO:0099577": [],
      "GO:0140247": [],
      "GO:0140249": [],
      "GO:0140236": [],
      "GO:0140242": [],
      "GO:0098930": [],
      "GO:0098935": [],
      "GO:0099517": [],
      "GO:0099158": [],
      "GO:0098968": [],
      "GO:0098877": [],
      "GO:0098943": [],
      "GO:0016182": [],
      "GO:0016189": [],
      "GO:0099502": [],
      "GO:2000300": [],
      "GO:0016081": [
        "6844"
      ],
      "GO:0031629": [],
      "GO:0016082": [],
      "GO:0099162": [
        "2597"
      ],
      "GO:1901546": [],
      "GO:1900242": [
        "71"
      ],
      "GO:0016185": [],
      "GO:0016191": [],
      "GO:0098872": [],
      "GO:0099579": [
        "2550"
      ],
      "GO:0098696": [
        "9863"
      ],
      "GO:0099145": [],
      "GO:0150054": [],
      "GO:0099149": [
        "3084",
        "55182"
      ],
      "GO:1905539": [],
      "GO:0099542": [],
      "GO:0099548": [],
      "GO:0098942": [
        "23705"
      ],
      "GO:0099557": [],
      "GO:0150035": [],
      "GO:0050804": [
        "1009",
        "5764"
      ],
      "GO:0099531": [],
      "GO:0099565": [
        "3776"
      ],
      "GO:0099159": [],
      "GO:0098885": [],
      "GO:0098987": [],
      "GO:0098882": [],
      "GO:0098699": [],
      "GO:0098973": [
        "71"
      ],
      "GO:0099184": [],
      "GO:0098879": [
        "9863"
      ],
      "GO:0098919": [
        "9863",
        "1501"
      ],
      "GO:1905606": [
        "3084",
        "2895"
      ],
      "GO:0150052": [
        "1641",
        "4131",
        "3360"
      ],
      "GO:0099150": [],
      "GO:0097107": [
        "9369"
      ],
      "GO:0099562": [],
      "GO:0140251": [],
      "GO:0140252": [],
      "GO:0140245": [],
      "GO:0008089": [],
      "GO:0099088": [],
      "GO:0098937": [],
      "GO:0098939": [],
      "GO:0098961": [],
      "GO:0098934": [],
      "GO:0048490": [],
      "GO:0098969": [],
      "GO:0099639": [],
      "GO:0150037": [],
      "GO:0099148": [],
      "GO:0031630": [],
      "GO:0010807": [],
      "GO:0098694": [],
      "GO:0098921": [],
      "GO:0099553": [],
      "GO:0099555": [],
      "GO:0099171": [
        "320",
        "9369",
        "3356",
        "1129"
      ],
      "GO:0099170": [
        "1630"
      ],
      "GO:1905274": [],
      "GO:0099151": [
        "2895"
      ],
      "GO:0099641": [],
      "GO:0140231": [],
      "GO:0098971": [],
      "GO:0098963": [],
      "GO:1903742": [],
      "GO:0098887": [],
      "GO:0099178": [],
      "GO:0150036": [],
      "GO:0098925": [],
      "GO:0098964": [],
      "GO:0099152": []
    }
  },
  "aggregate": {
    "hgnc_id": {
      "SYNGO:synprocess": [
        "HGNC:4081",
        "HGNC:6234",
        "HGNC:4070",
        "HGNC:9778",
        "HGNC:11132",
        "HGNC:12643",
        "HGNC:23149",
        "HGNC:4141",
        "HGNC:851",
        "HGNC:9767",
        "HGNC:29125",
        "HGNC:471",
        "HGNC:144",
        "HGNC:10940",
        "HGNC:8010",
        "HGNC:2516",
        "HGNC:5253",
        "HGNC:4576",
        "HGNC:30200",
        "HGNC:18957",
        "HGNC:7997",
        "HGNC:25552",
        "HGNC:5951",
        "HGNC:1750",
        "HGNC:9630",
        "HGNC:578",
        "HGNC:5293",
        "HGNC:1951",
        "HGNC:6277",
        "HGNC:2701",
        "HGNC:18582",
        "HGNC:9682",
        "HGNC:1765",
        "HGNC:2175",
        "HGNC:3313",
        "HGNC:2714",
        "HGNC:6836",
        "HGNC:5299",
        "HGNC:10250",
        "HGNC:8117"
      ],
      "SYNGO:presynprocess": [
        "HGNC:4081",
        "HGNC:6234",
        "HGNC:4070",
        "HGNC:9778",
        "HGNC:11132",
        "HGNC:12643",
        "HGNC:23149",
        "HGNC:4141",
        "HGNC:851",
        "HGNC:9767",
        "HGNC:29125",
        "HGNC:471",
        "HGNC:144",
        "HGNC:10940"
      ],
      "SYNGO:postsynprocess": [
        "HGNC:4070",
        "HGNC:4081",
        "HGNC:8010",
        "HGNC:2516",
        "HGNC:5253",
        "HGNC:4576",
        "HGNC:30200",
        "HGNC:18957",
        "HGNC:12643",
        "HGNC:7997",
        "HGNC:25552"
      ],
      "GO:0099536": [
        "HGNC:8010",
        "HGNC:5951",
        "HGNC:1750",
        "HGNC:9630",
        "HGNC:578",
        "HGNC:5293",
        "HGNC:1951",
        "HGNC:6277",
        "HGNC:2701"
      ],
      "GO:0050808": [
        "HGNC:18582",
        "HGNC:9682",
        "HGNC:29125",
        "HGNC:144",
        "HGNC:18957",
        "HGNC:2516",
        "HGNC:5951",
        "HGNC:7997",
        "HGNC:1765",
        "HGNC:2175",
        "HGNC:3313",
        "HGNC:4576",
        "HGNC:2714",
        "HGNC:6836",
        "HGNC:5299",
        "HGNC:8010",
        "HGNC:10250",
        "HGNC:8117"
      ],
      "SYNGO:metabolism": [
        "HGNC:4141"
      ],
      "SYNGO:transport": [],
      "GO:0099509": [],
      "GO:0099505": [
        "HGNC:4081",
        "HGNC:6234",
        "HGNC:4070"
      ],
      "GO:0140238": [],
      "GO:0099504": [
        "HGNC:9778",
        "HGNC:11132",
        "HGNC:12643",
        "HGNC:23149",
        "HGNC:4141",
        "HGNC:851",
        "HGNC:9767",
        "HGNC:29125",
        "HGNC:471",
        "HGNC:144"
      ],
      "GO:0099525": [
        "HGNC:11132",
        "HGNC:29125"
      ],
      "GO:0001504": [],
      "GO:0098810": [
        "HGNC:10940"
      ],
      "SYNGO:presyn_chaperoneProteinFolding": [],
      "GO:0098928": [],
      "GO:0099566": [],
      "GO:0060078": [
        "HGNC:4070",
        "HGNC:4081"
      ],
      "GO:0098962": [],
      "GO:0099072": [
        "HGNC:8010",
        "HGNC:2516",
        "HGNC:5253",
        "HGNC:4576",
        "HGNC:30200",
        "HGNC:18957",
        "HGNC:12643",
        "HGNC:7997",
        "HGNC:25552"
      ],
      "GO:0140239": [],
      "GO:0150038": [],
      "GO:0098926": [
        "HGNC:7997"
      ],
      "GO:0099537": [
        "HGNC:8010",
        "HGNC:5951",
        "HGNC:1750",
        "HGNC:9630",
        "HGNC:578",
        "HGNC:5293",
        "HGNC:1951",
        "HGNC:6277",
        "HGNC:2701"
      ],
      "GO:0099538": [],
      "GO:0099163": [],
      "GO:0099172": [],
      "GO:0099173": [],
      "GO:0099563": [],
      "GO:0050807": [
        "HGNC:9682"
      ],
      "GO:0098918": [
        "HGNC:29125",
        "HGNC:144",
        "HGNC:18957",
        "HGNC:2516"
      ],
      "GO:0150043": [],
      "GO:0099560": [
        "HGNC:5951",
        "HGNC:7997",
        "HGNC:1765",
        "HGNC:18957"
      ],
      "GO:0008039": [],
      "GO:0007416": [
        "HGNC:5951",
        "HGNC:2175",
        "HGNC:3313",
        "HGNC:7997",
        "HGNC:4576",
        "HGNC:2714",
        "HGNC:6836",
        "HGNC:5299",
        "HGNC:8010"
      ],
      "GO:0098883": [],
      "GO:0060074": [
        "HGNC:10250"
      ],
      "GO:0099558": [
        "HGNC:8117",
        "HGNC:5951"
      ],
      "GO:0099187": [],
      "GO:0099188": [
        "HGNC:8117"
      ],
      "SYNGO:presyn_ATPmetabolic": [],
      "SYNGO:postsyn_ATPmetabolic": [
        "HGNC:4141"
      ],
      "GO:0099546": [],
      "GO:0099574": [],
      "GO:0099547": [],
      "GO:0042135": [],
      "GO:0140246": [],
      "GO:0042136": [],
      "GO:0140241": [],
      "GO:0140235": [],
      "GO:0008088": [],
      "GO:0099514": [],
      "GO:0099090": [],
      "GO:0099089": [],
      "GO:0099637": [],
      "GO:1905056": [],
      "GO:0099534": [],
      "GO:0099626": [],
      "GO:0099507": [
        "HGNC:4081"
      ],
      "GO:0099508": [
        "HGNC:6234"
      ],
      "GO:0150047": [
        "HGNC:4070",
        "HGNC:4081"
      ],
      "GO:0140232": [],
      "GO:0098693": [
        "HGNC:9778"
      ],
      "GO:0097091": [],
      "GO:0099532": [],
      "GO:0016079": [
        "HGNC:11132",
        "HGNC:12643",
        "HGNC:23149"
      ],
      "GO:0098700": [
        "HGNC:4141"
      ],
      "GO:0099180": [],
      "GO:0097401": [
        "HGNC:851"
      ],
      "GO:0048488": [
        "HGNC:9767",
        "HGNC:29125",
        "HGNC:471",
        "HGNC:144"
      ],
      "GO:0099161": [],
      "GO:0051580": [],
      "GO:0099526": [],
      "GO:1905059": [],
      "GO:0099567": [],
      "GO:1905060": [],
      "GO:0098695": [],
      "GO:0099583": [],
      "GO:0140233": [
        "HGNC:4070"
      ],
      "GO:1904315": [
        "HGNC:4081"
      ],
      "GO:1905030": [],
      "GO:0099645": [
        "HGNC:8010",
        "HGNC:30200",
        "HGNC:18957"
      ],
      "GO:0098967": [
        "HGNC:12643"
      ],
      "GO:0098970": [],
      "GO:0098884": [
        "HGNC:7997",
        "HGNC:25552"
      ],
      "GO:0150044": [],
      "GO:0099527": [
        "HGNC:7997"
      ],
      "GO:0099541": [],
      "GO:0099540": [],
      "GO:0099543": [],
      "GO:0099545": [
        "HGNC:5951"
      ],
      "GO:0099157": [],
      "GO:0099183": [],
      "GO:0099550": [
        "HGNC:8010"
      ],
      "GO:0007268": [
        "HGNC:1750",
        "HGNC:9630",
        "HGNC:578",
        "HGNC:8010",
        "HGNC:5293",
        "HGNC:1951",
        "HGNC:6277",
        "HGNC:2701"
      ],
      "GO:0150045": [],
      "GO:0099174": [],
      "GO:0099175": [],
      "GO:0099084": [],
      "GO:0099010": [],
      "GO:0099564": [],
      "GO:1905244": [],
      "GO:0099181": [],
      "GO:0099186": [
        "HGNC:29125",
        "HGNC:144",
        "HGNC:18957",
        "HGNC:2516"
      ],
      "GO:0099179": [
        "HGNC:18957"
      ],
      "GO:0099054": [
        "HGNC:2175",
        "HGNC:5951"
      ],
      "GO:0051963": [
        "HGNC:3313",
        "HGNC:7997",
        "HGNC:4576",
        "HGNC:2714",
        "HGNC:6836",
        "HGNC:5299"
      ],
      "GO:0098698": [
        "HGNC:8010",
        "HGNC:4576"
      ],
      "GO:0097104": [],
      "GO:1905806": [],
      "GO:0090128": [],
      "GO:0099559": [
        "HGNC:8117"
      ],
      "GO:0098880": [
        "HGNC:5951"
      ],
      "GO:0099140": [],
      "GO:0098974": [],
      "GO:0099190": [
        "HGNC:8117"
      ],
      "SYNGO:presyn_regulationATPmetabolic": [],
      "GO:0099576": [],
      "GO:0099575": [],
      "GO:0099578": [],
      "GO:0099577": [],
      "GO:0140247": [],
      "GO:0140249": [],
      "GO:0140236": [],
      "GO:0140242": [],
      "GO:0098930": [],
      "GO:0098935": [],
      "GO:0099517": [],
      "GO:0099158": [],
      "GO:0098968": [],
      "GO:0098877": [],
      "GO:0098943": [],
      "GO:0016182": [],
      "GO:0016189": [],
      "GO:0099502": [],
      "GO:2000300": [],
      "GO:0016081": [
        "HGNC:12643"
      ],
      "GO:0031629": [],
      "GO:0016082": [],
      "GO:0099162": [
        "HGNC:4141"
      ],
      "GO:1901546": [],
      "GO:1900242": [
        "HGNC:144"
      ],
      "GO:0016185": [],
      "GO:0016191": [],
      "GO:0098872": [],
      "GO:0099579": [
        "HGNC:4070"
      ],
      "GO:0098696": [
        "HGNC:18957"
      ],
      "GO:0099145": [],
      "GO:0150054": [],
      "GO:0099149": [
        "HGNC:7997",
        "HGNC:25552"
      ],
      "GO:1905539": [],
      "GO:0099542": [],
      "GO:0099548": [],
      "GO:0098942": [
        "HGNC:5951"
      ],
      "GO:0099557": [],
      "GO:0150035": [],
      "GO:0050804": [
        "HGNC:1750",
        "HGNC:9630"
      ],
      "GO:0099531": [
        "HGNC:578",
        "HGNC:8010",
        "HGNC:5293",
        "HGNC:1951"
      ],
      "GO:0099565": [
        "HGNC:6277",
        "HGNC:2701"
      ],
      "GO:0099159": [],
      "GO:0098885": [],
      "GO:0098987": [],
      "GO:0098882": [],
      "GO:0098699": [],
      "GO:0098973": [
        "HGNC:144"
      ],
      "GO:0099184": [],
      "GO:0098879": [
        "HGNC:18957"
      ],
      "GO:0098919": [
        "HGNC:18957",
        "HGNC:2516"
      ],
      "GO:1905606": [
        "HGNC:7997",
        "HGNC:4576"
      ],
      "GO:0150052": [
        "HGNC:2714",
        "HGNC:6836",
        "HGNC:5299"
      ],
      "GO:0099150": [],
      "GO:0097107": [
        "HGNC:8010",
        "HGNC:4576"
      ],
      "GO:0099562": [],
      "GO:0140251": [],
      "GO:0140252": [],
      "GO:0140245": [],
      "GO:0008089": [],
      "GO:0099088": [],
      "GO:0098937": [],
      "GO:0098939": [],
      "GO:0098961": [],
      "GO:0098934": [],
      "GO:0048490": [],
      "GO:0098969": [],
      "GO:0099639": [],
      "GO:0150037": [],
      "GO:0099148": [],
      "GO:0031630": [],
      "GO:0010807": [],
      "GO:0098694": [],
      "GO:0098921": [],
      "GO:0099553": [],
      "GO:0099555": [],
      "GO:0099171": [
        "HGNC:578",
        "HGNC:8010",
        "HGNC:5293",
        "HGNC:1951"
      ],
      "GO:0099170": [
        "HGNC:2701"
      ],
      "GO:1905274": [],
      "GO:0099151": [
        "HGNC:4576"
      ],
      "GO:0099641": [],
      "GO:0140231": [],
      "GO:0098971": [],
      "GO:0098963": [],
      "GO:1903742": [],
      "GO:0098887": [],
      "GO:0099178": [],
      "GO:0150036": [],
      "GO:0098925": [],
      "GO:0098964": [],
      "GO:0099152": []
    },
    "hgnc_symbol": {
      "SYNGO:synprocess": [
        "GABRB1",
        "KCNC2",
        "GABBR1",
        "RAB3B",
        "SNAP25",
        "VAMP2",
        "UNC13C",
        "GAPDH",
        "ATP6V1A",
        "RAB27B",
        "DNM3",
        "AMPH",
        "ACTG1",
        "SLC1A2",
        "NRXN3",
        "CTNND2",
        "HSP90AA1",
        "GRID2",
        "VWC2",
        "MAGI2",
        "NRG1",
        "RNF220",
        "CADM1",
        "CDH11",
        "PTN",
        "APBA1",
        "HTR2A",
        "CHRM2",
        "KCNK2",
        "DCC",
        "ADGRL2",
        "PTPRT",
        "CDH6",
        "CNTN5",
        "ELAVL2",
        "DCX",
        "MAP1B",
        "HTR4",
        "ROBO2",
        "TENM1"
      ],
      "SYNGO:presynprocess": [
        "GABRB1",
        "KCNC2",
        "GABBR1",
        "RAB3B",
        "SNAP25",
        "VAMP2",
        "UNC13C",
        "GAPDH",
        "ATP6V1A",
        "RAB27B",
        "DNM3",
        "AMPH",
        "ACTG1",
        "SLC1A2"
      ],
      "SYNGO:postsynprocess": [
        "GABBR1",
        "GABRB1",
        "NRXN3",
        "CTNND2",
        "HSP90AA1",
        "GRID2",
        "VWC2",
        "MAGI2",
        "VAMP2",
        "NRG1",
        "RNF220"
      ],
      "GO:0099536": [
        "NRXN3",
        "CADM1",
        "CDH11",
        "PTN",
        "APBA1",
        "HTR2A",
        "CHRM2",
        "KCNK2",
        "DCC"
      ],
      "GO:0050808": [
        "ADGRL2",
        "PTPRT",
        "DNM3",
        "ACTG1",
        "MAGI2",
        "CTNND2",
        "CADM1",
        "NRG1",
        "CDH6",
        "CNTN5",
        "ELAVL2",
        "GRID2",
        "DCX",
        "MAP1B",
        "HTR4",
        "NRXN3",
        "ROBO2",
        "TENM1"
      ],
      "SYNGO:metabolism": [
        "GAPDH"
      ],
      "SYNGO:transport": [],
      "GO:0099509": [],
      "GO:0099505": [
        "GABRB1",
        "KCNC2",
        "GABBR1"
      ],
      "GO:0140238": [],
      "GO:0099504": [
        "RAB3B",
        "SNAP25",
        "VAMP2",
        "UNC13C",
        "GAPDH",
        "ATP6V1A",
        "RAB27B",
        "DNM3",
        "AMPH",
        "ACTG1"
      ],
      "GO:0099525": [
        "SNAP25",
        "DNM3"
      ],
      "GO:0001504": [],
      "GO:0098810": [
        "SLC1A2"
      ],
      "SYNGO:presyn_chaperoneProteinFolding": [],
      "GO:0098928": [],
      "GO:0099566": [],
      "GO:0060078": [
        "GABBR1",
        "GABRB1"
      ],
      "GO:0098962": [],
      "GO:0099072": [
        "NRXN3",
        "CTNND2",
        "HSP90AA1",
        "GRID2",
        "VWC2",
        "MAGI2",
        "VAMP2",
        "NRG1",
        "RNF220"
      ],
      "GO:0140239": [],
      "GO:0150038": [],
      "GO:0098926": [
        "NRG1"
      ],
      "GO:0099537": [
        "NRXN3",
        "CADM1",
        "CDH11",
        "PTN",
        "APBA1",
        "HTR2A",
        "CHRM2",
        "KCNK2",
        "DCC"
      ],
      "GO:0099538": [],
      "GO:0099163": [],
      "GO:0099172": [],
      "GO:0099173": [],
      "GO:0099563": [],
      "GO:0050807": [
        "PTPRT"
      ],
      "GO:0098918": [
        "DNM3",
        "ACTG1",
        "MAGI2",
        "CTNND2"
      ],
      "GO:0150043": [],
      "GO:0099560": [
        "CADM1",
        "NRG1",
        "CDH6",
        "MAGI2"
      ],
      "GO:0008039": [],
      "GO:0007416": [
        "CADM1",
        "CNTN5",
        "ELAVL2",
        "NRG1",
        "GRID2",
        "DCX",
        "MAP1B",
        "HTR4",
        "NRXN3"
      ],
      "GO:0098883": [],
      "GO:0060074": [
        "ROBO2"
      ],
      "GO:0099558": [
        "TENM1",
        "CADM1"
      ],
      "GO:0099187": [],
      "GO:0099188": [
        "TENM1"
      ],
      "SYNGO:presyn_ATPmetabolic": [],
      "SYNGO:postsyn_ATPmetabolic": [
        "GAPDH"
      ],
      "GO:0099546": [],
      "GO:0099574": [],
      "GO:0099547": [],
      "GO:0042135": [],
      "GO:0140246": [],
      "GO:0042136": [],
      "GO:0140241": [],
      "GO:0140235": [],
      "GO:0008088": [],
      "GO:0099514": [],
      "GO:0099090": [],
      "GO:0099089": [],
      "GO:0099637": [],
      "GO:1905056": [],
      "GO:0099534": [],
      "GO:0099626": [],
      "GO:0099507": [
        "GABRB1"
      ],
      "GO:0099508": [
        "KCNC2"
      ],
      "GO:0150047": [
        "GABBR1",
        "GABRB1"
      ],
      "GO:0140232": [],
      "GO:0098693": [
        "RAB3B"
      ],
      "GO:0097091": [],
      "GO:0099532": [],
      "GO:0016079": [
        "SNAP25",
        "VAMP2",
        "UNC13C"
      ],
      "GO:0098700": [
        "GAPDH"
      ],
      "GO:0099180": [],
      "GO:0097401": [
        "ATP6V1A"
      ],
      "GO:0048488": [
        "RAB27B",
        "DNM3",
        "AMPH",
        "ACTG1"
      ],
      "GO:0099161": [],
      "GO:0051580": [],
      "GO:0099526": [],
      "GO:1905059": [],
      "GO:0099567": [],
      "GO:1905060": [],
      "GO:0098695": [],
      "GO:0099583": [],
      "GO:0140233": [
        "GABBR1"
      ],
      "GO:1904315": [
        "GABRB1"
      ],
      "GO:1905030": [],
      "GO:0099645": [
        "NRXN3",
        "VWC2",
        "MAGI2"
      ],
      "GO:0098967": [
        "VAMP2"
      ],
      "GO:0098970": [],
      "GO:0098884": [
        "NRG1",
        "RNF220"
      ],
      "GO:0150044": [],
      "GO:0099527": [
        "NRG1"
      ],
      "GO:0099541": [],
      "GO:0099540": [],
      "GO:0099543": [],
      "GO:0099545": [
        "CADM1"
      ],
      "GO:0099157": [],
      "GO:0099183": [],
      "GO:0099550": [
        "NRXN3"
      ],
      "GO:0007268": [
        "CDH11",
        "PTN",
        "APBA1",
        "NRXN3",
        "HTR2A",
        "CHRM2",
        "KCNK2",
        "DCC"
      ],
      "GO:0150045": [],
      "GO:0099174": [],
      "GO:0099175": [],
      "GO:0099084": [],
      "GO:0099010": [],
      "GO:0099564": [],
      "GO:1905244": [],
      "GO:0099181": [],
      "GO:0099186": [
        "DNM3",
        "ACTG1",
        "MAGI2",
        "CTNND2"
      ],
      "GO:0099179": [
        "MAGI2"
      ],
      "GO:0099054": [
        "CNTN5",
        "CADM1"
      ],
      "GO:0051963": [
        "ELAVL2",
        "NRG1",
        "GRID2",
        "DCX",
        "MAP1B",
        "HTR4"
      ],
      "GO:0098698": [
        "NRXN3",
        "GRID2"
      ],
      "GO:0097104": [],
      "GO:1905806": [],
      "GO:0090128": [],
      "GO:0099559": [
        "TENM1"
      ],
      "GO:0098880": [
        "CADM1"
      ],
      "GO:0099140": [],
      "GO:0098974": [],
      "GO:0099190": [
        "TENM1"
      ],
      "SYNGO:presyn_regulationATPmetabolic": [],
      "GO:0099576": [],
      "GO:0099575": [],
      "GO:0099578": [],
      "GO:0099577": [],
      "GO:0140247": [],
      "GO:0140249": [],
      "GO:0140236": [],
      "GO:0140242": [],
      "GO:0098930": [],
      "GO:0098935": [],
      "GO:0099517": [],
      "GO:0099158": [],
      "GO:0098968": [],
      "GO:0098877": [],
      "GO:0098943": [],
      "GO:0016182": [],
      "GO:0016189": [],
      "GO:0099502": [],
      "GO:2000300": [],
      "GO:0016081": [
        "VAMP2"
      ],
      "GO:0031629": [],
      "GO:0016082": [],
      "GO:0099162": [
        "GAPDH"
      ],
      "GO:1901546": [],
      "GO:1900242": [
        "ACTG1"
      ],
      "GO:0016185": [],
      "GO:0016191": [],
      "GO:0098872": [],
      "GO:0099579": [
        "GABBR1"
      ],
      "GO:0098696": [
        "MAGI2"
      ],
      "GO:0099145": [],
      "GO:0150054": [],
      "GO:0099149": [
        "NRG1",
        "RNF220"
      ],
      "GO:1905539": [],
      "GO:0099542": [],
      "GO:0099548": [],
      "GO:0098942": [
        "CADM1"
      ],
      "GO:0099557": [],
      "GO:0150035": [],
      "GO:0050804": [
        "CDH11",
        "PTN"
      ],
      "GO:0099531": [
        "APBA1",
        "NRXN3",
        "HTR2A",
        "CHRM2"
      ],
      "GO:0099565": [
        "KCNK2",
        "DCC"
      ],
      "GO:0099159": [],
      "GO:0098885": [],
      "GO:0098987": [],
      "GO:0098882": [],
      "GO:0098699": [],
      "GO:0098973": [
        "ACTG1"
      ],
      "GO:0099184": [],
      "GO:0098879": [
        "MAGI2"
      ],
      "GO:0098919": [
        "MAGI2",
        "CTNND2"
      ],
      "GO:1905606": [
        "NRG1",
        "GRID2"
      ],
      "GO:0150052": [
        "DCX",
        "MAP1B",
        "HTR4"
      ],
      "GO:0099150": [],
      "GO:0097107": [
        "NRXN3",
        "GRID2"
      ],
      "GO:0099562": [],
      "GO:0140251": [],
      "GO:0140252": [],
      "GO:0140245": [],
      "GO:0008089": [],
      "GO:0099088": [],
      "GO:0098937": [],
      "GO:0098939": [],
      "GO:0098961": [],
      "GO:0098934": [],
      "GO:0048490": [],
      "GO:0098969": [],
      "GO:0099639": [],
      "GO:0150037": [],
      "GO:0099148": [],
      "GO:0031630": [],
      "GO:0010807": [],
      "GO:0098694": [],
      "GO:0098921": [],
      "GO:0099553": [],
      "GO:0099555": [],
      "GO:0099171": [
        "APBA1",
        "NRXN3",
        "HTR2A",
        "CHRM2"
      ],
      "GO:0099170": [
        "DCC"
      ],
      "GO:1905274": [],
      "GO:0099151": [
        "GRID2"
      ],
      "GO:0099641": [],
      "GO:0140231": [],
      "GO:0098971": [],
      "GO:0098963": [],
      "GO:1903742": [],
      "GO:0098887": [],
      "GO:0099178": [],
      "GO:0150036": [],
      "GO:0098925": [],
      "GO:0098964": [],
      "GO:0099152": []
    },
    "ensembl_id": {
      "SYNGO:synprocess": [
        "ENSG00000163288",
        "ENSG00000166006",
        "ENSG00000204681",
        "ENSG00000169213",
        "ENSG00000132639",
        "ENSG00000220205",
        "ENSG00000137766",
        "ENSG00000111640",
        "ENSG00000114573",
        "ENSG00000041353",
        "ENSG00000197959",
        "ENSG00000078053",
        "ENSG00000184009",
        "ENSG00000110436",
        "ENSG00000021645",
        "ENSG00000169862",
        "ENSG00000080824",
        "ENSG00000152208",
        "ENSG00000188730",
        "ENSG00000187391",
        "ENSG00000157168",
        "ENSG00000187147",
        "ENSG00000182985",
        "ENSG00000140937",
        "ENSG00000105894",
        "ENSG00000107282",
        "ENSG00000102468",
        "ENSG00000181072",
        "ENSG00000082482",
        "ENSG00000187323",
        "ENSG00000117114",
        "ENSG00000196090",
        "ENSG00000113361",
        "ENSG00000149972",
        "ENSG00000107105",
        "ENSG00000077279",
        "ENSG00000131711",
        "ENSG00000164270",
        "ENSG00000185008",
        "ENSG00000009694"
      ],
      "SYNGO:presynprocess": [
        "ENSG00000163288",
        "ENSG00000166006",
        "ENSG00000204681",
        "ENSG00000169213",
        "ENSG00000132639",
        "ENSG00000220205",
        "ENSG00000137766",
        "ENSG00000111640",
        "ENSG00000114573",
        "ENSG00000041353",
        "ENSG00000197959",
        "ENSG00000078053",
        "ENSG00000184009",
        "ENSG00000110436"
      ],
      "SYNGO:postsynprocess": [
        "ENSG00000204681",
        "ENSG00000163288",
        "ENSG00000021645",
        "ENSG00000169862",
        "ENSG00000080824",
        "ENSG00000152208",
        "ENSG00000188730",
        "ENSG00000187391",
        "ENSG00000220205",
        "ENSG00000157168",
        "ENSG00000187147"
      ],
      "GO:0099536": [
        "ENSG00000021645",
        "ENSG00000182985",
        "ENSG00000140937",
        "ENSG00000105894",
        "ENSG00000107282",
        "ENSG00000102468",
        "ENSG00000181072",
        "ENSG00000082482",
        "ENSG00000187323"
      ],
      "GO:0050808": [
        "ENSG00000117114",
        "ENSG00000196090",
        "ENSG00000197959",
        "ENSG00000184009",
        "ENSG00000187391",
        "ENSG00000169862",
        "ENSG00000182985",
        "ENSG00000157168",
        "ENSG00000113361",
        "ENSG00000149972",
        "ENSG00000107105",
        "ENSG00000152208",
        "ENSG00000077279",
        "ENSG00000131711",
        "ENSG00000164270",
        "ENSG00000021645",
        "ENSG00000185008",
        "ENSG00000009694"
      ],
      "SYNGO:metabolism": [
        "ENSG00000111640"
      ],
      "SYNGO:transport": [],
      "GO:0099509": [],
      "GO:0099505": [
        "ENSG00000163288",
        "ENSG00000166006",
        "ENSG00000204681"
      ],
      "GO:0140238": [],
      "GO:0099504": [
        "ENSG00000169213",
        "ENSG00000132639",
        "ENSG00000220205",
        "ENSG00000137766",
        "ENSG00000111640",
        "ENSG00000114573",
        "ENSG00000041353",
        "ENSG00000197959",
        "ENSG00000078053",
        "ENSG00000184009"
      ],
      "GO:0099525": [
        "ENSG00000132639",
        "ENSG00000197959"
      ],
      "GO:0001504": [],
      "GO:0098810": [
        "ENSG00000110436"
      ],
      "SYNGO:presyn_chaperoneProteinFolding": [],
      "GO:0098928": [],
      "GO:0099566": [],
      "GO:0060078": [
        "ENSG00000204681",
        "ENSG00000163288"
      ],
      "GO:0098962": [],
      "GO:0099072": [
        "ENSG00000021645",
        "ENSG00000169862",
        "ENSG00000080824",
        "ENSG00000152208",
        "ENSG00000188730",
        "ENSG00000187391",
        "ENSG00000220205",
        "ENSG00000157168",
        "ENSG00000187147"
      ],
      "GO:0140239": [],
      "GO:0150038": [],
      "GO:0098926": [
        "ENSG00000157168"
      ],
      "GO:0099537": [
        "ENSG00000021645",
        "ENSG00000182985",
        "ENSG00000140937",
        "ENSG00000105894",
        "ENSG00000107282",
        "ENSG00000102468",
        "ENSG00000181072",
        "ENSG00000082482",
        "ENSG00000187323"
      ],
      "GO:0099538": [],
      "GO:0099163": [],
      "GO:0099172": [],
      "GO:0099173": [],
      "GO:0099563": [],
      "GO:0050807": [
        "ENSG00000196090"
      ],
      "GO:0098918": [
        "ENSG00000197959",
        "ENSG00000184009",
        "ENSG00000187391",
        "ENSG00000169862"
      ],
      "GO:0150043": [],
      "GO:0099560": [
        "ENSG00000182985",
        "ENSG00000157168",
        "ENSG00000113361",
        "ENSG00000187391"
      ],
      "GO:0008039": [],
      "GO:0007416": [
        "ENSG00000182985",
        "ENSG00000149972",
        "ENSG00000107105",
        "ENSG00000157168",
        "ENSG00000152208",
        "ENSG00000077279",
        "ENSG00000131711",
        "ENSG00000164270",
        "ENSG00000021645"
      ],
      "GO:0098883": [],
      "GO:0060074": [
        "ENSG00000185008"
      ],
      "GO:0099558": [
        "ENSG00000009694",
        "ENSG00000182985"
      ],
      "GO:0099187": [],
      "GO:0099188": [
        "ENSG00000009694"
      ],
      "SYNGO:presyn_ATPmetabolic": [],
      "SYNGO:postsyn_ATPmetabolic": [
        "ENSG00000111640"
      ],
      "GO:0099546": [],
      "GO:0099574": [],
      "GO:0099547": [],
      "GO:0042135": [],
      "GO:0140246": [],
      "GO:0042136": [],
      "GO:0140241": [],
      "GO:0140235": [],
      "GO:0008088": [],
      "GO:0099514": [],
      "GO:0099090": [],
      "GO:0099089": [],
      "GO:0099637": [],
      "GO:1905056": [],
      "GO:0099534": [],
      "GO:0099626": [],
      "GO:0099507": [
        "ENSG00000163288"
      ],
      "GO:0099508": [
        "ENSG00000166006"
      ],
      "GO:0150047": [
        "ENSG00000204681",
        "ENSG00000163288"
      ],
      "GO:0140232": [],
      "GO:0098693": [
        "ENSG00000169213"
      ],
      "GO:0097091": [],
      "GO:0099532": [],
      "GO:0016079": [
        "ENSG00000132639",
        "ENSG00000220205",
        "ENSG00000137766"
      ],
      "GO:0098700": [
        "ENSG00000111640"
      ],
      "GO:0099180": [],
      "GO:0097401": [
        "ENSG00000114573"
      ],
      "GO:0048488": [
        "ENSG00000041353",
        "ENSG00000197959",
        "ENSG00000078053",
        "ENSG00000184009"
      ],
      "GO:0099161": [],
      "GO:0051580": [],
      "GO:0099526": [],
      "GO:1905059": [],
      "GO:0099567": [],
      "GO:1905060": [],
      "GO:0098695": [],
      "GO:0099583": [],
      "GO:0140233": [
        "ENSG00000204681"
      ],
      "GO:1904315": [
        "ENSG00000163288"
      ],
      "GO:1905030": [],
      "GO:0099645": [
        "ENSG00000021645",
        "ENSG00000188730",
        "ENSG00000187391"
      ],
      "GO:0098967": [
        "ENSG00000220205"
      ],
      "GO:0098970": [],
      "GO:0098884": [
        "ENSG00000157168",
        "ENSG00000187147"
      ],
      "GO:0150044": [],
      "GO:0099527": [
        "ENSG00000157168"
      ],
      "GO:0099541": [],
      "GO:0099540": [],
      "GO:0099543": [],
      "GO:0099545": [
        "ENSG00000182985"
      ],
      "GO:0099157": [],
      "GO:0099183": [],
      "GO:0099550": [
        "ENSG00000021645"
      ],
      "GO:0007268": [
        "ENSG00000140937",
        "ENSG00000105894",
        "ENSG00000107282",
        "ENSG00000021645",
        "ENSG00000102468",
        "ENSG00000181072",
        "ENSG00000082482",
        "ENSG00000187323"
      ],
      "GO:0150045": [],
      "GO:0099174": [],
      "GO:0099175": [],
      "GO:0099084": [],
      "GO:0099010": [],
      "GO:0099564": [],
      "GO:1905244": [],
      "GO:0099181": [],
      "GO:0099186": [
        "ENSG00000197959",
        "ENSG00000184009",
        "ENSG00000187391",
        "ENSG00000169862"
      ],
      "GO:0099179": [
        "ENSG00000187391"
      ],
      "GO:0099054": [
        "ENSG00000149972",
        "ENSG00000182985"
      ],
      "GO:0051963": [
        "ENSG00000107105",
        "ENSG00000157168",
        "ENSG00000152208",
        "ENSG00000077279",
        "ENSG00000131711",
        "ENSG00000164270"
      ],
      "GO:0098698": [
        "ENSG00000021645",
        "ENSG00000152208"
      ],
      "GO:0097104": [],
      "GO:1905806": [],
      "GO:0090128": [],
      "GO:0099559": [
        "ENSG00000009694"
      ],
      "GO:0098880": [
        "ENSG00000182985"
      ],
      "GO:0099140": [],
      "GO:0098974": [],
      "GO:0099190": [
        "ENSG00000009694"
      ],
      "SYNGO:presyn_regulationATPmetabolic": [],
      "GO:0099576": [],
      "GO:0099575": [],
      "GO:0099578": [],
      "GO:0099577": [],
      "GO:0140247": [],
      "GO:0140249": [],
      "GO:0140236": [],
      "GO:0140242": [],
      "GO:0098930": [],
      "GO:0098935": [],
      "GO:0099517": [],
      "GO:0099158": [],
      "GO:0098968": [],
      "GO:0098877": [],
      "GO:0098943": [],
      "GO:0016182": [],
      "GO:0016189": [],
      "GO:0099502": [],
      "GO:2000300": [],
      "GO:0016081": [
        "ENSG00000220205"
      ],
      "GO:0031629": [],
      "GO:0016082": [],
      "GO:0099162": [
        "ENSG00000111640"
      ],
      "GO:1901546": [],
      "GO:1900242": [
        "ENSG00000184009"
      ],
      "GO:0016185": [],
      "GO:0016191": [],
      "GO:0098872": [],
      "GO:0099579": [
        "ENSG00000204681"
      ],
      "GO:0098696": [
        "ENSG00000187391"
      ],
      "GO:0099145": [],
      "GO:0150054": [],
      "GO:0099149": [
        "ENSG00000157168",
        "ENSG00000187147"
      ],
      "GO:1905539": [],
      "GO:0099542": [],
      "GO:0099548": [],
      "GO:0098942": [
        "ENSG00000182985"
      ],
      "GO:0099557": [],
      "GO:0150035": [],
      "GO:0050804": [
        "ENSG00000140937",
        "ENSG00000105894"
      ],
      "GO:0099531": [
        "ENSG00000107282",
        "ENSG00000021645",
        "ENSG00000102468",
        "ENSG00000181072"
      ],
      "GO:0099565": [
        "ENSG00000082482",
        "ENSG00000187323"
      ],
      "GO:0099159": [],
      "GO:0098885": [],
      "GO:0098987": [],
      "GO:0098882": [],
      "GO:0098699": [],
      "GO:0098973": [
        "ENSG00000184009"
      ],
      "GO:0099184": [],
      "GO:0098879": [
        "ENSG00000187391"
      ],
      "GO:0098919": [
        "ENSG00000187391",
        "ENSG00000169862"
      ],
      "GO:1905606": [
        "ENSG00000157168",
        "ENSG00000152208"
      ],
      "GO:0150052": [
        "ENSG00000077279",
        "ENSG00000131711",
        "ENSG00000164270"
      ],
      "GO:0099150": [],
      "GO:0097107": [
        "ENSG00000021645",
        "ENSG00000152208"
      ],
      "GO:0099562": [],
      "GO:0140251": [],
      "GO:0140252": [],
      "GO:0140245": [],
      "GO:0008089": [],
      "GO:0099088": [],
      "GO:0098937": [],
      "GO:0098939": [],
      "GO:0098961": [],
      "GO:0098934": [],
      "GO:0048490": [],
      "GO:0098969": [],
      "GO:0099639": [],
      "GO:0150037": [],
      "GO:0099148": [],
      "GO:0031630": [],
      "GO:0010807": [],
      "GO:0098694": [],
      "GO:0098921": [],
      "GO:0099553": [],
      "GO:0099555": [],
      "GO:0099171": [
        "ENSG00000107282",
        "ENSG00000021645",
        "ENSG00000102468",
        "ENSG00000181072"
      ],
      "GO:0099170": [
        "ENSG00000187323"
      ],
      "GO:1905274": [],
      "GO:0099151": [
        "ENSG00000152208"
      ],
      "GO:0099641": [],
      "GO:0140231": [],
      "GO:0098971": [],
      "GO:0098963": [],
      "GO:1903742": [],
      "GO:0098887": [],
      "GO:0099178": [],
      "GO:0150036": [],
      "GO:0098925": [],
      "GO:0098964": [],
      "GO:0099152": []
    },
    "entrez_id": {
      "SYNGO:synprocess": [
        "2560",
        "3747",
        "2550",
        "5865",
        "6616",
        "6844",
        "440279",
        "2597",
        "523",
        "5874",
        "26052",
        "273",
        "71",
        "6506",
        "9369",
        "1501",
        "3320",
        "2895",
        "375567",
        "9863",
        "3084",
        "55182",
        "23705",
        "1009",
        "5764",
        "320",
        "3356",
        "1129",
        "3776",
        "1630",
        "23266",
        "11122",
        "1004",
        "53942",
        "1993",
        "1641",
        "4131",
        "3360",
        "6092",
        "10178"
      ],
      "SYNGO:presynprocess": [
        "2560",
        "3747",
        "2550",
        "5865",
        "6616",
        "6844",
        "440279",
        "2597",
        "523",
        "5874",
        "26052",
        "273",
        "71",
        "6506"
      ],
      "SYNGO:postsynprocess": [
        "2550",
        "2560",
        "9369",
        "1501",
        "3320",
        "2895",
        "375567",
        "9863",
        "6844",
        "3084",
        "55182"
      ],
      "GO:0099536": [
        "9369",
        "23705",
        "1009",
        "5764",
        "320",
        "3356",
        "1129",
        "3776",
        "1630"
      ],
      "GO:0050808": [
        "23266",
        "11122",
        "26052",
        "71",
        "9863",
        "1501",
        "23705",
        "3084",
        "1004",
        "53942",
        "1993",
        "2895",
        "1641",
        "4131",
        "3360",
        "9369",
        "6092",
        "10178"
      ],
      "SYNGO:metabolism": [
        "2597"
      ],
      "SYNGO:transport": [],
      "GO:0099509": [],
      "GO:0099505": [
        "2560",
        "3747",
        "2550"
      ],
      "GO:0140238": [],
      "GO:0099504": [
        "5865",
        "6616",
        "6844",
        "440279",
        "2597",
        "523",
        "5874",
        "26052",
        "273",
        "71"
      ],
      "GO:0099525": [
        "6616",
        "26052"
      ],
      "GO:0001504": [],
      "GO:0098810": [
        "6506"
      ],
      "SYNGO:presyn_chaperoneProteinFolding": [],
      "GO:0098928": [],
      "GO:0099566": [],
      "GO:0060078": [
        "2550",
        "2560"
      ],
      "GO:0098962": [],
      "GO:0099072": [
        "9369",
        "1501",
        "3320",
        "2895",
        "375567",
        "9863",
        "6844",
        "3084",
        "55182"
      ],
      "GO:0140239": [],
      "GO:0150038": [],
      "GO:0098926": [
        "3084"
      ],
      "GO:0099537": [
        "9369",
        "23705",
        "1009",
        "5764",
        "320",
        "3356",
        "1129",
        "3776",
        "1630"
      ],
      "GO:0099538": [],
      "GO:0099163": [],
      "GO:0099172": [],
      "GO:0099173": [],
      "GO:0099563": [],
      "GO:0050807": [
        "11122"
      ],
      "GO:0098918": [
        "26052",
        "71",
        "9863",
        "1501"
      ],
      "GO:0150043": [],
      "GO:0099560": [
        "23705",
        "3084",
        "1004",
        "9863"
      ],
      "GO:0008039": [],
      "GO:0007416": [
        "23705",
        "53942",
        "1993",
        "3084",
        "2895",
        "1641",
        "4131",
        "3360",
        "9369"
      ],
      "GO:0098883": [],
      "GO:0060074": [
        "6092"
      ],
      "GO:0099558": [
        "10178",
        "23705"
      ],
      "GO:0099187": [],
      "GO:0099188": [
        "10178"
      ],
      "SYNGO:presyn_ATPmetabolic": [],
      "SYNGO:postsyn_ATPmetabolic": [
        "2597"
      ],
      "GO:0099546": [],
      "GO:0099574": [],
      "GO:0099547": [],
      "GO:0042135": [],
      "GO:0140246": [],
      "GO:0042136": [],
      "GO:0140241": [],
      "GO:0140235": [],
      "GO:0008088": [],
      "GO:0099514": [],
      "GO:0099090": [],
      "GO:0099089": [],
      "GO:0099637": [],
      "GO:1905056": [],
      "GO:0099534": [],
      "GO:0099626": [],
      "GO:0099507": [
        "2560"
      ],
      "GO:0099508": [
        "3747"
      ],
      "GO:0150047": [
        "2550",
        "2560"
      ],
      "GO:0140232": [],
      "GO:0098693": [
        "5865"
      ],
      "GO:0097091": [],
      "GO:0099532": [],
      "GO:0016079": [
        "6616",
        "6844",
        "440279"
      ],
      "GO:0098700": [
        "2597"
      ],
      "GO:0099180": [],
      "GO:0097401": [
        "523"
      ],
      "GO:0048488": [
        "5874",
        "26052",
        "273",
        "71"
      ],
      "GO:0099161": [],
      "GO:0051580": [],
      "GO:0099526": [],
      "GO:1905059": [],
      "GO:0099567": [],
      "GO:1905060": [],
      "GO:0098695": [],
      "GO:0099583": [],
      "GO:0140233": [
        "2550"
      ],
      "GO:1904315": [
        "2560"
      ],
      "GO:1905030": [],
      "GO:0099645": [
        "9369",
        "375567",
        "9863"
      ],
      "GO:0098967": [
        "6844"
      ],
      "GO:0098970": [],
      "GO:0098884": [
        "3084",
        "55182"
      ],
      "GO:0150044": [],
      "GO:0099527": [
        "3084"
      ],
      "GO:0099541": [],
      "GO:0099540": [],
      "GO:0099543": [],
      "GO:0099545": [
        "23705"
      ],
      "GO:0099157": [],
      "GO:0099183": [],
      "GO:0099550": [
        "9369"
      ],
      "GO:0007268": [
        "1009",
        "5764",
        "320",
        "9369",
        "3356",
        "1129",
        "3776",
        "1630"
      ],
      "GO:0150045": [],
      "GO:0099174": [],
      "GO:0099175": [],
      "GO:0099084": [],
      "GO:0099010": [],
      "GO:0099564": [],
      "GO:1905244": [],
      "GO:0099181": [],
      "GO:0099186": [
        "26052",
        "71",
        "9863",
        "1501"
      ],
      "GO:0099179": [
        "9863"
      ],
      "GO:0099054": [
        "53942",
        "23705"
      ],
      "GO:0051963": [
        "1993",
        "3084",
        "2895",
        "1641",
        "4131",
        "3360"
      ],
      "GO:0098698": [
        "9369",
        "2895"
      ],
      "GO:0097104": [],
      "GO:1905806": [],
      "GO:0090128": [],
      "GO:0099559": [
        "10178"
      ],
      "GO:0098880": [
        "23705"
      ],
      "GO:0099140": [],
      "GO:0098974": [],
      "GO:0099190": [
        "10178"
      ],
      "SYNGO:presyn_regulationATPmetabolic": [],
      "GO:0099576": [],
      "GO:0099575": [],
      "GO:0099578": [],
      "GO:0099577": [],
      "GO:0140247": [],
      "GO:0140249": [],
      "GO:0140236": [],
      "GO:0140242": [],
      "GO:0098930": [],
      "GO:0098935": [],
      "GO:0099517": [],
      "GO:0099158": [],
      "GO:0098968": [],
      "GO:0098877": [],
      "GO:0098943": [],
      "GO:0016182": [],
      "GO:0016189": [],
      "GO:0099502": [],
      "GO:2000300": [],
      "GO:0016081": [
        "6844"
      ],
      "GO:0031629": [],
      "GO:0016082": [],
      "GO:0099162": [
        "2597"
      ],
      "GO:1901546": [],
      "GO:1900242": [
        "71"
      ],
      "GO:0016185": [],
      "GO:0016191": [],
      "GO:0098872": [],
      "GO:0099579": [
        "2550"
      ],
      "GO:0098696": [
        "9863"
      ],
      "GO:0099145": [],
      "GO:0150054": [],
      "GO:0099149": [
        "3084",
        "55182"
      ],
      "GO:1905539": [],
      "GO:0099542": [],
      "GO:0099548": [],
      "GO:0098942": [
        "23705"
      ],
      "GO:0099557": [],
      "GO:0150035": [],
      "GO:0050804": [
        "1009",
        "5764"
      ],
      "GO:0099531": [
        "320",
        "9369",
        "3356",
        "1129"
      ],
      "GO:0099565": [
        "3776",
        "1630"
      ],
      "GO:0099159": [],
      "GO:0098885": [],
      "GO:0098987": [],
      "GO:0098882": [],
      "GO:0098699": [],
      "GO:0098973": [
        "71"
      ],
      "GO:0099184": [],
      "GO:0098879": [
        "9863"
      ],
      "GO:0098919": [
        "9863",
        "1501"
      ],
      "GO:1905606": [
        "3084",
        "2895"
      ],
      "GO:0150052": [
        "1641",
        "4131",
        "3360"
      ],
      "GO:0099150": [],
      "GO:0097107": [
        "9369",
        "2895"
      ],
      "GO:0099562": [],
      "GO:0140251": [],
      "GO:0140252": [],
      "GO:0140245": [],
      "GO:0008089": [],
      "GO:0099088": [],
      "GO:0098937": [],
      "GO:0098939": [],
      "GO:0098961": [],
      "GO:0098934": [],
      "GO:0048490": [],
      "GO:0098969": [],
      "GO:0099639": [],
      "GO:0150037": [],
      "GO:0099148": [],
      "GO:0031630": [],
      "GO:0010807": [],
      "GO:0098694": [],
      "GO:0098921": [],
      "GO:0099553": [],
      "GO:0099555": [],
      "GO:0099171": [
        "320",
        "9369",
        "3356",
        "1129"
      ],
      "GO:0099170": [
        "1630"
      ],
      "GO:1905274": [],
      "GO:0099151": [
        "2895"
      ],
      "GO:0099641": [],
      "GO:0140231": [],
      "GO:0098971": [],
      "GO:0098963": [],
      "GO:1903742": [],
      "GO:0098887": [],
      "GO:0099178": [],
      "GO:0150036": [],
      "GO:0098925": [],
      "GO:0098964": [],
      "GO:0099152": []
    }
  }
}