{
  "direct": {
    "hgnc_id": {
      "GO:0045202": [
        "HGNC:3313",
        "HGNC:2464",
        "HGNC:31822",
        "HGNC:1750",
        "HGNC:1765"
      ],
      "GO:0097060": [],
      "GO:0098793": [
        "HGNC:23149",
        "HGNC:946",
        "HGNC:471",
        "HGNC:29125",
        "HGNC:9630",
        "HGNC:4388",
        "HGNC:4392",
        "HGNC:2714"
      ],
      "GO:0043083": [],
      "GO:0098794": [
        "HGNC:9630",
        "HGNC:7997",
        "HGNC:4388",
        "HGNC:4392",
        "HGNC:25552",
        "HGNC:6836",
        "HGNC:5299"
      ],
      "GO:0099544": [],
      "GO:0099243": [],
      "GO:0099699": [
        "HGNC:7657"
      ],
      "GO:0099523": [],
      "GO:0099569": [],
      "GO:0048786": [],
      "GO:0098833": [
        "HGNC:471"
      ],
      "GO:0098830": [],
      "GO:0008021": [],
      "GO:0098992": [
        "HGNC:10575"
      ],
      "GO:0042734": [],
      "SYNGO:presyn_ribosome": [],
      "SYNGO:presyn_er": [],
      "GO:0098965": [],
      "GO:0099524": [
        "HGNC:12643"
      ],
      "GO:0099571": [],
      "GO:0097444": [],
      "GO:0150051": [],
      "GO:0099572": [],
      "GO:0098843": [
        "HGNC:471"
      ],
      "GO:0098845": [],
      "GO:0045211": [],
      "SYNGO:postsyn_ribosome": [],
      "SYNGO:postsyn_er": [],
      "GO:0098966": [],
      "GO:0099182": [],
      "GO:0099143": [
        "HGNC:144"
      ],
      "GO:0098831": [],
      "GO:0048787": [
        "HGNC:578"
      ],
      "GO:0098835": [],
      "GO:0098954": [],
      "GO:0034592": [],
      "GO:0030672": [],
      "GO:0099013": [],
      "GO:0099012": [],
      "GO:0099026": [
        "HGNC:11132",
        "HGNC:2175"
      ],
      "GO:0098888": [
        "HGNC:11132"
      ],
      "GO:0099056": [
        "HGNC:6234",
        "HGNC:5951",
        "HGNC:4070",
        "HGNC:5293",
        "HGNC:10940",
        "HGNC:1951"
      ],
      "SYNGO:presyn_er_membrane": [],
      "SYNGO:presyn_ser": [],
      "GO:0099160": [],
      "GO:0098871": [
        "HGNC:144"
      ],
      "GO:0150050": [],
      "GO:0099189": [],
      "GO:0098897": [],
      "GO:0099091": [],
      "GO:0099634": [],
      "GO:0014069": [
        "HGNC:18957",
        "HGNC:2516",
        "HGNC:12643"
      ],
      "GO:0099629": [],
      "GO:0098844": [
        "HGNC:29125"
      ],
      "GO:0098895": [],
      "GO:0098842": [],
      "GO:0098837": [],
      "GO:0099025": [],
      "GO:0098890": [
        "HGNC:18957",
        "HGNC:30200"
      ],
      "GO:0099055": [
        "HGNC:5951",
        "HGNC:5293",
        "HGNC:4070",
        "HGNC:18582",
        "HGNC:1951",
        "HGNC:6297"
      ],
      "SYNGO:postsyn_er_membrane": [],
      "SYNGO:postsyn_ser": [],
      "GO:0099029": [],
      "GO:0098891": [],
      "GO:0099059": [
        "HGNC:817",
        "HGNC:1951",
        "HGNC:4081",
        "HGNC:4070",
        "HGNC:7997",
        "HGNC:8010"
      ],
      "GO:0098894": [
        "HGNC:471"
      ],
      "GO:0099067": [],
      "GO:0098993": [
        "HGNC:9767",
        "HGNC:9778"
      ],
      "GO:0098850": [
        "HGNC:471",
        "HGNC:4141",
        "HGNC:851"
      ],
      "GO:0030285": [
        "HGNC:12643"
      ],
      "GO:0098674": [],
      "GO:0099066": [],
      "SYNGO:presyn_er_membrane_integral": [],
      "SYNGO:presyn_ser_membrane": [],
      "GO:0099065": [],
      "GO:0098892": [],
      "GO:0099060": [
        "HGNC:4081",
        "HGNC:4070"
      ],
      "GO:0099092": [
        "HGNC:4141"
      ],
      "GO:0098839": [],
      "GO:0099164": [],
      "GO:0098999": [],
      "GO:0098896": [],
      "GO:0098944": [],
      "SYNGO:postsyn_er_membrane_integral": [],
      "SYNGO:postsyn_ser_membrane": [],
      "SYNGO:presyn_ser_membrane_integral": [],
      "GO:0099031": [],
      "GO:0099147": [],
      "GO:0099061": [
        "HGNC:2701",
        "HGNC:4576",
        "HGNC:9682",
        "HGNC:7997",
        "HGNC:10250"
      ],
      "GO:0098998": [],
      "GO:0099033": [],
      "GO:0099063": [],
      "SYNGO:postsyn_ser_membrane_integral": []
    },
    "hgnc_symbol": {
      "GO:0045202": [
        "ELAVL2",
        "VCAN",
        "PLCXD3",
        "CDH11",
        "CDH6"
      ],
      "GO:0097060": [],
      "GO:0098793": [
        "UNC13C",
        "MAGI1",
        "AMPH",
        "DNM3",
        "PTN",
        "GNAL",
        "GNAS",
        "DCX"
      ],
      "GO:0043083": [],
      "GO:0098794": [
        "PTN",
        "NRG1",
        "GNAL",
        "GNAS",
        "RNF220",
        "MAP1B",
        "HTR4"
      ],
      "GO:0099544": [],
      "GO:0099243": [],
      "GO:0099699": [
        "NCAM2"
      ],
      "GO:0099523": [],
      "GO:0099569": [],
      "GO:0048786": [],
      "GO:0098833": [
        "AMPH"
      ],
      "GO:0098830": [],
      "GO:0008021": [],
      "GO:0098992": [
        "SCG2"
      ],
      "GO:0042734": [],
      "SYNGO:presyn_ribosome": [],
      "SYNGO:presyn_er": [],
      "GO:0098965": [],
      "GO:0099524": [
        "VAMP2"
      ],
      "GO:0099571": [],
      "GO:0097444": [],
      "GO:0150051": [],
      "GO:0099572": [],
      "GO:0098843": [
        "AMPH"
      ],
      "GO:0098845": [],
      "GO:0045211": [],
      "SYNGO:postsyn_ribosome": [],
      "SYNGO:postsyn_er": [],
      "GO:0098966": [],
      "GO:0099182": [],
      "GO:0099143": [
        "ACTG1"
      ],
      "GO:0098831": [],
      "GO:0048787": [
        "APBA1"
      ],
      "GO:0098835": [],
      "GO:0098954": [],
      "GO:0034592": [],
      "GO:0030672": [],
      "GO:0099013": [],
      "GO:0099012": [],
      "GO:0099026": [
        "SNAP25",
        "CNTN5"
      ],
      "GO:0098888": [
        "SNAP25"
      ],
      "GO:0099056": [
        "KCNC2",
        "CADM1",
        "GABBR1",
        "HTR2A",
        "SLC1A2",
        "CHRM2"
      ],
      "SYNGO:presyn_er_membrane": [],
      "SYNGO:presyn_ser": [],
      "GO:0099160": [],
      "GO:0098871": [
        "ACTG1"
      ],
      "GO:0150050": [],
      "GO:0099189": [],
      "GO:0098897": [],
      "GO:0099091": [],
      "GO:0099634": [],
      "GO:0014069": [
        "MAGI2",
        "CTNND2",
        "VAMP2"
      ],
      "GO:0099629": [],
      "GO:0098844": [
        "DNM3"
      ],
      "GO:0098895": [],
      "GO:0098842": [],
      "GO:0098837": [],
      "GO:0099025": [],
      "GO:0098890": [
        "MAGI2",
        "VWC2"
      ],
      "GO:0099055": [
        "CADM1",
        "HTR2A",
        "GABBR1",
        "ADGRL2",
        "CHRM2",
        "KCNQ3"
      ],
      "SYNGO:postsyn_er_membrane": [],
      "SYNGO:postsyn_ser": [],
      "GO:0099029": [],
      "GO:0098891": [],
      "GO:0099059": [
        "ATP2B4",
        "CHRM2",
        "GABRB1",
        "GABBR1",
        "NRG1",
        "NRXN3"
      ],
      "GO:0098894": [
        "AMPH"
      ],
      "GO:0099067": [],
      "GO:0098993": [
        "RAB27B",
        "RAB3B"
      ],
      "GO:0098850": [
        "AMPH",
        "GAPDH",
        "ATP6V1A"
      ],
      "GO:0030285": [
        "VAMP2"
      ],
      "GO:0098674": [],
      "GO:0099066": [],
      "SYNGO:presyn_er_membrane_integral": [],
      "SYNGO:presyn_ser_membrane": [],
      "GO:0099065": [],
      "GO:0098892": [],
      "GO:0099060": [
        "GABRB1",
        "GABBR1"
      ],
      "GO:0099092": [
        "GAPDH"
      ],
      "GO:0098839": [],
      "GO:0099164": [],
      "GO:0098999": [],
      "GO:0098896": [],
      "GO:0098944": [],
      "SYNGO:postsyn_er_membrane_integral": [],
      "SYNGO:postsyn_ser_membrane": [],
      "SYNGO:presyn_ser_membrane_integral": [],
      "GO:0099031": [],
      "GO:0099147": [],
      "GO:0099061": [
        "DCC",
        "GRID2",
        "PTPRT",
        "NRG1",
        "ROBO2"
      ],
      "GO:0098998": [],
      "GO:0099033": [],
      "GO:0099063": [],
      "SYNGO:postsyn_ser_membrane_integral": []
    },
    "ensembl_id": {
      "GO:0045202": [
        "ENSG00000107105",
        "ENSG00000038427",
        "ENSG00000182836",
        "ENSG00000140937",
        "ENSG00000113361"
      ],
      "GO:0097060": [],
      "GO:0098793": [
        "ENSG00000137766",
        "ENSG00000151276",
        "ENSG00000078053",
        "ENSG00000197959",
        "ENSG00000105894",
        "ENSG00000141404",
        "ENSG00000087460",
        "ENSG00000077279"
      ],
      "GO:0043083": [],
      "GO:0098794": [
        "ENSG00000105894",
        "ENSG00000157168",
        "ENSG00000141404",
        "ENSG00000087460",
        "ENSG00000187147",
        "ENSG00000131711",
        "ENSG00000164270"
      ],
      "GO:0099544": [],
      "GO:0099243": [],
      "GO:0099699": [
        "ENSG00000154654"
      ],
      "GO:0099523": [],
      "GO:0099569": [],
      "GO:0048786": [],
      "GO:0098833": [
        "ENSG00000078053"
      ],
      "GO:0098830": [],
      "GO:0008021": [],
      "GO:0098992": [
        "ENSG00000171951"
      ],
      "GO:0042734": [],
      "SYNGO:presyn_ribosome": [],
      "SYNGO:presyn_er": [],
      "GO:0098965": [],
      "GO:0099524": [
        "ENSG00000220205"
      ],
      "GO:0099571": [],
      "GO:0097444": [],
      "GO:0150051": [],
      "GO:0099572": [],
      "GO:0098843": [
        "ENSG00000078053"
      ],
      "GO:0098845": [],
      "GO:0045211": [],
      "SYNGO:postsyn_ribosome": [],
      "SYNGO:postsyn_er": [],
      "GO:0098966": [],
      "GO:0099182": [],
      "GO:0099143": [
        "ENSG00000184009"
      ],
      "GO:0098831": [],
      "GO:0048787": [
        "ENSG00000107282"
      ],
      "GO:0098835": [],
      "GO:0098954": [],
      "GO:0034592": [],
      "GO:0030672": [],
      "GO:0099013": [],
      "GO:0099012": [],
      "GO:0099026": [
        "ENSG00000132639",
        "ENSG00000149972"
      ],
      "GO:0098888": [
        "ENSG00000132639"
      ],
      "GO:0099056": [
        "ENSG00000166006",
        "ENSG00000182985",
        "ENSG00000204681",
        "ENSG00000102468",
        "ENSG00000110436",
        "ENSG00000181072"
      ],
      "SYNGO:presyn_er_membrane": [],
      "SYNGO:presyn_ser": [],
      "GO:0099160": [],
      "GO:0098871": [
        "ENSG00000184009"
      ],
      "GO:0150050": [],
      "GO:0099189": [],
      "GO:0098897": [],
      "GO:0099091": [],
      "GO:0099634": [],
      "GO:0014069": [
        "ENSG00000187391",
        "ENSG00000169862",
        "ENSG00000220205"
      ],
      "GO:0099629": [],
      "GO:0098844": [
        "ENSG00000197959"
      ],
      "GO:0098895": [],
      "GO:0098842": [],
      "GO:0098837": [],
      "GO:0099025": [],
      "GO:0098890": [
        "ENSG00000187391",
        "ENSG00000188730"
      ],
      "GO:0099055": [
        "ENSG00000182985",
        "ENSG00000102468",
        "ENSG00000204681",
        "ENSG00000117114",
        "ENSG00000181072",
        "ENSG00000184156"
      ],
      "SYNGO:postsyn_er_membrane": [],
      "SYNGO:postsyn_ser": [],
      "GO:0099029": [],
      "GO:0098891": [],
      "GO:0099059": [
        "ENSG00000058668",
        "ENSG00000181072",
        "ENSG00000163288",
        "ENSG00000204681",
        "ENSG00000157168",
        "ENSG00000021645"
      ],
      "GO:0098894": [
        "ENSG00000078053"
      ],
      "GO:0099067": [],
      "GO:0098993": [
        "ENSG00000041353",
        "ENSG00000169213"
      ],
      "GO:0098850": [
        "ENSG00000078053",
        "ENSG00000111640",
        "ENSG00000114573"
      ],
      "GO:0030285": [
        "ENSG00000220205"
      ],
      "GO:0098674": [],
      "GO:0099066": [],
      "SYNGO:presyn_er_membrane_integral": [],
      "SYNGO:presyn_ser_membrane": [],
      "GO:0099065": [],
      "GO:0098892": [],
      "GO:0099060": [
        "ENSG00000163288",
        "ENSG00000204681"
      ],
      "GO:0099092": [
        "ENSG00000111640"
      ],
      "GO:0098839": [],
      "GO:0099164": [],
      "GO:0098999": [],
      "GO:0098896": [],
      "GO:0098944": [],
      "SYNGO:postsyn_er_membrane_integral": [],
      "SYNGO:postsyn_ser_membrane": [],
      "SYNGO:presyn_ser_membrane_integral": [],
      "GO:0099031": [],
      "GO:0099147": [],
      "GO:0099061": [
        "ENSG00000187323",
        "ENSG00000152208",
        "ENSG00000196090",
        "ENSG00000157168",
        "ENSG00000185008"
      ],
      "GO:0098998": [],
      "GO:0099033": [],
      "GO:0099063": [],
      "SYNGO:postsyn_ser_membrane_integral": []
    },
    "entrez_id": {
      "GO:0045202": [
        "1993",
        "1462",
        "345557",
        "1009",
        "1004"
      ],
      "GO:0097060": [],
      "GO:0098793": [
        "440279",
        "9223",
        "273",
        "26052",
        "5764",
        "2774",
        "2778",
        "1641"
      ],
      "GO:0043083": [],
      "GO:0098794": [
        "5764",
        "3084",
        "2774",
        "2778",
        "55182",
        "4131",
        "3360"
      ],
      "GO:0099544": [],
      "GO:0099243": [],
      "GO:0099699": [
        "4685"
      ],
      "GO:0099523": [],
      "GO:0099569": [],
      "GO:0048786": [],
      "GO:0098833": [
        "273"
      ],
      "GO:0098830": [],
      "GO:0008021": [],
      "GO:0098992": [
        "7857"
      ],
      "GO:0042734": [],
      "SYNGO:presyn_ribosome": [],
      "SYNGO:presyn_er": [],
      "GO:0098965": [],
      "GO:0099524": [
        "6844"
      ],
      "GO:0099571": [],
      "GO:0097444": [],
      "GO:0150051": [],
      "GO:0099572": [],
      "GO:0098843": [
        "273"
      ],
      "GO:0098845": [],
      "GO:0045211": [],
      "SYNGO:postsyn_ribosome": [],
      "SYNGO:postsyn_er": [],
      "GO:0098966": [],
      "GO:0099182": [],
      "GO:0099143": [
        "71"
      ],
      "GO:0098831": [],
      "GO:0048787": [
        "320"
      ],
      "GO:0098835": [],
      "GO:0098954": [],
      "GO:0034592": [],
      "GO:0030672": [],
      "GO:0099013": [],
      "GO:0099012": [],
      "GO:0099026": [
        "6616",
        "53942"
      ],
      "GO:0098888": [
        "6616"
      ],
      "GO:0099056": [
        "3747",
        "23705",
        "2550",
        "3356",
        "6506",
        "1129"
      ],
      "SYNGO:presyn_er_membrane": [],
      "SYNGO:presyn_ser": [],
      "GO:0099160": [],
      "GO:0098871": [
        "71"
      ],
      "GO:0150050": [],
      "GO:0099189": [],
      "GO:0098897": [],
      "GO:0099091": [],
      "GO:0099634": [],
      "GO:0014069": [
        "9863",
        "1501",
        "6844"
      ],
      "GO:0099629": [],
      "GO:0098844": [
        "26052"
      ],
      "GO:0098895": [],
      "GO:0098842": [],
      "GO:0098837": [],
      "GO:0099025": [],
      "GO:0098890": [
        "9863",
        "375567"
      ],
      "GO:0099055": [
        "23705",
        "3356",
        "2550",
        "23266",
        "1129",
        "3786"
      ],
      "SYNGO:postsyn_er_membrane": [],
      "SYNGO:postsyn_ser": [],
      "GO:0099029": [],
      "GO:0098891": [],
      "GO:0099059": [
        "493",
        "1129",
        "2560",
        "2550",
        "3084",
        "9369"
      ],
      "GO:0098894": [
        "273"
      ],
      "GO:0099067": [],
      "GO:0098993": [
        "5874",
        "5865"
      ],
      "GO:0098850": [
        "273",
        "2597",
        "523"
      ],
      "GO:0030285": [
        "6844"
      ],
      "GO:0098674": [],
      "GO:0099066": [],
      "SYNGO:presyn_er_membrane_integral": [],
      "SYNGO:presyn_ser_membrane": [],
      "GO:0099065": [],
      "GO:0098892": [],
      "GO:0099060": [
        "2560",
        "2550"
      ],
      "GO:0099092": [
        "2597"
      ],
      "GO:0098839": [],
      "GO:0099164": [],
      "GO:0098999": [],
      "GO:0098896": [],
      "GO:0098944": [],
      "SYNGO:postsyn_er_membrane_integral": [],
      "SYNGO:postsyn_ser_membrane": [],
      "SYNGO:presyn_ser_membrane_integral": [],
      "GO:0099031": [],
      "GO:0099147": [],
      "GO:0099061": [
        "1630",
        "2895",
        "11122",
        "3084",
        "6092"
      ],
      "GO:0098998": [],
      "GO:0099033": [],
      "GO:0099063": [],
      "SYNGO:postsyn_ser_membrane_integral": []
    }
  },
  "aggregate": {
    "hgnc_id": {
      "GO:0045202": [
        "HGNC:3313",
        "HGNC:2464",
        "HGNC:31822",
        "HGNC:1750",
        "HGNC:1765",
        "HGNC:7657",
        "HGNC:23149",
        "HGNC:946",
        "HGNC:471",
        "HGNC:29125",
        "HGNC:9630",
        "HGNC:4388",
        "HGNC:4392",
        "HGNC:2714",
        "HGNC:144",
        "HGNC:578",
        "HGNC:817",
        "HGNC:1951",
        "HGNC:4081",
        "HGNC:4070",
        "HGNC:7997",
        "HGNC:8010",
        "HGNC:9767",
        "HGNC:9778",
        "HGNC:4141",
        "HGNC:851",
        "HGNC:12643",
        "HGNC:10575",
        "HGNC:11132",
        "HGNC:2175",
        "HGNC:6234",
        "HGNC:5951",
        "HGNC:5293",
        "HGNC:10940",
        "HGNC:25552",
        "HGNC:6836",
        "HGNC:5299",
        "HGNC:18957",
        "HGNC:2516",
        "HGNC:2701",
        "HGNC:4576",
        "HGNC:9682",
        "HGNC:10250",
        "HGNC:30200",
        "HGNC:18582",
        "HGNC:6297"
      ],
      "GO:0097060": [
        "HGNC:7657"
      ],
      "GO:0098793": [
        "HGNC:23149",
        "HGNC:946",
        "HGNC:471",
        "HGNC:29125",
        "HGNC:9630",
        "HGNC:4388",
        "HGNC:4392",
        "HGNC:2714",
        "HGNC:144",
        "HGNC:578",
        "HGNC:817",
        "HGNC:1951",
        "HGNC:4081",
        "HGNC:4070",
        "HGNC:7997",
        "HGNC:8010",
        "HGNC:9767",
        "HGNC:9778",
        "HGNC:4141",
        "HGNC:851",
        "HGNC:12643",
        "HGNC:10575",
        "HGNC:11132",
        "HGNC:2175",
        "HGNC:6234",
        "HGNC:5951",
        "HGNC:5293",
        "HGNC:10940"
      ],
      "GO:0043083": [],
      "GO:0098794": [
        "HGNC:9630",
        "HGNC:7997",
        "HGNC:4388",
        "HGNC:4392",
        "HGNC:25552",
        "HGNC:6836",
        "HGNC:5299",
        "HGNC:12643",
        "HGNC:144",
        "HGNC:4081",
        "HGNC:4070",
        "HGNC:18957",
        "HGNC:2516",
        "HGNC:4141",
        "HGNC:2701",
        "HGNC:4576",
        "HGNC:9682",
        "HGNC:10250",
        "HGNC:471",
        "HGNC:29125",
        "HGNC:30200",
        "HGNC:5951",
        "HGNC:5293",
        "HGNC:18582",
        "HGNC:1951",
        "HGNC:6297"
      ],
      "GO:0099544": [],
      "GO:0099243": [],
      "GO:0099699": [
        "HGNC:7657"
      ],
      "GO:0099523": [],
      "GO:0099569": [
        "HGNC:144"
      ],
      "GO:0048786": [
        "HGNC:578",
        "HGNC:817",
        "HGNC:1951",
        "HGNC:4081",
        "HGNC:4070",
        "HGNC:7997",
        "HGNC:8010"
      ],
      "GO:0098833": [
        "HGNC:471"
      ],
      "GO:0098830": [],
      "GO:0008021": [
        "HGNC:9767",
        "HGNC:9778",
        "HGNC:471",
        "HGNC:4141",
        "HGNC:851",
        "HGNC:12643"
      ],
      "GO:0098992": [
        "HGNC:10575"
      ],
      "GO:0042734": [
        "HGNC:11132",
        "HGNC:2175",
        "HGNC:6234",
        "HGNC:5951",
        "HGNC:4070",
        "HGNC:5293",
        "HGNC:10940",
        "HGNC:1951"
      ],
      "SYNGO:presyn_ribosome": [],
      "SYNGO:presyn_er": [],
      "GO:0098965": [],
      "GO:0099524": [
        "HGNC:12643"
      ],
      "GO:0099571": [
        "HGNC:144"
      ],
      "GO:0097444": [],
      "GO:0150051": [],
      "GO:0099572": [
        "HGNC:4081",
        "HGNC:4070",
        "HGNC:18957",
        "HGNC:2516",
        "HGNC:12643",
        "HGNC:4141",
        "HGNC:2701",
        "HGNC:4576",
        "HGNC:9682",
        "HGNC:7997",
        "HGNC:10250"
      ],
      "GO:0098843": [
        "HGNC:471",
        "HGNC:29125"
      ],
      "GO:0098845": [],
      "GO:0045211": [
        "HGNC:18957",
        "HGNC:30200",
        "HGNC:5951",
        "HGNC:5293",
        "HGNC:4070",
        "HGNC:18582",
        "HGNC:1951",
        "HGNC:6297"
      ],
      "SYNGO:postsyn_ribosome": [],
      "SYNGO:postsyn_er": [],
      "GO:0098966": [],
      "GO:0099182": [],
      "GO:0099143": [
        "HGNC:144"
      ],
      "GO:0098831": [],
      "GO:0048787": [
        "HGNC:578",
        "HGNC:817",
        "HGNC:1951",
        "HGNC:4081",
        "HGNC:4070",
        "HGNC:7997",
        "HGNC:8010"
      ],
      "GO:0098835": [
        "HGNC:471"
      ],
      "GO:0098954": [],
      "GO:0034592": [],
      "GO:0030672": [
        "HGNC:9767",
        "HGNC:9778",
        "HGNC:471",
        "HGNC:4141",
        "HGNC:851",
        "HGNC:12643"
      ],
      "GO:0099013": [],
      "GO:0099012": [],
      "GO:0099026": [
        "HGNC:11132",
        "HGNC:2175"
      ],
      "GO:0098888": [
        "HGNC:11132"
      ],
      "GO:0099056": [
        "HGNC:6234",
        "HGNC:5951",
        "HGNC:4070",
        "HGNC:5293",
        "HGNC:10940",
        "HGNC:1951"
      ],
      "SYNGO:presyn_er_membrane": [],
      "SYNGO:presyn_ser": [],
      "GO:0099160": [],
      "GO:0098871": [
        "HGNC:144"
      ],
      "GO:0150050": [],
      "GO:0099189": [],
      "GO:0098897": [],
      "GO:0099091": [],
      "GO:0099634": [
        "HGNC:4081",
        "HGNC:4070"
      ],
      "GO:0014069": [
        "HGNC:18957",
        "HGNC:2516",
        "HGNC:12643",
        "HGNC:4141",
        "HGNC:2701",
        "HGNC:4576",
        "HGNC:9682",
        "HGNC:7997",
        "HGNC:10250"
      ],
      "GO:0099629": [],
      "GO:0098844": [
        "HGNC:29125"
      ],
      "GO:0098895": [],
      "GO:0098842": [],
      "GO:0098837": [],
      "GO:0099025": [],
      "GO:0098890": [
        "HGNC:18957",
        "HGNC:30200"
      ],
      "GO:0099055": [
        "HGNC:5951",
        "HGNC:5293",
        "HGNC:4070",
        "HGNC:18582",
        "HGNC:1951",
        "HGNC:6297"
      ],
      "SYNGO:postsyn_er_membrane": [],
      "SYNGO:postsyn_ser": [],
      "GO:0099029": [],
      "GO:0098891": [],
      "GO:0099059": [
        "HGNC:817",
        "HGNC:1951",
        "HGNC:4081",
        "HGNC:4070",
        "HGNC:7997",
        "HGNC:8010"
      ],
      "GO:0098894": [
        "HGNC:471"
      ],
      "GO:0099067": [],
      "GO:0098993": [
        "HGNC:9767",
        "HGNC:9778"
      ],
      "GO:0098850": [
        "HGNC:471",
        "HGNC:4141",
        "HGNC:851"
      ],
      "GO:0030285": [
        "HGNC:12643"
      ],
      "GO:0098674": [],
      "GO:0099066": [],
      "SYNGO:presyn_er_membrane_integral": [],
      "SYNGO:presyn_ser_membrane": [],
      "GO:0099065": [],
      "GO:0098892": [],
      "GO:0099060": [
        "HGNC:4081",
        "HGNC:4070"
      ],
      "GO:0099092": [
        "HGNC:4141"
      ],
      "GO:0098839": [
        "HGNC:2701",
        "HGNC:4576",
        "HGNC:9682",
        "HGNC:7997",
        "HGNC:10250"
      ],
      "GO:0099164": [],
      "GO:0098999": [],
      "GO:0098896": [],
      "GO:0098944": [],
      "SYNGO:postsyn_er_membrane_integral": [],
      "SYNGO:postsyn_ser_membrane": [],
      "SYNGO:presyn_ser_membrane_integral": [],
      "GO:0099031": [],
      "GO:0099147": [],
      "GO:0099061": [
        "HGNC:2701",
        "HGNC:4576",
        "HGNC:9682",
        "HGNC:7997",
        "HGNC:10250"
      ],
      "GO:0098998": [],
      "GO:0099033": [],
      "GO:0099063": [],
      "SYNGO:postsyn_ser_membrane_integral": []
    },
    "hgnc_symbol": {
      "GO:0045202": [
        "ELAVL2",
        "VCAN",
        "PLCXD3",
        "CDH11",
        "CDH6",
        "NCAM2",
        "UNC13C",
        "MAGI1",
        "AMPH",
        "DNM3",
        "PTN",
        "GNAL",
        "GNAS",
        "DCX",
        "ACTG1",
        "APBA1",
        "ATP2B4",
        "CHRM2",
        "GABRB1",
        "GABBR1",
        "NRG1",
        "NRXN3",
        "RAB27B",
        "RAB3B",
        "GAPDH",
        "ATP6V1A",
        "VAMP2",
        "SCG2",
        "SNAP25",
        "CNTN5",
        "KCNC2",
        "CADM1",
        "HTR2A",
        "SLC1A2",
        "RNF220",
        "MAP1B",
        "HTR4",
        "MAGI2",
        "CTNND2",
        "DCC",
        "GRID2",
        "PTPRT",
        "ROBO2",
        "VWC2",
        "ADGRL2",
        "KCNQ3"
      ],
      "GO:0097060": [
        "NCAM2"
      ],
      "GO:0098793": [
        "UNC13C",
        "MAGI1",
        "AMPH",
        "DNM3",
        "PTN",
        "GNAL",
        "GNAS",
        "DCX",
        "ACTG1",
        "APBA1",
        "ATP2B4",
        "CHRM2",
        "GABRB1",
        "GABBR1",
        "NRG1",
        "NRXN3",
        "RAB27B",
        "RAB3B",
        "GAPDH",
        "ATP6V1A",
        "VAMP2",
        "SCG2",
        "SNAP25",
        "CNTN5",
        "KCNC2",
        "CADM1",
        "HTR2A",
        "SLC1A2"
      ],
      "GO:0043083": [],
      "GO:0098794": [
        "PTN",
        "NRG1",
        "GNAL",
        "GNAS",
        "RNF220",
        "MAP1B",
        "HTR4",
        "VAMP2",
        "ACTG1",
        "GABRB1",
        "GABBR1",
        "MAGI2",
        "CTNND2",
        "GAPDH",
        "DCC",
        "GRID2",
        "PTPRT",
        "ROBO2",
        "AMPH",
        "DNM3",
        "VWC2",
        "CADM1",
        "HTR2A",
        "ADGRL2",
        "CHRM2",
        "KCNQ3"
      ],
      "GO:0099544": [],
      "GO:0099243": [],
      "GO:0099699": [
        "NCAM2"
      ],
      "GO:0099523": [],
      "GO:0099569": [
        "ACTG1"
      ],
      "GO:0048786": [
        "APBA1",
        "ATP2B4",
        "CHRM2",
        "GABRB1",
        "GABBR1",
        "NRG1",
        "NRXN3"
      ],
      "GO:0098833": [
        "AMPH"
      ],
      "GO:0098830": [],
      "GO:0008021": [
        "RAB27B",
        "RAB3B",
        "AMPH",
        "GAPDH",
        "ATP6V1A",
        "VAMP2"
      ],
      "GO:0098992": [
        "SCG2"
      ],
      "GO:0042734": [
        "SNAP25",
        "CNTN5",
        "KCNC2",
        "CADM1",
        "GABBR1",
        "HTR2A",
        "SLC1A2",
        "CHRM2"
      ],
      "SYNGO:presyn_ribosome": [],
      "SYNGO:presyn_er": [],
      "GO:0098965": [],
      "GO:0099524": [
        "VAMP2"
      ],
      "GO:0099571": [
        "ACTG1"
      ],
      "GO:0097444": [],
      "GO:0150051": [],
      "GO:0099572": [
        "GABRB1",
        "GABBR1",
        "MAGI2",
        "CTNND2",
        "VAMP2",
        "GAPDH",
        "DCC",
        "GRID2",
        "PTPRT",
        "NRG1",
        "ROBO2"
      ],
      "GO:0098843": [
        "AMPH",
        "DNM3"
      ],
      "GO:0098845": [],
      "GO:0045211": [
        "MAGI2",
        "VWC2",
        "CADM1",
        "HTR2A",
        "GABBR1",
        "ADGRL2",
        "CHRM2",
        "KCNQ3"
      ],
      "SYNGO:postsyn_ribosome": [],
      "SYNGO:postsyn_er": [],
      "GO:0098966": [],
      "GO:0099182": [],
      "GO:0099143": [
        "ACTG1"
      ],
      "GO:0098831": [],
      "GO:0048787": [
        "APBA1",
        "ATP2B4",
        "CHRM2",
        "GABRB1",
        "GABBR1",
        "NRG1",
        "NRXN3"
      ],
      "GO:0098835": [
        "AMPH"
      ],
      "GO:0098954": [],
      "GO:0034592": [],
      "GO:0030672": [
        "RAB27B",
        "RAB3B",
        "AMPH",
        "GAPDH",
        "ATP6V1A",
        "VAMP2"
      ],
      "GO:0099013": [],
      "GO:0099012": [],
      "GO:0099026": [
        "SNAP25",
        "CNTN5"
      ],
      "GO:0098888": [
        "SNAP25"
      ],
      "GO:0099056": [
        "KCNC2",
        "CADM1",
        "GABBR1",
        "HTR2A",
        "SLC1A2",
        "CHRM2"
      ],
      "SYNGO:presyn_er_membrane": [],
      "SYNGO:presyn_ser": [],
      "GO:0099160": [],
      "GO:0098871": [
        "ACTG1"
      ],
      "GO:0150050": [],
      "GO:0099189": [],
      "GO:0098897": [],
      "GO:0099091": [],
      "GO:0099634": [
        "GABRB1",
        "GABBR1"
      ],
      "GO:0014069": [
        "MAGI2",
        "CTNND2",
        "VAMP2",
        "GAPDH",
        "DCC",
        "GRID2",
        "PTPRT",
        "NRG1",
        "ROBO2"
      ],
      "GO:0099629": [],
      "GO:0098844": [
        "DNM3"
      ],
      "GO:0098895": [],
      "GO:0098842": [],
      "GO:0098837": [],
      "GO:0099025": [],
      "GO:0098890": [
        "MAGI2",
        "VWC2"
      ],
      "GO:0099055": [
        "CADM1",
        "HTR2A",
        "GABBR1",
        "ADGRL2",
        "CHRM2",
        "KCNQ3"
      ],
      "SYNGO:postsyn_er_membrane": [],
      "SYNGO:postsyn_ser": [],
      "GO:0099029": [],
      "GO:0098891": [],
      "GO:0099059": [
        "ATP2B4",
        "CHRM2",
        "GABRB1",
        "GABBR1",
        "NRG1",
        "NRXN3"
      ],
      "GO:0098894": [
        "AMPH"
      ],
      "GO:0099067": [],
      "GO:0098993": [
        "RAB27B",
        "RAB3B"
      ],
      "GO:0098850": [
        "AMPH",
        "GAPDH",
        "ATP6V1A"
      ],
      "GO:0030285": [
        "VAMP2"
      ],
      "GO:0098674": [],
      "GO:0099066": [],
      "SYNGO:presyn_er_membrane_integral": [],
      "SYNGO:presyn_ser_membrane": [],
      "GO:0099065": [],
      "GO:0098892": [],
      "GO:0099060": [
        "GABRB1",
        "GABBR1"
      ],
      "GO:0099092": [
        "GAPDH"
      ],
      "GO:0098839": [
        "DCC",
        "GRID2",
        "PTPRT",
        "NRG1",
        "ROBO2"
      ],
      "GO:0099164": [],
      "GO:0098999": [],
      "GO:0098896": [],
      "GO:0098944": [],
      "SYNGO:postsyn_er_membrane_integral": [],
      "SYNGO:postsyn_ser_membrane": [],
      "SYNGO:presyn_ser_membrane_integral": [],
      "GO:0099031": [],
      "GO:0099147": [],
      "GO:0099061": [
        "DCC",
        "GRID2",
        "PTPRT",
        "NRG1",
        "ROBO2"
      ],
      "GO:0098998": [],
      "GO:0099033": [],
      "GO:0099063": [],
      "SYNGO:postsyn_ser_membrane_integral": []
    },
    "ensembl_id": {
      "GO:0045202": [
        "ENSG00000107105",
        "ENSG00000038427",
        "ENSG00000182836",
        "ENSG00000140937",
        "ENSG00000113361",
        "ENSG00000154654",
        "ENSG00000137766",
        "ENSG00000151276",
        "ENSG00000078053",
        "ENSG00000197959",
        "ENSG00000105894",
        "ENSG00000141404",
        "ENSG00000087460",
        "ENSG00000077279",
        "ENSG00000184009",
        "ENSG00000107282",
        "ENSG00000058668",
        "ENSG00000181072",
        "ENSG00000163288",
        "ENSG00000204681",
        "ENSG00000157168",
        "ENSG00000021645",
        "ENSG00000041353",
        "ENSG00000169213",
        "ENSG00000111640",
        "ENSG00000114573",
        "ENSG00000220205",
        "ENSG00000171951",
        "ENSG00000132639",
        "ENSG00000149972",
        "ENSG00000166006",
        "ENSG00000182985",
        "ENSG00000102468",
        "ENSG00000110436",
        "ENSG00000187147",
        "ENSG00000131711",
        "ENSG00000164270",
        "ENSG00000187391",
        "ENSG00000169862",
        "ENSG00000187323",
        "ENSG00000152208",
        "ENSG00000196090",
        "ENSG00000185008",
        "ENSG00000188730",
        "ENSG00000117114",
        "ENSG00000184156"
      ],
      "GO:0097060": [
        "ENSG00000154654"
      ],
      "GO:0098793": [
        "ENSG00000137766",
        "ENSG00000151276",
        "ENSG00000078053",
        "ENSG00000197959",
        "ENSG00000105894",
        "ENSG00000141404",
        "ENSG00000087460",
        "ENSG00000077279",
        "ENSG00000184009",
        "ENSG00000107282",
        "ENSG00000058668",
        "ENSG00000181072",
        "ENSG00000163288",
        "ENSG00000204681",
        "ENSG00000157168",
        "ENSG00000021645",
        "ENSG00000041353",
        "ENSG00000169213",
        "ENSG00000111640",
        "ENSG00000114573",
        "ENSG00000220205",
        "ENSG00000171951",
        "ENSG00000132639",
        "ENSG00000149972",
        "ENSG00000166006",
        "ENSG00000182985",
        "ENSG00000102468",
        "ENSG00000110436"
      ],
      "GO:0043083": [],
      "GO:0098794": [
        "ENSG00000105894",
        "ENSG00000157168",
        "ENSG00000141404",
        "ENSG00000087460",
        "ENSG00000187147",
        "ENSG00000131711",
        "ENSG00000164270",
        "ENSG00000220205",
        "ENSG00000184009",
        "ENSG00000163288",
        "ENSG00000204681",
        "ENSG00000187391",
        "ENSG00000169862",
        "ENSG00000111640",
        "ENSG00000187323",
        "ENSG00000152208",
        "ENSG00000196090",
        "ENSG00000185008",
        "ENSG00000078053",
        "ENSG00000197959",
        "ENSG00000188730",
        "ENSG00000182985",
        "ENSG00000102468",
        "ENSG00000117114",
        "ENSG00000181072",
        "ENSG00000184156"
      ],
      "GO:0099544": [],
      "GO:0099243": [],
      "GO:0099699": [
        "ENSG00000154654"
      ],
      "GO:0099523": [],
      "GO:0099569": [
        "ENSG00000184009"
      ],
      "GO:0048786": [
        "ENSG00000107282",
        "ENSG00000058668",
        "ENSG00000181072",
        "ENSG00000163288",
        "ENSG00000204681",
        "ENSG00000157168",
        "ENSG00000021645"
      ],
      "GO:0098833": [
        "ENSG00000078053"
      ],
      "GO:0098830": [],
      "GO:0008021": [
        "ENSG00000041353",
        "ENSG00000169213",
        "ENSG00000078053",
        "ENSG00000111640",
        "ENSG00000114573",
        "ENSG00000220205"
      ],
      "GO:0098992": [
        "ENSG00000171951"
      ],
      "GO:0042734": [
        "ENSG00000132639",
        "ENSG00000149972",
        "ENSG00000166006",
        "ENSG00000182985",
        "ENSG00000204681",
        "ENSG00000102468",
        "ENSG00000110436",
        "ENSG00000181072"
      ],
      "SYNGO:presyn_ribosome": [],
      "SYNGO:presyn_er": [],
      "GO:0098965": [],
      "GO:0099524": [
        "ENSG00000220205"
      ],
      "GO:0099571": [
        "ENSG00000184009"
      ],
      "GO:0097444": [],
      "GO:0150051": [],
      "GO:0099572": [
        "ENSG00000163288",
        "ENSG00000204681",
        "ENSG00000187391",
        "ENSG00000169862",
        "ENSG00000220205",
        "ENSG00000111640",
        "ENSG00000187323",
        "ENSG00000152208",
        "ENSG00000196090",
        "ENSG00000157168",
        "ENSG00000185008"
      ],
      "GO:0098843": [
        "ENSG00000078053",
        "ENSG00000197959"
      ],
      "GO:0098845": [],
      "GO:0045211": [
        "ENSG00000187391",
        "ENSG00000188730",
        "ENSG00000182985",
        "ENSG00000102468",
        "ENSG00000204681",
        "ENSG00000117114",
        "ENSG00000181072",
        "ENSG00000184156"
      ],
      "SYNGO:postsyn_ribosome": [],
      "SYNGO:postsyn_er": [],
      "GO:0098966": [],
      "GO:0099182": [],
      "GO:0099143": [
        "ENSG00000184009"
      ],
      "GO:0098831": [],
      "GO:0048787": [
        "ENSG00000107282",
        "ENSG00000058668",
        "ENSG00000181072",
        "ENSG00000163288",
        "ENSG00000204681",
        "ENSG00000157168",
        "ENSG00000021645"
      ],
      "GO:0098835": [
        "ENSG00000078053"
      ],
      "GO:0098954": [],
      "GO:0034592": [],
      "GO:0030672": [
        "ENSG00000041353",
        "ENSG00000169213",
        "ENSG00000078053",
        "ENSG00000111640",
        "ENSG00000114573",
        "ENSG00000220205"
      ],
      "GO:0099013": [],
      "GO:0099012": [],
      "GO:0099026": [
        "ENSG00000132639",
        "ENSG00000149972"
      ],
      "GO:0098888": [
        "ENSG00000132639"
      ],
      "GO:0099056": [
        "ENSG00000166006",
        "ENSG00000182985",
        "ENSG00000204681",
        "ENSG00000102468",
        "ENSG00000110436",
        "ENSG00000181072"
      ],
      "SYNGO:presyn_er_membrane": [],
      "SYNGO:presyn_ser": [],
      "GO:0099160": [],
      "GO:0098871": [
        "ENSG00000184009"
      ],
      "GO:0150050": [],
      "GO:0099189": [],
      "GO:0098897": [],
      "GO:0099091": [],
      "GO:0099634": [
        "ENSG00000163288",
        "ENSG00000204681"
      ],
      "GO:0014069": [
        "ENSG00000187391",
        "ENSG00000169862",
        "ENSG00000220205",
        "ENSG00000111640",
        "ENSG00000187323",
        "ENSG00000152208",
        "ENSG00000196090",
        "ENSG00000157168",
        "ENSG00000185008"
      ],
      "GO:0099629": [],
      "GO:0098844": [
        "ENSG00000197959"
      ],
      "GO:0098895": [],
      "GO:0098842": [],
      "GO:0098837": [],
      "GO:0099025": [],
      "GO:0098890": [
        "ENSG00000187391",
        "ENSG00000188730"
      ],
      "GO:0099055": [
        "ENSG00000182985",
        "ENSG00000102468",
        "ENSG00000204681",
        "ENSG00000117114",
        "ENSG00000181072",
        "ENSG00000184156"
      ],
      "SYNGO:postsyn_er_membrane": [],
      "SYNGO:postsyn_ser": [],
      "GO:0099029": [],
      "GO:0098891": [],
      "GO:0099059": [
        "ENSG00000058668",
        "ENSG00000181072",
        "ENSG00000163288",
        "ENSG00000204681",
        "ENSG00000157168",
        "ENSG00000021645"
      ],
      "GO:0098894": [
        "ENSG00000078053"
      ],
      "GO:0099067": [],
      "GO:0098993": [
        "ENSG00000041353",
        "ENSG00000169213"
      ],
      "GO:0098850": [
        "ENSG00000078053",
        "ENSG00000111640",
        "ENSG00000114573"
      ],
      "GO:0030285": [
        "ENSG00000220205"
      ],
      "GO:0098674": [],
      "GO:0099066": [],
      "SYNGO:presyn_er_membrane_integral": [],
      "SYNGO:presyn_ser_membrane": [],
      "GO:0099065": [],
      "GO:0098892": [],
      "GO:0099060": [
        "ENSG00000163288",
        "ENSG00000204681"
      ],
      "GO:0099092": [
        "ENSG00000111640"
      ],
      "GO:0098839": [
        "ENSG00000187323",
        "ENSG00000152208",
        "ENSG00000196090",
        "ENSG00000157168",
        "ENSG00000185008"
      ],
      "GO:0099164": [],
      "GO:0098999": [],
      "GO:0098896": [],
      "GO:0098944": [],
      "SYNGO:postsyn_er_membrane_integral": [],
      "SYNGO:postsyn_ser_membrane": [],
      "SYNGO:presyn_ser_membrane_integral": [],
      "GO:0099031": [],
      "GO:0099147": [],
      "GO:0099061": [
        "ENSG00000187323",
        "ENSG00000152208",
        "ENSG00000196090",
        "ENSG00000157168",
        "ENSG00000185008"
      ],
      "GO:0098998": [],
      "GO:0099033": [],
      "GO:0099063": [],
      "SYNGO:postsyn_ser_membrane_integral": []
    },
    "entrez_id": {
      "GO:0045202": [
        "1993",
        "1462",
        "345557",
        "1009",
        "1004",
        "4685",
        "440279",
        "9223",
        "273",
        "26052",
        "5764",
        "2774",
        "2778",
        "1641",
        "71",
        "320",
        "493",
        "1129",
        "2560",
        "2550",
        "3084",
        "9369",
        "5874",
        "5865",
        "2597",
        "523",
        "6844",
        "7857",
        "6616",
        "53942",
        "3747",
        "23705",
        "3356",
        "6506",
        "55182",
        "4131",
        "3360",
        "9863",
        "1501",
        "1630",
        "2895",
        "11122",
        "6092",
        "375567",
        "23266",
        "3786"
      ],
      "GO:0097060": [
        "4685"
      ],
      "GO:0098793": [
        "440279",
        "9223",
        "273",
        "26052",
        "5764",
        "2774",
        "2778",
        "1641",
        "71",
        "320",
        "493",
        "1129",
        "2560",
        "2550",
        "3084",
        "9369",
        "5874",
        "5865",
        "2597",
        "523",
        "6844",
        "7857",
        "6616",
        "53942",
        "3747",
        "23705",
        "3356",
        "6506"
      ],
      "GO:0043083": [],
      "GO:0098794": [
        "5764",
        "3084",
        "2774",
        "2778",
        "55182",
        "4131",
        "3360",
        "6844",
        "71",
        "2560",
        "2550",
        "9863",
        "1501",
        "2597",
        "1630",
        "2895",
        "11122",
        "6092",
        "273",
        "26052",
        "375567",
        "23705",
        "3356",
        "23266",
        "1129",
        "3786"
      ],
      "GO:0099544": [],
      "GO:0099243": [],
      "GO:0099699": [
        "4685"
      ],
      "GO:0099523": [],
      "GO:0099569": [
        "71"
      ],
      "GO:0048786": [
        "320",
        "493",
        "1129",
        "2560",
        "2550",
        "3084",
        "9369"
      ],
      "GO:0098833": [
        "273"
      ],
      "GO:0098830": [],
      "GO:0008021": [
        "5874",
        "5865",
        "273",
        "2597",
        "523",
        "6844"
      ],
      "GO:0098992": [
        "7857"
      ],
      "GO:0042734": [
        "6616",
        "53942",
        "3747",
        "23705",
        "2550",
        "3356",
        "6506",
        "1129"
      ],
      "SYNGO:presyn_ribosome": [],
      "SYNGO:presyn_er": [],
      "GO:0098965": [],
      "GO:0099524": [
        "6844"
      ],
      "GO:0099571": [
        "71"
      ],
      "GO:0097444": [],
      "GO:0150051": [],
      "GO:0099572": [
        "2560",
        "2550",
        "9863",
        "1501",
        "6844",
        "2597",
        "1630",
        "2895",
        "11122",
        "3084",
        "6092"
      ],
      "GO:0098843": [
        "273",
        "26052"
      ],
      "GO:0098845": [],
      "GO:0045211": [
        "9863",
        "375567",
        "23705",
        "3356",
        "2550",
        "23266",
        "1129",
        "3786"
      ],
      "SYNGO:postsyn_ribosome": [],
      "SYNGO:postsyn_er": [],
      "GO:0098966": [],
      "GO:0099182": [],
      "GO:0099143": [
        "71"
      ],
      "GO:0098831": [],
      "GO:0048787": [
        "320",
        "493",
        "1129",
        "2560",
        "2550",
        "3084",
        "9369"
      ],
      "GO:0098835": [
        "273"
      ],
      "GO:0098954": [],
      "GO:0034592": [],
      "GO:0030672": [
        "5874",
        "5865",
        "273",
        "2597",
        "523",
        "6844"
      ],
      "GO:0099013": [],
      "GO:0099012": [],
      "GO:0099026": [
        "6616",
        "53942"
      ],
      "GO:0098888": [
        "6616"
      ],
      "GO:0099056": [
        "3747",
        "23705",
        "2550",
        "3356",
        "6506",
        "1129"
      ],
      "SYNGO:presyn_er_membrane": [],
      "SYNGO:presyn_ser": [],
      "GO:0099160": [],
      "GO:0098871": [
        "71"
      ],
      "GO:0150050": [],
      "GO:0099189": [],
      "GO:0098897": [],
      "GO:0099091": [],
      "GO:0099634": [
        "2560",
        "2550"
      ],
      "GO:0014069": [
        "9863",
        "1501",
        "6844",
        "2597",
        "1630",
        "2895",
        "11122",
        "3084",
        "6092"
      ],
      "GO:0099629": [],
      "GO:0098844": [
        "26052"
      ],
      "GO:0098895": [],
      "GO:0098842": [],
      "GO:0098837": [],
      "GO:0099025": [],
      "GO:0098890": [
        "9863",
        "375567"
      ],
      "GO:0099055": [
        "23705",
        "3356",
        "2550",
        "23266",
        "1129",
        "3786"
      ],
      "SYNGO:postsyn_er_membrane": [],
      "SYNGO:postsyn_ser": [],
      "GO:0099029": [],
      "GO:0098891": [],
      "GO:0099059": [
        "493",
        "1129",
        "2560",
        "2550",
        "3084",
        "9369"
      ],
      "GO:0098894": [
        "273"
      ],
      "GO:0099067": [],
      "GO:0098993": [
        "5874",
        "5865"
      ],
      "GO:0098850": [
        "273",
        "2597",
        "523"
      ],
      "GO:0030285": [
        "6844"
      ],
      "GO:0098674": [],
      "GO:0099066": [],
      "SYNGO:presyn_er_membrane_integral": [],
      "SYNGO:presyn_ser_membrane": [],
      "GO:0099065": [],
      "GO:0098892": [],
      "GO:0099060": [
        "2560",
        "2550"
      ],
      "GO:0099092": [
        "2597"
      ],
      "GO:0098839": [
        "1630",
        "2895",
        "11122",
        "3084",
        "6092"
      ],
      "GO:0099164": [],
      "GO:0098999": [],
      "GO:0098896": [],
      "GO:0098944": [],
      "SYNGO:postsyn_er_membrane_integral": [],
      "SYNGO:postsyn_ser_membrane": [],
      "SYNGO:presyn_ser_membrane_integral": [],
      "GO:0099031": [],
      "GO:0099147": [],
      "GO:0099061": [
        "1630",
        "2895",
        "11122",
        "3084",
        "6092"
      ],
      "GO:0098998": [],
      "GO:0099033": [],
      "GO:0099063": [],
      "SYNGO:postsyn_ser_membrane_integral": []
    }
  }
}