[
  {
    "user_input_genelist": "VCAN",
    "idmap": [
      {
        "ensembl_id": "ENSG00000038427",
        "entrez_id": "1462",
        "hgnc_id": "HGNC:2464",
        "hgnc_name": "versican",
        "hgnc_symbol": "VCAN",
        "hgnc_synonyms": [
          "PG-M",
          "CSPG2"
        ],
        "user_input_genelist": [
          "VCAN"
        ]
      }
    ]
  },
  {
    "user_input_genelist": "DCC",
    "idmap": [
      {
        "ensembl_id": "ENSG00000187323",
        "entrez_id": "1630",
        "hgnc_id": "HGNC:2701",
        "hgnc_name": "DCC netrin 1 receptor",
        "hgnc_symbol": "DCC",
        "hgnc_synonyms": [
          "IGDCC1",
          "NTN1R1"
        ],
        "user_input_genelist": [
          "DCC"
        ]
      }
    ]
  },
  {
    "user_input_genelist": "ARHGAP6",
    "idmap": []
  },
  {
    "user_input_genelist": "SULF1",
    "idmap": []
  },
  {
    "user_input_genelist": "CHRM2",
    "idmap": [
      {
        "ensembl_id": "ENSG00000181072",
        "entrez_id": "1129",
        "hgnc_id": "HGNC:1951",
        "hgnc_name": "cholinergic receptor muscarinic 2",
        "hgnc_symbol": "CHRM2",
        "hgnc_synonyms": [],
        "user_input_genelist": [
          "CHRM2"
        ]
      }
    ]
  },
  {
    "user_input_genelist": "CRYM",
    "idmap": []
  },
  {
    "user_input_genelist": "LOC105371310",
    "idmap": []
  },
  {
    "user_input_genelist": "ELAVL2",
    "idmap": [
      {
        "ensembl_id": "ENSG00000107105",
        "entrez_id": "1993",
        "hgnc_id": "HGNC:3313",
        "hgnc_name": "ELAV like RNA binding protein 2",
        "hgnc_symbol": "ELAVL2",
        "hgnc_synonyms": [
          "HUB",
          "HEL-N1"
        ],
        "user_input_genelist": [
          "ELAVL2"
        ]
      }
    ]
  },
  {
    "user_input_genelist": "SPHKAP",
    "idmap": []
  },
  {
    "user_input_genelist": "CDH6",
    "idmap": [
      {
        "ensembl_id": "ENSG00000113361",
        "entrez_id": "1004",
        "hgnc_id": "HGNC:1765",
        "hgnc_name": "cadherin 6",
        "hgnc_symbol": "CDH6",
        "hgnc_synonyms": [],
        "user_input_genelist": [
          "CDH6"
        ]
      }
    ]
  },
  {
    "user_input_genelist": "THSD7B",
    "idmap": []
  },
  {
    "user_input_genelist": "HTR4",
    "idmap": [
      {
        "ensembl_id": "ENSG00000164270",
        "entrez_id": "3360",
        "hgnc_id": "HGNC:5299",
        "hgnc_name": "5-hydroxytryptamine receptor 4",
        "hgnc_symbol": "HTR4",
        "hgnc_synonyms": [
          "5-HT4"
        ],
        "user_input_genelist": [
          "HTR4"
        ]
      }
    ]
  },
  {
    "user_input_genelist": "PCDH15",
    "idmap": []
  },
  {
    "user_input_genelist": "PLCXD2",
    "idmap": []
  },
  {
    "user_input_genelist": "CADM1",
    "idmap": [
      {
        "ensembl_id": "ENSG00000182985",
        "entrez_id": "23705",
        "hgnc_id": "HGNC:5951",
        "hgnc_name": "cell adhesion molecule 1",
        "hgnc_symbol": "CADM1",
        "hgnc_synonyms": [
          "NECL2",
          "ST17",
          "BL2",
          "SYNCAM",
          "IGSF4A",
          "NECL-2",
          "SYNCAM1",
          "RA175",
          "TSLC1",
          "IGSF4"
        ],
        "user_input_genelist": [
          "CADM1"
        ]
      }
    ]
  },
  {
    "user_input_genelist": "PDGFC",
    "idmap": []
  },
  {
    "user_input_genelist": "HS6ST3",
    "idmap": []
  },
  {
    "user_input_genelist": "GALNT13",
    "idmap": []
  },
  {
    "user_input_genelist": "ZNF804A",
    "idmap": []
  },
  {
    "user_input_genelist": "CCBE1",
    "idmap": []
  },
  {
    "user_input_genelist": "MGAT4C",
    "idmap": []
  },
  {
    "user_input_genelist": "PTN",
    "idmap": [
      {
        "ensembl_id": "ENSG00000105894",
        "entrez_id": "5764",
        "hgnc_id": "HGNC:9630",
        "hgnc_name": "pleiotrophin",
        "hgnc_symbol": "PTN",
        "hgnc_synonyms": [
          "HBNF",
          "HBGF8",
          "NEGF1"
        ],
        "user_input_genelist": [
          "PTN"
        ]
      }
    ]
  },
  {
    "user_input_genelist": "B2M",
    "idmap": []
  },
  {
    "user_input_genelist": "HLA-B",
    "idmap": []
  },
  {
    "user_input_genelist": "LOC101929563",
    "idmap": []
  },
  {
    "user_input_genelist": "UNC13C",
    "idmap": [
      {
        "ensembl_id": "ENSG00000137766",
        "entrez_id": "440279",
        "hgnc_id": "HGNC:23149",
        "hgnc_name": "unc-13 homolog C",
        "hgnc_symbol": "UNC13C",
        "hgnc_synonyms": [
          "MUNC13-3",
          "DKFZP547H074"
        ],
        "user_input_genelist": [
          "UNC13C"
        ]
      }
    ]
  },
  {
    "user_input_genelist": "GNAL",
    "idmap": [
      {
        "ensembl_id": "ENSG00000141404",
        "entrez_id": "2774",
        "hgnc_id": "HGNC:4388",
        "hgnc_name": "G protein subunit alpha L",
        "hgnc_symbol": "GNAL",
        "hgnc_synonyms": [],
        "user_input_genelist": [
          "GNAL"
        ]
      }
    ]
  },
  {
    "user_input_genelist": "KLHL1",
    "idmap": []
  },
  {
    "user_input_genelist": "SLC35F3",
    "idmap": []
  },
  {
    "user_input_genelist": "SGCZ",
    "idmap": []
  },
  {
    "user_input_genelist": "COLEC10",
    "idmap": []
  },
  {
    "user_input_genelist": "NRG1",
    "idmap": [
      {
        "ensembl_id": "ENSG00000157168",
        "entrez_id": "3084",
        "hgnc_id": "HGNC:7997",
        "hgnc_name": "neuregulin 1",
        "hgnc_symbol": "NRG1",
        "hgnc_synonyms": [
          "NDF",
          "GGF",
          "NRG1-IT2"
        ],
        "user_input_genelist": [
          "NRG1"
        ]
      }
    ]
  },
  {
    "user_input_genelist": "IL12RB2",
    "idmap": []
  },
  {
    "user_input_genelist": "SLC15A5",
    "idmap": []
  },
  {
    "user_input_genelist": "KCNK2",
    "idmap": [
      {
        "ensembl_id": "ENSG00000082482",
        "entrez_id": "3776",
        "hgnc_id": "HGNC:6277",
        "hgnc_name": "potassium two pore domain channel subfamily K member 2",
        "hgnc_symbol": "KCNK2",
        "hgnc_synonyms": [
          "K2P2.1",
          "TREK-1"
        ],
        "user_input_genelist": [
          "KCNK2"
        ]
      }
    ]
  },
  {
    "user_input_genelist": "PTPRT",
    "idmap": [
      {
        "ensembl_id": "ENSG00000196090",
        "entrez_id": "11122",
        "hgnc_id": "HGNC:9682",
        "hgnc_name": "protein tyrosine phosphatase receptor type T",
        "hgnc_symbol": "PTPRT",
        "hgnc_synonyms": [
          "RPTPRHO",
          "KIAA0283"
        ],
        "user_input_genelist": [
          "PTPRT"
        ]
      }
    ]
  },
  {
    "user_input_genelist": "GABRG1",
    "idmap": []
  },
  {
    "user_input_genelist": "HS3ST5",
    "idmap": []
  },
  {
    "user_input_genelist": "ARHGAP25",
    "idmap": []
  },
  {
    "user_input_genelist": "TOX",
    "idmap": []
  },
  {
    "user_input_genelist": "SDK2",
    "idmap": []
  },
  {
    "user_input_genelist": "PGRMC1",
    "idmap": []
  },
  {
    "user_input_genelist": "TMEM132D",
    "idmap": []
  },
  {
    "user_input_genelist": "TMTC1",
    "idmap": []
  },
  {
    "user_input_genelist": "NRXN3",
    "idmap": [
      {
        "ensembl_id": "ENSG00000021645",
        "entrez_id": "9369",
        "hgnc_id": "HGNC:8010",
        "hgnc_name": "neurexin 3",
        "hgnc_symbol": "NRXN3",
        "hgnc_synonyms": [
          "KIAA0743",
          "C14ORF60"
        ],
        "user_input_genelist": [
          "NRXN3"
        ]
      }
    ]
  },
  {
    "user_input_genelist": "ATRNL1",
    "idmap": []
  },
  {
    "user_input_genelist": "PLCXD3",
    "idmap": [
      {
        "ensembl_id": "ENSG00000182836",
        "entrez_id": "345557",
        "hgnc_id": "HGNC:31822",
        "hgnc_name": "phosphatidylinositol specific phospholipase C X domain containing 3",
        "hgnc_symbol": "PLCXD3",
        "hgnc_synonyms": [],
        "user_input_genelist": [
          "PLCXD3"
        ]
      }
    ]
  },
  {
    "user_input_genelist": "SCN9A",
    "idmap": []
  },
  {
    "user_input_genelist": "EDIL3",
    "idmap": []
  },
  {
    "user_input_genelist": "TMSB4X",
    "idmap": []
  },
  {
    "user_input_genelist": "ZNF385D",
    "idmap": []
  },
  {
    "user_input_genelist": "CNTN5",
    "idmap": [
      {
        "ensembl_id": "ENSG00000149972",
        "entrez_id": "53942",
        "hgnc_id": "HGNC:2175",
        "hgnc_name": "contactin 5",
        "hgnc_symbol": "CNTN5",
        "hgnc_synonyms": [
          "NB-2",
          "HNB-2"
        ],
        "user_input_genelist": [
          "CNTN5"
        ]
      }
    ]
  },
  {
    "user_input_genelist": "CTNND2",
    "idmap": [
      {
        "ensembl_id": "ENSG00000169862",
        "entrez_id": "1501",
        "hgnc_id": "HGNC:2516",
        "hgnc_name": "catenin delta 2",
        "hgnc_symbol": "CTNND2",
        "hgnc_synonyms": [
          "NPRAP",
          "GT24"
        ],
        "user_input_genelist": [
          "CTNND2"
        ]
      }
    ]
  },
  {
    "user_input_genelist": "MSMO1",
    "idmap": []
  },
  {
    "user_input_genelist": "CELF4",
    "idmap": []
  },
  {
    "user_input_genelist": "ROBO2",
    "idmap": [
      {
        "ensembl_id": "ENSG00000185008",
        "entrez_id": "6092",
        "hgnc_id": "HGNC:10250",
        "hgnc_name": "roundabout guidance receptor 2",
        "hgnc_symbol": "ROBO2",
        "hgnc_synonyms": [
          "KIAA1568"
        ],
        "user_input_genelist": [
          "ROBO2"
        ]
      }
    ]
  },
  {
    "user_input_genelist": "C8ORF34",
    "idmap": []
  },
  {
    "user_input_genelist": "PDE4D",
    "idmap": []
  },
  {
    "user_input_genelist": "NCAM2",
    "idmap": [
      {
        "ensembl_id": "ENSG00000154654",
        "entrez_id": "4685",
        "hgnc_id": "HGNC:7657",
        "hgnc_name": "neural cell adhesion molecule 2",
        "hgnc_symbol": "NCAM2",
        "hgnc_synonyms": [
          "NCAM21",
          "MGC51008"
        ],
        "user_input_genelist": [
          "NCAM2"
        ]
      }
    ]
  },
  {
    "user_input_genelist": "EPB41L4A",
    "idmap": []
  },
  {
    "user_input_genelist": "PDZD2",
    "idmap": []
  },
  {
    "user_input_genelist": "FOCAD",
    "idmap": []
  },
  {
    "user_input_genelist": "PRR16",
    "idmap": []
  },
  {
    "user_input_genelist": "FSTL5",
    "idmap": []
  },
  {
    "user_input_genelist": "RAB3B",
    "idmap": [
      {
        "ensembl_id": "ENSG00000169213",
        "entrez_id": "5865",
        "hgnc_id": "HGNC:9778",
        "hgnc_name": "RAB3B, member RAS oncogene family",
        "hgnc_symbol": "RAB3B",
        "hgnc_synonyms": [],
        "user_input_genelist": [
          "RAB3B"
        ]
      }
    ]
  },
  {
    "user_input_genelist": "DLEU1",
    "idmap": []
  },
  {
    "user_input_genelist": "TUBB2A",
    "idmap": []
  },
  {
    "user_input_genelist": "MIR181A1HG",
    "idmap": []
  },
  {
    "user_input_genelist": "CHSY3",
    "idmap": []
  },
  {
    "user_input_genelist": "HS3ST2",
    "idmap": []
  },
  {
    "user_input_genelist": "HMGCS1",
    "idmap": []
  },
  {
    "user_input_genelist": "ADRA1B",
    "idmap": []
  },
  {
    "user_input_genelist": "MIR137HG",
    "idmap": []
  },
  {
    "user_input_genelist": "MIR325HG",
    "idmap": []
  },
  {
    "user_input_genelist": "SNAP25",
    "idmap": [
      {
        "ensembl_id": "ENSG00000132639",
        "entrez_id": "6616",
        "hgnc_id": "HGNC:11132",
        "hgnc_name": "synaptosome associated protein 25",
        "hgnc_symbol": "SNAP25",
        "hgnc_synonyms": [
          "SNAP-25",
          "RIC-4",
          "RIC4",
          "SEC9",
          "BA416N4.2",
          "DJ1068F16.2",
          "SNAP"
        ],
        "user_input_genelist": [
          "SNAP25"
        ]
      }
    ]
  },
  {
    "user_input_genelist": "FAM13C",
    "idmap": []
  },
  {
    "user_input_genelist": "DLEU2",
    "idmap": []
  },
  {
    "user_input_genelist": "NAP1L3",
    "idmap": []
  },
  {
    "user_input_genelist": "INPP4B",
    "idmap": []
  },
  {
    "user_input_genelist": "MAP3K5",
    "idmap": []
  },
  {
    "user_input_genelist": "ATP1B1",
    "idmap": []
  },
  {
    "user_input_genelist": "HMGCR",
    "idmap": []
  },
  {
    "user_input_genelist": "SORCS1",
    "idmap": []
  },
  {
    "user_input_genelist": "PFKP",
    "idmap": []
  },
  {
    "user_input_genelist": "STMN1",
    "idmap": []
  },
  {
    "user_input_genelist": "UTRN",
    "idmap": []
  },
  {
    "user_input_genelist": "VWC2",
    "idmap": [
      {
        "ensembl_id": "ENSG00000188730",
        "entrez_id": "375567",
        "hgnc_id": "HGNC:30200",
        "hgnc_name": "von Willebrand factor C domain containing 2",
        "hgnc_symbol": "VWC2",
        "hgnc_synonyms": [
          "PSST739",
          "UNQ739"
        ],
        "user_input_genelist": [
          "VWC2"
        ]
      }
    ]
  },
  {
    "user_input_genelist": "KLHL32",
    "idmap": []
  },
  {
    "user_input_genelist": "DPP10",
    "idmap": []
  },
  {
    "user_input_genelist": "CALN1",
    "idmap": []
  },
  {
    "user_input_genelist": "HSP90AA1",
    "idmap": [
      {
        "ensembl_id": "ENSG00000080824",
        "entrez_id": "3320",
        "hgnc_id": "HGNC:5253",
        "hgnc_name": "heat shock protein 90 alpha family class A member 1",
        "hgnc_symbol": "HSP90AA1",
        "hgnc_synonyms": [
          "HSP89",
          "HSP90",
          "FLJ31884",
          "HSP90N",
          "HSPC1"
        ],
        "user_input_genelist": [
          "HSP90AA1"
        ]
      }
    ]
  },
  {
    "user_input_genelist": "SLC1A2",
    "idmap": [
      {
        "ensembl_id": "ENSG00000110436",
        "entrez_id": "6506",
        "hgnc_id": "HGNC:10940",
        "hgnc_name": "solute carrier family 1 member 2",
        "hgnc_symbol": "SLC1A2",
        "hgnc_synonyms": [
          "GLT-1",
          "GLT1",
          "EAAT2",
          "HBGT"
        ],
        "user_input_genelist": [
          "SLC1A2"
        ]
      }
    ]
  },
  {
    "user_input_genelist": "MLLT3",
    "idmap": []
  },
  {
    "user_input_genelist": "CDK8",
    "idmap": []
  },
  {
    "user_input_genelist": "GRAMD1C",
    "idmap": []
  },
  {
    "user_input_genelist": "GALNT7",
    "idmap": []
  },
  {
    "user_input_genelist": "FER1L6-AS2",
    "idmap": []
  },
  {
    "user_input_genelist": "ARL15",
    "idmap": []
  },
  {
    "user_input_genelist": "ALDOA",
    "idmap": []
  },
  {
    "user_input_genelist": "ADD3",
    "idmap": []
  },
  {
    "user_input_genelist": "MAGI2",
    "idmap": [
      {
        "ensembl_id": "ENSG00000187391",
        "entrez_id": "9863",
        "hgnc_id": "HGNC:18957",
        "hgnc_name": "membrane associated guanylate kinase, WW and PDZ domain containing 2",
        "hgnc_symbol": "MAGI2",
        "hgnc_synonyms": [
          "ACVRIP1",
          "MAGI-2"
        ],
        "user_input_genelist": [
          "MAGI2"
        ]
      }
    ]
  },
  {
    "user_input_genelist": "CNTN4",
    "idmap": []
  },
  {
    "user_input_genelist": "ROBO1",
    "idmap": []
  },
  {
    "user_input_genelist": "PID1",
    "idmap": []
  },
  {
    "user_input_genelist": "GAPDH",
    "idmap": [
      {
        "ensembl_id": "ENSG00000111640",
        "entrez_id": "2597",
        "hgnc_id": "HGNC:4141",
        "hgnc_name": "glyceraldehyde-3-phosphate dehydrogenase",
        "hgnc_symbol": "GAPDH",
        "hgnc_synonyms": [
          "GAPD"
        ],
        "user_input_genelist": [
          "GAPDH"
        ]
      }
    ]
  },
  {
    "user_input_genelist": "UCHL1",
    "idmap": []
  },
  {
    "user_input_genelist": "NKAIN2",
    "idmap": []
  },
  {
    "user_input_genelist": "ADD3-AS1",
    "idmap": []
  },
  {
    "user_input_genelist": "BRINP2",
    "idmap": []
  },
  {
    "user_input_genelist": "SCG2",
    "idmap": [
      {
        "ensembl_id": "ENSG00000171951",
        "entrez_id": "7857",
        "hgnc_id": "HGNC:10575",
        "hgnc_name": "secretogranin II",
        "hgnc_symbol": "SCG2",
        "hgnc_synonyms": [
          "CHGC"
        ],
        "user_input_genelist": [
          "SCG2"
        ]
      }
    ]
  },
  {
    "user_input_genelist": "EXT1",
    "idmap": []
  },
  {
    "user_input_genelist": "DPYD",
    "idmap": []
  },
  {
    "user_input_genelist": "ACTG1",
    "idmap": [
      {
        "ensembl_id": "ENSG00000184009",
        "entrez_id": "71",
        "hgnc_id": "HGNC:144",
        "hgnc_name": "actin gamma 1",
        "hgnc_symbol": "ACTG1",
        "hgnc_synonyms": [
          "ACTG",
          "DFNA20",
          "DFNA26"
        ],
        "user_input_genelist": [
          "ACTG1"
        ]
      }
    ]
  },
  {
    "user_input_genelist": "MIR100HG",
    "idmap": []
  },
  {
    "user_input_genelist": "DCX",
    "idmap": [
      {
        "ensembl_id": "ENSG00000077279",
        "entrez_id": "1641",
        "hgnc_id": "HGNC:2714",
        "hgnc_name": "doublecortin",
        "hgnc_symbol": "DCX",
        "hgnc_synonyms": [
          "SCLH",
          "DC",
          "LISX",
          "DBCN",
          "XLIS"
        ],
        "user_input_genelist": [
          "DCX"
        ]
      }
    ]
  },
  {
    "user_input_genelist": "PTBP2",
    "idmap": []
  },
  {
    "user_input_genelist": "UBB",
    "idmap": []
  },
  {
    "user_input_genelist": "UNC5D",
    "idmap": []
  },
  {
    "user_input_genelist": "TMSB10",
    "idmap": []
  },
  {
    "user_input_genelist": "GABBR1",
    "idmap": [
      {
        "ensembl_id": "ENSG00000204681",
        "entrez_id": "2550",
        "hgnc_id": "HGNC:4070",
        "hgnc_name": "gamma-aminobutyric acid type B receptor subunit 1",
        "hgnc_symbol": "GABBR1",
        "hgnc_synonyms": [
          "HGB1A",
          "GPRC3A"
        ],
        "user_input_genelist": [
          "GABBR1"
        ]
      }
    ]
  },
  {
    "user_input_genelist": "PLXDC2",
    "idmap": []
  },
  {
    "user_input_genelist": "TENM1",
    "idmap": [
      {
        "ensembl_id": "ENSG00000009694",
        "entrez_id": "10178",
        "hgnc_id": "HGNC:8117",
        "hgnc_name": "teneurin transmembrane protein 1",
        "hgnc_symbol": "TENM1",
        "hgnc_synonyms": [
          "TEN-M1",
          "TNM",
          "ODZ1"
        ],
        "user_input_genelist": [
          "TENM1"
        ]
      }
    ]
  },
  {
    "user_input_genelist": "DNM3",
    "idmap": [
      {
        "ensembl_id": "ENSG00000197959",
        "entrez_id": "26052",
        "hgnc_id": "HGNC:29125",
        "hgnc_name": "dynamin 3",
        "hgnc_symbol": "DNM3",
        "hgnc_synonyms": [
          "KIAA0820"
        ],
        "user_input_genelist": [
          "DNM3"
        ]
      }
    ]
  },
  {
    "user_input_genelist": "LOC101928278",
    "idmap": []
  },
  {
    "user_input_genelist": "LOC105371308",
    "idmap": []
  },
  {
    "user_input_genelist": "KCNAB1",
    "idmap": []
  },
  {
    "user_input_genelist": "CDH11",
    "idmap": [
      {
        "ensembl_id": "ENSG00000140937",
        "entrez_id": "1009",
        "hgnc_id": "HGNC:1750",
        "hgnc_name": "cadherin 11",
        "hgnc_symbol": "CDH11",
        "hgnc_synonyms": [
          "CAD11"
        ],
        "user_input_genelist": [
          "CDH11"
        ]
      }
    ]
  },
  {
    "user_input_genelist": "AMPH",
    "idmap": [
      {
        "ensembl_id": "ENSG00000078053",
        "entrez_id": "273",
        "hgnc_id": "HGNC:471",
        "hgnc_name": "amphiphysin",
        "hgnc_symbol": "AMPH",
        "hgnc_synonyms": [],
        "user_input_genelist": [
          "AMPH"
        ]
      }
    ]
  },
  {
    "user_input_genelist": "SAMD12",
    "idmap": []
  },
  {
    "user_input_genelist": "KCNQ3",
    "idmap": [
      {
        "ensembl_id": "ENSG00000184156",
        "entrez_id": "3786",
        "hgnc_id": "HGNC:6297",
        "hgnc_name": "potassium voltage-gated channel subfamily Q member 3",
        "hgnc_symbol": "KCNQ3",
        "hgnc_synonyms": [
          "KV7.3",
          "EBN2"
        ],
        "user_input_genelist": [
          "KCNQ3"
        ]
      }
    ]
  },
  {
    "user_input_genelist": "ANKRD6",
    "idmap": []
  },
  {
    "user_input_genelist": "SGCD",
    "idmap": []
  },
  {
    "user_input_genelist": "MAP1B",
    "idmap": [
      {
        "ensembl_id": "ENSG00000131711",
        "entrez_id": "4131",
        "hgnc_id": "HGNC:6836",
        "hgnc_name": "microtubule associated protein 1B",
        "hgnc_symbol": "MAP1B",
        "hgnc_synonyms": [
          "MAP5",
          "PPP1R102"
        ],
        "user_input_genelist": [
          "MAP1B"
        ]
      }
    ]
  },
  {
    "user_input_genelist": "TUBA1B",
    "idmap": []
  },
  {
    "user_input_genelist": "TSHZ3",
    "idmap": []
  },
  {
    "user_input_genelist": "PDZRN4",
    "idmap": []
  },
  {
    "user_input_genelist": "APBA1",
    "idmap": [
      {
        "ensembl_id": "ENSG00000107282",
        "entrez_id": "320",
        "hgnc_id": "HGNC:578",
        "hgnc_name": "amyloid beta precursor protein binding family A member 1",
        "hgnc_symbol": "APBA1",
        "hgnc_synonyms": [
          "D9S411E",
          "X11",
          "MINT1"
        ],
        "user_input_genelist": [
          "APBA1"
        ]
      }
    ]
  },
  {
    "user_input_genelist": "ATP6V1A",
    "idmap": [
      {
        "ensembl_id": "ENSG00000114573",
        "entrez_id": "523",
        "hgnc_id": "HGNC:851",
        "hgnc_name": "ATPase H+ transporting V1 subunit A",
        "hgnc_symbol": "ATP6V1A",
        "hgnc_synonyms": [
          "VMA1",
          "VA68",
          "ATP6A1",
          "ATP6V1A1"
        ],
        "user_input_genelist": [
          "ATP6V1A"
        ]
      }
    ]
  },
  {
    "user_input_genelist": "HDAC9",
    "idmap": []
  },
  {
    "user_input_genelist": "MAGI1",
    "idmap": [
      {
        "ensembl_id": "ENSG00000151276",
        "entrez_id": "9223",
        "hgnc_id": "HGNC:946",
        "hgnc_name": "membrane associated guanylate kinase, WW and PDZ domain containing 1",
        "hgnc_symbol": "MAGI1",
        "hgnc_synonyms": [
          "MAGI-1",
          "TNRC19",
          "AIP3",
          "WWP3",
          "BAIAP1"
        ],
        "user_input_genelist": [
          "MAGI1"
        ]
      }
    ]
  },
  {
    "user_input_genelist": "GNAS",
    "idmap": [
      {
        "ensembl_id": "ENSG00000087460",
        "entrez_id": "2778",
        "hgnc_id": "HGNC:4392",
        "hgnc_name": "GNAS complex locus",
        "hgnc_symbol": "GNAS",
        "hgnc_synonyms": [
          "NESP55",
          "NESP",
          "GNASXL",
          "GPSA",
          "SCG6",
          "SGVI",
          "GNAS1"
        ],
        "user_input_genelist": [
          "GNAS"
        ]
      }
    ]
  },
  {
    "user_input_genelist": "MAN2A1",
    "idmap": []
  },
  {
    "user_input_genelist": "ZFPM2",
    "idmap": []
  },
  {
    "user_input_genelist": "SERINC1",
    "idmap": []
  },
  {
    "user_input_genelist": "PEBP1",
    "idmap": []
  },
  {
    "user_input_genelist": "FNBP1L",
    "idmap": []
  },
  {
    "user_input_genelist": "COL19A1",
    "idmap": []
  },
  {
    "user_input_genelist": "RNF220",
    "idmap": [
      {
        "ensembl_id": "ENSG00000187147",
        "entrez_id": "55182",
        "hgnc_id": "HGNC:25552",
        "hgnc_name": "ring finger protein 220",
        "hgnc_symbol": "RNF220",
        "hgnc_synonyms": [
          "FLJ10597",
          "C1ORF164"
        ],
        "user_input_genelist": [
          "RNF220"
        ]
      }
    ]
  },
  {
    "user_input_genelist": "SLC2A13",
    "idmap": []
  },
  {
    "user_input_genelist": "ANO3",
    "idmap": []
  },
  {
    "user_input_genelist": "ASXL3",
    "idmap": []
  },
  {
    "user_input_genelist": "LMO3",
    "idmap": []
  },
  {
    "user_input_genelist": "HTR2A",
    "idmap": [
      {
        "ensembl_id": "ENSG00000102468",
        "entrez_id": "3356",
        "hgnc_id": "HGNC:5293",
        "hgnc_name": "5-hydroxytryptamine receptor 2A",
        "hgnc_symbol": "HTR2A",
        "hgnc_synonyms": [
          "5-HT2A",
          "HTR2"
        ],
        "user_input_genelist": [
          "HTR2A"
        ]
      }
    ]
  },
  {
    "user_input_genelist": "SH3D19",
    "idmap": []
  },
  {
    "user_input_genelist": "NCALD",
    "idmap": []
  },
  {
    "user_input_genelist": "CCN2",
    "idmap": []
  },
  {
    "user_input_genelist": "ATP2B4",
    "idmap": [
      {
        "ensembl_id": "ENSG00000058668",
        "entrez_id": "493",
        "hgnc_id": "HGNC:817",
        "hgnc_name": "ATPase plasma membrane Ca2+ transporting 4",
        "hgnc_symbol": "ATP2B4",
        "hgnc_synonyms": [
          "PMCA4",
          "MXRA1"
        ],
        "user_input_genelist": [
          "ATP2B4"
        ]
      }
    ]
  },
  {
    "user_input_genelist": "KCNC2",
    "idmap": [
      {
        "ensembl_id": "ENSG00000166006",
        "entrez_id": "3747",
        "hgnc_id": "HGNC:6234",
        "hgnc_name": "potassium voltage-gated channel subfamily C member 2",
        "hgnc_symbol": "KCNC2",
        "hgnc_synonyms": [
          "KV3.2"
        ],
        "user_input_genelist": [
          "KCNC2"
        ]
      }
    ]
  },
  {
    "user_input_genelist": "VAMP2",
    "idmap": [
      {
        "ensembl_id": "ENSG00000220205",
        "entrez_id": "6844",
        "hgnc_id": "HGNC:12643",
        "hgnc_name": "vesicle associated membrane protein 2",
        "hgnc_symbol": "VAMP2",
        "hgnc_synonyms": [
          "VAMP-2",
          "SYB2"
        ],
        "user_input_genelist": [
          "VAMP2"
        ]
      }
    ]
  },
  {
    "user_input_genelist": "PTPRG",
    "idmap": []
  },
  {
    "user_input_genelist": "GABRB1",
    "idmap": [
      {
        "ensembl_id": "ENSG00000163288",
        "entrez_id": "2560",
        "hgnc_id": "HGNC:4081",
        "hgnc_name": "gamma-aminobutyric acid type A receptor subunit beta1",
        "hgnc_symbol": "GABRB1",
        "hgnc_synonyms": [],
        "user_input_genelist": [
          "GABRB1"
        ]
      }
    ]
  },
  {
    "user_input_genelist": "PDE1A",
    "idmap": []
  },
  {
    "user_input_genelist": "GRID2",
    "idmap": [
      {
        "ensembl_id": "ENSG00000152208",
        "entrez_id": "2895",
        "hgnc_id": "HGNC:4576",
        "hgnc_name": "glutamate ionotropic receptor delta type subunit 2",
        "hgnc_symbol": "GRID2",
        "hgnc_synonyms": [
          "GLUR-DELTA-2"
        ],
        "user_input_genelist": [
          "GRID2"
        ]
      }
    ]
  },
  {
    "user_input_genelist": "FHIP1A",
    "idmap": []
  },
  {
    "user_input_genelist": "RAB27B",
    "idmap": [
      {
        "ensembl_id": "ENSG00000041353",
        "entrez_id": "5874",
        "hgnc_id": "HGNC:9767",
        "hgnc_name": "RAB27B, member RAS oncogene family",
        "hgnc_symbol": "RAB27B",
        "hgnc_synonyms": [],
        "user_input_genelist": [
          "RAB27B"
        ]
      }
    ]
  },
  {
    "user_input_genelist": "THRB",
    "idmap": []
  },
  {
    "user_input_genelist": "CYTB",
    "idmap": []
  },
  {
    "user_input_genelist": "KAZN",
    "idmap": []
  },
  {
    "user_input_genelist": "ADGRL2",
    "idmap": [
      {
        "ensembl_id": "ENSG00000117114",
        "entrez_id": "23266",
        "hgnc_id": "HGNC:18582",
        "hgnc_name": "adhesion G protein-coupled receptor L2",
        "hgnc_symbol": "ADGRL2",
        "hgnc_synonyms": [
          "KIAA0786",
          "LEC1",
          "CIRL2",
          "LPHH1",
          "LPHN2"
        ],
        "user_input_genelist": [
          "ADGRL2"
        ]
      }
    ]
  },
  {
    "user_input_genelist": "LOC105378486",
    "idmap": []
  },
  {
    "user_input_genelist": "HSP90AB1",
    "idmap": []
  },
  {
    "user_input_genelist": "COX3",
    "idmap": []
  },
  {
    "user_input_genelist": "ATP6",
    "idmap": []
  },
  {
    "user_input_genelist": "ND3",
    "idmap": []
  },
  {
    "user_input_genelist": "FSTL4",
    "idmap": []
  },
  {
    "user_input_genelist": "CDH12",
    "idmap": []
  },
  {
    "user_input_genelist": "PTCHD1-AS",
    "idmap": []
  },
  {
    "user_input_genelist": "GPC5",
    "idmap": []
  },
  {
    "user_input_genelist": "ND4",
    "idmap": []
  },
  {
    "user_input_genelist": "LOC100132891",
    "idmap": []
  },
  {
    "user_input_genelist": "COX2",
    "idmap": []
  },
  {
    "user_input_genelist": "ND2",
    "idmap": []
  },
  {
    "user_input_genelist": "COX1",
    "idmap": []
  },
  {
    "user_input_genelist": "RNR2",
    "idmap": []
  }
]