{
  "direct": {
    "hgnc_id": {
      "GO:0045202": [
        "HGNC:29647"
      ],
      "GO:0097060": [],
      "GO:0098793": [],
      "GO:0043083": [
        "HGNC:1544"
      ],
      "GO:0098794": [
        "HGNC:7997",
        "HGNC:22394"
      ],
      "GO:0099544": [],
      "GO:0099243": [],
      "GO:0099699": [],
      "GO:0099523": [],
      "GO:0099569": [],
      "GO:0048786": [],
      "GO:0098833": [],
      "GO:0098830": [],
      "GO:0008021": [],
      "GO:0098992": [],
      "GO:0042734": [
        "HGNC:22394"
      ],
      "SYNGO:presyn_ribosome": [],
      "SYNGO:presyn_er": [],
      "GO:0098965": [
        "HGNC:11220"
      ],
      "GO:0099524": [
        "HGNC:17512"
      ],
      "GO:0099571": [],
      "GO:0097444": [],
      "GO:0150051": [],
      "GO:0099572": [],
      "GO:0098843": [
        "HGNC:17089"
      ],
      "GO:0098845": [],
      "GO:0045211": [],
      "SYNGO:postsyn_ribosome": [],
      "SYNGO:postsyn_er": [],
      "GO:0098966": [],
      "GO:0099182": [],
      "GO:0099143": [],
      "GO:0098831": [],
      "GO:0048787": [
        "HGNC:22394"
      ],
      "GO:0098835": [],
      "GO:0098954": [],
      "GO:0034592": [],
      "GO:0030672": [],
      "GO:0099013": [],
      "GO:0099012": [],
      "GO:0099026": [],
      "GO:0098888": [],
      "GO:0099056": [
        "HGNC:277",
        "HGNC:10585"
      ],
      "SYNGO:presyn_er_membrane": [],
      "SYNGO:presyn_ser": [],
      "GO:0099160": [],
      "GO:0098871": [
        "HGNC:17089"
      ],
      "GO:0150050": [],
      "GO:0099189": [],
      "GO:0098897": [],
      "GO:0099091": [],
      "GO:0099634": [],
      "GO:0014069": [
        "HGNC:17512"
      ],
      "GO:0099629": [],
      "GO:0098844": [],
      "GO:0098895": [],
      "GO:0098842": [],
      "GO:0098837": [],
      "GO:0099025": [],
      "GO:0098890": [],
      "GO:0099055": [
        "HGNC:277"
      ],
      "SYNGO:postsyn_er_membrane": [],
      "SYNGO:postsyn_ser": [],
      "GO:0099029": [],
      "GO:0098891": [],
      "GO:0099059": [
        "HGNC:4574",
        "HGNC:7997"
      ],
      "GO:0098894": [],
      "GO:0099067": [],
      "GO:0098993": [],
      "GO:0098850": [],
      "GO:0030285": [
        "HGNC:30670"
      ],
      "GO:0098674": [],
      "GO:0099066": [],
      "SYNGO:presyn_er_membrane_integral": [],
      "SYNGO:presyn_ser_membrane": [],
      "GO:0099065": [],
      "GO:0098892": [],
      "GO:0099060": [],
      "GO:0099092": [],
      "GO:0098839": [],
      "GO:0099164": [],
      "GO:0098999": [],
      "GO:0098896": [],
      "GO:0098944": [],
      "SYNGO:postsyn_er_membrane_integral": [],
      "SYNGO:postsyn_ser_membrane": [],
      "SYNGO:presyn_ser_membrane_integral": [],
      "GO:0099031": [],
      "GO:0099147": [],
      "GO:0099061": [
        "HGNC:4574",
        "HGNC:7997",
        "HGNC:6144"
      ],
      "GO:0098998": [],
      "GO:0099033": [],
      "GO:0099063": [],
      "SYNGO:postsyn_ser_membrane_integral": []
    },
    "hgnc_symbol": {
      "GO:0045202": [
        "MAGI3"
      ],
      "GO:0097060": [],
      "GO:0098793": [],
      "GO:0043083": [
        "CBLN2"
      ],
      "GO:0098794": [
        "NRG1",
        "KCTD8"
      ],
      "GO:0099544": [],
      "GO:0099243": [],
      "GO:0099699": [],
      "GO:0099523": [],
      "GO:0099569": [],
      "GO:0048786": [],
      "GO:0098833": [],
      "GO:0098830": [],
      "GO:0008021": [],
      "GO:0098992": [],
      "GO:0042734": [
        "KCTD8"
      ],
      "SYNGO:presyn_ribosome": [],
      "SYNGO:presyn_er": [],
      "GO:0098965": [
        "SPARCL1"
      ],
      "GO:0099524": [
        "HOMER1"
      ],
      "GO:0099571": [],
      "GO:0097444": [],
      "GO:0150051": [],
      "GO:0099572": [],
      "GO:0098843": [
        "SYNE1"
      ],
      "GO:0098845": [],
      "GO:0045211": [],
      "SYNGO:postsyn_ribosome": [],
      "SYNGO:postsyn_er": [],
      "GO:0098966": [],
      "GO:0099182": [],
      "GO:0099143": [],
      "GO:0098831": [],
      "GO:0048787": [
        "KCTD8"
      ],
      "GO:0098835": [],
      "GO:0098954": [],
      "GO:0034592": [],
      "GO:0030672": [],
      "GO:0099013": [],
      "GO:0099012": [],
      "GO:0099026": [],
      "GO:0098888": [],
      "GO:0099056": [
        "ADRA1A",
        "SCN1A"
      ],
      "SYNGO:presyn_er_membrane": [],
      "SYNGO:presyn_ser": [],
      "GO:0099160": [],
      "GO:0098871": [
        "SYNE1"
      ],
      "GO:0150050": [],
      "GO:0099189": [],
      "GO:0098897": [],
      "GO:0099091": [],
      "GO:0099634": [],
      "GO:0014069": [
        "HOMER1"
      ],
      "GO:0099629": [],
      "GO:0098844": [],
      "GO:0098895": [],
      "GO:0098842": [],
      "GO:0098837": [],
      "GO:0099025": [],
      "GO:0098890": [],
      "GO:0099055": [
        "ADRA1A"
      ],
      "SYNGO:postsyn_er_membrane": [],
      "SYNGO:postsyn_ser": [],
      "GO:0099029": [],
      "GO:0098891": [],
      "GO:0099059": [
        "GRIA4",
        "NRG1"
      ],
      "GO:0098894": [],
      "GO:0099067": [],
      "GO:0098993": [],
      "GO:0098850": [],
      "GO:0030285": [
        "SV2C"
      ],
      "GO:0098674": [],
      "GO:0099066": [],
      "SYNGO:presyn_er_membrane_integral": [],
      "SYNGO:presyn_ser_membrane": [],
      "GO:0099065": [],
      "GO:0098892": [],
      "GO:0099060": [],
      "GO:0099092": [],
      "GO:0098839": [],
      "GO:0099164": [],
      "GO:0098999": [],
      "GO:0098896": [],
      "GO:0098944": [],
      "SYNGO:postsyn_er_membrane_integral": [],
      "SYNGO:postsyn_ser_membrane": [],
      "SYNGO:presyn_ser_membrane_integral": [],
      "GO:0099031": [],
      "GO:0099147": [],
      "GO:0099061": [
        "GRIA4",
        "NRG1",
        "ITGA8"
      ],
      "GO:0098998": [],
      "GO:0099033": [],
      "GO:0099063": [],
      "SYNGO:postsyn_ser_membrane_integral": []
    },
    "ensembl_id": {
      "GO:0045202": [
        "ENSG00000081026"
      ],
      "GO:0097060": [],
      "GO:0098793": [],
      "GO:0043083": [
        "ENSG00000141668"
      ],
      "GO:0098794": [
        "ENSG00000157168",
        "ENSG00000183783"
      ],
      "GO:0099544": [],
      "GO:0099243": [],
      "GO:0099699": [],
      "GO:0099523": [],
      "GO:0099569": [],
      "GO:0048786": [],
      "GO:0098833": [],
      "GO:0098830": [],
      "GO:0008021": [],
      "GO:0098992": [],
      "GO:0042734": [
        "ENSG00000183783"
      ],
      "SYNGO:presyn_ribosome": [],
      "SYNGO:presyn_er": [],
      "GO:0098965": [
        "ENSG00000152583"
      ],
      "GO:0099524": [
        "ENSG00000152413"
      ],
      "GO:0099571": [],
      "GO:0097444": [],
      "GO:0150051": [],
      "GO:0099572": [],
      "GO:0098843": [
        "ENSG00000131018"
      ],
      "GO:0098845": [],
      "GO:0045211": [],
      "SYNGO:postsyn_ribosome": [],
      "SYNGO:postsyn_er": [],
      "GO:0098966": [],
      "GO:0099182": [],
      "GO:0099143": [],
      "GO:0098831": [],
      "GO:0048787": [
        "ENSG00000183783"
      ],
      "GO:0098835": [],
      "GO:0098954": [],
      "GO:0034592": [],
      "GO:0030672": [],
      "GO:0099013": [],
      "GO:0099012": [],
      "GO:0099026": [],
      "GO:0098888": [],
      "GO:0099056": [
        "ENSG00000120907",
        "ENSG00000144285"
      ],
      "SYNGO:presyn_er_membrane": [],
      "SYNGO:presyn_ser": [],
      "GO:0099160": [],
      "GO:0098871": [
        "ENSG00000131018"
      ],
      "GO:0150050": [],
      "GO:0099189": [],
      "GO:0098897": [],
      "GO:0099091": [],
      "GO:0099634": [],
      "GO:0014069": [
        "ENSG00000152413"
      ],
      "GO:0099629": [],
      "GO:0098844": [],
      "GO:0098895": [],
      "GO:0098842": [],
      "GO:0098837": [],
      "GO:0099025": [],
      "GO:0098890": [],
      "GO:0099055": [
        "ENSG00000120907"
      ],
      "SYNGO:postsyn_er_membrane": [],
      "SYNGO:postsyn_ser": [],
      "GO:0099029": [],
      "GO:0098891": [],
      "GO:0099059": [
        "ENSG00000152578",
        "ENSG00000157168"
      ],
      "GO:0098894": [],
      "GO:0099067": [],
      "GO:0098993": [],
      "GO:0098850": [],
      "GO:0030285": [
        "ENSG00000122012"
      ],
      "GO:0098674": [],
      "GO:0099066": [],
      "SYNGO:presyn_er_membrane_integral": [],
      "SYNGO:presyn_ser_membrane": [],
      "GO:0099065": [],
      "GO:0098892": [],
      "GO:0099060": [],
      "GO:0099092": [],
      "GO:0098839": [],
      "GO:0099164": [],
      "GO:0098999": [],
      "GO:0098896": [],
      "GO:0098944": [],
      "SYNGO:postsyn_er_membrane_integral": [],
      "SYNGO:postsyn_ser_membrane": [],
      "SYNGO:presyn_ser_membrane_integral": [],
      "GO:0099031": [],
      "GO:0099147": [],
      "GO:0099061": [
        "ENSG00000152578",
        "ENSG00000157168",
        "ENSG00000077943"
      ],
      "GO:0098998": [],
      "GO:0099033": [],
      "GO:0099063": [],
      "SYNGO:postsyn_ser_membrane_integral": []
    },
    "entrez_id": {
      "GO:0045202": [
        "260425"
      ],
      "GO:0097060": [],
      "GO:0098793": [],
      "GO:0043083": [
        "147381"
      ],
      "GO:0098794": [
        "3084",
        "386617"
      ],
      "GO:0099544": [],
      "GO:0099243": [],
      "GO:0099699": [],
      "GO:0099523": [],
      "GO:0099569": [],
      "GO:0048786": [],
      "GO:0098833": [],
      "GO:0098830": [],
      "GO:0008021": [],
      "GO:0098992": [],
      "GO:0042734": [
        "386617"
      ],
      "SYNGO:presyn_ribosome": [],
      "SYNGO:presyn_er": [],
      "GO:0098965": [
        "8404"
      ],
      "GO:0099524": [
        "9456"
      ],
      "GO:0099571": [],
      "GO:0097444": [],
      "GO:0150051": [],
      "GO:0099572": [],
      "GO:0098843": [
        "23345"
      ],
      "GO:0098845": [],
      "GO:0045211": [],
      "SYNGO:postsyn_ribosome": [],
      "SYNGO:postsyn_er": [],
      "GO:0098966": [],
      "GO:0099182": [],
      "GO:0099143": [],
      "GO:0098831": [],
      "GO:0048787": [
        "386617"
      ],
      "GO:0098835": [],
      "GO:0098954": [],
      "GO:0034592": [],
      "GO:0030672": [],
      "GO:0099013": [],
      "GO:0099012": [],
      "GO:0099026": [],
      "GO:0098888": [],
      "GO:0099056": [
        "148",
        "6323"
      ],
      "SYNGO:presyn_er_membrane": [],
      "SYNGO:presyn_ser": [],
      "GO:0099160": [],
      "GO:0098871": [
        "23345"
      ],
      "GO:0150050": [],
      "GO:0099189": [],
      "GO:0098897": [],
      "GO:0099091": [],
      "GO:0099634": [],
      "GO:0014069": [
        "9456"
      ],
      "GO:0099629": [],
      "GO:0098844": [],
      "GO:0098895": [],
      "GO:0098842": [],
      "GO:0098837": [],
      "GO:0099025": [],
      "GO:0098890": [],
      "GO:0099055": [
        "148"
      ],
      "SYNGO:postsyn_er_membrane": [],
      "SYNGO:postsyn_ser": [],
      "GO:0099029": [],
      "GO:0098891": [],
      "GO:0099059": [
        "2893",
        "3084"
      ],
      "GO:0098894": [],
      "GO:0099067": [],
      "GO:0098993": [],
      "GO:0098850": [],
      "GO:0030285": [
        "22987"
      ],
      "GO:0098674": [],
      "GO:0099066": [],
      "SYNGO:presyn_er_membrane_integral": [],
      "SYNGO:presyn_ser_membrane": [],
      "GO:0099065": [],
      "GO:0098892": [],
      "GO:0099060": [],
      "GO:0099092": [],
      "GO:0098839": [],
      "GO:0099164": [],
      "GO:0098999": [],
      "GO:0098896": [],
      "GO:0098944": [],
      "SYNGO:postsyn_er_membrane_integral": [],
      "SYNGO:postsyn_ser_membrane": [],
      "SYNGO:presyn_ser_membrane_integral": [],
      "GO:0099031": [],
      "GO:0099147": [],
      "GO:0099061": [
        "2893",
        "3084",
        "8516"
      ],
      "GO:0098998": [],
      "GO:0099033": [],
      "GO:0099063": [],
      "SYNGO:postsyn_ser_membrane_integral": []
    }
  },
  "aggregate": {
    "hgnc_id": {
      "GO:0045202": [
        "HGNC:29647",
        "HGNC:22394",
        "HGNC:4574",
        "HGNC:7997",
        "HGNC:30670",
        "HGNC:277",
        "HGNC:10585",
        "HGNC:1544",
        "HGNC:11220",
        "HGNC:17512",
        "HGNC:17089",
        "HGNC:6144"
      ],
      "GO:0097060": [],
      "GO:0098793": [
        "HGNC:22394",
        "HGNC:4574",
        "HGNC:7997",
        "HGNC:30670",
        "HGNC:277",
        "HGNC:10585"
      ],
      "GO:0043083": [
        "HGNC:1544",
        "HGNC:11220"
      ],
      "GO:0098794": [
        "HGNC:7997",
        "HGNC:22394",
        "HGNC:17512",
        "HGNC:17089",
        "HGNC:4574",
        "HGNC:6144",
        "HGNC:277"
      ],
      "GO:0099544": [],
      "GO:0099243": [],
      "GO:0099699": [],
      "GO:0099523": [],
      "GO:0099569": [],
      "GO:0048786": [
        "HGNC:22394",
        "HGNC:4574",
        "HGNC:7997"
      ],
      "GO:0098833": [],
      "GO:0098830": [],
      "GO:0008021": [
        "HGNC:30670"
      ],
      "GO:0098992": [],
      "GO:0042734": [
        "HGNC:22394",
        "HGNC:277",
        "HGNC:10585"
      ],
      "SYNGO:presyn_ribosome": [],
      "SYNGO:presyn_er": [],
      "GO:0098965": [
        "HGNC:11220"
      ],
      "GO:0099524": [
        "HGNC:17512"
      ],
      "GO:0099571": [
        "HGNC:17089"
      ],
      "GO:0097444": [],
      "GO:0150051": [],
      "GO:0099572": [
        "HGNC:17512",
        "HGNC:4574",
        "HGNC:7997",
        "HGNC:6144"
      ],
      "GO:0098843": [
        "HGNC:17089"
      ],
      "GO:0098845": [],
      "GO:0045211": [
        "HGNC:277"
      ],
      "SYNGO:postsyn_ribosome": [],
      "SYNGO:postsyn_er": [],
      "GO:0098966": [],
      "GO:0099182": [],
      "GO:0099143": [],
      "GO:0098831": [],
      "GO:0048787": [
        "HGNC:22394",
        "HGNC:4574",
        "HGNC:7997"
      ],
      "GO:0098835": [],
      "GO:0098954": [],
      "GO:0034592": [],
      "GO:0030672": [
        "HGNC:30670"
      ],
      "GO:0099013": [],
      "GO:0099012": [],
      "GO:0099026": [],
      "GO:0098888": [],
      "GO:0099056": [
        "HGNC:277",
        "HGNC:10585"
      ],
      "SYNGO:presyn_er_membrane": [],
      "SYNGO:presyn_ser": [],
      "GO:0099160": [],
      "GO:0098871": [
        "HGNC:17089"
      ],
      "GO:0150050": [],
      "GO:0099189": [],
      "GO:0098897": [],
      "GO:0099091": [],
      "GO:0099634": [],
      "GO:0014069": [
        "HGNC:17512",
        "HGNC:4574",
        "HGNC:7997",
        "HGNC:6144"
      ],
      "GO:0099629": [],
      "GO:0098844": [],
      "GO:0098895": [],
      "GO:0098842": [],
      "GO:0098837": [],
      "GO:0099025": [],
      "GO:0098890": [],
      "GO:0099055": [
        "HGNC:277"
      ],
      "SYNGO:postsyn_er_membrane": [],
      "SYNGO:postsyn_ser": [],
      "GO:0099029": [],
      "GO:0098891": [],
      "GO:0099059": [
        "HGNC:4574",
        "HGNC:7997"
      ],
      "GO:0098894": [],
      "GO:0099067": [],
      "GO:0098993": [],
      "GO:0098850": [],
      "GO:0030285": [
        "HGNC:30670"
      ],
      "GO:0098674": [],
      "GO:0099066": [],
      "SYNGO:presyn_er_membrane_integral": [],
      "SYNGO:presyn_ser_membrane": [],
      "GO:0099065": [],
      "GO:0098892": [],
      "GO:0099060": [],
      "GO:0099092": [],
      "GO:0098839": [
        "HGNC:4574",
        "HGNC:7997",
        "HGNC:6144"
      ],
      "GO:0099164": [],
      "GO:0098999": [],
      "GO:0098896": [],
      "GO:0098944": [],
      "SYNGO:postsyn_er_membrane_integral": [],
      "SYNGO:postsyn_ser_membrane": [],
      "SYNGO:presyn_ser_membrane_integral": [],
      "GO:0099031": [],
      "GO:0099147": [],
      "GO:0099061": [
        "HGNC:4574",
        "HGNC:7997",
        "HGNC:6144"
      ],
      "GO:0098998": [],
      "GO:0099033": [],
      "GO:0099063": [],
      "SYNGO:postsyn_ser_membrane_integral": []
    },
    "hgnc_symbol": {
      "GO:0045202": [
        "MAGI3",
        "KCTD8",
        "GRIA4",
        "NRG1",
        "SV2C",
        "ADRA1A",
        "SCN1A",
        "CBLN2",
        "SPARCL1",
        "HOMER1",
        "SYNE1",
        "ITGA8"
      ],
      "GO:0097060": [],
      "GO:0098793": [
        "KCTD8",
        "GRIA4",
        "NRG1",
        "SV2C",
        "ADRA1A",
        "SCN1A"
      ],
      "GO:0043083": [
        "CBLN2",
        "SPARCL1"
      ],
      "GO:0098794": [
        "NRG1",
        "KCTD8",
        "HOMER1",
        "SYNE1",
        "GRIA4",
        "ITGA8",
        "ADRA1A"
      ],
      "GO:0099544": [],
      "GO:0099243": [],
      "GO:0099699": [],
      "GO:0099523": [],
      "GO:0099569": [],
      "GO:0048786": [
        "KCTD8",
        "GRIA4",
        "NRG1"
      ],
      "GO:0098833": [],
      "GO:0098830": [],
      "GO:0008021": [
        "SV2C"
      ],
      "GO:0098992": [],
      "GO:0042734": [
        "KCTD8",
        "ADRA1A",
        "SCN1A"
      ],
      "SYNGO:presyn_ribosome": [],
      "SYNGO:presyn_er": [],
      "GO:0098965": [
        "SPARCL1"
      ],
      "GO:0099524": [
        "HOMER1"
      ],
      "GO:0099571": [
        "SYNE1"
      ],
      "GO:0097444": [],
      "GO:0150051": [],
      "GO:0099572": [
        "HOMER1",
        "GRIA4",
        "NRG1",
        "ITGA8"
      ],
      "GO:0098843": [
        "SYNE1"
      ],
      "GO:0098845": [],
      "GO:0045211": [
        "ADRA1A"
      ],
      "SYNGO:postsyn_ribosome": [],
      "SYNGO:postsyn_er": [],
      "GO:0098966": [],
      "GO:0099182": [],
      "GO:0099143": [],
      "GO:0098831": [],
      "GO:0048787": [
        "KCTD8",
        "GRIA4",
        "NRG1"
      ],
      "GO:0098835": [],
      "GO:0098954": [],
      "GO:0034592": [],
      "GO:0030672": [
        "SV2C"
      ],
      "GO:0099013": [],
      "GO:0099012": [],
      "GO:0099026": [],
      "GO:0098888": [],
      "GO:0099056": [
        "ADRA1A",
        "SCN1A"
      ],
      "SYNGO:presyn_er_membrane": [],
      "SYNGO:presyn_ser": [],
      "GO:0099160": [],
      "GO:0098871": [
        "SYNE1"
      ],
      "GO:0150050": [],
      "GO:0099189": [],
      "GO:0098897": [],
      "GO:0099091": [],
      "GO:0099634": [],
      "GO:0014069": [
        "HOMER1",
        "GRIA4",
        "NRG1",
        "ITGA8"
      ],
      "GO:0099629": [],
      "GO:0098844": [],
      "GO:0098895": [],
      "GO:0098842": [],
      "GO:0098837": [],
      "GO:0099025": [],
      "GO:0098890": [],
      "GO:0099055": [
        "ADRA1A"
      ],
      "SYNGO:postsyn_er_membrane": [],
      "SYNGO:postsyn_ser": [],
      "GO:0099029": [],
      "GO:0098891": [],
      "GO:0099059": [
        "GRIA4",
        "NRG1"
      ],
      "GO:0098894": [],
      "GO:0099067": [],
      "GO:0098993": [],
      "GO:0098850": [],
      "GO:0030285": [
        "SV2C"
      ],
      "GO:0098674": [],
      "GO:0099066": [],
      "SYNGO:presyn_er_membrane_integral": [],
      "SYNGO:presyn_ser_membrane": [],
      "GO:0099065": [],
      "GO:0098892": [],
      "GO:0099060": [],
      "GO:0099092": [],
      "GO:0098839": [
        "GRIA4",
        "NRG1",
        "ITGA8"
      ],
      "GO:0099164": [],
      "GO:0098999": [],
      "GO:0098896": [],
      "GO:0098944": [],
      "SYNGO:postsyn_er_membrane_integral": [],
      "SYNGO:postsyn_ser_membrane": [],
      "SYNGO:presyn_ser_membrane_integral": [],
      "GO:0099031": [],
      "GO:0099147": [],
      "GO:0099061": [
        "GRIA4",
        "NRG1",
        "ITGA8"
      ],
      "GO:0098998": [],
      "GO:0099033": [],
      "GO:0099063": [],
      "SYNGO:postsyn_ser_membrane_integral": []
    },
    "ensembl_id": {
      "GO:0045202": [
        "ENSG00000081026",
        "ENSG00000183783",
        "ENSG00000152578",
        "ENSG00000157168",
        "ENSG00000122012",
        "ENSG00000120907",
        "ENSG00000144285",
        "ENSG00000141668",
        "ENSG00000152583",
        "ENSG00000152413",
        "ENSG00000131018",
        "ENSG00000077943"
      ],
      "GO:0097060": [],
      "GO:0098793": [
        "ENSG00000183783",
        "ENSG00000152578",
        "ENSG00000157168",
        "ENSG00000122012",
        "ENSG00000120907",
        "ENSG00000144285"
      ],
      "GO:0043083": [
        "ENSG00000141668",
        "ENSG00000152583"
      ],
      "GO:0098794": [
        "ENSG00000157168",
        "ENSG00000183783",
        "ENSG00000152413",
        "ENSG00000131018",
        "ENSG00000152578",
        "ENSG00000077943",
        "ENSG00000120907"
      ],
      "GO:0099544": [],
      "GO:0099243": [],
      "GO:0099699": [],
      "GO:0099523": [],
      "GO:0099569": [],
      "GO:0048786": [
        "ENSG00000183783",
        "ENSG00000152578",
        "ENSG00000157168"
      ],
      "GO:0098833": [],
      "GO:0098830": [],
      "GO:0008021": [
        "ENSG00000122012"
      ],
      "GO:0098992": [],
      "GO:0042734": [
        "ENSG00000183783",
        "ENSG00000120907",
        "ENSG00000144285"
      ],
      "SYNGO:presyn_ribosome": [],
      "SYNGO:presyn_er": [],
      "GO:0098965": [
        "ENSG00000152583"
      ],
      "GO:0099524": [
        "ENSG00000152413"
      ],
      "GO:0099571": [
        "ENSG00000131018"
      ],
      "GO:0097444": [],
      "GO:0150051": [],
      "GO:0099572": [
        "ENSG00000152413",
        "ENSG00000152578",
        "ENSG00000157168",
        "ENSG00000077943"
      ],
      "GO:0098843": [
        "ENSG00000131018"
      ],
      "GO:0098845": [],
      "GO:0045211": [
        "ENSG00000120907"
      ],
      "SYNGO:postsyn_ribosome": [],
      "SYNGO:postsyn_er": [],
      "GO:0098966": [],
      "GO:0099182": [],
      "GO:0099143": [],
      "GO:0098831": [],
      "GO:0048787": [
        "ENSG00000183783",
        "ENSG00000152578",
        "ENSG00000157168"
      ],
      "GO:0098835": [],
      "GO:0098954": [],
      "GO:0034592": [],
      "GO:0030672": [
        "ENSG00000122012"
      ],
      "GO:0099013": [],
      "GO:0099012": [],
      "GO:0099026": [],
      "GO:0098888": [],
      "GO:0099056": [
        "ENSG00000120907",
        "ENSG00000144285"
      ],
      "SYNGO:presyn_er_membrane": [],
      "SYNGO:presyn_ser": [],
      "GO:0099160": [],
      "GO:0098871": [
        "ENSG00000131018"
      ],
      "GO:0150050": [],
      "GO:0099189": [],
      "GO:0098897": [],
      "GO:0099091": [],
      "GO:0099634": [],
      "GO:0014069": [
        "ENSG00000152413",
        "ENSG00000152578",
        "ENSG00000157168",
        "ENSG00000077943"
      ],
      "GO:0099629": [],
      "GO:0098844": [],
      "GO:0098895": [],
      "GO:0098842": [],
      "GO:0098837": [],
      "GO:0099025": [],
      "GO:0098890": [],
      "GO:0099055": [
        "ENSG00000120907"
      ],
      "SYNGO:postsyn_er_membrane": [],
      "SYNGO:postsyn_ser": [],
      "GO:0099029": [],
      "GO:0098891": [],
      "GO:0099059": [
        "ENSG00000152578",
        "ENSG00000157168"
      ],
      "GO:0098894": [],
      "GO:0099067": [],
      "GO:0098993": [],
      "GO:0098850": [],
      "GO:0030285": [
        "ENSG00000122012"
      ],
      "GO:0098674": [],
      "GO:0099066": [],
      "SYNGO:presyn_er_membrane_integral": [],
      "SYNGO:presyn_ser_membrane": [],
      "GO:0099065": [],
      "GO:0098892": [],
      "GO:0099060": [],
      "GO:0099092": [],
      "GO:0098839": [
        "ENSG00000152578",
        "ENSG00000157168",
        "ENSG00000077943"
      ],
      "GO:0099164": [],
      "GO:0098999": [],
      "GO:0098896": [],
      "GO:0098944": [],
      "SYNGO:postsyn_er_membrane_integral": [],
      "SYNGO:postsyn_ser_membrane": [],
      "SYNGO:presyn_ser_membrane_integral": [],
      "GO:0099031": [],
      "GO:0099147": [],
      "GO:0099061": [
        "ENSG00000152578",
        "ENSG00000157168",
        "ENSG00000077943"
      ],
      "GO:0098998": [],
      "GO:0099033": [],
      "GO:0099063": [],
      "SYNGO:postsyn_ser_membrane_integral": []
    },
    "entrez_id": {
      "GO:0045202": [
        "260425",
        "386617",
        "2893",
        "3084",
        "22987",
        "148",
        "6323",
        "147381",
        "8404",
        "9456",
        "23345",
        "8516"
      ],
      "GO:0097060": [],
      "GO:0098793": [
        "386617",
        "2893",
        "3084",
        "22987",
        "148",
        "6323"
      ],
      "GO:0043083": [
        "147381",
        "8404"
      ],
      "GO:0098794": [
        "3084",
        "386617",
        "9456",
        "23345",
        "2893",
        "8516",
        "148"
      ],
      "GO:0099544": [],
      "GO:0099243": [],
      "GO:0099699": [],
      "GO:0099523": [],
      "GO:0099569": [],
      "GO:0048786": [
        "386617",
        "2893",
        "3084"
      ],
      "GO:0098833": [],
      "GO:0098830": [],
      "GO:0008021": [
        "22987"
      ],
      "GO:0098992": [],
      "GO:0042734": [
        "386617",
        "148",
        "6323"
      ],
      "SYNGO:presyn_ribosome": [],
      "SYNGO:presyn_er": [],
      "GO:0098965": [
        "8404"
      ],
      "GO:0099524": [
        "9456"
      ],
      "GO:0099571": [
        "23345"
      ],
      "GO:0097444": [],
      "GO:0150051": [],
      "GO:0099572": [
        "9456",
        "2893",
        "3084",
        "8516"
      ],
      "GO:0098843": [
        "23345"
      ],
      "GO:0098845": [],
      "GO:0045211": [
        "148"
      ],
      "SYNGO:postsyn_ribosome": [],
      "SYNGO:postsyn_er": [],
      "GO:0098966": [],
      "GO:0099182": [],
      "GO:0099143": [],
      "GO:0098831": [],
      "GO:0048787": [
        "386617",
        "2893",
        "3084"
      ],
      "GO:0098835": [],
      "GO:0098954": [],
      "GO:0034592": [],
      "GO:0030672": [
        "22987"
      ],
      "GO:0099013": [],
      "GO:0099012": [],
      "GO:0099026": [],
      "GO:0098888": [],
      "GO:0099056": [
        "148",
        "6323"
      ],
      "SYNGO:presyn_er_membrane": [],
      "SYNGO:presyn_ser": [],
      "GO:0099160": [],
      "GO:0098871": [
        "23345"
      ],
      "GO:0150050": [],
      "GO:0099189": [],
      "GO:0098897": [],
      "GO:0099091": [],
      "GO:0099634": [],
      "GO:0014069": [
        "9456",
        "2893",
        "3084",
        "8516"
      ],
      "GO:0099629": [],
      "GO:0098844": [],
      "GO:0098895": [],
      "GO:0098842": [],
      "GO:0098837": [],
      "GO:0099025": [],
      "GO:0098890": [],
      "GO:0099055": [
        "148"
      ],
      "SYNGO:postsyn_er_membrane": [],
      "SYNGO:postsyn_ser": [],
      "GO:0099029": [],
      "GO:0098891": [],
      "GO:0099059": [
        "2893",
        "3084"
      ],
      "GO:0098894": [],
      "GO:0099067": [],
      "GO:0098993": [],
      "GO:0098850": [],
      "GO:0030285": [
        "22987"
      ],
      "GO:0098674": [],
      "GO:0099066": [],
      "SYNGO:presyn_er_membrane_integral": [],
      "SYNGO:presyn_ser_membrane": [],
      "GO:0099065": [],
      "GO:0098892": [],
      "GO:0099060": [],
      "GO:0099092": [],
      "GO:0098839": [
        "2893",
        "3084",
        "8516"
      ],
      "GO:0099164": [],
      "GO:0098999": [],
      "GO:0098896": [],
      "GO:0098944": [],
      "SYNGO:postsyn_er_membrane_integral": [],
      "SYNGO:postsyn_ser_membrane": [],
      "SYNGO:presyn_ser_membrane_integral": [],
      "GO:0099031": [],
      "GO:0099147": [],
      "GO:0099061": [
        "2893",
        "3084",
        "8516"
      ],
      "GO:0098998": [],
      "GO:0099033": [],
      "GO:0099063": [],
      "SYNGO:postsyn_ser_membrane_integral": []
    }
  }
}