{
  "direct": {
    "hgnc_id": {
      "SYNGO:synprocess": [],
      "SYNGO:presynprocess": [],
      "SYNGO:postsynprocess": [],
      "GO:0099536": [],
      "GO:0050808": [],
      "SYNGO:metabolism": [],
      "SYNGO:transport": [],
      "GO:0099509": [],
      "GO:0099505": [],
      "GO:0140238": [],
      "GO:0099504": [],
      "GO:0099525": [],
      "GO:0001504": [],
      "GO:0098810": [],
      "SYNGO:presyn_chaperoneProteinFolding": [],
      "GO:0098928": [],
      "GO:0099566": [],
      "GO:0060078": [],
      "GO:0098962": [
        "HGNC:17512"
      ],
      "GO:0099072": [],
      "GO:0140239": [],
      "GO:0150038": [],
      "GO:0098926": [],
      "GO:0099537": [],
      "GO:0099538": [],
      "GO:0099163": [],
      "GO:0099172": [],
      "GO:0099173": [],
      "GO:0099563": [],
      "GO:0050807": [
        "HGNC:11220"
      ],
      "GO:0098918": [],
      "GO:0150043": [],
      "GO:0099560": [
        "HGNC:11220",
        "HGNC:7997"
      ],
      "GO:0008039": [],
      "GO:0007416": [],
      "GO:0098883": [],
      "GO:0060074": [],
      "GO:0099558": [],
      "GO:0099187": [],
      "GO:0099188": [],
      "SYNGO:presyn_ATPmetabolic": [],
      "SYNGO:postsyn_ATPmetabolic": [],
      "GO:0099546": [],
      "GO:0099574": [],
      "GO:0099547": [],
      "GO:0042135": [],
      "GO:0140246": [],
      "GO:0042136": [],
      "GO:0140241": [],
      "GO:0140235": [],
      "GO:0008088": [],
      "GO:0099514": [],
      "GO:0099090": [],
      "GO:0099089": [],
      "GO:0099637": [],
      "GO:1905056": [],
      "GO:0099534": [],
      "GO:0099626": [],
      "GO:0099507": [
        "HGNC:4574"
      ],
      "GO:0099508": [
        "HGNC:10585"
      ],
      "GO:0150047": [
        "HGNC:22394"
      ],
      "GO:0140232": [],
      "GO:0098693": [],
      "GO:0097091": [],
      "GO:0099532": [],
      "GO:0016079": [
        "HGNC:25636"
      ],
      "GO:0098700": [],
      "GO:0099180": [],
      "GO:0097401": [],
      "GO:0048488": [],
      "GO:0099161": [],
      "GO:0051580": [],
      "GO:0099526": [],
      "GO:1905059": [],
      "GO:0099567": [],
      "GO:1905060": [],
      "GO:0098695": [],
      "GO:0099583": [],
      "GO:0140233": [],
      "GO:1904315": [
        "HGNC:4574"
      ],
      "GO:1905030": [],
      "GO:0099645": [],
      "GO:0098967": [],
      "GO:0098970": [],
      "GO:0098884": [],
      "GO:0150044": [],
      "GO:0099527": [
        "HGNC:7997"
      ],
      "GO:0099541": [],
      "GO:0099540": [],
      "GO:0099543": [],
      "GO:0099545": [],
      "GO:0099157": [],
      "GO:0099183": [],
      "GO:0099550": [
        "HGNC:1544"
      ],
      "GO:0007268": [],
      "GO:0150045": [],
      "GO:0099174": [],
      "GO:0099175": [],
      "GO:0099084": [],
      "GO:0099010": [],
      "GO:0099564": [],
      "GO:1905244": [],
      "GO:0099181": [],
      "GO:0099186": [
        "HGNC:17512"
      ],
      "GO:0099179": [],
      "GO:0099054": [],
      "GO:0051963": [],
      "GO:0098698": [],
      "GO:0097104": [],
      "GO:1905806": [],
      "GO:0090128": [],
      "GO:0099559": [],
      "GO:0098880": [],
      "GO:0099140": [],
      "GO:0098974": [],
      "GO:0099190": [],
      "SYNGO:presyn_regulationATPmetabolic": [],
      "GO:0099576": [],
      "GO:0099575": [],
      "GO:0099578": [],
      "GO:0099577": [],
      "GO:0140247": [],
      "GO:0140249": [],
      "GO:0140236": [],
      "GO:0140242": [],
      "GO:0098930": [],
      "GO:0098935": [],
      "GO:0099517": [],
      "GO:0099158": [],
      "GO:0098968": [],
      "GO:0098877": [],
      "GO:0098943": [],
      "GO:0016182": [],
      "GO:0016189": [],
      "GO:0099502": [],
      "GO:2000300": [
        "HGNC:30670"
      ],
      "GO:0016081": [],
      "GO:0031629": [],
      "GO:0016082": [],
      "GO:0099162": [],
      "GO:1901546": [],
      "GO:1900242": [],
      "GO:0016185": [],
      "GO:0016191": [],
      "GO:0098872": [],
      "GO:0099579": [],
      "GO:0098696": [],
      "GO:0099145": [],
      "GO:0150054": [],
      "GO:0099149": [
        "HGNC:17089",
        "HGNC:7997"
      ],
      "GO:1905539": [],
      "GO:0099542": [],
      "GO:0099548": [],
      "GO:0098942": [],
      "GO:0099557": [],
      "GO:0150035": [],
      "GO:0050804": [],
      "GO:0099531": [],
      "GO:0099565": [],
      "GO:0099159": [],
      "GO:0098885": [],
      "GO:0098987": [],
      "GO:0098882": [],
      "GO:0098699": [],
      "GO:0098973": [],
      "GO:0099184": [],
      "GO:0098879": [],
      "GO:0098919": [],
      "GO:1905606": [
        "HGNC:7997"
      ],
      "GO:0150052": [],
      "GO:0099150": [],
      "GO:0097107": [],
      "GO:0099562": [],
      "GO:0140251": [],
      "GO:0140252": [],
      "GO:0140245": [],
      "GO:0008089": [],
      "GO:0099088": [],
      "GO:0098937": [],
      "GO:0098939": [],
      "GO:0098961": [],
      "GO:0098934": [],
      "GO:0048490": [],
      "GO:0098969": [],
      "GO:0099639": [],
      "GO:0150037": [],
      "GO:0099148": [],
      "GO:0031630": [],
      "GO:0010807": [],
      "GO:0098694": [],
      "GO:0098921": [],
      "GO:0099553": [],
      "GO:0099555": [],
      "GO:0099171": [
        "HGNC:277"
      ],
      "GO:0099170": [],
      "GO:1905274": [],
      "GO:0099151": [],
      "GO:0099641": [],
      "GO:0140231": [],
      "GO:0098971": [],
      "GO:0098963": [],
      "GO:1903742": [],
      "GO:0098887": [],
      "GO:0099178": [],
      "GO:0150036": [],
      "GO:0098925": [],
      "GO:0098964": [],
      "GO:0099152": []
    },
    "hgnc_symbol": {
      "SYNGO:synprocess": [],
      "SYNGO:presynprocess": [],
      "SYNGO:postsynprocess": [],
      "GO:0099536": [],
      "GO:0050808": [],
      "SYNGO:metabolism": [],
      "SYNGO:transport": [],
      "GO:0099509": [],
      "GO:0099505": [],
      "GO:0140238": [],
      "GO:0099504": [],
      "GO:0099525": [],
      "GO:0001504": [],
      "GO:0098810": [],
      "SYNGO:presyn_chaperoneProteinFolding": [],
      "GO:0098928": [],
      "GO:0099566": [],
      "GO:0060078": [],
      "GO:0098962": [
        "HOMER1"
      ],
      "GO:0099072": [],
      "GO:0140239": [],
      "GO:0150038": [],
      "GO:0098926": [],
      "GO:0099537": [],
      "GO:0099538": [],
      "GO:0099163": [],
      "GO:0099172": [],
      "GO:0099173": [],
      "GO:0099563": [],
      "GO:0050807": [
        "SPARCL1"
      ],
      "GO:0098918": [],
      "GO:0150043": [],
      "GO:0099560": [
        "SPARCL1",
        "NRG1"
      ],
      "GO:0008039": [],
      "GO:0007416": [],
      "GO:0098883": [],
      "GO:0060074": [],
      "GO:0099558": [],
      "GO:0099187": [],
      "GO:0099188": [],
      "SYNGO:presyn_ATPmetabolic": [],
      "SYNGO:postsyn_ATPmetabolic": [],
      "GO:0099546": [],
      "GO:0099574": [],
      "GO:0099547": [],
      "GO:0042135": [],
      "GO:0140246": [],
      "GO:0042136": [],
      "GO:0140241": [],
      "GO:0140235": [],
      "GO:0008088": [],
      "GO:0099514": [],
      "GO:0099090": [],
      "GO:0099089": [],
      "GO:0099637": [],
      "GO:1905056": [],
      "GO:0099534": [],
      "GO:0099626": [],
      "GO:0099507": [
        "GRIA4"
      ],
      "GO:0099508": [
        "SCN1A"
      ],
      "GO:0150047": [
        "KCTD8"
      ],
      "GO:0140232": [],
      "GO:0098693": [],
      "GO:0097091": [],
      "GO:0099532": [],
      "GO:0016079": [
        "MCTP2"
      ],
      "GO:0098700": [],
      "GO:0099180": [],
      "GO:0097401": [],
      "GO:0048488": [],
      "GO:0099161": [],
      "GO:0051580": [],
      "GO:0099526": [],
      "GO:1905059": [],
      "GO:0099567": [],
      "GO:1905060": [],
      "GO:0098695": [],
      "GO:0099583": [],
      "GO:0140233": [],
      "GO:1904315": [
        "GRIA4"
      ],
      "GO:1905030": [],
      "GO:0099645": [],
      "GO:0098967": [],
      "GO:0098970": [],
      "GO:0098884": [],
      "GO:0150044": [],
      "GO:0099527": [
        "NRG1"
      ],
      "GO:0099541": [],
      "GO:0099540": [],
      "GO:0099543": [],
      "GO:0099545": [],
      "GO:0099157": [],
      "GO:0099183": [],
      "GO:0099550": [
        "CBLN2"
      ],
      "GO:0007268": [],
      "GO:0150045": [],
      "GO:0099174": [],
      "GO:0099175": [],
      "GO:0099084": [],
      "GO:0099010": [],
      "GO:0099564": [],
      "GO:1905244": [],
      "GO:0099181": [],
      "GO:0099186": [
        "HOMER1"
      ],
      "GO:0099179": [],
      "GO:0099054": [],
      "GO:0051963": [],
      "GO:0098698": [],
      "GO:0097104": [],
      "GO:1905806": [],
      "GO:0090128": [],
      "GO:0099559": [],
      "GO:0098880": [],
      "GO:0099140": [],
      "GO:0098974": [],
      "GO:0099190": [],
      "SYNGO:presyn_regulationATPmetabolic": [],
      "GO:0099576": [],
      "GO:0099575": [],
      "GO:0099578": [],
      "GO:0099577": [],
      "GO:0140247": [],
      "GO:0140249": [],
      "GO:0140236": [],
      "GO:0140242": [],
      "GO:0098930": [],
      "GO:0098935": [],
      "GO:0099517": [],
      "GO:0099158": [],
      "GO:0098968": [],
      "GO:0098877": [],
      "GO:0098943": [],
      "GO:0016182": [],
      "GO:0016189": [],
      "GO:0099502": [],
      "GO:2000300": [
        "SV2C"
      ],
      "GO:0016081": [],
      "GO:0031629": [],
      "GO:0016082": [],
      "GO:0099162": [],
      "GO:1901546": [],
      "GO:1900242": [],
      "GO:0016185": [],
      "GO:0016191": [],
      "GO:0098872": [],
      "GO:0099579": [],
      "GO:0098696": [],
      "GO:0099145": [],
      "GO:0150054": [],
      "GO:0099149": [
        "SYNE1",
        "NRG1"
      ],
      "GO:1905539": [],
      "GO:0099542": [],
      "GO:0099548": [],
      "GO:0098942": [],
      "GO:0099557": [],
      "GO:0150035": [],
      "GO:0050804": [],
      "GO:0099531": [],
      "GO:0099565": [],
      "GO:0099159": [],
      "GO:0098885": [],
      "GO:0098987": [],
      "GO:0098882": [],
      "GO:0098699": [],
      "GO:0098973": [],
      "GO:0099184": [],
      "GO:0098879": [],
      "GO:0098919": [],
      "GO:1905606": [
        "NRG1"
      ],
      "GO:0150052": [],
      "GO:0099150": [],
      "GO:0097107": [],
      "GO:0099562": [],
      "GO:0140251": [],
      "GO:0140252": [],
      "GO:0140245": [],
      "GO:0008089": [],
      "GO:0099088": [],
      "GO:0098937": [],
      "GO:0098939": [],
      "GO:0098961": [],
      "GO:0098934": [],
      "GO:0048490": [],
      "GO:0098969": [],
      "GO:0099639": [],
      "GO:0150037": [],
      "GO:0099148": [],
      "GO:0031630": [],
      "GO:0010807": [],
      "GO:0098694": [],
      "GO:0098921": [],
      "GO:0099553": [],
      "GO:0099555": [],
      "GO:0099171": [
        "ADRA1A"
      ],
      "GO:0099170": [],
      "GO:1905274": [],
      "GO:0099151": [],
      "GO:0099641": [],
      "GO:0140231": [],
      "GO:0098971": [],
      "GO:0098963": [],
      "GO:1903742": [],
      "GO:0098887": [],
      "GO:0099178": [],
      "GO:0150036": [],
      "GO:0098925": [],
      "GO:0098964": [],
      "GO:0099152": []
    },
    "ensembl_id": {
      "SYNGO:synprocess": [],
      "SYNGO:presynprocess": [],
      "SYNGO:postsynprocess": [],
      "GO:0099536": [],
      "GO:0050808": [],
      "SYNGO:metabolism": [],
      "SYNGO:transport": [],
      "GO:0099509": [],
      "GO:0099505": [],
      "GO:0140238": [],
      "GO:0099504": [],
      "GO:0099525": [],
      "GO:0001504": [],
      "GO:0098810": [],
      "SYNGO:presyn_chaperoneProteinFolding": [],
      "GO:0098928": [],
      "GO:0099566": [],
      "GO:0060078": [],
      "GO:0098962": [
        "ENSG00000152413"
      ],
      "GO:0099072": [],
      "GO:0140239": [],
      "GO:0150038": [],
      "GO:0098926": [],
      "GO:0099537": [],
      "GO:0099538": [],
      "GO:0099163": [],
      "GO:0099172": [],
      "GO:0099173": [],
      "GO:0099563": [],
      "GO:0050807": [
        "ENSG00000152583"
      ],
      "GO:0098918": [],
      "GO:0150043": [],
      "GO:0099560": [
        "ENSG00000152583",
        "ENSG00000157168"
      ],
      "GO:0008039": [],
      "GO:0007416": [],
      "GO:0098883": [],
      "GO:0060074": [],
      "GO:0099558": [],
      "GO:0099187": [],
      "GO:0099188": [],
      "SYNGO:presyn_ATPmetabolic": [],
      "SYNGO:postsyn_ATPmetabolic": [],
      "GO:0099546": [],
      "GO:0099574": [],
      "GO:0099547": [],
      "GO:0042135": [],
      "GO:0140246": [],
      "GO:0042136": [],
      "GO:0140241": [],
      "GO:0140235": [],
      "GO:0008088": [],
      "GO:0099514": [],
      "GO:0099090": [],
      "GO:0099089": [],
      "GO:0099637": [],
      "GO:1905056": [],
      "GO:0099534": [],
      "GO:0099626": [],
      "GO:0099507": [
        "ENSG00000152578"
      ],
      "GO:0099508": [
        "ENSG00000144285"
      ],
      "GO:0150047": [
        "ENSG00000183783"
      ],
      "GO:0140232": [],
      "GO:0098693": [],
      "GO:0097091": [],
      "GO:0099532": [],
      "GO:0016079": [
        "ENSG00000140563"
      ],
      "GO:0098700": [],
      "GO:0099180": [],
      "GO:0097401": [],
      "GO:0048488": [],
      "GO:0099161": [],
      "GO:0051580": [],
      "GO:0099526": [],
      "GO:1905059": [],
      "GO:0099567": [],
      "GO:1905060": [],
      "GO:0098695": [],
      "GO:0099583": [],
      "GO:0140233": [],
      "GO:1904315": [
        "ENSG00000152578"
      ],
      "GO:1905030": [],
      "GO:0099645": [],
      "GO:0098967": [],
      "GO:0098970": [],
      "GO:0098884": [],
      "GO:0150044": [],
      "GO:0099527": [
        "ENSG00000157168"
      ],
      "GO:0099541": [],
      "GO:0099540": [],
      "GO:0099543": [],
      "GO:0099545": [],
      "GO:0099157": [],
      "GO:0099183": [],
      "GO:0099550": [
        "ENSG00000141668"
      ],
      "GO:0007268": [],
      "GO:0150045": [],
      "GO:0099174": [],
      "GO:0099175": [],
      "GO:0099084": [],
      "GO:0099010": [],
      "GO:0099564": [],
      "GO:1905244": [],
      "GO:0099181": [],
      "GO:0099186": [
        "ENSG00000152413"
      ],
      "GO:0099179": [],
      "GO:0099054": [],
      "GO:0051963": [],
      "GO:0098698": [],
      "GO:0097104": [],
      "GO:1905806": [],
      "GO:0090128": [],
      "GO:0099559": [],
      "GO:0098880": [],
      "GO:0099140": [],
      "GO:0098974": [],
      "GO:0099190": [],
      "SYNGO:presyn_regulationATPmetabolic": [],
      "GO:0099576": [],
      "GO:0099575": [],
      "GO:0099578": [],
      "GO:0099577": [],
      "GO:0140247": [],
      "GO:0140249": [],
      "GO:0140236": [],
      "GO:0140242": [],
      "GO:0098930": [],
      "GO:0098935": [],
      "GO:0099517": [],
      "GO:0099158": [],
      "GO:0098968": [],
      "GO:0098877": [],
      "GO:0098943": [],
      "GO:0016182": [],
      "GO:0016189": [],
      "GO:0099502": [],
      "GO:2000300": [
        "ENSG00000122012"
      ],
      "GO:0016081": [],
      "GO:0031629": [],
      "GO:0016082": [],
      "GO:0099162": [],
      "GO:1901546": [],
      "GO:1900242": [],
      "GO:0016185": [],
      "GO:0016191": [],
      "GO:0098872": [],
      "GO:0099579": [],
      "GO:0098696": [],
      "GO:0099145": [],
      "GO:0150054": [],
      "GO:0099149": [
        "ENSG00000131018",
        "ENSG00000157168"
      ],
      "GO:1905539": [],
      "GO:0099542": [],
      "GO:0099548": [],
      "GO:0098942": [],
      "GO:0099557": [],
      "GO:0150035": [],
      "GO:0050804": [],
      "GO:0099531": [],
      "GO:0099565": [],
      "GO:0099159": [],
      "GO:0098885": [],
      "GO:0098987": [],
      "GO:0098882": [],
      "GO:0098699": [],
      "GO:0098973": [],
      "GO:0099184": [],
      "GO:0098879": [],
      "GO:0098919": [],
      "GO:1905606": [
        "ENSG00000157168"
      ],
      "GO:0150052": [],
      "GO:0099150": [],
      "GO:0097107": [],
      "GO:0099562": [],
      "GO:0140251": [],
      "GO:0140252": [],
      "GO:0140245": [],
      "GO:0008089": [],
      "GO:0099088": [],
      "GO:0098937": [],
      "GO:0098939": [],
      "GO:0098961": [],
      "GO:0098934": [],
      "GO:0048490": [],
      "GO:0098969": [],
      "GO:0099639": [],
      "GO:0150037": [],
      "GO:0099148": [],
      "GO:0031630": [],
      "GO:0010807": [],
      "GO:0098694": [],
      "GO:0098921": [],
      "GO:0099553": [],
      "GO:0099555": [],
      "GO:0099171": [
        "ENSG00000120907"
      ],
      "GO:0099170": [],
      "GO:1905274": [],
      "GO:0099151": [],
      "GO:0099641": [],
      "GO:0140231": [],
      "GO:0098971": [],
      "GO:0098963": [],
      "GO:1903742": [],
      "GO:0098887": [],
      "GO:0099178": [],
      "GO:0150036": [],
      "GO:0098925": [],
      "GO:0098964": [],
      "GO:0099152": []
    },
    "entrez_id": {
      "SYNGO:synprocess": [],
      "SYNGO:presynprocess": [],
      "SYNGO:postsynprocess": [],
      "GO:0099536": [],
      "GO:0050808": [],
      "SYNGO:metabolism": [],
      "SYNGO:transport": [],
      "GO:0099509": [],
      "GO:0099505": [],
      "GO:0140238": [],
      "GO:0099504": [],
      "GO:0099525": [],
      "GO:0001504": [],
      "GO:0098810": [],
      "SYNGO:presyn_chaperoneProteinFolding": [],
      "GO:0098928": [],
      "GO:0099566": [],
      "GO:0060078": [],
      "GO:0098962": [
        "9456"
      ],
      "GO:0099072": [],
      "GO:0140239": [],
      "GO:0150038": [],
      "GO:0098926": [],
      "GO:0099537": [],
      "GO:0099538": [],
      "GO:0099163": [],
      "GO:0099172": [],
      "GO:0099173": [],
      "GO:0099563": [],
      "GO:0050807": [
        "8404"
      ],
      "GO:0098918": [],
      "GO:0150043": [],
      "GO:0099560": [
        "8404",
        "3084"
      ],
      "GO:0008039": [],
      "GO:0007416": [],
      "GO:0098883": [],
      "GO:0060074": [],
      "GO:0099558": [],
      "GO:0099187": [],
      "GO:0099188": [],
      "SYNGO:presyn_ATPmetabolic": [],
      "SYNGO:postsyn_ATPmetabolic": [],
      "GO:0099546": [],
      "GO:0099574": [],
      "GO:0099547": [],
      "GO:0042135": [],
      "GO:0140246": [],
      "GO:0042136": [],
      "GO:0140241": [],
      "GO:0140235": [],
      "GO:0008088": [],
      "GO:0099514": [],
      "GO:0099090": [],
      "GO:0099089": [],
      "GO:0099637": [],
      "GO:1905056": [],
      "GO:0099534": [],
      "GO:0099626": [],
      "GO:0099507": [
        "2893"
      ],
      "GO:0099508": [
        "6323"
      ],
      "GO:0150047": [
        "386617"
      ],
      "GO:0140232": [],
      "GO:0098693": [],
      "GO:0097091": [],
      "GO:0099532": [],
      "GO:0016079": [
        "55784"
      ],
      "GO:0098700": [],
      "GO:0099180": [],
      "GO:0097401": [],
      "GO:0048488": [],
      "GO:0099161": [],
      "GO:0051580": [],
      "GO:0099526": [],
      "GO:1905059": [],
      "GO:0099567": [],
      "GO:1905060": [],
      "GO:0098695": [],
      "GO:0099583": [],
      "GO:0140233": [],
      "GO:1904315": [
        "2893"
      ],
      "GO:1905030": [],
      "GO:0099645": [],
      "GO:0098967": [],
      "GO:0098970": [],
      "GO:0098884": [],
      "GO:0150044": [],
      "GO:0099527": [
        "3084"
      ],
      "GO:0099541": [],
      "GO:0099540": [],
      "GO:0099543": [],
      "GO:0099545": [],
      "GO:0099157": [],
      "GO:0099183": [],
      "GO:0099550": [
        "147381"
      ],
      "GO:0007268": [],
      "GO:0150045": [],
      "GO:0099174": [],
      "GO:0099175": [],
      "GO:0099084": [],
      "GO:0099010": [],
      "GO:0099564": [],
      "GO:1905244": [],
      "GO:0099181": [],
      "GO:0099186": [
        "9456"
      ],
      "GO:0099179": [],
      "GO:0099054": [],
      "GO:0051963": [],
      "GO:0098698": [],
      "GO:0097104": [],
      "GO:1905806": [],
      "GO:0090128": [],
      "GO:0099559": [],
      "GO:0098880": [],
      "GO:0099140": [],
      "GO:0098974": [],
      "GO:0099190": [],
      "SYNGO:presyn_regulationATPmetabolic": [],
      "GO:0099576": [],
      "GO:0099575": [],
      "GO:0099578": [],
      "GO:0099577": [],
      "GO:0140247": [],
      "GO:0140249": [],
      "GO:0140236": [],
      "GO:0140242": [],
      "GO:0098930": [],
      "GO:0098935": [],
      "GO:0099517": [],
      "GO:0099158": [],
      "GO:0098968": [],
      "GO:0098877": [],
      "GO:0098943": [],
      "GO:0016182": [],
      "GO:0016189": [],
      "GO:0099502": [],
      "GO:2000300": [
        "22987"
      ],
      "GO:0016081": [],
      "GO:0031629": [],
      "GO:0016082": [],
      "GO:0099162": [],
      "GO:1901546": [],
      "GO:1900242": [],
      "GO:0016185": [],
      "GO:0016191": [],
      "GO:0098872": [],
      "GO:0099579": [],
      "GO:0098696": [],
      "GO:0099145": [],
      "GO:0150054": [],
      "GO:0099149": [
        "23345",
        "3084"
      ],
      "GO:1905539": [],
      "GO:0099542": [],
      "GO:0099548": [],
      "GO:0098942": [],
      "GO:0099557": [],
      "GO:0150035": [],
      "GO:0050804": [],
      "GO:0099531": [],
      "GO:0099565": [],
      "GO:0099159": [],
      "GO:0098885": [],
      "GO:0098987": [],
      "GO:0098882": [],
      "GO:0098699": [],
      "GO:0098973": [],
      "GO:0099184": [],
      "GO:0098879": [],
      "GO:0098919": [],
      "GO:1905606": [
        "3084"
      ],
      "GO:0150052": [],
      "GO:0099150": [],
      "GO:0097107": [],
      "GO:0099562": [],
      "GO:0140251": [],
      "GO:0140252": [],
      "GO:0140245": [],
      "GO:0008089": [],
      "GO:0099088": [],
      "GO:0098937": [],
      "GO:0098939": [],
      "GO:0098961": [],
      "GO:0098934": [],
      "GO:0048490": [],
      "GO:0098969": [],
      "GO:0099639": [],
      "GO:0150037": [],
      "GO:0099148": [],
      "GO:0031630": [],
      "GO:0010807": [],
      "GO:0098694": [],
      "GO:0098921": [],
      "GO:0099553": [],
      "GO:0099555": [],
      "GO:0099171": [
        "148"
      ],
      "GO:0099170": [],
      "GO:1905274": [],
      "GO:0099151": [],
      "GO:0099641": [],
      "GO:0140231": [],
      "GO:0098971": [],
      "GO:0098963": [],
      "GO:1903742": [],
      "GO:0098887": [],
      "GO:0099178": [],
      "GO:0150036": [],
      "GO:0098925": [],
      "GO:0098964": [],
      "GO:0099152": []
    }
  },
  "aggregate": {
    "hgnc_id": {
      "SYNGO:synprocess": [
        "HGNC:4574",
        "HGNC:10585",
        "HGNC:22394",
        "HGNC:25636",
        "HGNC:30670",
        "HGNC:17512",
        "HGNC:17089",
        "HGNC:7997",
        "HGNC:1544",
        "HGNC:277",
        "HGNC:11220"
      ],
      "SYNGO:presynprocess": [
        "HGNC:4574",
        "HGNC:10585",
        "HGNC:22394",
        "HGNC:25636",
        "HGNC:30670"
      ],
      "SYNGO:postsynprocess": [
        "HGNC:4574",
        "HGNC:17512",
        "HGNC:17089",
        "HGNC:7997"
      ],
      "GO:0099536": [
        "HGNC:1544",
        "HGNC:277"
      ],
      "GO:0050808": [
        "HGNC:11220",
        "HGNC:17512",
        "HGNC:7997"
      ],
      "SYNGO:metabolism": [],
      "SYNGO:transport": [],
      "GO:0099509": [],
      "GO:0099505": [
        "HGNC:4574",
        "HGNC:10585",
        "HGNC:22394"
      ],
      "GO:0140238": [],
      "GO:0099504": [
        "HGNC:25636",
        "HGNC:30670"
      ],
      "GO:0099525": [],
      "GO:0001504": [],
      "GO:0098810": [],
      "SYNGO:presyn_chaperoneProteinFolding": [],
      "GO:0098928": [],
      "GO:0099566": [],
      "GO:0060078": [
        "HGNC:4574"
      ],
      "GO:0098962": [
        "HGNC:17512"
      ],
      "GO:0099072": [
        "HGNC:17089",
        "HGNC:7997"
      ],
      "GO:0140239": [],
      "GO:0150038": [],
      "GO:0098926": [
        "HGNC:7997"
      ],
      "GO:0099537": [
        "HGNC:1544",
        "HGNC:277"
      ],
      "GO:0099538": [],
      "GO:0099163": [],
      "GO:0099172": [],
      "GO:0099173": [],
      "GO:0099563": [],
      "GO:0050807": [
        "HGNC:11220"
      ],
      "GO:0098918": [
        "HGNC:17512"
      ],
      "GO:0150043": [],
      "GO:0099560": [
        "HGNC:11220",
        "HGNC:7997"
      ],
      "GO:0008039": [],
      "GO:0007416": [
        "HGNC:7997"
      ],
      "GO:0098883": [],
      "GO:0060074": [],
      "GO:0099558": [],
      "GO:0099187": [],
      "GO:0099188": [],
      "SYNGO:presyn_ATPmetabolic": [],
      "SYNGO:postsyn_ATPmetabolic": [],
      "GO:0099546": [],
      "GO:0099574": [],
      "GO:0099547": [],
      "GO:0042135": [],
      "GO:0140246": [],
      "GO:0042136": [],
      "GO:0140241": [],
      "GO:0140235": [],
      "GO:0008088": [],
      "GO:0099514": [],
      "GO:0099090": [],
      "GO:0099089": [],
      "GO:0099637": [],
      "GO:1905056": [],
      "GO:0099534": [],
      "GO:0099626": [],
      "GO:0099507": [
        "HGNC:4574"
      ],
      "GO:0099508": [
        "HGNC:10585"
      ],
      "GO:0150047": [
        "HGNC:22394"
      ],
      "GO:0140232": [],
      "GO:0098693": [],
      "GO:0097091": [],
      "GO:0099532": [],
      "GO:0016079": [
        "HGNC:25636",
        "HGNC:30670"
      ],
      "GO:0098700": [],
      "GO:0099180": [],
      "GO:0097401": [],
      "GO:0048488": [],
      "GO:0099161": [],
      "GO:0051580": [],
      "GO:0099526": [],
      "GO:1905059": [],
      "GO:0099567": [],
      "GO:1905060": [],
      "GO:0098695": [],
      "GO:0099583": [],
      "GO:0140233": [],
      "GO:1904315": [
        "HGNC:4574"
      ],
      "GO:1905030": [],
      "GO:0099645": [],
      "GO:0098967": [],
      "GO:0098970": [],
      "GO:0098884": [
        "HGNC:17089",
        "HGNC:7997"
      ],
      "GO:0150044": [],
      "GO:0099527": [
        "HGNC:7997"
      ],
      "GO:0099541": [],
      "GO:0099540": [],
      "GO:0099543": [],
      "GO:0099545": [],
      "GO:0099157": [],
      "GO:0099183": [],
      "GO:0099550": [
        "HGNC:1544"
      ],
      "GO:0007268": [
        "HGNC:277"
      ],
      "GO:0150045": [],
      "GO:0099174": [],
      "GO:0099175": [],
      "GO:0099084": [],
      "GO:0099010": [],
      "GO:0099564": [],
      "GO:1905244": [],
      "GO:0099181": [],
      "GO:0099186": [
        "HGNC:17512"
      ],
      "GO:0099179": [],
      "GO:0099054": [],
      "GO:0051963": [
        "HGNC:7997"
      ],
      "GO:0098698": [],
      "GO:0097104": [],
      "GO:1905806": [],
      "GO:0090128": [],
      "GO:0099559": [],
      "GO:0098880": [],
      "GO:0099140": [],
      "GO:0098974": [],
      "GO:0099190": [],
      "SYNGO:presyn_regulationATPmetabolic": [],
      "GO:0099576": [],
      "GO:0099575": [],
      "GO:0099578": [],
      "GO:0099577": [],
      "GO:0140247": [],
      "GO:0140249": [],
      "GO:0140236": [],
      "GO:0140242": [],
      "GO:0098930": [],
      "GO:0098935": [],
      "GO:0099517": [],
      "GO:0099158": [],
      "GO:0098968": [],
      "GO:0098877": [],
      "GO:0098943": [],
      "GO:0016182": [],
      "GO:0016189": [],
      "GO:0099502": [],
      "GO:2000300": [
        "HGNC:30670"
      ],
      "GO:0016081": [],
      "GO:0031629": [],
      "GO:0016082": [],
      "GO:0099162": [],
      "GO:1901546": [],
      "GO:1900242": [],
      "GO:0016185": [],
      "GO:0016191": [],
      "GO:0098872": [],
      "GO:0099579": [],
      "GO:0098696": [],
      "GO:0099145": [],
      "GO:0150054": [],
      "GO:0099149": [
        "HGNC:17089",
        "HGNC:7997"
      ],
      "GO:1905539": [],
      "GO:0099542": [],
      "GO:0099548": [],
      "GO:0098942": [],
      "GO:0099557": [],
      "GO:0150035": [],
      "GO:0050804": [],
      "GO:0099531": [
        "HGNC:277"
      ],
      "GO:0099565": [],
      "GO:0099159": [],
      "GO:0098885": [],
      "GO:0098987": [],
      "GO:0098882": [],
      "GO:0098699": [],
      "GO:0098973": [],
      "GO:0099184": [],
      "GO:0098879": [],
      "GO:0098919": [],
      "GO:1905606": [
        "HGNC:7997"
      ],
      "GO:0150052": [],
      "GO:0099150": [],
      "GO:0097107": [],
      "GO:0099562": [],
      "GO:0140251": [],
      "GO:0140252": [],
      "GO:0140245": [],
      "GO:0008089": [],
      "GO:0099088": [],
      "GO:0098937": [],
      "GO:0098939": [],
      "GO:0098961": [],
      "GO:0098934": [],
      "GO:0048490": [],
      "GO:0098969": [],
      "GO:0099639": [],
      "GO:0150037": [],
      "GO:0099148": [],
      "GO:0031630": [],
      "GO:0010807": [],
      "GO:0098694": [],
      "GO:0098921": [],
      "GO:0099553": [],
      "GO:0099555": [],
      "GO:0099171": [
        "HGNC:277"
      ],
      "GO:0099170": [],
      "GO:1905274": [],
      "GO:0099151": [],
      "GO:0099641": [],
      "GO:0140231": [],
      "GO:0098971": [],
      "GO:0098963": [],
      "GO:1903742": [],
      "GO:0098887": [],
      "GO:0099178": [],
      "GO:0150036": [],
      "GO:0098925": [],
      "GO:0098964": [],
      "GO:0099152": []
    },
    "hgnc_symbol": {
      "SYNGO:synprocess": [
        "GRIA4",
        "SCN1A",
        "KCTD8",
        "MCTP2",
        "SV2C",
        "HOMER1",
        "SYNE1",
        "NRG1",
        "CBLN2",
        "ADRA1A",
        "SPARCL1"
      ],
      "SYNGO:presynprocess": [
        "GRIA4",
        "SCN1A",
        "KCTD8",
        "MCTP2",
        "SV2C"
      ],
      "SYNGO:postsynprocess": [
        "GRIA4",
        "HOMER1",
        "SYNE1",
        "NRG1"
      ],
      "GO:0099536": [
        "CBLN2",
        "ADRA1A"
      ],
      "GO:0050808": [
        "SPARCL1",
        "HOMER1",
        "NRG1"
      ],
      "SYNGO:metabolism": [],
      "SYNGO:transport": [],
      "GO:0099509": [],
      "GO:0099505": [
        "GRIA4",
        "SCN1A",
        "KCTD8"
      ],
      "GO:0140238": [],
      "GO:0099504": [
        "MCTP2",
        "SV2C"
      ],
      "GO:0099525": [],
      "GO:0001504": [],
      "GO:0098810": [],
      "SYNGO:presyn_chaperoneProteinFolding": [],
      "GO:0098928": [],
      "GO:0099566": [],
      "GO:0060078": [
        "GRIA4"
      ],
      "GO:0098962": [
        "HOMER1"
      ],
      "GO:0099072": [
        "SYNE1",
        "NRG1"
      ],
      "GO:0140239": [],
      "GO:0150038": [],
      "GO:0098926": [
        "NRG1"
      ],
      "GO:0099537": [
        "CBLN2",
        "ADRA1A"
      ],
      "GO:0099538": [],
      "GO:0099163": [],
      "GO:0099172": [],
      "GO:0099173": [],
      "GO:0099563": [],
      "GO:0050807": [
        "SPARCL1"
      ],
      "GO:0098918": [
        "HOMER1"
      ],
      "GO:0150043": [],
      "GO:0099560": [
        "SPARCL1",
        "NRG1"
      ],
      "GO:0008039": [],
      "GO:0007416": [
        "NRG1"
      ],
      "GO:0098883": [],
      "GO:0060074": [],
      "GO:0099558": [],
      "GO:0099187": [],
      "GO:0099188": [],
      "SYNGO:presyn_ATPmetabolic": [],
      "SYNGO:postsyn_ATPmetabolic": [],
      "GO:0099546": [],
      "GO:0099574": [],
      "GO:0099547": [],
      "GO:0042135": [],
      "GO:0140246": [],
      "GO:0042136": [],
      "GO:0140241": [],
      "GO:0140235": [],
      "GO:0008088": [],
      "GO:0099514": [],
      "GO:0099090": [],
      "GO:0099089": [],
      "GO:0099637": [],
      "GO:1905056": [],
      "GO:0099534": [],
      "GO:0099626": [],
      "GO:0099507": [
        "GRIA4"
      ],
      "GO:0099508": [
        "SCN1A"
      ],
      "GO:0150047": [
        "KCTD8"
      ],
      "GO:0140232": [],
      "GO:0098693": [],
      "GO:0097091": [],
      "GO:0099532": [],
      "GO:0016079": [
        "MCTP2",
        "SV2C"
      ],
      "GO:0098700": [],
      "GO:0099180": [],
      "GO:0097401": [],
      "GO:0048488": [],
      "GO:0099161": [],
      "GO:0051580": [],
      "GO:0099526": [],
      "GO:1905059": [],
      "GO:0099567": [],
      "GO:1905060": [],
      "GO:0098695": [],
      "GO:0099583": [],
      "GO:0140233": [],
      "GO:1904315": [
        "GRIA4"
      ],
      "GO:1905030": [],
      "GO:0099645": [],
      "GO:0098967": [],
      "GO:0098970": [],
      "GO:0098884": [
        "SYNE1",
        "NRG1"
      ],
      "GO:0150044": [],
      "GO:0099527": [
        "NRG1"
      ],
      "GO:0099541": [],
      "GO:0099540": [],
      "GO:0099543": [],
      "GO:0099545": [],
      "GO:0099157": [],
      "GO:0099183": [],
      "GO:0099550": [
        "CBLN2"
      ],
      "GO:0007268": [
        "ADRA1A"
      ],
      "GO:0150045": [],
      "GO:0099174": [],
      "GO:0099175": [],
      "GO:0099084": [],
      "GO:0099010": [],
      "GO:0099564": [],
      "GO:1905244": [],
      "GO:0099181": [],
      "GO:0099186": [
        "HOMER1"
      ],
      "GO:0099179": [],
      "GO:0099054": [],
      "GO:0051963": [
        "NRG1"
      ],
      "GO:0098698": [],
      "GO:0097104": [],
      "GO:1905806": [],
      "GO:0090128": [],
      "GO:0099559": [],
      "GO:0098880": [],
      "GO:0099140": [],
      "GO:0098974": [],
      "GO:0099190": [],
      "SYNGO:presyn_regulationATPmetabolic": [],
      "GO:0099576": [],
      "GO:0099575": [],
      "GO:0099578": [],
      "GO:0099577": [],
      "GO:0140247": [],
      "GO:0140249": [],
      "GO:0140236": [],
      "GO:0140242": [],
      "GO:0098930": [],
      "GO:0098935": [],
      "GO:0099517": [],
      "GO:0099158": [],
      "GO:0098968": [],
      "GO:0098877": [],
      "GO:0098943": [],
      "GO:0016182": [],
      "GO:0016189": [],
      "GO:0099502": [],
      "GO:2000300": [
        "SV2C"
      ],
      "GO:0016081": [],
      "GO:0031629": [],
      "GO:0016082": [],
      "GO:0099162": [],
      "GO:1901546": [],
      "GO:1900242": [],
      "GO:0016185": [],
      "GO:0016191": [],
      "GO:0098872": [],
      "GO:0099579": [],
      "GO:0098696": [],
      "GO:0099145": [],
      "GO:0150054": [],
      "GO:0099149": [
        "SYNE1",
        "NRG1"
      ],
      "GO:1905539": [],
      "GO:0099542": [],
      "GO:0099548": [],
      "GO:0098942": [],
      "GO:0099557": [],
      "GO:0150035": [],
      "GO:0050804": [],
      "GO:0099531": [
        "ADRA1A"
      ],
      "GO:0099565": [],
      "GO:0099159": [],
      "GO:0098885": [],
      "GO:0098987": [],
      "GO:0098882": [],
      "GO:0098699": [],
      "GO:0098973": [],
      "GO:0099184": [],
      "GO:0098879": [],
      "GO:0098919": [],
      "GO:1905606": [
        "NRG1"
      ],
      "GO:0150052": [],
      "GO:0099150": [],
      "GO:0097107": [],
      "GO:0099562": [],
      "GO:0140251": [],
      "GO:0140252": [],
      "GO:0140245": [],
      "GO:0008089": [],
      "GO:0099088": [],
      "GO:0098937": [],
      "GO:0098939": [],
      "GO:0098961": [],
      "GO:0098934": [],
      "GO:0048490": [],
      "GO:0098969": [],
      "GO:0099639": [],
      "GO:0150037": [],
      "GO:0099148": [],
      "GO:0031630": [],
      "GO:0010807": [],
      "GO:0098694": [],
      "GO:0098921": [],
      "GO:0099553": [],
      "GO:0099555": [],
      "GO:0099171": [
        "ADRA1A"
      ],
      "GO:0099170": [],
      "GO:1905274": [],
      "GO:0099151": [],
      "GO:0099641": [],
      "GO:0140231": [],
      "GO:0098971": [],
      "GO:0098963": [],
      "GO:1903742": [],
      "GO:0098887": [],
      "GO:0099178": [],
      "GO:0150036": [],
      "GO:0098925": [],
      "GO:0098964": [],
      "GO:0099152": []
    },
    "ensembl_id": {
      "SYNGO:synprocess": [
        "ENSG00000152578",
        "ENSG00000144285",
        "ENSG00000183783",
        "ENSG00000140563",
        "ENSG00000122012",
        "ENSG00000152413",
        "ENSG00000131018",
        "ENSG00000157168",
        "ENSG00000141668",
        "ENSG00000120907",
        "ENSG00000152583"
      ],
      "SYNGO:presynprocess": [
        "ENSG00000152578",
        "ENSG00000144285",
        "ENSG00000183783",
        "ENSG00000140563",
        "ENSG00000122012"
      ],
      "SYNGO:postsynprocess": [
        "ENSG00000152578",
        "ENSG00000152413",
        "ENSG00000131018",
        "ENSG00000157168"
      ],
      "GO:0099536": [
        "ENSG00000141668",
        "ENSG00000120907"
      ],
      "GO:0050808": [
        "ENSG00000152583",
        "ENSG00000152413",
        "ENSG00000157168"
      ],
      "SYNGO:metabolism": [],
      "SYNGO:transport": [],
      "GO:0099509": [],
      "GO:0099505": [
        "ENSG00000152578",
        "ENSG00000144285",
        "ENSG00000183783"
      ],
      "GO:0140238": [],
      "GO:0099504": [
        "ENSG00000140563",
        "ENSG00000122012"
      ],
      "GO:0099525": [],
      "GO:0001504": [],
      "GO:0098810": [],
      "SYNGO:presyn_chaperoneProteinFolding": [],
      "GO:0098928": [],
      "GO:0099566": [],
      "GO:0060078": [
        "ENSG00000152578"
      ],
      "GO:0098962": [
        "ENSG00000152413"
      ],
      "GO:0099072": [
        "ENSG00000131018",
        "ENSG00000157168"
      ],
      "GO:0140239": [],
      "GO:0150038": [],
      "GO:0098926": [
        "ENSG00000157168"
      ],
      "GO:0099537": [
        "ENSG00000141668",
        "ENSG00000120907"
      ],
      "GO:0099538": [],
      "GO:0099163": [],
      "GO:0099172": [],
      "GO:0099173": [],
      "GO:0099563": [],
      "GO:0050807": [
        "ENSG00000152583"
      ],
      "GO:0098918": [
        "ENSG00000152413"
      ],
      "GO:0150043": [],
      "GO:0099560": [
        "ENSG00000152583",
        "ENSG00000157168"
      ],
      "GO:0008039": [],
      "GO:0007416": [
        "ENSG00000157168"
      ],
      "GO:0098883": [],
      "GO:0060074": [],
      "GO:0099558": [],
      "GO:0099187": [],
      "GO:0099188": [],
      "SYNGO:presyn_ATPmetabolic": [],
      "SYNGO:postsyn_ATPmetabolic": [],
      "GO:0099546": [],
      "GO:0099574": [],
      "GO:0099547": [],
      "GO:0042135": [],
      "GO:0140246": [],
      "GO:0042136": [],
      "GO:0140241": [],
      "GO:0140235": [],
      "GO:0008088": [],
      "GO:0099514": [],
      "GO:0099090": [],
      "GO:0099089": [],
      "GO:0099637": [],
      "GO:1905056": [],
      "GO:0099534": [],
      "GO:0099626": [],
      "GO:0099507": [
        "ENSG00000152578"
      ],
      "GO:0099508": [
        "ENSG00000144285"
      ],
      "GO:0150047": [
        "ENSG00000183783"
      ],
      "GO:0140232": [],
      "GO:0098693": [],
      "GO:0097091": [],
      "GO:0099532": [],
      "GO:0016079": [
        "ENSG00000140563",
        "ENSG00000122012"
      ],
      "GO:0098700": [],
      "GO:0099180": [],
      "GO:0097401": [],
      "GO:0048488": [],
      "GO:0099161": [],
      "GO:0051580": [],
      "GO:0099526": [],
      "GO:1905059": [],
      "GO:0099567": [],
      "GO:1905060": [],
      "GO:0098695": [],
      "GO:0099583": [],
      "GO:0140233": [],
      "GO:1904315": [
        "ENSG00000152578"
      ],
      "GO:1905030": [],
      "GO:0099645": [],
      "GO:0098967": [],
      "GO:0098970": [],
      "GO:0098884": [
        "ENSG00000131018",
        "ENSG00000157168"
      ],
      "GO:0150044": [],
      "GO:0099527": [
        "ENSG00000157168"
      ],
      "GO:0099541": [],
      "GO:0099540": [],
      "GO:0099543": [],
      "GO:0099545": [],
      "GO:0099157": [],
      "GO:0099183": [],
      "GO:0099550": [
        "ENSG00000141668"
      ],
      "GO:0007268": [
        "ENSG00000120907"
      ],
      "GO:0150045": [],
      "GO:0099174": [],
      "GO:0099175": [],
      "GO:0099084": [],
      "GO:0099010": [],
      "GO:0099564": [],
      "GO:1905244": [],
      "GO:0099181": [],
      "GO:0099186": [
        "ENSG00000152413"
      ],
      "GO:0099179": [],
      "GO:0099054": [],
      "GO:0051963": [
        "ENSG00000157168"
      ],
      "GO:0098698": [],
      "GO:0097104": [],
      "GO:1905806": [],
      "GO:0090128": [],
      "GO:0099559": [],
      "GO:0098880": [],
      "GO:0099140": [],
      "GO:0098974": [],
      "GO:0099190": [],
      "SYNGO:presyn_regulationATPmetabolic": [],
      "GO:0099576": [],
      "GO:0099575": [],
      "GO:0099578": [],
      "GO:0099577": [],
      "GO:0140247": [],
      "GO:0140249": [],
      "GO:0140236": [],
      "GO:0140242": [],
      "GO:0098930": [],
      "GO:0098935": [],
      "GO:0099517": [],
      "GO:0099158": [],
      "GO:0098968": [],
      "GO:0098877": [],
      "GO:0098943": [],
      "GO:0016182": [],
      "GO:0016189": [],
      "GO:0099502": [],
      "GO:2000300": [
        "ENSG00000122012"
      ],
      "GO:0016081": [],
      "GO:0031629": [],
      "GO:0016082": [],
      "GO:0099162": [],
      "GO:1901546": [],
      "GO:1900242": [],
      "GO:0016185": [],
      "GO:0016191": [],
      "GO:0098872": [],
      "GO:0099579": [],
      "GO:0098696": [],
      "GO:0099145": [],
      "GO:0150054": [],
      "GO:0099149": [
        "ENSG00000131018",
        "ENSG00000157168"
      ],
      "GO:1905539": [],
      "GO:0099542": [],
      "GO:0099548": [],
      "GO:0098942": [],
      "GO:0099557": [],
      "GO:0150035": [],
      "GO:0050804": [],
      "GO:0099531": [
        "ENSG00000120907"
      ],
      "GO:0099565": [],
      "GO:0099159": [],
      "GO:0098885": [],
      "GO:0098987": [],
      "GO:0098882": [],
      "GO:0098699": [],
      "GO:0098973": [],
      "GO:0099184": [],
      "GO:0098879": [],
      "GO:0098919": [],
      "GO:1905606": [
        "ENSG00000157168"
      ],
      "GO:0150052": [],
      "GO:0099150": [],
      "GO:0097107": [],
      "GO:0099562": [],
      "GO:0140251": [],
      "GO:0140252": [],
      "GO:0140245": [],
      "GO:0008089": [],
      "GO:0099088": [],
      "GO:0098937": [],
      "GO:0098939": [],
      "GO:0098961": [],
      "GO:0098934": [],
      "GO:0048490": [],
      "GO:0098969": [],
      "GO:0099639": [],
      "GO:0150037": [],
      "GO:0099148": [],
      "GO:0031630": [],
      "GO:0010807": [],
      "GO:0098694": [],
      "GO:0098921": [],
      "GO:0099553": [],
      "GO:0099555": [],
      "GO:0099171": [
        "ENSG00000120907"
      ],
      "GO:0099170": [],
      "GO:1905274": [],
      "GO:0099151": [],
      "GO:0099641": [],
      "GO:0140231": [],
      "GO:0098971": [],
      "GO:0098963": [],
      "GO:1903742": [],
      "GO:0098887": [],
      "GO:0099178": [],
      "GO:0150036": [],
      "GO:0098925": [],
      "GO:0098964": [],
      "GO:0099152": []
    },
    "entrez_id": {
      "SYNGO:synprocess": [
        "2893",
        "6323",
        "386617",
        "55784",
        "22987",
        "9456",
        "23345",
        "3084",
        "147381",
        "148",
        "8404"
      ],
      "SYNGO:presynprocess": [
        "2893",
        "6323",
        "386617",
        "55784",
        "22987"
      ],
      "SYNGO:postsynprocess": [
        "2893",
        "9456",
        "23345",
        "3084"
      ],
      "GO:0099536": [
        "147381",
        "148"
      ],
      "GO:0050808": [
        "8404",
        "9456",
        "3084"
      ],
      "SYNGO:metabolism": [],
      "SYNGO:transport": [],
      "GO:0099509": [],
      "GO:0099505": [
        "2893",
        "6323",
        "386617"
      ],
      "GO:0140238": [],
      "GO:0099504": [
        "55784",
        "22987"
      ],
      "GO:0099525": [],
      "GO:0001504": [],
      "GO:0098810": [],
      "SYNGO:presyn_chaperoneProteinFolding": [],
      "GO:0098928": [],
      "GO:0099566": [],
      "GO:0060078": [
        "2893"
      ],
      "GO:0098962": [
        "9456"
      ],
      "GO:0099072": [
        "23345",
        "3084"
      ],
      "GO:0140239": [],
      "GO:0150038": [],
      "GO:0098926": [
        "3084"
      ],
      "GO:0099537": [
        "147381",
        "148"
      ],
      "GO:0099538": [],
      "GO:0099163": [],
      "GO:0099172": [],
      "GO:0099173": [],
      "GO:0099563": [],
      "GO:0050807": [
        "8404"
      ],
      "GO:0098918": [
        "9456"
      ],
      "GO:0150043": [],
      "GO:0099560": [
        "8404",
        "3084"
      ],
      "GO:0008039": [],
      "GO:0007416": [
        "3084"
      ],
      "GO:0098883": [],
      "GO:0060074": [],
      "GO:0099558": [],
      "GO:0099187": [],
      "GO:0099188": [],
      "SYNGO:presyn_ATPmetabolic": [],
      "SYNGO:postsyn_ATPmetabolic": [],
      "GO:0099546": [],
      "GO:0099574": [],
      "GO:0099547": [],
      "GO:0042135": [],
      "GO:0140246": [],
      "GO:0042136": [],
      "GO:0140241": [],
      "GO:0140235": [],
      "GO:0008088": [],
      "GO:0099514": [],
      "GO:0099090": [],
      "GO:0099089": [],
      "GO:0099637": [],
      "GO:1905056": [],
      "GO:0099534": [],
      "GO:0099626": [],
      "GO:0099507": [
        "2893"
      ],
      "GO:0099508": [
        "6323"
      ],
      "GO:0150047": [
        "386617"
      ],
      "GO:0140232": [],
      "GO:0098693": [],
      "GO:0097091": [],
      "GO:0099532": [],
      "GO:0016079": [
        "55784",
        "22987"
      ],
      "GO:0098700": [],
      "GO:0099180": [],
      "GO:0097401": [],
      "GO:0048488": [],
      "GO:0099161": [],
      "GO:0051580": [],
      "GO:0099526": [],
      "GO:1905059": [],
      "GO:0099567": [],
      "GO:1905060": [],
      "GO:0098695": [],
      "GO:0099583": [],
      "GO:0140233": [],
      "GO:1904315": [
        "2893"
      ],
      "GO:1905030": [],
      "GO:0099645": [],
      "GO:0098967": [],
      "GO:0098970": [],
      "GO:0098884": [
        "23345",
        "3084"
      ],
      "GO:0150044": [],
      "GO:0099527": [
        "3084"
      ],
      "GO:0099541": [],
      "GO:0099540": [],
      "GO:0099543": [],
      "GO:0099545": [],
      "GO:0099157": [],
      "GO:0099183": [],
      "GO:0099550": [
        "147381"
      ],
      "GO:0007268": [
        "148"
      ],
      "GO:0150045": [],
      "GO:0099174": [],
      "GO:0099175": [],
      "GO:0099084": [],
      "GO:0099010": [],
      "GO:0099564": [],
      "GO:1905244": [],
      "GO:0099181": [],
      "GO:0099186": [
        "9456"
      ],
      "GO:0099179": [],
      "GO:0099054": [],
      "GO:0051963": [
        "3084"
      ],
      "GO:0098698": [],
      "GO:0097104": [],
      "GO:1905806": [],
      "GO:0090128": [],
      "GO:0099559": [],
      "GO:0098880": [],
      "GO:0099140": [],
      "GO:0098974": [],
      "GO:0099190": [],
      "SYNGO:presyn_regulationATPmetabolic": [],
      "GO:0099576": [],
      "GO:0099575": [],
      "GO:0099578": [],
      "GO:0099577": [],
      "GO:0140247": [],
      "GO:0140249": [],
      "GO:0140236": [],
      "GO:0140242": [],
      "GO:0098930": [],
      "GO:0098935": [],
      "GO:0099517": [],
      "GO:0099158": [],
      "GO:0098968": [],
      "GO:0098877": [],
      "GO:0098943": [],
      "GO:0016182": [],
      "GO:0016189": [],
      "GO:0099502": [],
      "GO:2000300": [
        "22987"
      ],
      "GO:0016081": [],
      "GO:0031629": [],
      "GO:0016082": [],
      "GO:0099162": [],
      "GO:1901546": [],
      "GO:1900242": [],
      "GO:0016185": [],
      "GO:0016191": [],
      "GO:0098872": [],
      "GO:0099579": [],
      "GO:0098696": [],
      "GO:0099145": [],
      "GO:0150054": [],
      "GO:0099149": [
        "23345",
        "3084"
      ],
      "GO:1905539": [],
      "GO:0099542": [],
      "GO:0099548": [],
      "GO:0098942": [],
      "GO:0099557": [],
      "GO:0150035": [],
      "GO:0050804": [],
      "GO:0099531": [
        "148"
      ],
      "GO:0099565": [],
      "GO:0099159": [],
      "GO:0098885": [],
      "GO:0098987": [],
      "GO:0098882": [],
      "GO:0098699": [],
      "GO:0098973": [],
      "GO:0099184": [],
      "GO:0098879": [],
      "GO:0098919": [],
      "GO:1905606": [
        "3084"
      ],
      "GO:0150052": [],
      "GO:0099150": [],
      "GO:0097107": [],
      "GO:0099562": [],
      "GO:0140251": [],
      "GO:0140252": [],
      "GO:0140245": [],
      "GO:0008089": [],
      "GO:0099088": [],
      "GO:0098937": [],
      "GO:0098939": [],
      "GO:0098961": [],
      "GO:0098934": [],
      "GO:0048490": [],
      "GO:0098969": [],
      "GO:0099639": [],
      "GO:0150037": [],
      "GO:0099148": [],
      "GO:0031630": [],
      "GO:0010807": [],
      "GO:0098694": [],
      "GO:0098921": [],
      "GO:0099553": [],
      "GO:0099555": [],
      "GO:0099171": [
        "148"
      ],
      "GO:0099170": [],
      "GO:1905274": [],
      "GO:0099151": [],
      "GO:0099641": [],
      "GO:0140231": [],
      "GO:0098971": [],
      "GO:0098963": [],
      "GO:1903742": [],
      "GO:0098887": [],
      "GO:0099178": [],
      "GO:0150036": [],
      "GO:0098925": [],
      "GO:0098964": [],
      "GO:0099152": []
    }
  }
}