[
  {
    "user_input_genelist": "SV2C",
    "idmap": [
      {
        "ensembl_id": "ENSG00000122012",
        "entrez_id": "22987",
        "hgnc_id": "HGNC:30670",
        "hgnc_name": "synaptic vesicle glycoprotein 2C",
        "hgnc_symbol": "SV2C",
        "hgnc_synonyms": [
          "SLC22B3"
        ],
        "user_input_genelist": [
          "SV2C"
        ]
      }
    ]
  },
  {
    "user_input_genelist": "PCP4",
    "idmap": []
  },
  {
    "user_input_genelist": "TSHZ2",
    "idmap": []
  },
  {
    "user_input_genelist": "CBLN2",
    "idmap": [
      {
        "ensembl_id": "ENSG00000141668",
        "entrez_id": "147381",
        "hgnc_id": "HGNC:1544",
        "hgnc_name": "cerebellin 2 precursor",
        "hgnc_symbol": "CBLN2",
        "hgnc_synonyms": [],
        "user_input_genelist": [
          "CBLN2"
        ]
      }
    ]
  },
  {
    "user_input_genelist": "KCTD8",
    "idmap": [
      {
        "ensembl_id": "ENSG00000183783",
        "entrez_id": "386617",
        "hgnc_id": "HGNC:22394",
        "hgnc_name": "potassium channel tetramerization domain containing 8",
        "hgnc_symbol": "KCTD8",
        "hgnc_synonyms": [],
        "user_input_genelist": [
          "KCTD8"
        ]
      }
    ]
  },
  {
    "user_input_genelist": "EPB41L4A",
    "idmap": []
  },
  {
    "user_input_genelist": "SERPINE2",
    "idmap": []
  },
  {
    "user_input_genelist": "PAM",
    "idmap": []
  },
  {
    "user_input_genelist": "MAML3",
    "idmap": []
  },
  {
    "user_input_genelist": "TRPC3",
    "idmap": []
  },
  {
    "user_input_genelist": "PCSK1",
    "idmap": []
  },
  {
    "user_input_genelist": "COL25A1",
    "idmap": []
  },
  {
    "user_input_genelist": "KIRREL3",
    "idmap": []
  },
  {
    "user_input_genelist": "SYNE1",
    "idmap": [
      {
        "ensembl_id": "ENSG00000131018",
        "entrez_id": "23345",
        "hgnc_id": "HGNC:17089",
        "hgnc_name": "spectrin repeat containing nuclear envelope protein 1",
        "hgnc_symbol": "SYNE1",
        "hgnc_synonyms": [
          "SYNE-1B",
          "KIAA0796",
          "8B",
          "NESPRIN-1",
          "ENAPTIN",
          "MYNE1",
          "CPG2",
          "DJ45H2.2",
          "SCAR8",
          "ARCA1",
          "NESP1",
          "C6ORF98"
        ],
        "user_input_genelist": [
          "SYNE1"
        ]
      }
    ]
  },
  {
    "user_input_genelist": "BMP6",
    "idmap": []
  },
  {
    "user_input_genelist": "LOC101929201",
    "idmap": []
  },
  {
    "user_input_genelist": "HOMER1",
    "idmap": [
      {
        "ensembl_id": "ENSG00000152413",
        "entrez_id": "9456",
        "hgnc_id": "HGNC:17512",
        "hgnc_name": "homer scaffold protein 1",
        "hgnc_symbol": "HOMER1",
        "hgnc_synonyms": [
          "VES-1",
          "SYN47",
          "HOMER-1B"
        ],
        "user_input_genelist": [
          "HOMER1"
        ]
      }
    ]
  },
  {
    "user_input_genelist": "COL24A1",
    "idmap": []
  },
  {
    "user_input_genelist": "SNTG1",
    "idmap": []
  },
  {
    "user_input_genelist": "PLCL1",
    "idmap": []
  },
  {
    "user_input_genelist": "PWWP3B",
    "idmap": []
  },
  {
    "user_input_genelist": "SPARCL1",
    "idmap": [
      {
        "ensembl_id": "ENSG00000152583",
        "entrez_id": "8404",
        "hgnc_id": "HGNC:11220",
        "hgnc_name": "SPARC like 1",
        "hgnc_symbol": "SPARCL1",
        "hgnc_synonyms": [
          "MAST9"
        ],
        "user_input_genelist": [
          "SPARCL1"
        ]
      }
    ]
  },
  {
    "user_input_genelist": "PDE8B",
    "idmap": []
  },
  {
    "user_input_genelist": "ZNF385D",
    "idmap": []
  },
  {
    "user_input_genelist": "ERG",
    "idmap": []
  },
  {
    "user_input_genelist": "ADRA1A",
    "idmap": [
      {
        "ensembl_id": "ENSG00000120907",
        "entrez_id": "148",
        "hgnc_id": "HGNC:277",
        "hgnc_name": "adrenoceptor alpha 1A",
        "hgnc_symbol": "ADRA1A",
        "hgnc_synonyms": [
          "ADRA1L1",
          "ADRA1C"
        ],
        "user_input_genelist": [
          "ADRA1A"
        ]
      }
    ]
  },
  {
    "user_input_genelist": "CHN2",
    "idmap": []
  },
  {
    "user_input_genelist": "SCN1A",
    "idmap": [
      {
        "ensembl_id": "ENSG00000144285",
        "entrez_id": "6323",
        "hgnc_id": "HGNC:10585",
        "hgnc_name": "sodium voltage-gated channel alpha subunit 1",
        "hgnc_symbol": "SCN1A",
        "hgnc_synonyms": [
          "NAV1.1",
          "GEFSP2",
          "SMEI",
          "SCN1",
          "FEB3"
        ],
        "user_input_genelist": [
          "SCN1A"
        ]
      }
    ]
  },
  {
    "user_input_genelist": "RGS6",
    "idmap": []
  },
  {
    "user_input_genelist": "RCAN2",
    "idmap": []
  },
  {
    "user_input_genelist": "ESRRG",
    "idmap": []
  },
  {
    "user_input_genelist": "MYO16",
    "idmap": []
  },
  {
    "user_input_genelist": "MAGI3",
    "idmap": [
      {
        "ensembl_id": "ENSG00000081026",
        "entrez_id": "260425",
        "hgnc_id": "HGNC:29647",
        "hgnc_name": "membrane associated guanylate kinase, WW and PDZ domain containing 3",
        "hgnc_symbol": "MAGI3",
        "hgnc_synonyms": [
          "MAGI-3"
        ],
        "user_input_genelist": [
          "MAGI3"
        ]
      }
    ]
  },
  {
    "user_input_genelist": "NRG1",
    "idmap": [
      {
        "ensembl_id": "ENSG00000157168",
        "entrez_id": "3084",
        "hgnc_id": "HGNC:7997",
        "hgnc_name": "neuregulin 1",
        "hgnc_symbol": "NRG1",
        "hgnc_synonyms": [
          "NDF",
          "GGF",
          "NRG1-IT2"
        ],
        "user_input_genelist": [
          "NRG1"
        ]
      }
    ]
  },
  {
    "user_input_genelist": "ITGA8",
    "idmap": [
      {
        "ensembl_id": "ENSG00000077943",
        "entrez_id": "8516",
        "hgnc_id": "HGNC:6144",
        "hgnc_name": "integrin subunit alpha 8",
        "hgnc_symbol": "ITGA8",
        "hgnc_synonyms": [],
        "user_input_genelist": [
          "ITGA8"
        ]
      }
    ]
  },
  {
    "user_input_genelist": "LOC105374165",
    "idmap": []
  },
  {
    "user_input_genelist": "ALCAM",
    "idmap": []
  },
  {
    "user_input_genelist": "GRIA4",
    "idmap": [
      {
        "ensembl_id": "ENSG00000152578",
        "entrez_id": "2893",
        "hgnc_id": "HGNC:4574",
        "hgnc_name": "glutamate ionotropic receptor AMPA type subunit 4",
        "hgnc_symbol": "GRIA4",
        "hgnc_synonyms": [
          "GLUA4",
          "GLURD",
          "GLUR-4",
          "GLUR-D",
          "GLUR4C",
          "GLUR4"
        ],
        "user_input_genelist": [
          "GRIA4"
        ]
      }
    ]
  },
  {
    "user_input_genelist": "ETV1",
    "idmap": []
  },
  {
    "user_input_genelist": "SIK2",
    "idmap": []
  },
  {
    "user_input_genelist": "MCTP2",
    "idmap": [
      {
        "ensembl_id": "ENSG00000140563",
        "entrez_id": "55784",
        "hgnc_id": "HGNC:25636",
        "hgnc_name": "multiple C2 and transmembrane domain containing 2",
        "hgnc_symbol": "MCTP2",
        "hgnc_synonyms": [
          "FLJ11175",
          "FLJ33303"
        ],
        "user_input_genelist": [
          "MCTP2"
        ]
      }
    ]
  }
]