[
  {
    "user_input_genelist": "COL12A1",
    "idmap": []
  },
  {
    "user_input_genelist": "KCNT2",
    "idmap": []
  },
  {
    "user_input_genelist": "TRPC3",
    "idmap": []
  },
  {
    "user_input_genelist": "WBSCR17",
    "idmap": []
  },
  {
    "user_input_genelist": "ASTN2",
    "idmap": []
  },
  {
    "user_input_genelist": "RGS6",
    "idmap": []
  },
  {
    "user_input_genelist": "FNBP1L",
    "idmap": []
  },
  {
    "user_input_genelist": "PTPRO",
    "idmap": [
      {
        "ensembl_id": "ENSG00000151490",
        "entrez_id": "5800",
        "hgnc_id": "HGNC:9678",
        "hgnc_name": "protein tyrosine phosphatase receptor type O",
        "hgnc_symbol": "PTPRO",
        "hgnc_synonyms": [
          "PTPU2",
          "GLEPP1",
          "PTP-U2",
          "PTP-OC",
          "NPHS6"
        ],
        "user_input_genelist": [
          "PTPRO"
        ]
      }
    ]
  },
  {
    "user_input_genelist": "SPHKAP",
    "idmap": []
  },
  {
    "user_input_genelist": "HDAC9",
    "idmap": []
  },
  {
    "user_input_genelist": "DIAPH2",
    "idmap": []
  },
  {
    "user_input_genelist": "PTPRM",
    "idmap": []
  },
  {
    "user_input_genelist": "BAALC",
    "idmap": []
  },
  {
    "user_input_genelist": "NXPH2",
    "idmap": []
  },
  {
    "user_input_genelist": "PCP4",
    "idmap": []
  },
  {
    "user_input_genelist": "MCTP2",
    "idmap": [
      {
        "ensembl_id": "ENSG00000140563",
        "entrez_id": "55784",
        "hgnc_id": "HGNC:25636",
        "hgnc_name": "multiple C2 and transmembrane domain containing 2",
        "hgnc_symbol": "MCTP2",
        "hgnc_synonyms": [
          "FLJ11175",
          "FLJ33303"
        ],
        "user_input_genelist": [
          "MCTP2"
        ]
      }
    ]
  },
  {
    "user_input_genelist": "NRSN1",
    "idmap": []
  },
  {
    "user_input_genelist": "CHN2",
    "idmap": []
  },
  {
    "user_input_genelist": "BMP2K",
    "idmap": []
  },
  {
    "user_input_genelist": "FHOD3",
    "idmap": []
  },
  {
    "user_input_genelist": "CDH13",
    "idmap": [
      {
        "ensembl_id": "ENSG00000140945",
        "entrez_id": "1012",
        "hgnc_id": "HGNC:1753",
        "hgnc_name": "cadherin 13",
        "hgnc_symbol": "CDH13",
        "hgnc_synonyms": [
          "CDHH"
        ],
        "user_input_genelist": [
          "CDH13"
        ]
      }
    ]
  },
  {
    "user_input_genelist": "CBLN2",
    "idmap": [
      {
        "ensembl_id": "ENSG00000141668",
        "entrez_id": "147381",
        "hgnc_id": "HGNC:1544",
        "hgnc_name": "cerebellin 2 precursor",
        "hgnc_symbol": "CBLN2",
        "hgnc_synonyms": [],
        "user_input_genelist": [
          "CBLN2"
        ]
      }
    ]
  },
  {
    "user_input_genelist": "ENTREP2",
    "idmap": []
  },
  {
    "user_input_genelist": "DSCAM",
    "idmap": []
  },
  {
    "user_input_genelist": "SORCS3",
    "idmap": [
      {
        "ensembl_id": "ENSG00000156395",
        "entrez_id": "22986",
        "hgnc_id": "HGNC:16699",
        "hgnc_name": "sortilin related VPS10 domain containing receptor 3",
        "hgnc_symbol": "SORCS3",
        "hgnc_synonyms": [
          "KIAA1059",
          "SORCS"
        ],
        "user_input_genelist": [
          "SORCS3"
        ]
      }
    ]
  },
  {
    "user_input_genelist": "COL11A1",
    "idmap": []
  },
  {
    "user_input_genelist": "KCNN2",
    "idmap": [
      {
        "ensembl_id": "ENSG00000080709",
        "entrez_id": "3781",
        "hgnc_id": "HGNC:6291",
        "hgnc_name": "potassium calcium-activated channel subfamily N member 2",
        "hgnc_symbol": "KCNN2",
        "hgnc_synonyms": [
          "KCA2.2",
          "HSK2"
        ],
        "user_input_genelist": [
          "KCNN2"
        ]
      }
    ]
  },
  {
    "user_input_genelist": "MAST4",
    "idmap": []
  },
  {
    "user_input_genelist": "SLC35F3",
    "idmap": []
  },
  {
    "user_input_genelist": "PLAGL1",
    "idmap": []
  },
  {
    "user_input_genelist": "PPARGC1A",
    "idmap": []
  },
  {
    "user_input_genelist": "CSMD3",
    "idmap": []
  },
  {
    "user_input_genelist": "CDC14B",
    "idmap": []
  },
  {
    "user_input_genelist": "LOC105374506",
    "idmap": []
  },
  {
    "user_input_genelist": "ROBO2",
    "idmap": [
      {
        "ensembl_id": "ENSG00000185008",
        "entrez_id": "6092",
        "hgnc_id": "HGNC:10250",
        "hgnc_name": "roundabout guidance receptor 2",
        "hgnc_symbol": "ROBO2",
        "hgnc_synonyms": [
          "KIAA1568"
        ],
        "user_input_genelist": [
          "ROBO2"
        ]
      }
    ]
  },
  {
    "user_input_genelist": "RXFP1",
    "idmap": []
  },
  {
    "user_input_genelist": "HS6ST3",
    "idmap": []
  },
  {
    "user_input_genelist": "SEZ6L",
    "idmap": [
      {
        "ensembl_id": "ENSG00000100095",
        "entrez_id": "23544",
        "hgnc_id": "HGNC:10763",
        "hgnc_name": "seizure related 6 homolog like",
        "hgnc_symbol": "SEZ6L",
        "hgnc_synonyms": [
          "SEZ6L1"
        ],
        "user_input_genelist": [
          "SEZ6L"
        ]
      }
    ]
  },
  {
    "user_input_genelist": "DPP6",
    "idmap": [
      {
        "ensembl_id": "ENSG00000130226",
        "entrez_id": "1804",
        "hgnc_id": "HGNC:3010",
        "hgnc_name": "dipeptidyl peptidase like 6",
        "hgnc_symbol": "DPP6",
        "hgnc_synonyms": [
          "DPPX",
          "DPL1"
        ],
        "user_input_genelist": [
          "DPP6"
        ]
      }
    ]
  },
  {
    "user_input_genelist": "FSTL5",
    "idmap": []
  },
  {
    "user_input_genelist": "STXBP5-AS1",
    "idmap": []
  },
  {
    "user_input_genelist": "HS3ST2",
    "idmap": []
  },
  {
    "user_input_genelist": "MGAT4C",
    "idmap": []
  },
  {
    "user_input_genelist": "HCN1",
    "idmap": [
      {
        "ensembl_id": "ENSG00000164588",
        "entrez_id": "348980",
        "hgnc_id": "HGNC:4845",
        "hgnc_name": "hyperpolarization activated cyclic nucleotide gated potassium channel 1",
        "hgnc_symbol": "HCN1",
        "hgnc_synonyms": [
          "BCNG-1",
          "HAC-2",
          "BCNG1"
        ],
        "user_input_genelist": [
          "HCN1"
        ]
      }
    ]
  },
  {
    "user_input_genelist": "PTCHD1-AS",
    "idmap": []
  },
  {
    "user_input_genelist": "KAZN",
    "idmap": []
  },
  {
    "user_input_genelist": "LOC284930",
    "idmap": []
  },
  {
    "user_input_genelist": "LINGO2",
    "idmap": [
      {
        "ensembl_id": "ENSG00000174482",
        "entrez_id": "158038",
        "hgnc_id": "HGNC:21207",
        "hgnc_name": "leucine rich repeat and Ig domain containing 2",
        "hgnc_symbol": "LINGO2",
        "hgnc_synonyms": [
          "LERN3",
          "LRRN6C"
        ],
        "user_input_genelist": [
          "LINGO2"
        ]
      }
    ]
  },
  {
    "user_input_genelist": "ESRRG",
    "idmap": []
  }
]